image,label,llr_t50,llr_t100,llr_t150,llr_t200,llr_t300,llr_t400,llr_t500,llr_t750,fold,split_seed,idea2_score
members/member_337.png,1,0.7769917179295276,0.6665092643744241,0.408952275116532,0.5781494873482727,-0.12721331697195204,-0.13596840176224756,-5.69656904616792,7.545753856505797,1,11,0.49708902177545766
members/member_112.png,1,0.24702790441632372,0.14874275685305305,0.22354459098763302,-0.02454321726694708,0.35737843250963675,0.10798066739884415,0.15973335111958775,0.025496725580257618,1,11,0.5371451446229979
members/member_252.png,1,-0.7295953319510913,-1.0070229700767657,-1.3128435584734812,-0.47731000598607487,-0.5200640635205751,-0.07893683419649378,0.044208118706598576,-0.06557539175614213,1,11,0.4480783081535603
members/member_139.png,1,0.3835750613053208,0.25594283231091497,-0.4441151183393224,-0.40468230275759076,-0.27085345119416093,0.46670120364111867,0.19189287888209705,-0.13483905559106102,1,11,0.5299940450560489
members/member_83.png,1,0.4817065108470442,0.2624555406408611,0.38190973822630925,0.1907359137602378,0.23747965309023655,-0.2733661306104249,-0.13891505377161018,-0.2109459486354215,1,11,0.48689974808121267
nonmember_91.png,0,0.4896607076656303,0.3956490587471726,0.6018466035512091,0.6103059688377317,-0.003977703285798384,0.373122588943815,0.1581029364732478,-0.07442387603607958,1,11,0.5426315586133919
nonmember_149.png,0,0.6109666763136254,0.49318021699379067,0.5984786715629724,0.42622588830508334,0.17292248387292197,-0.012544580830253338,0.026058681586357935,-0.08786536032438264,1,11,0.5202378211022564
members/member_170.png,1,0.5523899358188933,0.46547924363735493,0.48167752176333956,0.3064969777841968,-0.061617592196737014,-0.0412303898297921,-0.058104664035122155,0.14439091244501956,1,11,0.512602240012919
nonmember_17.png,0,-0.5244842817365427,-0.21275574206181158,-0.21161827966746438,0.046106295387296825,-0.09881462795854112,-0.1575469764928581,0.08320223688777428,-0.36331678093151254,1,11,0.4622750729716362
nonmember_499.png,0,-1.880281295459906,-0.8200771323167408,-0.9240955257729762,-0.7184285800957042,0.08728248679957851,0.20062865474835911,0.16599171176719185,-1.8421641138833236,1,11,0.4013397738938582
nonmember_192.png,0,0.5480456451436724,-0.06142238592200844,-0.19909450885068525,-0.7129882673406054,-1.13611543334902,-0.040986805385514025,0.2151130519903348,0.3211189549803377,1,11,0.48924317281202734
members/member_376.png,1,-0.7854251756996633,-0.22631878097858715,-0.289688757701803,-0.007489924288600847,0.10069603538706584,-0.17560205809534146,-0.007966932524896109,-0.1538728068881703,1,11,0.46693932783665026
nonmember_477.png,0,-0.06336271023514328,-0.6147665586042246,-0.19116344305315058,-1.0635000050037675,0.21899546947516413,-0.20932651415478087,-0.02800522828013907,-0.19093292986208077,1,11,0.4807702345077647
nonmember_6.png,0,-0.128844464329537,-0.10453596492790229,-0.4342487299202058,-0.9668451150398969,-0.31997700646139293,-0.2308987489858989,-0.13564698588981283,-0.05445451079611985,1,11,0.4577701723306491
nonmember_496.png,0,0.7215018557655846,0.32215898116977515,0.22814452569141208,0.08355592883119511,-0.0913792612630413,-0.14574432789166902,0.07081344804768541,-0.17272417876071966,1,11,0.5003131386260382
nonmember_252.png,0,-1.608437835807117,-1.4952047859521251,-2.282557250630422,-1.960002367703185,-1.1300224211643775,0.10540593526074948,0.4271086744730823,-0.09483231020106331,1,11,0.4337333050093586
members/member_341.png,1,0.05063907691231995,0.3106332386401638,0.2558348448713028,0.1315316335843848,-0.8865114581445526,-1.3859231802591854,-0.17250339523060898,-0.14519823217954464,1,11,0.3688736613599617
nonmember_114.png,0,0.31042334470057753,0.1694107200938193,0.011223678089125055,-0.04790172685081817,-0.2853236212574499,-0.18739118619383355,0.0524950630594434,-0.08492631905204462,1,11,0.4829668759635196
nonmember_141.png,0,0.6219074437992345,0.5520041872363164,0.27753735822432546,-0.5036509979632307,-2.0257567800636136,-0.5344945173573818,0.18026540825125625,-0.03663989999416728,1,11,0.4140832046892268
members/member_127.png,1,0.6511409058406281,0.36567746203267903,0.4303604257132525,0.03194336758815641,0.1788248344174601,-0.15074663804902944,0.02569055912438145,0.06425192564522497,1,11,0.5180528302519257
members/member_165.png,1,0.24256314503423493,0.4390931603562285,0.5516628386158264,-0.017112634500726642,0.22960869801045014,-0.25573250859127583,0.020350940936173068,-0.13090068918642306,1,11,0.49774526738692887
members/member_130.png,1,-0.18965065137232529,-0.09068500354063813,-0.3315428463630088,-0.9165037894366237,-0.24933446553165428,-0.0718544660341669,0.13040962615955998,0.0005501458986438834,1,11,0.4876989819293429
nonmember_332.png,0,0.6288982517313064,0.5793092009612173,0.4911218772793897,0.6031630417180898,0.4534688787744896,0.033813103926878085,0.06484732890883826,0.05429172758941814,1,11,0.542302488493673
nonmember_373.png,0,0.5975328638844029,0.6433748345398289,0.5374889697295946,0.5684593771484625,0.5350967239449886,0.3224308118773225,0.16258731334955367,-0.239845601378037,1,11,0.5563736327578814
nonmember_432.png,0,-0.6975705996915225,0.5886845738904274,0.5353737042733138,0.3217806327401309,0.5556224781836798,0.43784033613530804,0.2046063043693387,-0.23706624296286183,1,11,0.5414528098127538
members/member_181.png,1,0.6215767840477362,0.5477091701112267,0.5787825829752773,0.4572244044313871,0.6502215786808971,0.4755878854015583,0.2156334470250023,0.05165891474508566,1,11,0.5858358898621194
members/member_382.png,1,0.3967071541627063,0.4639309857745446,0.061819268595992405,0.13899836946596045,0.6340063510078693,1.191640260630705,0.4483545941618621,0.049639254840951885,1,11,0.6335729290970257
members/member_175.png,1,0.34650139789954304,0.2025048351303771,-0.0336876558525514,0.30986402607376595,0.430171962494188,0.2328849333131382,0.11121596196537453,-0.18617853817112362,1,11,0.5362241280419462
nonmember_461.png,0,0.26076284022889684,-0.03135899656700136,-0.7774241856714186,0.3703815050639463,0.46539970562901267,0.12511296201559752,0.11792563733224526,-0.12877567023961412,1,11,0.5267402020313637
nonmember_132.png,0,0.1395151325938655,-0.024730796392446575,-0.22027033014998887,0.1510675830137549,-1.1471590340687206,-0.02747898760231582,0.10779512026596016,-0.07859763628577099,1,11,0.4572905860078767
members/member_16.png,1,0.7015257466451628,0.4851735841162692,0.22214971361617541,-0.07897991283179051,-0.3456111466931393,0.0852846692157554,0.2842914537195824,4.274219976297195,1,11,0.6980629336661875
members/member_310.png,1,-0.7066351857716953,0.021478379373946144,0.5387612297335291,0.6291222972000368,0.6962564205033264,0.44598572818609483,0.12287359262467845,-0.10120371734836553,1,11,0.5453222633223179
nonmember_275.png,0,0.7373612962967466,0.5581207451457368,0.6802654360072204,0.527109848804078,0.4906943465886018,-0.10713999491406057,-0.25274283939686804,-0.04842948544567438,1,11,0.515187417473524
nonmember_441.png,0,0.2204041842209099,0.47820351046491183,0.513983343796343,0.47093457586455756,0.4592800304981317,0.6082986473941459,0.29495664414077893,0.005157872577490785,1,11,0.5808470560507968
nonmember_314.png,0,0.018787193384481427,0.24246370266789263,-0.09523311849412863,0.26581790009599526,0.28252764670182806,-0.17605683532712657,0.037247916403228665,-0.278839390436997,1,11,0.4901059925917973
members/member_429.png,1,0.3604783375755778,0.5414935330922934,0.5994117299285149,0.704461882681096,0.5256627983466413,0.3254982679530931,0.28006340885967695,-0.08860615988333365,1,11,0.5645211153502758
nonmember_437.png,0,0.5054355009728915,0.6879318546415054,0.6986465269369799,0.6988383541394341,0.48963096809529993,0.08385787092878072,0.06010332056419809,-0.09346352836795102,1,11,0.5393311991957256
members/member_319.png,1,0.7571150633149033,0.634196849128803,0.623557816623459,0.5825617275681827,0.3599674394489121,-0.05360425728333684,-0.05033995082502418,-0.10012597733266926,1,11,0.5234512830062027
members/member_290.png,1,-0.1517953863198902,0.30344371771121503,0.5863716910130057,0.48231096336319723,0.5569142131086271,0.4239153742863957,0.24861911222854083,-0.1834392792513606,1,11,0.5549906637347015
nonmember_356.png,0,0.10165902106842983,0.43246980458863105,0.1696029034927986,0.20921366279606346,0.4250791761952941,0.667221803699853,0.3466138145767568,0.22153399521667438,1,11,0.5910166557904242
nonmember_142.png,0,-0.45158613556743266,0.2931945077445808,0.4174576929137239,0.5541145781040901,0.21158917080769157,-0.009192123038350708,0.08518383474464919,-0.3810901243967977,1,11,0.4896689095308413
nonmember_167.png,0,0.2948220713028551,0.488494273552607,0.43239632166036035,0.22548878990418952,0.7763256662370082,0.663358382903358,0.3521534788022396,0.15741661537431373,1,11,0.606874813713076
nonmember_427.png,0,0.09621404471658446,0.03822701925377503,0.16640085818171357,0.33458545876600265,0.2773728097062751,0.20026375021797094,0.01602669834265491,-0.2095912599022638,1,11,0.5170962748487233
members/member_483.png,1,-1.3330465775146867,-0.586146992354275,-0.4033066713354323,-2.354390239281491,-0.9528015507498937,-1.1020214952068739,-0.08129827872185036,-0.11422390309013952,1,11,0.358842016361754
members/member_161.png,1,0.0419088308607618,-0.16757737662945837,-1.0489020875299109,-0.8330763872061495,-0.40799558653186097,-0.23546641379713318,0.0666761497854722,-0.16226087749221385,1,11,0.46075892608953783
nonmember_89.png,0,0.28916617050645455,-0.47063912869627256,-0.2994526571030667,-0.018509634861726187,0.26793598360812343,-0.10437474011072378,0.1332592700459081,-0.1451594011513615,1,11,0.5065809051839854
members/member_20.png,1,0.6619010515599117,0.37728509924786735,0.10557150148729288,0.19367616663165999,0.3961632880390784,0.07137962316599111,0.15299756846615775,-0.3412432117976367,1,11,0.5285921450750682
nonmember_40.png,0,0.3673690669617393,0.09725924039274414,-0.05373213577366531,-0.24466045871810937,-0.19260285229598662,-0.15647112303256794,0.02773916511932928,0.06928501723786162,1,11,0.49431771498537525
members/member_267.png,1,-0.29314532724567965,0.28211086549824893,0.5543089783471382,0.5588229171074772,0.34315619157737576,0.2670774314001374,0.23191054526292287,-0.1964976573299433,1,11,0.5323798057207859
nonmember_385.png,0,-0.9027123787581093,-0.93954664877938,-0.7452336628343259,-1.1044205529804683,-0.07522534576199114,-0.04677810726589371,0.08457032374866724,-3.502636941189092,1,11,0.32929573148702684
members/member_449.png,1,-0.41886417202119164,-0.6938568368118943,-0.3166699775403825,-1.362104133630131,-0.5530243202654206,-0.10995249812395924,-0.0831563347498685,-0.42534783777847984,1,11,0.4361968591486121
nonmember_48.png,0,0.45089616897499063,0.29104550016443564,0.5244534625201429,0.6933050121671798,0.537267247839055,0.42989823324214615,0.07608112332129213,-0.021575341218121658,1,11,0.5626532811475877
nonmember_133.png,0,-0.7961168041900519,-1.039984571011325,-1.0734574795720837,-1.031581491418319,-0.6980777807130334,0.0014875799766729259,-0.13307963787918187,0.06668800772704486,1,11,0.4420193034054979
members/member_441.png,1,0.5482455910899224,0.5711657886387265,0.4404999815226174,0.4830287226213672,0.2387065013092764,0.04491020501851839,0.03652575903562294,0.8556025511811551,1,11,0.5654577572773372
members/member_228.png,1,0.4457491784622891,-0.2143356889632284,0.19340942768572056,0.04221132243686476,-2.224540658335592,-0.04515276404829116,0.05238518543274573,-0.05712572528817361,1,11,0.4202271454801628
members/member_97.png,1,0.28508855514861686,0.36869430597354613,0.28860000302991606,-0.1407692647480565,-0.13158631823961553,-0.099183330788148,0.07904293012629982,0.18626737474602528,1,11,0.509762483863043
members/member_227.png,1,0.457362768505559,0.5331662864812476,0.34539771987855916,0.21674075265891268,-0.43842411891766453,-0.3748022353727398,-0.2672640779225137,-0.13510060149218184,1,11,0.45076960222273954
nonmember_472.png,0,0.7845101601226245,0.6414941720780609,0.6486351097122829,0.2050028981349845,-0.2638213120894628,0.011143812571646983,-0.008274191891227467,0.4694894487100649,1,11,0.5313750902273018
nonmember_81.png,0,0.35704836862293243,-0.11867490173310102,-0.11052416539078136,0.00012465955367924053,-0.10766436748646724,-0.007834133926369002,0.16066865408094655,-0.15780664847131298,1,11,0.5031106575244948
nonmember_300.png,0,0.12615866405723652,0.10698071811737453,0.3250129729580902,0.30288770190865355,0.39130796378001076,0.05869289322816584,0.1502603701889056,-0.11805874511126646,1,11,0.5263258439380437
nonmember_439.png,0,-1.654391991654313,-1.8098639456994683,-2.0516328466161613,-1.0814644922224175,-0.007925330689350751,-0.2114874099095987,0.07018989457341451,-0.07254459304892258,1,11,0.4355212577087609
members/member_425.png,1,-0.44665994948254895,-0.5020700655489789,-0.1432290853603413,-0.22905192789016793,-0.37637732844596306,-0.3143129303167713,-0.27163649688499447,-0.10719018042754769,1,11,0.43313740016048413
members/member_436.png,1,-0.43348904078369843,-1.0815261926113031,-2.151947557553271,-1.5174241537733573,-0.4454992145159773,-0.1560171062190694,0.21823430036546565,0.196178565695317,1,11,0.46939971212739734
members/member_62.png,1,0.38745233501606435,0.2243429732664186,0.5849929691579696,0.44683485269718837,0.31108578614361004,-0.11547882975280377,0.008274505751167283,0.30087115970344325,1,11,0.5290906598621594
nonmember_263.png,0,0.5795452374120869,0.31927849980573786,-0.03868441804460376,-0.12544359233132685,0.16472451806402955,0.13744159937474443,0.15807368966884194,-0.030073767386994632,1,11,0.5350332084044829
nonmember_337.png,0,0.314599439420729,0.4707361782976003,0.5867687266535935,0.5904186195823917,0.24226314360947487,-0.0002747943426051336,0.10238810851468916,-0.15611177200911808,1,11,0.5190220002741119
members/member_257.png,1,0.14152393226234272,0.46749629694661676,0.3485120193745477,0.39522763472404154,-0.1013439724509535,-0.1344389730162323,0.07468473877654702,-0.13444669009948473,1,11,0.49205132973287535
members/member_335.png,1,0.21016243047582117,-0.7610849631005383,-0.2681269723374644,-0.27117556704109935,-1.092283837126978,-0.5396677269309742,-0.18457627715889524,-0.2932135742202595,1,11,0.40044842670584613
members/member_68.png,1,-0.03838549535393332,0.3894886066552554,0.4744585887482695,0.46858033861779314,0.11553126957863569,-0.03690989139804479,0.05027608998860966,-0.5259100602520634,1,11,0.4849649086572578
members/member_360.png,1,-1.1614864895138135,-0.23641309970859936,-0.8447248133763186,-0.7771110312524123,0.48712063966615693,0.7166989991937012,0.3828500431740087,-0.08701532428141512,1,11,0.5533733467255278
members/member_393.png,1,0.12340647521657422,-0.566709952061534,-0.75220202482899,-0.32828397598551273,-0.4749213006586954,-0.015286029668218681,0.16590267548869342,0.5905635942767598,1,11,0.5109645103851123
nonmember_223.png,0,0.6496303367420513,0.5789499942472602,0.3899701653269938,0.6299378572718801,0.6391077018563465,0.4337742702659382,0.15682163870151467,-0.20111872587152035,1,11,0.568338062047832
nonmember_321.png,0,0.6261405443611698,0.3986634200065864,0.6274530692153304,0.5552012072617698,-0.0035568165515122985,-0.1521035057199862,0.0973380774170618,0.06468864759110637,1,11,0.5153240701236422
members/member_220.png,1,-0.2937173094724006,-0.4696855798776669,-0.01491628389979871,-0.08612581510738648,-0.5391496366061626,-0.15326818028359135,-0.6836550187672135,0.03492542848061664,1,11,0.42279285622584384
nonmember_176.png,0,0.23338105327574388,-0.034942634658914784,-0.6858845306162675,-0.8054800304779639,-3.4004837246538253,-2.8506660673776034,-1.9164920092722335,-0.2504406724970565,1,11,0.15063659464177587
nonmember_118.png,0,-0.6138861146928138,0.07315069767420423,0.1214339869131944,0.01813342598835499,0.4677111567910117,0.3322098421285524,0.302739201174834,-1.9343270306506435,1,11,0.46147712074360503
nonmember_420.png,0,0.591384412876383,0.7714015796367741,0.6166295454517403,0.554963866955196,0.5141359842067268,0.07348326160568419,0.19530965503782305,-1.0047654556224783,1,11,0.5101550609171741
members/member_254.png,1,0.634551315181267,0.3193909337281786,0.3529507328046999,0.3279576398334436,0.2889370902390267,-0.009799116626870052,-0.31239413745157574,-0.013185261984749452,1,11,0.5066720042723121
members/member_353.png,1,-0.053442255698629815,0.45708317977529234,0.14559906428455438,0.10947894171365213,0.3928914099596552,-0.008564410400139444,0.02247244185883801,-0.10871338975591982,1,11,0.5123938333337824
members/member_345.png,1,0.17860398084233742,0.20371768407502433,0.0591100437527472,0.21158312858386008,0.3960376542398176,0.3185674955554152,0.20513344915706444,-0.5886808297491735,1,11,0.525754945326646
members/member_101.png,1,-0.2957090470157864,0.12056169088006286,0.23140542236448924,0.24599499584841533,0.5667057245175218,0.3232536911169701,0.1861261708179578,-0.38848302153488135,1,11,0.5313222379052955
nonmember_79.png,0,-0.8454797969621497,-0.27454845018418705,-0.0075287095290415,-0.15486272290647252,0.2988483941638709,-0.10376194880010337,0.061748166457298304,-1.3462416171757088,1,11,0.43251349992069726
members/member_218.png,1,0.06460373736646874,0.100702513242791,0.07463670410502665,-0.3366123189220067,0.006729244444979798,-0.17779690971872952,-0.04592340646799986,-0.2568311742522358,1,11,0.47720871095169637
members/member_172.png,1,0.08024888059175517,-0.34095871462435,-0.6257236476803212,-1.41860611360394,-1.7926563059808607,0.0034945286397913833,-1.785517897279596,5.251870191677895,1,11,0.5492921439000917
members/member_138.png,1,0.5420194390988553,0.3400826062258151,0.36662752742429294,0.06468867019030178,-0.15318105906995072,0.025878052113503358,-0.012768450457743441,0.9518507195864325,1,11,0.5493504933630902
nonmember_241.png,0,0.3869382120390741,-0.1594458064901585,-0.39476842209622154,-1.0449892198912125,0.042999110990644684,-0.07184899263176714,0.08045388341245285,-0.23795060349402064,1,11,0.4967161579848463
nonmember_306.png,0,0.3938607302818302,-0.30971594171608174,-0.06496131837392793,-0.06568426888956003,0.3672745760427789,-0.181425125920339,0.09874471845822086,-0.2268739071938688,1,11,0.5042767024198407
members/member_462.png,1,-0.23322092516162085,0.19455350044101793,0.137088203053517,0.23878844375245656,0.5874788599412475,0.22281503271621883,0.25335092946754134,-0.14461395790880438,1,11,0.5413210527346249
nonmember_466.png,0,0.5858831898113137,0.5784279848145522,0.5055337648826699,0.49800333404473474,0.17765809181653136,-0.1053027822594581,0.034817210473264915,-0.030467327776483977,1,11,0.5169288185254005
nonmember_224.png,0,0.1228322215211266,0.3117586338781262,0.2168899542779541,0.3063886409908658,0.328561596885673,-0.15835652797428157,0.0366503755589056,-0.0952653114815698,1,11,0.5049674383240399
members/member_196.png,1,0.6294205564700048,0.29636772900277775,0.17501213801335247,0.32533403349377554,0.23234866225791517,-0.16870166658370866,0.1122083507331304,-0.2556399322635796,1,11,0.5078084392963685
nonmember_138.png,0,0.4766958669299646,0.5114059847060135,0.7731202960857475,0.5439893054811087,0.5082839245700645,0.4436322620521107,0.24728612441176434,-0.030131251495583378,1,11,0.5749147636558655
members/member_111.png,1,0.5686942566348416,0.47367153413117435,0.37739578415950614,0.19150492786987927,0.04354486039622518,-0.13487744365837173,0.10890485193617216,-0.7861123345628682,1,11,0.4804469853100267
members/member_155.png,1,-0.11022999591684801,0.04636726106518063,-0.7806619104703842,-0.7873664051677687,-0.43027765824662634,-0.7938283446716592,-0.03136230767131121,0.5724767063802148,1,11,0.4504946438821537
members/member_291.png,1,0.4755109612323598,0.36051918862360566,-0.001824406107735932,-0.20027501580930096,-0.047445900312384826,-0.06411290940277414,0.12202378660726598,-0.23110134992672382,1,11,0.5019163534126145
nonmember_75.png,0,-0.14375366885927177,0.4404972388429247,0.668255523122709,0.24007546477853037,-1.4049291188802044,-0.3999375683153019,-0.07383204434012569,-0.24029310870301845,1,11,0.408808934811147
members/member_199.png,1,0.010873604284515892,-0.07701132020605339,-0.12544414127668935,0.251769921070748,0.2108827800031765,-0.06655402251456444,0.0793166323981831,-0.2329817148570088,1,11,0.4967964426056651
members/member_251.png,1,0.38770550768169754,0.10566890535990847,0.3460452278489936,0.34182341020324714,-1.5244358487051408,-0.01850986624968254,0.04024255165668844,-0.1794383355303797,1,11,0.44353312296992975
members/member_313.png,1,0.5272975650768497,-0.34816365465558663,-0.6980265806834018,0.4285005016086174,0.5939763418198512,-0.022934978198941636,0.1137504896891759,-0.024401355230225796,1,11,0.5309184106338166
nonmember_363.png,0,0.5618150484712681,0.0054297989171159244,0.11414743967147256,-0.10059551277520917,0.29492371119125327,-0.08430404517754297,-0.5400541469040219,-0.1571719379974823,1,11,0.47891579434879744
members/member_109.png,1,0.45501321904034775,0.5915874407832202,0.11646636472906025,0.2644810066553349,0.0048722210134162225,-0.2075971949919646,-0.3101477082291897,-0.1101628855345167,1,11,0.475724515425245
members/member_204.png,1,0.517453877056016,0.6481845328970213,0.6209529991412404,0.6637414705436493,0.5532535064370707,-0.16457558985399778,0.08719759856519005,-0.21379882287946028,1,11,0.5224229911979227
nonmember_429.png,0,0.6347509126529856,0.43872722714439183,0.06478812616947138,-0.040060229918550405,0.07148026642728489,-0.13542554567785192,-0.1419695216015624,-0.8103573878305919,1,11,0.465416066619013
nonmember_409.png,0,0.6042534184843777,0.6851903860629784,0.5812987359631299,0.32768602015696047,0.4417699774969348,-0.1222506029075463,-0.0978470948835195,-0.19242974213599062,1,11,0.512837772463607
members/member_37.png,1,0.3522633306188534,0.49636616935205957,0.550477583340276,0.5596020338787078,0.5989139680784219,0.024292749400977698,0.19574204089168212,0.11095373158815303,1,11,0.5519047313112422
nonmember_236.png,0,0.20974238607902906,0.3070000854426054,-0.2613913809005908,-0.12478502248972134,0.40237634569719916,1.0052074420753443,0.3228140413908367,0.043964178648852936,1,11,0.6012667568291588
nonmember_388.png,0,0.6366139450999109,0.33450016282426587,0.06388725670890683,0.4286501659929485,0.11063808442870382,-0.17012950877186217,-0.050164310193157036,-0.21103193912681828,1,11,0.4949793465800069
members/member_402.png,1,-1.538080009853906,-1.464446426540265,-1.710040083116919,-1.619257477076466,-0.22817637296847515,-0.30784423529487626,-0.13423804599126754,-0.24253853588083185,1,11,0.4087162449459441
nonmember_374.png,0,-6.61326631580141,-8.733888853365494,-6.0919126135308845,-4.551606476021914,-3.2833542517755183,-3.4924379389454767,-1.3031038435179711,-0.22988889228082687,1,11,0.0734773250630252
members/member_327.png,1,0.45692448769440164,0.1383013160076194,-0.6013344898393145,0.1759783186024757,0.07446667887147207,-0.03112638234986509,0.08058814055485009,-0.18082578227727986,1,11,0.5032734305036737
nonmember_408.png,0,0.7615995637526001,0.6191069335334598,0.5807532282584242,0.48535113869792834,0.6298888445706856,0.13625573884785247,0.1653140381176721,-0.06257189714517875,1,11,0.5596588110607891
members/member_53.png,1,0.6551248279450235,0.49986331273421536,0.19457300824790424,0.4697162964096151,0.36992052553195176,-0.14820482098404408,-0.04665670640033337,-0.12883512678254228,1,11,0.5119907843050782
members/member_118.png,1,-0.3095557863767735,-0.613508769178182,-0.40370422769838976,-0.259109535139451,0.07389826306513658,-0.14636822750872547,0.07121909375636726,-0.2648968007951158,1,11,0.4747957357093217
nonmember_376.png,0,0.17105930549410697,0.09002176655229421,0.21332850069538978,-0.020686673712694947,0.32556040224340244,-0.09672641315646224,-0.18318487779180792,-0.08083537361168869,1,11,0.49667008883007147
members/member_19.png,1,0.025144069247927447,0.22045226698998688,-0.2217023111678591,0.005663262174703476,-1.9823807490399301,-0.2584653687350933,-0.05217630159437636,-0.06944317999394034,1,11,0.4016743790160369
members/member_459.png,1,-1.1815899934601273,-0.45507050209177446,-0.9827676041058622,-1.5662425319400572,-0.8450282142426695,0.5660311388393229,-1.4768719712397407,-0.2840240494478632,1,11,0.3761476268878392
nonmember_168.png,0,-0.6871440483081237,-1.287706534228354,-1.4258570343085006,-0.696168821265962,-0.17205591000383258,-0.29883876591888914,-0.02224101851377469,-0.11135769172969923,1,11,0.44121283480394613
members/member_180.png,1,0.6485552111229835,0.4253693870515751,0.4114869013435323,0.29150395669690976,-0.3718938721150895,-0.21675326086836044,0.12118123565651118,-0.1037510119219629,1,11,0.490765158454606
nonmember_215.png,0,-0.8939191256588506,-0.32822741853673465,-0.06656707282358498,0.2686835857866128,0.16055443913759504,-0.15167604814364832,0.051880698364899835,-1.7348681337140723,1,11,0.405571134286882
members/member_367.png,1,0.7089115182236072,0.6692739014676805,0.6589846195992566,0.621053152676029,0.4909791997400914,0.38713156457789655,0.2921819727593249,-0.019796208767036028,1,11,0.5783254756204544
members/member_29.png,1,0.2948784868273506,0.5291249013348835,0.6177049161837873,0.6528901530934457,0.5712280904172351,0.3617818469238605,0.2014246674048188,-0.2571006795966735,1,11,0.5556122444074482
members/member_43.png,1,-1.2783719788310917,-0.17664161805906486,-0.14970156865511042,-0.1686008243325552,0.12238815943560732,-0.1279569948934336,0.043926692503641895,3.902870078583984,1,11,0.6364574233022955
nonmember_301.png,0,0.10305295677101345,-0.2036410559884132,0.2941950040173462,0.4987248681069296,0.21601910671044156,-0.12178316698751868,0.09911107942873354,-0.13183846371981112,1,11,0.5024013713392018
nonmember_475.png,0,0.6781875066148055,0.3217689829646191,0.007629355108457414,0.03445954404682805,0.29391327744099627,-0.11389220575968828,0.11251127218813917,-0.3757618180010285,1,11,0.5089103632515344
nonmember_171.png,0,0.06340100280547345,-0.6089559870843031,-0.7542282696343956,-0.6440761054999129,-0.19652223759427567,-0.18944449215162162,0.021997225962983258,-0.1459907154919149,1,11,0.46970193570536667
nonmember_100.png,0,-1.0878960358007195,-0.025962458575749636,0.22495813358309213,0.5906057578875417,0.5388231463357069,0.2015576027464494,0.09433488831772685,0.066657653152288,1,11,0.5201382803787633
members/member_379.png,1,0.16281395335523152,0.34456147082727373,-0.026994620784712264,-0.18586005409273154,-0.14067704118123814,-0.16166660408916478,0.030002389246645222,0.8584579839544944,1,11,0.5273170113168112
members/member_347.png,1,0.32781322386120504,0.5620408546868112,0.5578209809391508,0.40825647753442595,0.43291396190860176,0.2490580906494877,0.07271506372303449,-0.07183126764101999,1,11,0.5444832571308028
members/member_445.png,1,0.3782881090641079,0.14845010075646004,0.38478200440543553,0.4969350162427508,0.5557276658408883,-0.10927424016989296,0.08137369560779018,-0.30519128314546773,1,11,0.5154611267011853
nonmember_156.png,0,0.36221440206568545,0.5856649159602365,0.37121994333580766,0.6001040025152267,0.4881919594530215,0.2517649207635104,0.1590429151763173,-0.3218916081746066,1,11,0.5406536775749041
members/member_76.png,1,0.48225477203233247,0.3839625441763701,0.22618277208491877,0.039097542980531585,-0.008733862011327531,-0.0668934324472934,-0.0285964617753125,-0.33733448319106607,1,11,0.4911062454299787
members/member_207.png,1,0.235196516686484,0.5061759739450173,0.5977713975706349,0.44898024648899515,0.4774071382619276,0.44430811464564446,0.24422497491832473,-0.050932178456793764,1,11,0.5671509671154149
members/member_466.png,1,0.165723730267481,-0.4005594718299861,-0.3020207834419466,0.04191439469801006,0.21370719314271014,-0.14504389655054073,0.14057335442868713,-0.23763501023690203,1,11,0.4961863380386754
nonmember_1.png,0,0.764806267248348,0.3829061900321884,0.21454817673474924,0.1713198532109761,0.09020310646665664,0.04795632906181169,0.08447900884355075,-0.22709298758279495,1,11,0.51887195784538
nonmember_18.png,0,-0.32624981698834965,0.4695629516733524,0.492724025334244,0.6261951046889722,0.5819297608127165,0.1519932464184386,0.16174589342691892,-0.2282849400752216,1,11,0.5288013948806106
members/member_21.png,1,0.09127523343054422,-0.47786180712301984,-0.6157970213801791,-0.4345402376649843,-0.0775797451879896,-0.12682376397930195,0.07408051468997545,0.1541595739760524,1,11,0.495901262177751
members/member_40.png,1,0.5361696419754378,0.2470952158540225,0.4964289020796153,0.045911196014462696,0.10841576605458547,-0.06340545594300995,0.18676422965445916,0.11426458540035078,1,11,0.5298702649402529
members/member_206.png,1,0.6592868927482409,0.4499810887030762,0.4150585516166063,0.06782384706647315,-0.025889419834212113,-0.09075604219776245,-0.10668551199901,0.6810398714768064,1,11,0.5330532776615079
nonmember_93.png,0,0.09690122645652322,0.08161825636428288,0.02925651533762652,0.2268232591800139,-3.2861981209654445,-0.3926723860890764,-0.009825641944398278,-0.17492122214230754,1,11,0.34638691246599357
members/member_326.png,1,-0.08066740750197532,0.11964679765376163,0.16168233559442013,0.2547763679190176,0.5462739893028732,0.004893229205721994,0.03410957869743925,-0.054468606152931365,1,11,0.5200251593989415
nonmember_208.png,0,0.38946134739600824,0.23647787362671746,0.29578163524143797,0.2769330861134538,0.01916750966046621,0.05375564018435686,0.02893193491785162,-0.10490356993840244,1,11,0.5107206336093699
nonmember_335.png,0,-0.9451359253158604,-0.8172721420733957,-1.9074133088231564,-1.012842842148113,-0.4581969543646305,-0.2754874334177626,0.12295493424142112,-0.21823934176502835,1,11,0.4303658279940812
nonmember_185.png,0,0.6148455802757828,0.6304839130039199,0.43084736498087706,0.2789473720698368,0.6540088304793139,0.014253277696210098,0.29713371853740433,0.00673562793851179,1,11,0.5602161455192481
members/member_440.png,1,0.547945496601983,0.5380589195437673,0.724168182965792,0.5992320047977451,0.526230651081308,0.6629870245416818,0.17330208570971806,0.03368369198240195,1,11,0.5885361214527732
nonmember_431.png,0,0.7151862344498952,0.6096239816307252,0.7163069980323553,0.6378569813631927,0.08337238139183789,-0.21249042414180597,-0.31829019467539954,-0.0344583700256349,1,11,0.4894472718351489
nonmember_34.png,0,0.6102943571911141,0.7063091672653199,0.8072094688131002,0.6753592422600532,0.4941727795868509,-0.059296855366263834,0.13256462669943936,-0.1545270828902119,1,11,0.5350145576251276
members/member_416.png,1,0.42958328841407933,0.0076781635501461665,0.11221297748624925,0.19437209958040702,0.1033521226509233,-0.0003684261090048935,-0.24157537298191478,-0.3431288432094064,1,11,0.4832703366702372
members/member_305.png,1,0.5302914790201663,0.5193218576308802,0.7184103261035633,0.6859355860590668,0.48905793319647817,-0.14228206197015236,0.16345550137648956,-0.08619513385873301,1,11,0.531443643295346
nonmember_111.png,0,0.6840878827952697,0.14556379587147728,-0.12871003975537487,-0.5062377172192849,-1.07340531639352,0.11199152291092007,0.3028569052457617,1.2337913184229743,1,11,0.5493755215533709
nonmember_328.png,0,0.7522500413501643,0.4694572566086257,0.5733872442868302,0.4027665472535604,0.4035733469039293,-0.1628919855922737,-0.011962812548722113,-0.39164289262022045,1,11,0.5070729422868469
nonmember_361.png,0,-0.19974079280427004,-1.728531066306128,-0.9985421276312008,-0.37818675902707577,-0.47212274864222925,-0.15872534414425576,0.15933484828872757,-0.11560588455326393,1,11,0.45825310639610467
nonmember_253.png,0,-0.1498445977549583,-0.06144955818652198,0.14120700288172072,-0.3520168510155903,0.1201700178652585,-0.21475165822524023,0.16193475252536427,0.07411495766978149,1,11,0.5011337355795646
nonmember_64.png,0,0.6482337621987089,0.2774453841405684,0.3451524120488374,0.43905765975981303,0.2159440338539369,-0.0017615786269864486,0.04378888510990464,-0.3270650393843866,1,11,0.5116156623199837
nonmember_261.png,0,-1.0876201101915537,-1.4067400522046034,-2.3801062655154674,-1.6363676792042772,-0.9931451295053888,0.05683361360852546,-0.6815518419065114,-0.29639035575621975,1,11,0.37448888626613985
nonmember_84.png,0,-0.41620596459292303,0.5102429035529927,0.3944179667291401,0.6405586433432049,0.5390054315954016,-0.03362613978790918,0.16877277057966555,-0.3153212065485427,1,11,0.5100854813147295
members/member_465.png,1,0.7240691424609569,0.6837654726479188,0.5701421812728524,0.5403217267142795,0.48558290731802156,0.22377125656462216,0.08743074420399122,-0.1045911883506836,1,11,0.5526672293458009
nonmember_280.png,0,-0.5135697041068799,-1.347502321553144,-1.2116734154304356,-1.2332411897174804,-1.0052810620789008,0.4513571770753817,0.25687515381963966,0.11103404639987424,1,11,0.486279892199631
members/member_14.png,1,0.6643979736393222,0.6399574103989742,0.6330898555942923,0.5428669391029501,0.5390105533947076,0.515298866631877,-0.1663960156383384,-0.09350883987976033,1,11,0.5574289903508114
nonmember_248.png,0,-1.0551775750296726,-1.8149534629208532,-1.724802317528169,-1.0385072625461063,-0.11096329936656568,-0.059469834191068216,0.09735575212064873,-0.16256770078906424,1,11,0.45213686593678676
members/member_365.png,1,-0.5216871965522909,-0.8024195132116834,-0.5530977832270536,-0.06636344512688863,-0.28466214378374666,-0.0033695150809682772,0.11094375608309814,-0.25743439497974396,1,11,0.4663509064041341
nonmember_148.png,0,0.6175954794846761,0.4934561176671184,-0.014327153912550017,-0.27645205080326773,-0.17551116802695743,0.2593287096262147,0.6380005606781811,2.381105302163145,1,11,0.6578264789346437
nonmember_381.png,0,-0.6189064801488886,-1.440727907994007,-0.5430577677868107,-0.9643271486041143,-0.43525591815813014,-0.0916057152500187,0.03424133995503631,-0.09594153538358796,1,11,0.4536419576503882
nonmember_454.png,0,0.40786120115411784,0.38303889008452296,0.5150654622066702,0.6529321521601572,0.5363419517136885,-0.06693389336228783,0.04747005250454084,-0.08807383261547841,1,11,0.5269449074266934
members/member_448.png,1,-0.9055105011864297,-0.405231498614226,-0.16066165076758754,0.1568621801114416,0.4256465352314036,0.20012506271433317,0.17529750451192783,-0.06315548198869347,1,11,0.5149468163291925
nonmember_338.png,0,0.3060634374951592,0.36711133088286463,0.12275226180349286,0.5346847343053414,0.4775700088331467,-0.04059303072708609,-0.42817190400260685,-0.809654919060355,1,11,0.46323456494756365
members/member_42.png,1,0.3497531722293292,0.4572404176211293,0.41997053941064877,0.36179306425941027,0.4144277924699704,0.3222785555742158,0.27509090842618367,-0.2693997508847028,1,11,0.5508508758607658
nonmember_140.png,0,0.6571576555903564,0.5933546663070035,0.690450226463462,0.6114283183423574,0.5189948665045208,0.4924614046370568,0.2711607625581216,-0.06979448097280283,1,11,0.5813274834795604
members/member_253.png,1,0.18492886685671284,0.48747621652802664,0.488478252732651,0.11298467146375346,0.6730298614553938,0.4468877392410562,0.34904229895224326,-0.18145130993514869,1,11,0.5739512929337589
members/member_394.png,1,-0.46872574728823313,-0.1187788937298655,0.30220106858972073,0.39909172750651756,0.5906980789979865,0.3978358394976542,0.10633572090325227,-0.09761086741842462,1,11,0.540409389179931
members/member_435.png,1,0.6734559122412791,0.574005164497486,0.5903361140418504,0.3156252287868897,0.30303672280044225,0.189988526381625,-0.033694483262325825,0.0320589932944646,1,11,0.5411942382973044
nonmember_227.png,0,0.5593400897225531,-0.10871678035882715,-0.03035597177161442,0.4765209607657104,0.40312533698494946,-0.07690504651953667,-0.04107124411934748,-0.10988266283546544,1,11,0.5128652355516335
nonmember_453.png,0,0.7093409254970928,0.5254844814140776,0.4616837105059841,0.44460186092257326,-0.7095990666278831,-0.07723201204326102,0.07602086807380637,-0.08302800037531721,1,11,0.48639455990810737
nonmember_68.png,0,-0.809221730072228,-1.2220835785058717,-0.5843263582493714,-0.2365414408642068,0.07140797491437212,-0.14153760597174436,-0.18409435994793188,-0.11328712289470566,1,11,0.45290612111437506
nonmember_80.png,0,0.5100016654631285,0.4671439802270134,0.4676848099448567,0.3961687487887384,0.615662549405303,0.4740668361878022,0.2700468245020762,-0.19446702581178155,1,11,0.5741462819514854
members/member_333.png,1,0.5817581645515011,0.7009525005093034,0.6530699862635543,0.34682232934756296,0.2438771216665705,-0.11176698393520201,0.06808597966324736,-0.20409417592021484,1,11,0.5150465584593883
members/member_150.png,1,0.03587027323076408,0.2140719603548633,0.35717031472570193,0.45729679748667795,0.5442680867752294,0.24844079151564102,0.17474676591407157,-0.1569228240346625,1,11,0.5425177944140475
members/member_64.png,1,0.1576311007769844,-0.3876659232638362,-0.5998812039362309,-0.049381610000964304,-4.828678031575395,-0.25587069371783855,-0.03376467211500511,4.636632167291419,1,11,0.4916181666031687
members/member_283.png,1,0.5039387457295006,-0.023666252631410423,-0.23247329670412897,-0.34903406285475835,-0.27136623654940184,-0.12820451341592154,-0.17710026835947534,-0.2631671017037709,1,11,0.46797040120357375
members/member_288.png,1,-1.2656513851272546,-0.06599968359363606,0.17880733764347267,-0.17330084819669533,-0.7673886121733218,-0.6728115683972247,-0.5500011662230455,-0.13399683038915278,1,11,0.36843877544659004
nonmember_125.png,0,0.24269819877710708,-0.35143928442459593,-0.6079929850388561,-0.4277056994502981,-0.661076749616075,-0.5527596411378921,0.026694788238526,-0.4826706814547217,1,11,0.42074062735047874
members/member_287.png,1,0.07402929482546794,0.026022045752437606,-0.13293673374250892,0.28775005532312825,0.3887916415886936,-0.14555339988399396,-0.2892037264745442,-0.17413809337346997,1,11,0.4813567344871065
members/member_321.png,1,0.26453680393164225,0.5206046056390061,0.628097548613757,0.5928596873850003,0.5404584505298731,0.3172097764092303,0.0818182878510827,-0.0969341644013646,1,11,0.5510571974954097
members/member_370.png,1,0.4218857892011134,0.1862442937310962,0.18693240236445652,0.14259057346131332,0.35259398751669746,-0.1711551893916452,0.03459437080017036,-0.11479871918975526,1,11,0.5094786753118766
nonmember_360.png,0,-0.1546481238948707,-0.5332910482547781,-0.8366318385310358,-0.3414269819741298,-0.6492047949419253,-0.18473010891661978,0.04567470346289948,-0.0050520748581250885,1,11,0.4552161344886165
nonmember_181.png,0,0.6404665351837684,0.6372139725172645,0.14141201882604948,-0.029735098666365367,0.1839643477117665,-0.12748212692973304,0.02439845333137125,1.7734747198862495,1,11,0.5917416819559271
members/member_297.png,1,-0.7389596262749718,-1.2909932659889334,-1.041068705020047,-0.9625370307484635,-1.1950537393243672,-0.568270262382454,0.03690593632089456,-0.2614676560615452,1,11,0.3849052419836317
members/member_225.png,1,0.5689455933439547,0.435232310048256,0.35932187801271587,0.40762921838550437,0.4580138803483482,-0.1885565301818799,0.0762224067373154,-0.2906479119216039,1,11,0.5121112197470793
members/member_392.png,1,0.22392995137324379,-0.009003736397538376,-0.020473394148639468,0.08991267487462196,-0.2290106543536492,-0.14564030742557055,0.09239010443595497,-0.10392359844547983,1,11,0.4864080397095244
nonmember_37.png,0,-0.01180662852845682,-0.2651631606454927,-0.7443856830157616,-1.1456682866245553,-0.7604912397543675,0.13593245163606493,-0.24325186008191224,2.5689876641151743,1,11,0.5697543786884549
members/member_211.png,1,0.2608103027216462,0.34386036006905485,0.507361411506658,0.4920248913362233,0.5919339180670367,0.18597048934948646,0.18863576233803414,-0.07052492290542034,1,11,0.5508025564455957
nonmember_326.png,0,0.6172771356928428,0.4089729633979253,0.4130833569464287,0.015309906871019408,0.7932509293072183,0.7110797413111971,0.1571872191388275,-0.1599373100981083,1,11,0.59213389203729
members/member_205.png,1,0.5748612388518421,0.2974919357916401,-0.30122893302567055,-0.2250105009993848,-0.12473136894190562,0.24026137798275382,0.19100472589624262,1.0452076836208715,1,11,0.5763699153304737
members/member_320.png,1,0.11423157809696205,0.28142977337282993,0.09489883119527898,0.3941615099253566,0.5452554684432087,0.10785759836682551,0.09139745221363693,-0.15008867187573216,1,11,0.5297164456931877
members/member_248.png,1,0.7392776338014144,0.5400115513259567,0.3614579303351393,0.02122030869715985,0.24169680144130545,0.9640313697759995,0.5966245878624266,2.8024766613600756,1,11,0.7261025742200424
nonmember_187.png,0,0.7460080224559125,0.4004346428462382,0.5657743282637528,0.36623596160154026,0.5172193227155377,-0.02232641916909639,0.06834113938882691,-0.34703974881644584,1,11,0.5264150962200074
members/member_364.png,1,0.1415347265175928,0.31668421350076104,0.19341738977957146,0.21263937640017572,0.28038397476231625,0.3467527157377246,0.2673724415173968,0.12996816728644678,1,11,0.557951479795228
nonmember_481.png,0,-0.5434419551846317,-0.41399896864723873,0.2292261262203512,0.41801085524618076,0.7277241873653715,0.23782179967491146,-0.07892630340034934,-0.034232043868202666,1,11,0.524393282620699
nonmember_110.png,0,-0.5139569272240578,-0.127152059472754,-0.01366956304625333,0.35696714141085817,0.38013466660247186,0.22184106731611397,-0.15019984947301523,-0.02565437877099619,1,11,0.5067282648876034
members/member_178.png,1,-0.1580720774301858,0.08870522433360506,-0.06898823895776829,0.08454014176452374,0.6796554459696624,0.6909795358590864,0.41069876358511337,0.1452165865889805,1,11,0.5947648327243907
members/member_312.png,1,0.5034118955497631,0.35867730646577556,0.4502240404969795,-0.006009350346933839,-3.599544579214867,0.2040694593438941,-0.07775296391918651,-0.2835038860243042,1,11,0.37249357688537504
nonmember_145.png,0,0.4293324221221333,0.5393457487273512,0.5693035244159015,0.4929205289698162,0.19878481191669461,-0.25509736572322694,0.011028851052333088,-0.15215473328751816,1,11,0.49885144646604374
members/member_136.png,1,0.34010470118616976,0.5538666814709381,0.42439887529447873,0.31687641384109444,0.14852123485341107,-0.11400464881518868,-0.0775987623066916,-0.20916121352785222,1,11,0.4957210478057495
members/member_494.png,1,0.26850413545886953,0.5229522214264493,0.5604901713395818,0.45693328474867156,0.5024511342975968,0.10576705068593206,0.17850731923148633,-0.12805986965739002,1,11,0.5406593794593019
nonmember_96.png,0,-4.179546707801353,-3.78981765586279,-3.8783895200170324,-1.8470130253825658,-0.09493346657589274,0.10689196558609293,-0.31495605019613215,-0.17877200767517376,1,11,0.3596561997723195
nonmember_480.png,0,0.5964224506072626,0.33190343027237956,0.503683642659075,0.3999656801164271,0.0474883260237835,-0.1715380299581506,0.1406070049484498,6.297390556107182,1,11,0.758270271250644
nonmember_362.png,0,0.6504600157494713,0.22741128884283945,0.032969054897065586,-0.2350348533155362,-1.699995285541898,-0.41260617962037927,0.014449521240966767,0.05247938022032006,1,11,0.42554319165333643
nonmember_478.png,0,0.7467288196854054,0.4212547145540402,0.7624678669644016,-0.10184474250784481,0.34986002620237056,-0.11483218046647359,0.09292509812680638,-0.07907261718750647,1,11,0.528837875735263
nonmember_293.png,0,0.4879565540877935,0.3147948015757791,0.12339730265267113,0.12806512738832598,0.4543822093846046,-0.12198253924627611,0.09997533048492979,-0.24710856625951916,1,11,0.5161941478553127
nonmember_38.png,0,-2.0283235204351056,-1.950587980327283,-2.7067578327098825,-2.2707815203309516,-0.8073714862958856,-0.23608962081158635,0.11831815467426576,-0.10876073144151288,1,11,0.3949447125450745
nonmember_476.png,0,-0.4947590412047709,-0.09362371434150374,0.31661468003173665,0.38534401459570766,0.7018765057497633,0.5289024270851623,0.19670478736450825,-0.1720799321824007,1,11,0.5545635766068022
nonmember_399.png,0,-0.49776178415329797,-0.7883565358923044,-0.3037368843200374,-0.4922909670184117,0.15548955939422093,-0.19143660094641568,-0.1354727141012262,-0.0840385746837482,1,11,0.4671151439127548
nonmember_269.png,0,-0.7843809392917545,-0.24143328337220793,-0.22550807487007285,0.05451472816226888,0.486402509071195,0.4499430935442299,-0.05512372248272701,-1.6964375453566722,1,11,0.45205078203757704
nonmember_283.png,0,0.24318405309511082,0.4470254777528062,0.36036673129505115,0.02255179253969075,0.20489223952502478,0.06428678232557239,0.005269224791558891,1.1906685362462524,1,11,0.5712661017962043
nonmember_191.png,0,0.5229844840516575,0.45781448060633956,0.5564430433212282,0.4049822981207454,-0.26020876449529595,-0.24338402393532288,0.03567611184011099,0.1960154110419845,1,11,0.4997029245246498
nonmember_23.png,0,-2.5319341845462136,-2.3551616201199823,-2.68342038355526,-2.7883896697830672,-1.914296046003508,-0.07384609192365588,0.3279552759835771,0.03133740914404992,1,11,0.37065432605972864
nonmember_264.png,0,0.7822318446739565,0.7775519134507065,0.5912742103639208,0.4695780860914929,0.4360925583053952,-0.14212284971995626,0.06545494481101777,-0.14467043853636685,1,11,0.5268516638246892
members/member_174.png,1,-7.595550858326302,-7.7402518791164505,-7.661160117099299,-7.969124012161059,-5.63541617289523,0.7339931623672271,-1.2626635826947883,-0.5293275690763783,1,11,0.12269318391014582
members/member_75.png,1,-0.8780714754618029,-0.3477485187757636,-0.42443549259752267,-0.49613808525069647,0.06447804300974358,0.30885591331987783,0.13882606100132566,-0.3463296364877859,1,11,0.4933869912283949
members/member_13.png,1,0.30210940575128786,-0.1475319251145759,0.2203119137397871,0.06475658586218813,0.1392775897739611,-0.11294707312099295,0.14805714756115318,0.20158670979665505,1,11,0.5214454128497067
members/member_124.png,1,0.6890610584455072,0.5328080162583988,0.4722405607129163,0.21425686202443428,-1.064272542717256,0.04024874852308091,-0.23147674331035972,-0.010050680987911953,1,11,0.46505045624905667
nonmember_470.png,0,0.39227591897205594,0.5434165393831569,0.6846033711906281,0.5686006685890943,0.5358302090065177,0.14064997210181485,-0.08473032942502634,0.09842506094914238,1,11,0.541572481947121
nonmember_43.png,0,0.5253909040035558,0.7542155148865355,0.7934247509082248,0.57175294714065,0.6040886235669882,-0.04504817720248511,-0.0189637570168788,-0.22490751440690904,1,11,0.5268573239856628
nonmember_10.png,0,-0.23587137956334892,0.45610252698683107,0.5644516584070263,0.49286883781788404,0.5692689329325811,0.3896532881809289,0.2567390559228224,-0.06295911241840457,1,11,0.5578771050886311
nonmember_303.png,0,0.6439125220253752,0.5323904044124581,0.5251657779553924,0.5649015825688215,-1.0794633770752706,0.08560110772130791,0.004580558513671562,0.37137221651853114,1,11,0.4965475779366675
members/member_147.png,1,0.08103548341116129,-0.562806416444134,-0.9735049002883147,-0.7739714516761724,-1.4628073930071381,-0.7458341791344307,-0.26780111415877395,-0.4828675834124283,1,11,0.35776360488672815
nonmember_416.png,0,-0.3411292470554028,0.572971263802101,0.6258492379062592,0.1414120821547331,-0.49750854345904827,-0.05332020666457726,0.05050811369205643,-0.21017111927250554,1,11,0.46984607908630777
members/member_131.png,1,-1.3328869216648065,-2.5747984265181545,-2.9105609173416727,-2.9962779608792665,-4.657097430656436,-0.3540720593629496,-0.07806059473558591,-0.13086834559449745,1,11,0.2569322669237919
nonmember_19.png,0,-0.694107328891816,-0.3801318593283072,0.21519993664963,0.4688022863321617,0.42526770618266774,-0.13770731169422756,0.0965408828567762,-0.23133141566029725,1,11,0.4880781483331442
nonmember_131.png,0,0.181205752432108,0.05249452318121284,-0.36425081688832606,-0.6461324908914712,-0.35828223126629455,-0.043688809569836895,-0.023808955153383327,0.1713778218072548,1,11,0.491082174217247
nonmember_273.png,0,-0.5050055291291466,0.21674780484041678,0.2554009506409005,0.18307486966881825,0.053537080704557205,0.07727105975134929,0.10148306789222161,-0.3264769842059394,1,11,0.4903022927138142
members/member_408.png,1,0.10402597922977552,-0.2307153806753699,-0.15027526045467132,0.21089046803057254,0.745617661298617,0.4889579239191333,0.27516456929088307,0.017652743034798135,1,11,0.5749727863579683
members/member_260.png,1,0.729449672789257,0.4351850232058707,0.5088033557816711,0.22203480857156954,0.09360915416027282,-0.12780038861738774,0.01268511471586109,-0.15218420902119068,1,11,0.5082073062116367
members/member_162.png,1,0.5187167012575524,0.3364336421246352,0.4799550020721641,0.4293470853576533,0.2661287745909746,0.10537517947930031,0.1588299202309571,0.031176168740221222,1,11,0.5408251831609264
nonmember_71.png,0,0.5449857510059553,0.5739654447377851,0.6372122767560522,0.6838120152823333,0.5737456746111054,0.0749562661948806,0.09761231147762395,-0.0812584774400591,1,11,0.544652145278948
members/member_482.png,1,-0.49264827487919494,-0.062141690905467506,0.27007773346396746,0.3481234497774972,0.399507721917681,-0.15724089469138836,0.017473701727301005,-0.155871623112251,1,11,0.49038084849248326
nonmember_330.png,0,0.3640789888618605,0.500615019360799,0.453910647506675,-0.8077641937375795,0.4301240644122668,-0.1986813882491152,-0.4149161180137142,0.4549122390930531,1,11,0.5117841738122786
members/member_106.png,1,0.6529699669254785,0.4823781368290123,0.6024316344032554,0.30559440006222705,0.4500339368331465,0.22416399930143882,0.25903758824788525,-0.08182311467003966,1,11,0.5603401425516483
members/member_420.png,1,0.23690887736598176,0.45125357859532844,0.5445405449013951,0.33149710853027736,0.8169874457430306,0.13739771008686752,0.2585158662389082,0.14086044488931915,1,11,0.5698422122442258
nonmember_231.png,0,-1.3388085657411897,-1.8898211434054533,-2.795148781044714,-3.1079400498624272,-3.792875716511197,0.3881752310979669,-2.02922010876556,4.745462410747366,1,11,0.4147719819661492
nonmember_287.png,0,-0.5553385743726205,0.0739041632554871,0.23639576009378338,0.08267542657507976,0.520140489187416,0.48349883062607546,0.3188089318493139,0.09044327534332997,1,11,0.5624893437983539
members/member_137.png,1,0.6726072017139675,0.5803959989912961,0.4724119342827571,0.153238318248909,0.5231823097513839,0.027055676512404148,0.06305305080625345,-0.10842023382644506,1,11,0.5387346907755107
nonmember_161.png,0,0.5285937351929695,0.41068511978279965,0.19655317017613827,0.17141267312120334,0.3694531622027988,-0.11006311150610681,0.0888127097911493,-0.019375217794813437,1,11,0.5244030692245645
nonmember_494.png,0,0.4055734172640917,0.4660131729405017,0.6526017312033745,0.4618690088653823,0.5806771319661213,-0.017542474199823133,-0.010827815044731182,-0.32108868380608335,1,11,0.5196199206098726
members/member_308.png,1,-0.10482652042940854,-1.3022118361438415,-0.6743826991462729,-1.093774204495312,-0.7595790730829552,-0.11219625270968248,0.11459214940937112,-0.019289481392119612,1,11,0.45796831900587265
members/member_223.png,1,0.6528074817226712,0.2953710816027941,0.24298271117600656,0.18538030604765687,0.32220091918625915,0.22733326929925868,0.09756688651846401,0.44066901796749125,1,11,0.5657633175708819
members/member_234.png,1,-2.2125241726783567,-1.9229784065643978,-1.7913608982246543,-1.2280882610029091,-0.05053422342543623,0.5270304460356114,-0.008602261073620276,-0.08825638563392779,1,11,0.4643876056343417
nonmember_119.png,0,-0.7934377308455012,-1.158824986887129,-1.6177152694773458,-2.700454629551689,-1.2452765871659595,-0.6336072963887833,-0.3073077243604905,-0.16225876993282373,1,11,0.36261973236020073
nonmember_334.png,0,-1.179182849983084,-0.8367089187133736,-0.5727673328250957,-0.31103243428440264,0.48551338875919825,0.3657372812004063,0.24599716066034816,0.0036147218234399148,1,11,0.5253581526438559
members/member_30.png,1,-0.5023838670587915,-0.541141250364904,-0.3943544451109626,0.004808482121954949,-0.25093904871869377,-0.2373332443075178,0.11616738127141346,-0.1918577095177847,1,11,0.45865647602643983
nonmember_160.png,0,-1.961391580877014,-0.8232011066412628,-0.9543920213165764,-0.2573855571973054,0.05484670070151276,-0.06326572985395362,-0.010061750291546545,-0.3287168818851578,1,11,0.43528676191782667
members/member_10.png,1,0.5477457007312867,-0.03533029407898969,0.1425483016465643,-0.24347633289792725,0.43602984778687937,-0.04754667055236084,0.0932075080895034,-0.22855045342183633,1,11,0.5205728298991932
nonmember_468.png,0,-1.2869080305553862,-0.22618902239009753,-0.2687231253466731,-0.32956537123810214,-0.5728103448311463,-0.22274811675849016,0.047486629753194176,0.3363849960463794,1,11,0.4528457295995588
nonmember_90.png,0,0.6617069651865788,0.6580206136972353,0.5104696366271431,0.36080909475075895,-0.3353657471647784,0.041971169917364826,0.11514252858082585,0.5115863071396021,1,11,0.5362554408219747
nonmember_244.png,0,0.4680602595964909,0.45185494798575077,0.23526081249930275,0.022926103324525826,-0.9166754320017763,-0.30676525053574455,-1.458561544638167,-0.12925052086061317,1,11,0.36919361440377096
nonmember_67.png,0,0.25726314019609786,0.12037392651728096,-0.8327137185715383,-0.539634580638447,-0.7431708532991879,-0.8820207067378556,-0.8713346415108751,-0.35133466848068995,1,11,0.3549546356780242
nonmember_327.png,0,0.3271849108613507,0.5570188198019075,0.5418291421707413,0.47941860611465525,0.25011540736162274,-0.12706575463900638,0.02258327643801028,-0.19959952700062011,1,11,0.5053861722390717
nonmember_242.png,0,0.6632576156484546,0.39358605030590255,0.41785810885343233,0.38830374441435644,0.40738321232991925,0.17300148445366048,0.016554041215608883,-0.1247313335732354,1,11,0.5383050845299475
nonmember_489.png,0,0.04146656394783266,0.388304199544252,0.28457503709354226,-1.407381298380387,0.6412211122732225,0.3577969171222537,-0.1199347651529159,0.08015325852271804,1,11,0.5484743491312394
members/member_61.png,1,0.2464515022901166,0.14214102589404431,0.07857069967795782,0.13244766040021716,-0.08795289458626776,-0.10067339737427616,0.09497483056705747,-0.21264883173261673,1,11,0.4918178166562353
members/member_472.png,1,0.3600420997558156,0.3645257542451916,0.4408801526328281,0.2585531933984182,-0.16711290946861102,-0.214045289889361,0.027145068647000947,-0.25940502555651435,1,11,0.4808748790178294
nonmember_394.png,0,-0.42735086392319666,0.19531190673065213,0.03362883696047447,-0.018628032015153728,-0.2185468454637709,0.18736059933263238,0.3880220925397042,-0.010770284018759568,1,11,0.5174133424136715
nonmember_109.png,0,0.35454198010293325,0.40916726857438723,0.40764072456453393,0.19696609464972425,0.3016162836340719,-0.06831768884691947,-0.1398079135063428,0.4166461318289585,1,11,0.5274527832019749
nonmember_343.png,0,-1.5889771989938073,-3.2907858477750005,-2.4512739020977494,-2.276215408346656,0.02629310102498561,-0.0941375568820888,0.0937814352179469,-0.1293309714726938,1,11,0.4364928250829777
nonmember_92.png,0,0.7062302779041256,0.24021011389225233,-0.004243152265871686,0.18122909585751223,0.22979128799163107,-0.17071702546543666,-0.07550397689731803,-0.3419379806219762,1,11,0.4932590113969579
nonmember_65.png,0,-1.650501344416063,-1.8711643494147254,-1.60745218800729,-0.962238289003313,0.027503319542473204,0.036278987130727636,0.1414350401030129,-0.03898278101627284,1,11,0.45986878258478747
nonmember_72.png,0,-0.16604987542201766,0.1418657132911747,0.029577794638230515,0.40639577040866515,0.6037249377453278,0.25247365221335816,0.25604632642370806,-0.0738495143202833,1,11,0.5472659848550525
nonmember_367.png,0,0.312051166403164,0.38308835714134126,0.30121914619616996,0.45017976015982164,0.350364218813791,-0.08336391252552033,0.07087331712410716,-0.27988008513317286,1,11,0.5089451501522066
members/member_415.png,1,-0.4881743067544648,-0.3150117373443382,-0.19421386277344332,0.0640995598714662,-0.20627151940096145,-0.46809990887134756,-0.4258150062123689,-0.19298794817725629,1,11,0.4172275597401743
members/member_184.png,1,0.7734269062211543,0.41573324320111205,0.6759182802604546,0.2878355783508342,0.38340804858523736,-0.1373962788670342,-0.03530975088099453,-0.24064870811357686,1,11,0.5138816016691162
members/member_55.png,1,0.2938359616860886,0.21091295461268667,0.3712032194915711,0.16280142218052696,0.22748523399760412,-0.06362809150619153,0.011065573513846516,-0.16094749825056098,1,11,0.5065557438925966
members/member_279.png,1,-2.5446308075961794,-2.8694437077218735,-2.81602058312966,-2.625993161411402,-1.4845467981504954,-0.58654011310096,0.14290028192037152,-0.26225310407893243,1,11,0.33205260804707754
members/member_197.png,1,0.5541031956232474,0.4871815145048828,0.6075417170669972,0.6219382048817765,0.6466684974592711,0.3721920284892972,0.24365361674008756,-0.29453406901427037,1,11,0.564831291187531
members/member_122.png,1,0.03956641079841683,0.2598136784682281,0.38695543370213725,0.3846584837301412,0.17375481671292192,0.34819800614905017,-0.03252757023710284,-0.14478262376447493,1,11,0.5233370087689224
members/member_249.png,1,0.23549060360469687,-0.1577122293212927,-0.16259325188631113,-0.0778446476690191,-0.059615857027491614,-0.17195294947454087,-0.05372027574691973,-0.3336233380439113,1,11,0.4718154545285039
members/member_12.png,1,0.2900694247707234,0.5333576129120763,0.45317349938156326,0.44103299212103053,0.6945565360051633,0.2968790525527063,0.2500338083653544,-0.38521375943843505,1,11,0.5529371482744402
nonmember_245.png,0,0.7367126872408605,0.5730962017229446,0.6589136297954798,0.3978629519618284,0.21936085051550513,0.17633353256477857,0.3502326915279492,0.8085236580645976,1,11,0.5935967228615452
nonmember_380.png,0,-2.054398858521746,-1.4785996188389439,-0.5690758925270816,-0.06806068206323967,0.6839313344866937,0.2739300565916887,0.09476889793010113,0.11319741580325893,1,11,0.5026493362023778
nonmember_178.png,0,0.37952851445180036,0.37698874065382615,0.3863730171663402,0.25253805242075744,0.1602711929795948,-0.2087734537696928,0.05814966426801593,-0.27569255337203113,1,11,0.4951683680993791
members/member_58.png,1,0.178901782655851,0.45183216294663797,-0.013370735398533284,-0.07982843125335304,0.03780008364141363,0.13705176702008082,-0.10807405124363978,3.0285673418953287,1,11,0.6356382477051843
members/member_77.png,1,0.6901598270353695,0.6156505005754744,0.7603216889945195,0.49875985594941197,0.7486633086454715,0.29516163768213044,-0.2587722149345506,-0.07977790832374687,1,11,0.5482702309625973
nonmember_411.png,0,0.6909074519732763,0.47854015800053107,0.5795191525670993,0.2576480041765157,-0.23866780818407918,0.07878310939275268,0.14330566636257291,-0.2418299058437725,1,11,0.5117897337167046
members/member_54.png,1,0.16509791405734608,0.7307004225977054,0.7191853992817587,0.5936410378355337,0.420830053624873,-0.1154124235393299,0.030801853150898673,-0.11461315169337905,1,11,0.5153599260226301
nonmember_370.png,0,0.5444718155019332,0.5498337460340421,0.5883912151506943,0.5462478886429105,0.26859063736585087,0.03797750552644885,0.22522654449694723,-0.29842932172043213,1,11,0.5284573135698261
members/member_268.png,1,0.6220154101565334,0.7289844902923344,0.5762152509584304,0.5071301464256095,0.4151012150004636,0.0034972690819712327,-0.14432886163213166,-0.22711112773596742,1,11,0.5157630566725796
nonmember_479.png,0,0.6823832361445463,0.3585462769519565,0.4722648516206016,0.6252945287368821,0.5768235490743834,0.26444040623382215,0.20157761623189874,-0.24091818638969187,1,11,0.5565383989182155
nonmember_392.png,0,-3.6322760845187654,-2.922974458164727,-3.7564144103512556,-3.225715835996683,-1.9855114791519255,-0.9598784290912694,-0.013930772566648209,-0.24574372198402372,1,11,0.2670573369256174
members/member_430.png,1,-1.8327139572845086,-2.2553407648100556,-3.1526215801601363,-3.5856259648644198,-1.6090358841411319,-0.5384495917776824,0.03791772326489973,-0.1700040752523826,1,11,0.3428436463998483
members/member_200.png,1,0.24698904236150332,-0.11834911295294104,-0.046995141861162715,-0.8836715812311375,0.13681725484043739,-0.3477876533896973,-0.2519655629913169,1.4067664561146858,1,11,0.5336780384053995
nonmember_27.png,0,-0.1099237276658176,-0.25767278194840193,0.3817242511638832,-0.13782310373978834,0.46508025553345345,-0.10644519567176136,0.12612144514512558,-0.12888976539105101,1,11,0.5114346403808052
members/member_115.png,1,0.5024953950568829,0.5997094292741041,0.3754978396524784,0.44570063711117447,0.4366819570547893,0.26630195262919987,0.2940855143281924,-0.05694354717864769,1,11,0.5617030106630854
members/member_8.png,1,-0.29108656289114654,0.3152140388549234,0.3930799189019618,0.40072410205599907,0.4997877577901213,0.16741859553601213,0.1742253704610892,-0.030570493612178673,1,11,0.5354529834549964
members/member_198.png,1,0.6609957412629561,0.4772199238065191,0.5296860750836538,0.060210320122705774,0.4254964006655193,0.001913493207985617,0.19321973980757434,-0.014968887861052771,1,11,0.544701322285241
nonmember_422.png,0,0.1937728669281289,0.4643694742272628,0.6129521325532878,0.4469673037277895,0.608004088994452,0.09202510653410112,0.19680971433089667,-0.028296060083061292,1,11,0.5477698693696674
members/member_329.png,1,-0.034948091347414945,-0.2865653317198511,-0.6026743369337191,-0.10738217963970298,-0.2496643477067524,-0.11736004141037704,-0.011367606590121149,-0.09246405800159341,1,11,0.4723192388675551
members/member_285.png,1,0.44303669900425247,0.42019499735040755,-0.10453236128340926,-0.62134388328634,-1.2812184209623734,0.05499447194240226,0.08731093028965553,-0.5663631575151831,1,11,0.4446837717337752
members/member_230.png,1,0.32963949499014555,0.5972764818609879,0.05225439564637213,-0.46762204753769065,0.8050608060465985,0.7008255168703736,0.4221051125738198,0.14250881867196163,1,11,0.6132562381249332
members/member_395.png,1,-0.5340165092651206,0.0874597812713076,0.0584972475869554,0.11151367901890108,0.3940733568254777,0.431819747312852,0.36999247643881006,-0.2622335924836374,1,11,0.5418579560093634
members/member_322.png,1,0.3176931470120019,-0.16855086932670194,-0.17773960647589826,-0.6493591191831363,-0.16573663675021422,0.04081654065898732,0.18743411837348445,0.18177686357809186,1,11,0.5193819991160702
members/member_478.png,1,-2.1911507731192215,-2.9308403770740945,-4.619411530599994,-4.194205661889634,-2.3132662785516076,-0.4343159438558457,0.1474820291538057,-0.1477728690732496,1,11,0.31520253781168256
members/member_397.png,1,0.41825219451052886,-0.09673432043504615,-0.3329587279218229,-0.46343783969374464,-0.10408149261466404,-0.02022096324147915,0.2648907565179317,0.21907860618123198,1,11,0.5253636168685033
members/member_149.png,1,-0.2549994095107557,-0.13627607018189591,-0.031708107595195045,0.3069305626450145,0.6478043128907434,0.6121835093750163,0.33654403624043727,0.4272846522024034,2,22,0.5614012530418424
nonmember_198.png,0,0.5810394445127498,0.42141614158197926,0.6687863852480969,0.617720585597981,0.4639176976666608,0.2347704745304524,-0.4609002115230565,-0.03976997566776852,2,22,0.5449597548742782
members/member_413.png,1,0.5042333703503772,0.5966295534609434,0.6543953908683866,0.016103318234218733,0.18357721993375264,-0.05559850271930955,0.060404726114914986,0.11442025591543015,2,22,0.48067652701712177
nonmember_408.png,0,0.6379067551676876,0.3861597433615951,0.5613387320099807,0.4140359284847399,0.6464223935390363,0.382762549251205,0.3217963856534922,-0.00536326260320763,2,22,0.5401706845258685
members/member_29.png,1,0.3725467335312391,0.6015904619352637,0.6624556990096528,0.6956327149983936,0.5668672049689265,0.49186794686528224,0.25217147938247386,0.10212326010593475,2,22,0.5680738056607162
members/member_197.png,1,0.440504047520327,0.448815412107503,0.6055414978781193,0.5800658229665583,0.5545301086698373,0.18581347620036315,0.30593567660075127,-0.5755088102268218,2,22,0.5244486838887068
members/member_58.png,1,0.11322913023825798,0.4937618215923205,0.007073925937423287,-0.05156099176041451,-0.03626421883308151,0.24900422885746298,-0.1069223714549663,2.0355747165384415,2,22,0.5651610993342383
members/member_429.png,1,0.27882120116297937,0.42611508902918915,0.6181499046937531,0.7406031660304633,0.5857258363213393,0.4204612803519048,0.3040943834468326,0.040686562747061394,2,22,0.5650610597677487
members/member_251.png,1,0.5051779245614427,0.3762297718115106,0.4900279760957398,0.5227256682174861,-0.6858046780893963,0.24984784698737794,0.2801641157283026,-0.431219471028113,2,22,0.5569612080595778
members/member_186.png,1,0.3285667589281127,0.29239579715825625,0.12565511222521097,0.2470654092223854,0.7191697320994481,0.5246537147732084,0.545681627086025,0.3341931645643381,2,22,0.5534562834467829
members/member_25.png,1,-2.0211709003144023,-1.2677984063804688,-0.8748364691752575,-2.0339955132963303,0.05860789971049041,-0.17175078508606578,0.09742983056704624,-8.050565682126043,2,22,0.16434673003780342
nonmember_448.png,0,0.5797860440291696,0.6875829817621546,0.6049205337336545,0.7111711924343669,0.5301000740655359,0.4368474934758986,0.3731574668072728,0.5206412609819049,2,22,0.5836686981331164
nonmember_106.png,0,0.5784864082680894,0.7000309311616464,0.7656824746998274,0.7119795041707908,0.4598202337659991,0.15349884407707215,0.21301687582492423,0.22025253851667959,2,22,0.5524954064861318
members/member_365.png,1,-0.30891839500908747,-0.6149792397796645,-0.33736465047288267,0.1122983001994724,-0.05290248608141468,0.24081662167751094,0.3216194408184192,0.06500955663758301,2,22,0.5341885290936689
nonmember_129.png,0,0.6322029633213773,0.42925485088178794,0.1692816295286157,0.3628940530106952,0.21349967576077677,0.40005941933707945,0.30320036379273585,0.25829513054254516,2,22,0.5679943324108864
members/member_190.png,1,0.008436384844647371,0.07842661839823739,0.09927884946937482,0.1891112252349907,0.06458243310982859,0.08773802708101641,0.1519801133089027,0.3121243718894151,2,22,0.5250463062592282
members/member_469.png,1,0.16277718749286718,-0.4657802266374964,-1.6107495786894108,-2.5498634830188087,-1.68315471860089,-0.08879476500723538,0.06703961789397272,0.28940397346590174,2,22,0.37315647072446123
nonmember_162.png,0,-0.945678224043605,-1.1201269062536698,-2.175168550685412,-1.7195600448590111,-1.0606193825258874,0.14406073875186776,-0.23921989016985634,0.36398145074746147,2,22,0.4503545567503281
members/member_296.png,1,0.31199814386847136,0.4349956251397957,0.45161188530908225,0.4457595892218862,-0.08966837239901171,-0.04974337884530389,0.19724830292459128,0.22098366635994893,2,22,0.532647081533815
members/member_199.png,1,0.17097146981342037,0.11381453704654065,0.09768906152280854,0.33593164753496074,0.20530879309028283,0.09420904556014165,0.2639093336585523,-0.07834940503870058,2,22,0.5300889659797381
members/member_428.png,1,0.6204348636236547,0.5182921976371544,0.5538555157183698,0.4340111905921198,0.3591792565321015,0.1829543327611871,0.3208919934329595,0.1560201122806273,2,22,0.538864831802249
members/member_316.png,1,0.4085553075310604,0.22719714585555328,0.2508111721328041,0.11250637880413539,0.09827894587445307,-0.004110690910900772,0.1658919987398555,0.0037147614697063958,2,22,0.505852664107704
members/member_245.png,1,0.6684469844211685,0.6494774346490813,0.38680224041244937,0.34053661222320386,0.16966831223282242,0.005061259491077941,-0.31574517010080516,-1.4171564747232015,2,22,0.491025549767775
nonmember_133.png,0,-0.3819267281064864,-0.6367755546744835,-0.6671224432561753,-0.7016997896215873,-0.5792971271312175,-0.46404753489423056,-0.9992704432706923,0.1341638534163696,2,22,0.4361203411360028
nonmember_11.png,0,0.4066152726487626,-0.6239274820073852,-0.34311728184273393,-0.3200081196217668,-0.21534559784100704,-0.08528564904757197,0.031468832486323706,0.41751942268218833,2,22,0.49920770516866453
members/member_32.png,1,0.392669171923302,0.3293502868908078,0.31053326156406724,-0.020096706133155173,0.16955274059020997,-0.16004854381590228,-0.08547070247122601,0.2571048128506286,2,22,0.4854484402658364
nonmember_485.png,0,0.543214241403291,0.5341561489002253,0.5802263974957014,0.8205004305031012,0.6983522154242534,0.2854235736589885,0.4086155126360529,0.11111694318577481,2,22,0.5703510023161041
nonmember_19.png,0,-0.25473198210354897,-0.07982228252424006,0.3925974567667061,0.5968873370601919,0.4608371457734357,0.12813491585623282,0.2867813781420727,0.04071541216617369,2,22,0.532356949998596
members/member_318.png,1,0.2586175468352292,0.38518389350219273,0.5105367524370723,0.4857904531120196,0.4634614616547488,0.4892159720078926,0.3391202067954673,0.012212302113238316,2,22,0.5522499422678063
nonmember_392.png,0,-2.81256988172482,-2.053374816439562,-3.668692555668545,-2.958441199177287,-2.070410375397831,-1.5334550048472106,-0.2564105935485159,0.06124285935448093,2,22,0.27757846612708303
nonmember_105.png,0,-0.2311419883140715,0.12180837176052206,0.45174421502000506,0.10763028190756874,0.14279589094198997,0.08125970866380694,-1.2776997294062937,-1.5542720117933833,2,22,0.44790740649904587
nonmember_444.png,0,-1.2899685874340387,-0.3872991321229202,-0.3506516139749789,-1.8723193369999822,-0.743652166608888,-0.665947459838605,-0.723133281266203,0.15322472195350922,2,22,0.3004588846628259
nonmember_23.png,0,-1.7225193634124958,-1.6070355228309086,-2.3108430106962925,-1.959575824728463,-1.5114874456463108,-0.34510169476343755,-0.015811755818418316,0.06925469127204664,2,22,0.3880723282054975
members/member_379.png,1,0.2936805831901421,0.46778253534627545,0.021818552891918586,0.034060100489984535,-0.11490196583245638,-0.06326543598424017,-0.21570845276916906,0.6801357842669686,2,22,0.5234286360289848
members/member_196.png,1,0.6641152895854114,0.5187310362940254,0.36678523454919976,0.4168126266345027,0.2741321728480184,-0.041648109548195755,0.3181301760904143,0.008285206229166953,2,22,0.5293277109073619
nonmember_34.png,0,0.5082171077002311,0.6186512063397727,0.7311933509244706,0.6795129328873917,0.43570097494477,0.2127551721164318,0.3387835039678926,0.2159554484672812,2,22,0.5537375604266616
members/member_57.png,1,0.12039738807293254,-0.3320099650865065,-0.8242237507731645,-0.053020300461084524,0.2074327916970944,0.11711978933553269,0.19528699538659744,0.0614976419334079,2,22,0.5358921969455029
nonmember_314.png,0,0.2667829334800378,0.2678068767460968,0.09276930245936432,0.2882893681206191,0.2827867087666913,0.10619267645603525,0.25817766631270533,0.04564784803472577,2,22,0.5307682597442234
members/member_324.png,1,0.6599352226103865,0.4475535701412152,0.6115460699216966,0.6105663727239001,0.3413944433215592,0.010395207465868417,0.022038586567302065,1.2367464889819262,2,22,0.5679876853563232
members/member_34.png,1,0.713823563994493,0.6639495094724679,0.7267389451011992,0.6074369854583841,0.4785233749230189,0.18611345000046775,0.277047642287533,-0.04592106243063743,2,22,0.5425645700978134
members/member_249.png,1,0.3635971827071658,0.019456376881032078,-0.026886294014125678,0.08658758407898981,-0.13098711085040904,0.07059293633576225,-0.12101712766346573,-0.2541019318648754,2,22,0.5162432849486849
nonmember_175.png,0,0.6182821692177742,0.5024346018168786,0.44077085420983897,0.4589864828837902,0.12324944456952736,0.11248413286784142,-0.0923790877676165,1.0521533791064055,2,22,0.5670589171821119
nonmember_179.png,0,0.6294101632316926,0.5168330672895061,0.554805221053924,0.3872906469363766,0.06208321682907414,-0.04431828924321568,0.043473637871497495,0.42742595617850476,2,22,0.5318603410937219
nonmember_225.png,0,0.39038202460286753,0.21890142916999,-0.2831501457135137,0.32151678300290243,-0.6467757248069068,-0.06700418778421025,0.0043129614086137025,0.16109280232497358,2,22,0.5610546016192323
members/member_237.png,1,-1.901901829275462,-2.4447573515831222,-2.7791368987233835,-1.8312158668460365,-1.377054080601714,-1.9627905600897724,-1.4183881483593845,-0.05531458220579566,2,22,0.30693383385557826
members/member_411.png,1,0.47028561461547724,0.3482323793029658,0.3619183724340935,0.3193026393013598,0.08727629645726331,0.05438497808405174,0.2849857179376105,-1.069038236320682,2,22,0.4994257683886314
nonmember_168.png,0,-0.3155423865086626,-0.7987585425904036,-1.0079579349727537,-0.4030829476874298,-0.11830733277415462,-0.06342657715512612,0.03685282258233702,0.23614724060033332,2,22,0.4998186819913236
members/member_170.png,1,0.2951445469650591,0.34403872598741136,0.4451411998189583,0.41037076769723413,-0.02743780372267146,0.012350948190058553,-0.1250647221986556,0.2607060789794362,2,22,0.5324100044813121
nonmember_427.png,0,0.207236289950536,0.268726206230693,0.3085824583405188,0.4156318132285106,0.3089258196114937,0.4952422736064399,0.11700398753324937,0.08911037357119156,2,22,0.5578948020150538
nonmember_104.png,0,0.23544613987532736,0.022892736410807135,-0.09536554248170148,-0.3698218716746804,-1.0676914495918228,-0.15211855995398116,-0.3816192635275617,0.6310802846161403,2,22,0.5000062577135557
nonmember_491.png,0,0.058495633857659435,0.1382750399979571,0.4390759005477052,0.519929578689192,0.29725077470352,-0.38391988658694043,-0.10751051489498886,0.6113775904152936,2,22,0.5133694069363086
members/member_313.png,1,0.46863867701379425,-0.37405975681738335,-0.6625503187946573,0.5292560908180661,0.5905394607812173,0.25364206431877356,0.29407544432068367,0.15039549863417623,2,22,0.591963059388118
nonmember_439.png,0,-1.0879033457259781,-1.4332179142849746,-1.743502686007198,-0.752673826323464,0.04599916850408059,-0.08341660030962927,0.1660661888207864,0.10104948605196373,2,22,0.4736345147051899
nonmember_215.png,0,-1.337790752066794,-1.1044699392656394,-0.5347685859158919,0.004429064287990503,-0.022159050972837768,-0.015021910969774233,0.14617776017234618,-5.569077609096815,2,22,0.3571818877706181
nonmember_248.png,0,-0.7658502845433173,-1.2587301164992981,-1.3783581491957224,-0.6961403506575268,-0.08792572219468209,0.2235207233424914,0.3039207258264174,0.07114638325989464,2,22,0.49273129632604196
members/member_24.png,1,0.00811635906040431,0.201010380796538,0.2417163790427721,0.21761884638379936,0.7625367327058323,0.8360007603542963,0.4423863551318661,0.10093923835071372,2,22,0.5528747364213125
nonmember_395.png,0,-0.6957591053442229,-0.6912917676635644,-3.0148514341465926e-05,0.15598817925702146,0.715824804769718,0.42290069469147973,0.29352803393305393,0.2321164788934329,2,22,0.516923071653188
nonmember_335.png,0,-0.7261797684702831,-0.37299995400155783,-1.6486021416695444,-0.6625389828699264,-0.42409097638513105,-0.33067283176205464,0.2569633275037111,0.05038730872419794,2,22,0.48073064946263083
members/member_121.png,1,-0.6557627957688941,-0.163521870983677,0.4330086992861606,0.5678853984934351,0.4255675673275032,-0.46364765612158276,-0.29908106273894486,0.25975451599084476,2,22,0.4858011785329382
nonmember_298.png,0,-0.7405937263197935,-0.8365790251137679,-0.42048442139650044,-0.209385500814244,-0.6927215268533633,-0.24751193179238484,-0.97224414620388,0.18291909916035287,2,22,0.4801446029568677
members/member_359.png,1,0.5668711065589171,0.5004395070107153,0.17676913619426315,0.012107959895940823,0.2174841552510216,0.04135700575859502,0.21739977364861485,0.2750835346067637,2,22,0.5114736377391073
members/member_268.png,1,0.5591054338806347,0.5825585765881782,0.4697492420801037,0.41099565983845476,0.33731284978955145,-0.0705871675762122,-0.13284033589308475,-0.04723437765493532,2,22,0.5173829648387266
nonmember_149.png,0,0.4596796568005983,0.5608743241146028,0.6170552989184213,0.5441160267725831,0.2050086939841158,0.28921912750796874,0.12592016934342087,0.20181570184053754,2,22,0.5539307501661814
members/member_233.png,1,-0.615783292661406,-0.5712055255760182,-0.8058740892228231,-0.7021269320115984,-0.7867788492151808,-2.114136166999394,-1.5217538003119802,0.13148043146659738,2,22,0.3374331702881599
members/member_90.png,1,-1.736342152719513,-1.1254431047990177,-0.5996621988811528,-0.07322393369599789,0.025604026241546674,-0.2736016147989986,0.2898967292111161,0.12179550813497464,2,22,0.46377821598532304
members/member_440.png,1,0.5915262717265444,0.6221222692440125,0.6300099768094505,0.46512034811903114,0.6202011084556345,0.8366535164008164,0.15699088171657394,0.3909714138950644,2,22,0.5813076612006641
members/member_374.png,1,0.5152345459457233,0.33578895233821804,0.527472005898177,0.6696272404801666,0.589901092366456,0.15643188806467645,0.3172240045950838,0.3378728683612646,2,22,0.5568027635187836
members/member_266.png,1,0.44670695244180925,0.4985729719021914,0.6989165089714788,0.4359729084173769,0.3820295113713428,0.21022411923405837,0.15843470943781934,-0.21096955370446402,2,22,0.5214124274404408
nonmember_212.png,0,0.04398874212618331,0.33058275775659185,0.3165341667522994,0.1303470538776499,0.09512109262524682,-0.33529543495059677,0.14277795404955906,-2.1570993947663,2,22,0.42301939702062585
nonmember_210.png,0,0.264714433355004,0.45961018502363205,0.44040856545341667,0.7148834152788144,0.786206525035305,0.6565708015062377,0.43166823510091845,0.043762212241033716,2,22,0.5816939307614705
members/member_211.png,1,0.14021899477483935,0.22154069093142192,0.5733390709312154,0.6827678805036941,0.6172874500943304,0.3698307926843194,0.38089568713408095,0.27656287128673096,2,22,0.5602057809493904
nonmember_253.png,0,0.07526912655588047,0.18173715321119444,0.31433993185427633,-0.5093933921980325,0.25733734931738717,-0.25994258129360226,0.36632356318160664,0.23417700008107722,2,22,0.4259551053596212
members/member_368.png,1,0.320457111099969,0.32003396091030956,0.1700295424932481,0.2817533709419999,0.19330831687361938,0.23359530119383187,0.15692986836246714,-3.354723263103681,2,22,0.45418519894207765
nonmember_121.png,0,-1.3155661173948214,-0.49518275748819907,0.04096116997062538,0.041690873067538714,0.07529990274698628,-0.02032416523183933,0.31923897160391057,-0.24527707130409926,2,22,0.46453249070838065
members/member_357.png,1,-0.7993209226660825,0.21976593056874938,0.07225863510860231,-0.24322600978415077,-0.016015009392891244,-0.09898424483095702,0.22066335490687639,0.9083133356589492,2,22,0.4751082239778607
nonmember_115.png,0,0.2618228831575955,0.3737853648770266,0.2891600356106081,0.5885411194337791,0.20454898967775925,0.23201904033607157,-0.15587402472879308,0.3904694603488741,2,22,0.5675555319514857
nonmember_313.png,0,-0.8828961342438557,-0.7126185285876696,-0.712816111580727,-0.023150235016347054,0.23005625552240927,0.3452545322382461,0.29297424895323587,-3.706363181667247,2,22,0.434310929339606
members/member_352.png,1,0.6380429817740652,0.6348835214234754,0.772610498766217,0.791798546546052,0.5375919088082961,0.23433893028333408,0.31503678324312645,0.25480712837901986,2,22,0.5651037731963959
members/member_205.png,1,0.29006320963529086,0.15975879064892062,-0.4519832358654443,-0.35807653446072507,-0.23817197233962606,0.2429179624060609,0.037107701314587516,-0.0625414635194641,2,22,0.511182656406077
members/member_138.png,1,0.3686252114449964,0.31898711485658726,0.44368360048304334,0.24075470057401116,-0.16038512848631648,0.10909726878525028,-0.009830218434263571,0.5795487038936393,2,22,0.5353923008515338
nonmember_397.png,0,0.5339217418750319,0.6319522163856637,0.4969355583173165,0.31863064471875546,0.1418668045664262,-0.7158007157819366,-0.25663025952931484,-0.017564057304745084,2,22,0.4692238473755093
nonmember_289.png,0,0.5863103509840499,0.5631160546993543,0.6860656267447944,0.673960600501335,0.04355642363105883,-0.20443976286793575,0.2929151321102168,0.122690157973258,2,22,0.53438174510934
members/member_39.png,1,0.48101643630347146,0.6485262881981946,0.40478120172198473,-0.11201546858838896,0.09663780867231786,-0.0034465683443061224,0.13041386561546808,0.3296350135229025,2,22,0.4898778188959836
members/member_370.png,1,0.44108775132374234,0.32298943627076815,0.2890360163572385,0.20209518687801786,0.2925277997431879,0.08541919619389216,0.1794973687559409,0.17417748136351996,2,22,0.519771051146425
members/member_344.png,1,0.4365603457690783,0.04509341074271678,-0.18144436877094305,-0.09225158756077434,-0.28377857970074105,-0.02565579032227827,-0.07681208151950791,0.011249254604885017,2,22,0.5112895670603468
members/member_410.png,1,0.46269559211682454,0.031185047172575864,-0.20367609026901556,-0.24045860582844636,-0.17400800592097188,-0.1043859936030227,-0.15768631122529975,1.7221552340128552,2,22,0.5339817454661411
nonmember_479.png,0,0.6413957439705724,0.3665937792779279,0.5406643310092099,0.7286314384207504,0.6237282856060062,0.3835542027874457,0.4335078621095576,-0.18144799121628719,2,22,0.5658158658707464
nonmember_476.png,0,-0.15873204855485445,-0.004894766652967508,0.4200581104137582,0.46995918404366854,0.6628294403020627,0.6502081441969079,0.3183327500457027,-0.0712378555907609,2,22,0.5495091709565771
nonmember_279.png,0,0.5292995308792623,0.4606167291736538,0.5079257384771902,0.3987230334571308,0.17477327210473792,-0.17678236175007278,0.2110599011200076,0.15918575933462709,2,22,0.5153656231864681
members/member_232.png,1,-1.1975089901064508,-0.9357046370740534,-1.0650730031848723,-1.1313241358627373,-0.023539818963541848,0.24863207711414193,0.10733370626557903,-1.165942130288709,2,22,0.4028863053015947
nonmember_361.png,0,-0.029855786611322266,-1.4639036101245728,-0.715285503944437,-0.24941726244627027,-0.3517130117512415,-0.11820437036418685,0.15380697164562473,0.20185455922733198,2,22,0.5049654654185891
members/member_68.png,1,-0.44966731651787084,-0.09172357712778823,0.2287750691588264,0.38527831870757145,0.014570188149744645,-0.4263561063062955,0.2284595782286143,-1.2411794737903996,2,22,0.45643806364011846
nonmember_190.png,0,-2.597114751014047,-2.98452544386338,-2.6579245404820306,-2.4437205798839527,-2.224887838807751,-1.785431174813668,-1.4212747316562413,-0.5163592587956121,2,22,0.2582093958865525
nonmember_367.png,0,0.32453254749642824,0.46047701339173486,0.4857873949488014,0.5855255748827819,0.3081152041797388,0.11106729793773784,0.23155458375559057,0.03470647917273162,2,22,0.542548119127386
nonmember_81.png,0,0.3699614553878954,-0.21438828131039145,-0.29035555841338656,0.16774184169868311,-0.05785038465893422,-0.16002700007642456,-0.03039482593633558,-0.6765255309228912,2,22,0.5071397961890141
members/member_389.png,1,-0.39374399281547423,-0.8996471462865852,-2.2547630071136857,-1.987896027053326,-1.3308561063390192,-1.0373581480198375,-0.2426232275375888,0.21234701859860738,2,22,0.3675895364606671
members/member_84.png,1,0.6616280559819594,0.5550353023903578,0.5394582077786465,0.5561155046430848,0.285541773655428,0.13186846639760308,0.32553942922196377,0.17495830723863914,2,22,0.5500529317062097
nonmember_17.png,0,-0.29859528457021733,0.0741024200990763,0.05792990872348369,0.2188583887264035,0.06564222065631675,-0.03637988303155293,0.1935604748233537,0.0392068331321731,2,22,0.5084461102061726
nonmember_388.png,0,0.6609868043065328,0.5144405803614416,0.14893883833648847,0.4455396902552806,0.1498504815594357,0.04422251351467743,0.10153524794504953,0.1623598012047811,2,22,0.5525851550354304
nonmember_139.png,0,0.6158996698328343,0.49598833924043806,0.5199629755029527,0.6280748314806566,0.46595187268706706,0.2977498876929596,0.2249885957476403,0.28938009580483026,2,22,0.5662228995508682
members/member_140.png,1,-0.05537015540891943,0.061228405921254225,0.2791483826525356,0.39421160163422275,0.492995384061115,0.21949852913693846,0.18742494073006633,-0.6875212096341228,2,22,0.5104593200279066
nonmember_113.png,0,0.5185944296674485,0.5796916774165073,0.5881003038143726,0.5715044864880587,0.27712156901588747,0.41203775210555627,0.4547400432819444,0.1523464428258663,2,22,0.564732159629279
members/member_303.png,1,0.19069313060369453,0.10523585238829325,0.43598798862209254,0.4275125204073209,0.4256187251728303,0.122711357495084,0.42559358294932004,-0.3780602194549436,2,22,0.5148601237625103
nonmember_460.png,0,-0.7966865263677689,-0.2976646163989569,0.059248755411136944,-0.23568932416140287,-2.1823810376797566,-0.20956683887376126,-1.8765043920753945,0.10863977927029467,2,22,0.48668056844485225
nonmember_356.png,0,-0.11930159816171315,0.012259628405351108,0.09999926311785101,0.3218531054223819,0.6334616689949897,0.4735729346948423,0.37152162140081835,0.4963075330853677,2,22,0.5534182254213027
nonmember_199.png,0,0.4774580917956972,0.24426237656101302,0.6297314845097177,0.7548783075475587,0.5879900406606744,0.1427152645647709,0.3950807566849983,0.3572448198187912,2,22,0.5588477178798115
nonmember_9.png,0,0.16663370415833567,-0.39038859358941425,-0.16212767330556765,-0.20540942748072633,-0.36688595848429717,-0.12328932321527564,-0.007470900148107695,0.045197454381198376,2,22,0.4892136301935306
members/member_362.png,1,-0.35710265358107085,-0.06227190921864345,0.20773521405281414,0.22596793960331674,-0.4124996479264995,-0.14974027787836786,0.17498916789741603,-0.11319984145218953,2,22,0.4991092972736213
nonmember_192.png,0,0.6345174330309233,0.14849300729130954,-0.1369804580809384,-0.6394442471992852,-0.8518747873456274,-0.13057911516989273,-0.08482322294880928,0.35450377638235153,2,22,0.47640881340295516
members/member_137.png,1,0.5964982420909868,0.5572836166303103,0.26711714256585006,0.1697545962666549,0.3899140839298667,0.3366749861810048,0.24942634125272267,0.12721939862271636,2,22,0.5353288420818522
members/member_279.png,1,-2.128921563364814,-2.4504517195816624,-2.3958440402618617,-2.1056176445833783,-1.3918149532408286,-1.2573776198505993,-0.246991326868101,-0.05535729237836051,2,22,0.3092182636730308
members/member_244.png,1,0.6900558514934261,0.5304963516736798,0.6489485409770661,0.4335971731814281,0.07430578669728849,0.5587101417303781,-0.327123539275167,4.10878891105289,2,22,0.6580023730893962
members/member_433.png,1,0.6044149339111091,0.6672490076745006,0.7368682276484231,0.7542531545231945,0.21661615712726778,0.2890048989495133,0.3883296213767853,0.25572763461207604,2,22,0.5725190069862496
members/member_111.png,1,0.26804006626956456,0.26336307022303496,0.10829655596995913,0.16296446331853343,-0.126404194741645,-0.24027472252417947,0.25729470956541967,-2.1267936805203522,2,22,0.4501933346621513
members/member_228.png,1,0.5922189088353691,-0.05791014063544164,0.3372653682282669,0.0639214738798266,-1.2457968954559089,-0.8307796727148355,0.1502425538617791,0.2517562565817455,2,22,0.47814566203264935
nonmember_373.png,0,0.5221680599689531,0.6216627494226756,0.5898059666656743,0.5172214094115892,0.49195859517127527,0.49150904733014755,0.3386110391154382,0.06820813457732999,2,22,0.5588116643159937
nonmember_191.png,0,0.43441904667807707,0.5266142756008452,0.5415639761563411,0.36559329793214346,-0.126344782207787,-0.01694607407729709,0.04329040160158382,0.3906510871967619,2,22,0.5311517263907493
nonmember_230.png,0,0.47182035976720016,0.6427320693861032,0.5931232297947941,0.6246507855053043,0.34732441363141664,0.2879803534175345,0.11957222394489353,0.1545503129923116,2,22,0.5587496280039028
nonmember_93.png,0,0.21563888198248637,0.1951000471516413,0.11312435397012299,0.279772707843021,-1.9354505541951772,-0.2121524359461926,0.06271587919373367,0.21006162304801723,2,22,0.5538032974910974
members/member_483.png,1,-0.9211390970043767,-0.35333830081485385,-0.21215036398179565,-3.3263499164541868,-0.7991542871561772,-2.0621369813125368,-0.25349284619477785,0.21377258509021768,2,22,0.1510424290956675
members/member_486.png,1,0.2905157495405022,0.15181718517277432,-0.21306112646145658,-0.40937764260810505,-0.35312140409720794,-0.09953345850566286,-0.023174200830777814,0.797421046528302,2,22,0.49711515368906967
members/member_221.png,1,0.26087373423736704,-0.16444718383005474,-0.09803926504447302,-0.2651462652938754,-0.5332222443169687,0.2418832450475943,-0.6500256688265655,0.6716077642758407,2,22,0.5256840457326036
nonmember_234.png,0,-1.034704642931879,0.04971596807231338,0.24029699837967167,0.3464500715623964,0.4406126750987056,0.22858957607890584,0.34023132821611846,0.2207809644789407,2,22,0.5123772880332256
members/member_404.png,1,0.5585585417623342,0.5276949915809865,0.5215493426899398,-0.06015455265903835,0.13139587240866124,-0.03589078489640585,0.3333217029760185,0.3316771002980978,2,22,0.4882870716937282
nonmember_443.png,0,0.6304082614832467,0.36574466589490484,0.6266170284506982,0.37358923218760687,0.40910183960508295,0.24164181088861003,0.31065118852422113,0.21177972015832403,2,22,0.5341756467675577
nonmember_345.png,0,0.45287585896618365,0.5088755759177768,0.378318922795875,0.5629718874456726,0.11474320811929317,0.09936176298295063,0.07132739437343805,0.23514637077815692,2,22,0.5554225060980952
nonmember_48.png,0,0.537649005764238,0.4297160921129679,0.6618842163371403,0.7876571812212232,0.5817404147038285,0.7085837681994223,0.2051646804206415,0.33165975132343917,2,22,0.597981335326205
nonmember_372.png,0,-0.010884619072116575,-0.40641341612148674,-0.06722307059540977,-0.12238455107444679,-0.0457032091386429,0.11479240423809056,0.19508997545909246,0.20596785410696938,2,22,0.502875747596972
members/member_295.png,1,0.605056653638905,0.6990999686402533,0.695161159091509,0.6912628755316899,-0.3057410160234637,0.12545163001400095,0.03361472319931025,0.2493865504704793,2,22,0.5674953030091783
nonmember_16.png,0,-0.7008430805476422,0.15134163014979318,-0.11042417822380868,-0.09515848540880434,-0.0867502657771233,0.5052452556425044,-0.6248046511984686,0.4436082763052829,2,22,0.5266811040467921
nonmember_29.png,0,-1.2144702083099972,-0.7682926320859282,-0.5655812556082118,-0.15465383015219203,-0.08631973196513876,0.021058538452618514,0.3366571468965498,0.2657410875985464,2,22,0.4919173096129083
members/member_382.png,1,0.30408841599129,0.2473338133178511,-0.10021757623480099,0.15401214909276817,0.644793984673643,0.9753866248366609,0.4067501139663241,0.17709502584572245,2,22,0.5805589007191457
members/member_129.png,1,0.24856532666312114,-0.29147471281381554,0.35181821554449044,0.22053946670475622,0.14414578397541788,0.15570324443504724,-0.2556254091122776,0.03654829513974889,2,22,0.5161620588253902
nonmember_238.png,0,0.4022564540580822,0.5555452194799986,0.5521561923432747,0.45782060474019914,0.18830412474901248,0.051979475166768374,-0.015512379842541613,-5.6278746003187425,2,22,0.3898213245037084
members/member_74.png,1,0.5459073585224017,0.4983533902237651,0.20535053100778677,-0.19669557229230383,0.07884055522625211,0.05517344549537739,-0.3334699174736864,0.14493150236947638,2,22,0.4903367418530072
members/member_131.png,1,-0.9826397677797407,-2.3337185141561676,-2.62179952160077,-3.236079446614592,-3.8570330870354126,-0.27142727254586596,0.11766791305393465,0.21607369608872773,2,22,0.35382680295838476
nonmember_405.png,0,0.24357059809167225,-0.09218936943263234,0.2428590548913987,0.6163835151893453,0.6519678846640939,0.4020800811778624,-0.050769259109073595,-0.7314534084101441,2,22,0.5451498806712668
members/member_96.png,1,0.25076916786927006,0.323201083765698,0.4421089906205635,0.5494295933906628,0.5212478105047795,0.5011869684363814,0.2610972641336158,0.14781826651511754,2,22,0.5633441533728293
nonmember_8.png,0,-0.3858997520127212,-0.005147503059817371,0.4389682709434233,0.5945777885512697,0.4670057057634809,0.2226401151531432,-0.20720625996863795,0.1429475718747355,2,22,0.5357312065475555
nonmember_358.png,0,-0.049313817870054066,-0.08547217929004747,-0.37415611897662204,0.06920573610163983,-0.014446933947277252,-0.1391482352796256,0.24338075704066586,0.19600174452936336,2,22,0.5162805954919784
members/member_6.png,1,0.3120329684514984,0.4734344683330711,0.301997444959885,-0.005015016051122423,-0.7487634317579941,-0.12442040353306094,-0.08771162977171265,1.4426486928357587,2,22,0.535705544319344
nonmember_195.png,0,0.514742280582714,0.2830224857799992,0.5500076338271991,0.685411370764637,0.6073891038672334,0.9140941860540854,0.42894700093159255,-0.42538889896859544,2,22,0.5874436414465072
nonmember_252.png,0,-1.2947569875687355,-1.1695751014250573,-2.309370466405129,-1.5462345115965506,-1.1257010021925131,-0.07995444985464983,-0.21064736224631142,-0.02659112015621634,2,22,0.4416618229100561
nonmember_472.png,0,0.7056333147425806,0.5705629097610414,0.6875801693677244,0.2800485204559928,-0.2103469033634111,-0.007955546079883469,-0.4327855755459806,0.4945142965778455,2,22,0.526848063568016
nonmember_194.png,0,-0.30337821524608843,-0.1121432859778726,0.10047618966922789,0.23833125396171795,0.014479710071289453,0.38889435449139853,0.38643068809823244,0.11816441684433343,2,22,0.538910907436155
nonmember_493.png,0,0.6936294858764205,0.4735719887031484,0.4090871345869518,0.25285464722257656,-1.0500650137432972,-0.12765166650467163,-0.011917281453541761,0.16254907804161345,2,22,0.5364928002380266
members/member_455.png,1,-0.9794702697875244,-1.0935885363457132,-2.1230615786435405,-5.1879722961332595,-1.7677027909328218,-3.4839106059429534,-1.1728442127511856,0.11513032495384579,2,22,0.08218039537545582
members/member_175.png,1,0.4372258200903687,0.3686856213464176,-0.09208495831768193,0.42565321609926166,0.5283711554796602,0.47928863177000114,0.3246866598100304,0.05876280921487975,2,22,0.5747422041203307
members/member_350.png,1,0.2462636611343374,0.11137648471306605,0.06324278560406604,-0.41042276486914275,-0.08826181547588163,0.041982577954289724,-0.6968401399269539,0.13134926361254262,2,22,0.4709567709937355
nonmember_300.png,0,0.14294850139067572,0.27821635450644555,0.3281953186743731,0.4281162202605473,0.29166578867161164,0.268767277319629,0.26609882590744594,0.2488259006703082,2,22,0.5466087912868113
nonmember_398.png,0,0.5235740300859231,0.5703410524743489,0.4883216536829842,0.28387767160127275,0.28419849855505763,0.19294679381427748,0.22628031959031158,0.13766062205042218,2,22,0.5277586064944031
members/member_71.png,1,0.3123133042707593,0.6329110197867016,0.416289740367763,0.13121811530541194,0.08599155209665721,-2.3961140070321783,-1.5150275317424944,0.19445594700567437,2,22,0.3492656425943883
members/member_420.png,1,0.050195143551797994,0.5660253317476069,0.47563808770042204,0.12242655488108767,0.5096107385224333,-0.053165821078033026,0.3100311167976866,0.42452394032473517,2,22,0.4905899410571401
nonmember_465.png,0,0.08985570162716972,0.24760902480649305,0.40629547260962884,0.24813617264485455,0.587326141831535,0.21742851451578726,0.24271584440202787,0.3250465923719199,2,22,0.5184519336146327
members/member_163.png,1,0.34032974731469556,0.46568501703435405,0.46784335516322484,0.475048169792589,0.4656099751047371,0.1980636575653527,0.2973574233485188,0.314256300082592,2,22,0.5432275543321669
members/member_297.png,1,-0.5405447064503828,-1.3858900063287747,-0.8711782029172941,-1.0485813882866672,-1.0131865913318179,-0.5702369021475797,0.02949400760251475,0.1081913738409419,2,22,0.4101146741296849
members/member_465.png,1,0.5216321435035391,0.5626286549025683,0.5772661755018511,0.49255129733883907,0.4344452964662997,0.4539526909897189,0.2526658554051133,0.15916040254428054,2,22,0.5576440570465985
nonmember_14.png,0,-0.3773709256433295,-0.6817461008688128,-1.673909069750962,-0.7661432862469031,-1.237022283435921,-0.5385709361547804,0.03181526679564595,-0.15462979943341004,2,22,0.47496554534127133
nonmember_68.png,0,-0.3656018738200779,-0.946556534052772,-0.37462221845482846,-0.14017438890087863,0.05801526807398627,0.039982586581762014,-0.3008599588481795,0.21420842006857654,2,22,0.49770998007074024
nonmember_249.png,0,0.28895463522869447,0.4104335260659622,0.41258337128086353,-0.0018031261090389883,-0.22207874685612516,-0.11506525722212668,-0.005268329943989514,-0.7750220184104286,2,22,0.4662549629396621
nonmember_60.png,0,0.4748541252957841,0.5252057065426601,0.25434011384307675,-0.20986307332991583,-0.13544636670928334,-0.0017310801375565177,0.20880763143333692,-0.009580955503887267,2,22,0.48313220062026263
members/member_497.png,1,-0.229199973625263,0.27708497327755754,0.44410489915196205,0.6977685512176803,0.48784944332187585,0.23416641898403157,0.35725941866540456,0.2734936764781928,2,22,0.5534069950921842
nonmember_53.png,0,-0.43598083059871895,0.4538924809958842,0.32555103808235986,0.5816319924018796,0.3490261799410055,0.2694878385381205,0.2742765440954624,0.1720016276440708,2,22,0.546819283978319
nonmember_27.png,0,-0.014968705385034031,-0.33058458168753413,0.5169274235385397,-0.13906630929291808,0.48496122089676863,0.1681040929463169,0.3491716340554074,0.2688860464315752,2,22,0.4716536110969956
nonmember_63.png,0,0.35521808595739257,0.6196314535275129,0.26573757089216965,-0.16604883171453633,0.015087638076979104,0.0034460018393938086,-0.2101307019011749,0.16435987871311397,2,22,0.4856830558422591
members/member_354.png,1,0.43591245453977967,0.14586903478786883,0.5198414770477773,0.42529440669491114,0.6387903079775983,0.5265755745789287,-0.13209331622726328,0.28752126514289333,2,22,0.5541359962921204
members/member_263.png,1,0.5516653719127769,0.40485360804462633,0.5869917286982194,0.6772445943357561,-0.017369097090241148,-0.1116201992115391,0.13353667080058784,0.09207001873451048,2,22,0.543894373491678
nonmember_383.png,0,0.528450347043639,0.47317797333551415,0.47400224942593283,0.3113364956966329,0.25477639401088314,-0.11109969211701642,-0.0197772250994257,-1.1349710307198242,2,22,0.47927094955349964
members/member_447.png,1,0.18292275686151793,-0.17285903732614827,0.20046844056817914,0.32169418484039625,0.4295247984791075,0.15161092033956347,0.3411085847525248,0.15537475855220162,2,22,0.5289063854823272
nonmember_393.png,0,0.5584808848365435,0.52857747133439,0.3885318891208791,0.45343001178202336,0.26605720856524684,0.43750428199263247,0.17363305634008874,0.06865323161048575,2,22,0.5624901377287506
nonmember_183.png,0,0.1176995087368069,-0.10021062841624362,0.16598036847817665,0.01964787543452262,0.036217576618034375,-0.06442919719680829,0.02480358332399568,-0.0037936482555540607,2,22,0.49075907792544704
members/member_361.png,1,0.2324664719877494,-0.48302580419595564,-0.08725746170022708,-0.6723285921322888,-0.9195708973395038,-0.3684723538203212,-0.23575532749354444,-0.8330474393649077,2,22,0.41760778840091206
members/member_299.png,1,0.6042495575061206,0.5581005352131321,0.5627505691446926,0.4225845548411318,0.06845884933003177,0.04848013501998327,0.12121547529003962,0.18236830939758342,2,22,0.5344446872000825
nonmember_142.png,0,-0.833845866124677,-0.028828789245142428,0.09511440810643235,0.43450318552381173,0.12548938547389543,-0.0013586193483527964,0.2577183888476098,-0.9283210327218931,2,22,0.49274960344566165
nonmember_116.png,0,0.32580851440893843,0.3606846952386267,0.2921107903129112,0.71985979879666,0.4612935264206568,0.14959534617411752,0.4051424180984293,0.17054315787534957,2,22,0.5656156098919195
members/member_309.png,1,0.624671091462115,0.5112007340507212,0.4973460688590423,0.44249773783428736,0.4868190672732302,-0.16844478295566745,0.2784679705590536,0.06816593547771621,2,22,0.5142109097158846
members/member_331.png,1,0.5883672677750074,0.5688333413326876,0.7304433666694914,-0.5542375069455465,-0.536084532911989,-0.542104062573693,-0.10424210657864474,-0.023852435552861095,2,22,0.40624949586818926
members/member_169.png,1,0.40815798073939513,-0.29046324307303006,-0.358510550766006,-0.3120470277432723,-0.18202045057576566,-0.0011816239088586755,0.07542629378068977,0.32632167120627464,2,22,0.5045682609974163
members/member_44.png,1,-0.9825295195930863,-1.0518335708325726,-0.5267209158669477,-0.025532358204460426,-0.10292626822664364,-0.01014040037927133,-0.10090774142040093,0.6220973104002718,2,22,0.5121133231589435
nonmember_431.png,0,0.5621056329332594,0.5543956208206562,0.6993410462895473,0.6385383526207962,0.18843223333548131,-0.4095657098577954,-0.48703546325930347,-0.1949629762150158,2,22,0.5047076505241577
nonmember_146.png,0,0.3853127697495853,0.4671223597843892,0.6162124590915337,0.0636965610400475,0.6045716443897007,0.4505393383116383,0.33246434696357596,-0.25046445193138034,2,22,0.5003707673500921
members/member_92.png,1,-0.5344874215913291,-0.021343168652667277,-0.3736194248328797,0.015678628484124157,0.3320886027119947,0.3737095139892146,-1.4037446390274164,0.3168543095313048,2,22,0.5295265327553319
nonmember_226.png,0,0.6442238901630422,0.579957653756284,0.5848778664713623,0.6301286811273767,0.6163976258334722,0.4097405607344067,0.39734776404289107,0.33508882588142264,2,22,0.5702954451029912
nonmember_469.png,0,-0.07350401246573446,0.2659695943777636,0.17133281758735341,-0.6201032403535698,-0.7197685771180642,0.029340127557014206,0.09335964442706146,0.03390553926833473,2,22,0.4517324740175449
nonmember_88.png,0,0.6698561894287689,0.6287207168860993,0.5160842833942842,0.36248095412055825,-0.1176527926552966,0.036372809264296535,0.20601997869800037,-0.4552053890997598,2,22,0.5197426659832027
members/member_76.png,1,0.3543391005407459,0.4675357755545049,0.22948462972382355,-0.048569292785389795,-0.04298151821680918,-0.08716880074925726,0.17292041146088533,-0.20151665521352857,2,22,0.48404181954505443
nonmember_70.png,0,0.27752202046175833,-0.18197437162151298,0.14996042638788643,0.11907467328201271,0.3476703629629858,0.8053025468755992,0.2564187435636258,-0.12042421013505678,2,22,0.5521067469565342
members/member_470.png,1,0.4387749260135556,0.5001518563109637,0.6409397844409788,0.7649412911859503,0.48278597424288083,0.37297008315761104,0.2997857734231335,0.2584585035696447,2,22,0.5738850550408048
members/member_335.png,1,0.3189004233344499,-0.9731650880372991,-0.2435784696263643,-0.3390605253778096,-1.021989364424038,-1.1193698511626553,-0.8704886850801659,-0.07255235886722389,2,22,0.4247190829563299
nonmember_181.png,0,0.5198216036489511,0.6132042704075387,0.23843647715294303,-0.07228840350476062,0.10243516085667004,-0.026152917891126393,0.006949535167601439,0.46270119065483417,2,22,0.5027302891323145
nonmember_80.png,0,0.19541260927916682,0.08147930808952975,0.31143503451115206,0.22622234709145328,0.5990033386362881,0.4037397072369906,0.4218763953589546,-0.12668040103764966,2,22,0.5231531401709892
members/member_72.png,1,-0.6448010531463901,-0.4748123844784884,-0.10378825293033112,0.09648811500228938,0.5765114167029397,0.8695499244415399,0.47555485274585685,0.41996174086947224,2,22,0.5546793531536497
nonmember_21.png,0,-4.206664655015474,-2.94625064916609,-1.6503276229003165,-2.203760874422778,-0.7740388725942684,-1.1190942143391451,-0.13040540456541638,-7.485855727048002,2,22,0.13154044881057247
members/member_200.png,1,0.2425082865146453,-0.1579427433257159,-0.1080448959629221,-1.4056638714322967,-0.00040713919338219995,-1.2703364497438367,-0.36041837530293197,1.0548953892668171,2,22,0.32829180220693344
members/member_180.png,1,0.5469840258254339,0.5492473463851306,0.4633474989263249,0.3121889510632023,-0.1366716839634483,0.07267883929496932,0.28525635618387835,0.2566343430578639,2,22,0.535088572619706
members/member_23.png,1,-0.008612131327828898,-0.18847968670591886,-0.5581529205270193,-0.14888112700787204,-0.7263092053061033,-1.2280789460795534,-6.0928649330804925,0.14795090942812816,2,22,0.43638010954979495
members/member_283.png,1,0.5924804362479157,-0.1349103028569556,-0.28392289497121315,-0.3899599352363685,-0.2382694903028142,-0.023903175111023245,-0.6001967958845187,-0.10258882765106048,2,22,0.48653769446291245
members/member_320.png,1,0.13273849329016207,0.04190404884975596,0.09553727995368888,0.4838829942537415,0.5034872412207445,0.3628851198476699,0.25391365768121865,0.26425603461711944,2,22,0.56277099364999
nonmember_260.png,0,0.2734303701941019,0.03649178038793144,0.06418070548561117,0.12144089201798769,0.26510561370117713,0.058474751686590665,0.22337538054729578,0.27325739289605977,2,22,0.5188127212039625
nonmember_47.png,0,-0.16690690202882186,-0.15133179207034164,-0.4025706672556524,-0.04885492119792367,0.005924995083264051,-0.3930033556284611,0.2958598171877531,-0.042743779670614934,2,22,0.4810926313562912
nonmember_184.png,0,0.45210110881292787,0.4589036456582174,0.5605470468501399,0.7090038559475427,0.5947123053306438,0.5413660366715636,-0.07544705201546087,-0.24410579847465996,2,22,0.5683716577070899
members/member_395.png,1,-0.7071710391914166,-0.26393749206466155,-0.04571037065756878,-0.13148625275993808,0.3487328918497137,0.5008946716643723,0.43508388753765903,-0.09599847769125613,2,22,0.49836615076662966
nonmember_96.png,0,-3.735375379888064,-3.0572734518620246,-3.5763234235741153,-1.3124351608474676,-0.12157240371785827,0.17928410013288332,-0.3475582940943358,0.03632735904599915,2,22,0.4596411336675001
nonmember_387.png,0,0.22410400096910754,0.599200109487604,0.44053720586859235,0.1925643727362356,0.09342756938403518,-0.5962015271964987,-0.07343190191158122,0.21312879360421189,2,22,0.4685946474144478
nonmember_425.png,0,0.14907457570764526,0.42931853632552874,0.5883941348920807,0.3998367757672101,0.2555121830572533,-0.05403674221001875,-0.3327816049769927,0.12463320969898284,2,22,0.5091805261607271
nonmember_359.png,0,-0.08583381516673283,0.10692336121624102,0.22209326137167817,0.19931192290981414,0.7781864631922728,0.6108280083527529,0.24916913716385203,-0.1894445043218651,2,22,0.5273088358909691
members/member_305.png,1,0.3507955749622007,0.4058164199418979,0.6316999021457317,0.5605255834939293,0.42021368011981597,0.05513416194365117,0.3220346629538824,0.2777393374609751,2,22,0.5346848461463988
members/member_490.png,1,-0.021116385896010392,0.06432612488647216,0.0006670881618839886,-0.27172182776207343,-0.5393260343167761,-0.45670974577452306,0.07608676535326353,0.08273370022901894,2,22,0.4566266377852156
nonmember_416.png,0,-0.3481736181790325,0.20701704749791405,0.5705657440667666,-0.16765638966668917,-0.40330752194992314,-0.14739986857398257,0.20679150384252498,-0.4718749279618324,2,22,0.44029070722214436
nonmember_145.png,0,0.36999700188395757,0.49142884369275963,0.5915609712113743,0.5165668894807682,0.28493411726081685,0.03839032515006746,0.06507803611285379,0.06166789709460829,2,22,0.5289125552129996
members/member_125.png,1,0.1439860238585977,0.15707362461346586,0.5198648223453879,0.5252498502824121,0.19067875820595148,0.30318511979720864,0.19622539247841964,0.010566525717598196,2,22,0.5451735920412881
members/member_397.png,1,0.39446165029560376,0.03698521905999064,-0.2238330435480349,-0.2683047272481387,-0.4439438053522453,-0.5140525247124326,-0.9921635027395572,-0.47024072750356094,2,22,0.4538354631743544
nonmember_294.png,0,0.45956391848369593,0.1980893176208367,0.06864329487181964,-0.196213276892657,-0.05676456935880525,0.7091860493142765,-0.039376286083997236,1.305102251830509,2,22,0.5679712175284864
nonmember_275.png,0,0.6987666507061192,0.5622898194930794,0.7289162499762933,0.6304140315782121,0.42326472842132734,0.10924342478982751,-0.37519628016445417,0.2508180803177744,2,22,0.5462495944117219
nonmember_477.png,0,0.12911447984294133,-0.7758696416375797,-0.04698203170904014,-1.6669197870963415,0.33083384934973914,-0.5883921900690527,0.07309211078053313,0.18644105320622995,2,22,0.316674330154047
members/member_339.png,1,-0.582578618857641,-1.090547444939613,-0.89916986794384,-0.7045574182260741,-0.3256089919713103,-0.10263764812378806,0.22822974832693266,-0.09437912784902913,2,22,0.45487902514962925
nonmember_143.png,0,-2.546652301474297,-1.3178730621459112,-0.3645588140749929,-0.38834615918306525,0.2104514583551298,0.11304291468748673,0.1585016683158793,0.07115865328130067,2,22,0.4289115332734643
nonmember_100.png,0,-0.7096930519265614,-0.12365177160098995,0.3022437624087786,0.6614782318113215,0.6451407315800806,0.20137074150103818,0.15665119498150304,0.3761091102516074,2,22,0.5421025408706023
members/member_116.png,1,-0.2258967618019745,-0.1519673785920923,-1.0782533116934792,-0.6070172908590559,-0.35929834438218666,-0.3809843780147144,0.09517084079466898,0.04455822209385918,2,22,0.46746218877799844
nonmember_326.png,0,0.47108774006572407,0.4671195410621678,0.48487503534345544,-0.1395812202718716,0.8589317230424252,0.7958026710338268,0.11019076587810428,-0.13163509333801215,2,22,0.509556104055521
nonmember_45.png,0,0.231667544401581,0.3507888433769435,-0.4255013860113235,0.2800935986073596,0.02157240592266607,0.1244070257648886,0.1594936902344939,0.2426318555737188,2,22,0.5624251571355848
members/member_54.png,1,0.15703432427955022,0.4746635574867022,0.656346804676796,0.5143770920293802,0.28378710725637024,0.08607416581500171,-0.020758675154891826,-0.3078171237401568,2,22,0.5155509215543667
members/member_349.png,1,0.0567288561909427,-0.0016551226490251203,-0.12282010691589695,-0.12889294571994192,-0.002289731147123497,-0.04136448176902885,-0.08969138043692837,-0.5443850996138853,2,22,0.47734813067647114
members/member_95.png,1,0.5236047124634844,0.4851171274136883,0.6046195450721741,0.6036296413689985,0.35288413560475185,0.024628287404155458,-0.15794873405571508,-0.010038248234118363,2,22,0.5350090877844598
members/member_122.png,1,0.17626412427811822,0.444392845553919,0.5450393914684861,0.523161269785259,0.34325116578805304,0.4806669907797332,0.04659324097829476,0.07437188043354226,2,22,0.5556201626802271
members/member_475.png,1,0.4526947257510239,0.06189455957682588,-0.7819411750465779,-0.21588829118482966,-0.8863983893007279,-0.47254559145284425,0.10499941942116475,0.13126319273153708,2,22,0.511401488957289
members/member_103.png,1,0.137495011479162,0.23817774360698074,0.2420509209436763,0.2866734303917946,0.23460382242892486,0.03286462039127169,0.22219027721068674,-0.3804769802076793,2,22,0.5070992362430444
members/member_12.png,1,0.1485216186159355,0.20333498849060438,0.3566581496358676,0.4239567494534051,0.7121829144563749,0.4103967550327101,0.21151164998197114,-0.9200331431143063,2,22,0.5171058773463864
members/member_415.png,1,-0.22763561243568642,0.1525000413245028,-0.03651547256239507,0.15055312534800036,0.00871431794294164,-0.5976388977826081,-1.0865595947550668,0.07569940188088964,2,22,0.4709919815264125
members/member_2.png,1,0.662465257139675,0.6212660166788897,0.4472495109674308,0.20328426200109462,0.09597180275903128,-0.10795435082272675,0.15310263894210685,0.07274458578124676,2,22,0.5072164591368439
members/member_498.png,1,-0.15428452294715056,-0.2948279283576176,-0.38608596012319474,-1.5931908270992676,0.20669345618309665,0.1427608230576407,0.19477043633881674,0.0013147502940231703,2,22,0.3741116235975082
members/member_230.png,1,0.43088566263393213,0.6177886909804284,-0.09337350390952581,-0.5340380655161248,0.8655352858760104,0.8334114939548276,0.513649956255497,0.24618276926644977,2,22,0.510141577089836
members/member_172.png,1,-0.2638044333650118,-0.6464494381884278,-0.8641015080412169,-1.172724642304948,-1.7844910056215286,-0.22289925546236056,-0.6273083221473792,2.391479924101583,2,22,0.49936572705908827
nonmember_155.png,0,0.511849299054516,0.681412768741648,0.7780195839230717,0.7486377157739863,0.2186632574318894,0.30542824382245826,0.390920165293128,0.2943891747320597,2,22,0.5704980953316593
nonmember_84.png,0,-0.41672402170041867,0.3561528056064489,0.34341085014769,0.5183660079273573,0.5788372902690586,0.23571653185236663,0.375969278190329,-0.5711198437109388,2,22,0.5154602445083624
members/member_160.png,1,0.3521699148774631,0.3132768586012791,0.32458706257728664,0.7537546579902994,0.7144247278088418,0.38616953570610946,0.4307917002971111,0.11583121432069365,2,22,0.5768252209300629
nonmember_492.png,0,0.40128604916162747,0.40663157898323776,0.45838051730547225,0.42852235918981574,0.6652263618755367,0.15430417053850487,0.18531020027118483,0.357090402845067,2,22,0.5345306561374854
nonmember_365.png,0,0.5920489882116708,0.49554817590589684,0.6080736655252785,-0.30423809188320483,-0.180989709667859,0.1632593536802398,0.016516161942438323,-1.2439593144988592,2,22,0.44290728819666997
members/member_326.png,1,-0.11294206877170199,0.02452462110804765,0.20183930626839208,0.3573078062001356,0.5348502446169912,0.28693654189222784,0.13498345778177168,-0.11861565389717033,2,22,0.526702208234156
nonmember_340.png,0,-0.14448181737378607,-0.6904598025596631,-0.3787826070062965,0.07253933615476571,0.29336202367475916,0.47585110025054256,0.38674242952147964,0.232388158203781,2,22,0.5482414938754219
members/member_107.png,1,-0.014765738133590833,0.4531267037621882,0.5553980591373677,0.37949985647963747,0.5389819165201519,0.28776414686086493,0.3922105058386034,0.20584363083763524,2,22,0.5256302282710004
nonmember_156.png,0,0.20807180414523563,0.5045956750270952,0.3976947815073859,0.7346923027009309,0.5997330639888618,0.5499640942739807,0.29901799011541375,-0.614763897349782,2,22,0.564829727687386
nonmember_423.png,0,0.13494820372452843,0.2664939609760939,0.24856477921820153,-0.4165613835521986,-0.4829208726153067,-0.17415639187958742,-0.03015963026179236,-0.29103864452174566,2,22,0.445001497383198
nonmember_390.png,0,0.2839654887423424,-0.0019440445076144286,-0.19960841469211177,-1.4161190356811981,-1.4300943965233155,-0.3738155496413782,0.24349139919145557,0.18386700052966276,2,22,0.39359957444157045
nonmember_291.png,0,0.2610465672399238,0.1822970460348423,0.010267458977013977,0.219560228559887,0.27072519029415565,0.49544365774143273,0.10493919826387632,0.12391611592917684,2,22,0.5550606844452746
members/member_100.png,1,0.040833261040619906,0.07042027349453939,0.016894880185664984,-0.45259481854346806,-0.008435469014669295,0.4109468095807616,0.15557964351152265,0.17230094756571734,2,22,0.48986653847601686
nonmember_256.png,0,-0.6325829836208263,-0.18374304110396533,-0.2573373502389642,-0.40117351431309567,0.14046910344631502,0.11906725447370281,0.2647467207625649,0.08900291796507087,2,22,0.46770962082914286
members/member_45.png,1,-0.5963908837174419,-0.9899516691540877,-1.3869338808682552,-0.5070829862509783,-0.35118841798326317,-0.10293117395308382,-0.3078828885724656,-0.2576683850359691,2,22,0.48930598561715816
nonmember_132.png,0,0.2765828173750857,0.25429139769656706,-0.008076454736476446,0.30353437303230635,-0.6032208262956531,0.15225759441087483,0.2363556186065745,0.2858276533598918,2,22,0.562604381720906
nonmember_318.png,0,0.5408006266762828,0.7176614417532865,0.5971545459543348,0.6573880166331678,0.44995826387481763,0.23715078683886226,0.31113449566735696,0.32113062453232377,2,22,0.5622167885179131
members/member_17.png,1,0.7156279626868125,0.42198704429101364,0.5774538344582938,0.3931643534890754,0.10894300890602349,0.3736933286388382,0.19459226682041564,0.10926638152438706,2,22,0.551738775363571
nonmember_290.png,0,-0.9696284522658896,-0.5557846660601604,-0.7725333726177182,-0.739207139922291,-0.5870499253141044,-0.16382720384491556,-0.18789501295568023,-0.15189335189681152,2,22,0.43973607156781136
nonmember_217.png,0,0.46496032511698226,0.45857170456854446,0.31993141660972135,0.2017302684666329,0.1137739944883771,0.1481533731620166,0.24951088491997808,0.43534349432949426,2,22,0.5335758087124647
nonmember_214.png,0,0.3507601732191947,0.3474843610937586,0.1312887378332488,0.6627259534213499,0.46536299952312454,0.04827046900482124,0.31369270893936463,0.2085162240076901,2,22,0.561775296052391
members/member_153.png,1,-5.073248867571776,-3.819882487848649,-2.3153897517850948,-2.3925907803693547,-0.18501585804483867,0.09473896794031367,-0.204013876649765,-11.52560413884787,2,22,0.11392508693006109
members/member_47.png,1,-0.584097796169452,0.053779417238211114,0.176841569448543,0.27400413241113775,0.03607054321063696,0.3306975061877919,-0.208465081764027,-0.7116722988627,2,22,0.5082952502278032
members/member_288.png,1,-1.0404660794723362,-0.02425724938469509,0.10284654832041618,-0.3554057340010033,-0.6959164329450065,-0.8171287548275266,-1.0819259185195622,0.07291315801934672,2,22,0.4022938770347776
nonmember_52.png,0,0.4459176453203173,0.025879589897272126,0.19592694187548299,0.23259888161378584,0.3583389602277469,0.045162885950949416,0.181710501074142,0.30265993830442817,2,22,0.5247445863487252
nonmember_5.png,0,0.602580989486476,0.6469800802489902,0.7250725772699997,0.6659741660660536,0.4012129570761278,0.3878230231728459,0.4161627848086118,0.09570089026227446,2,22,0.564000960522343
members/member_330.png,1,0.5117652846998002,0.31200532110183365,0.4618103143565788,0.15965933867175242,0.5301159783060925,0.5252553698198881,0.428348630753951,0.41430878657172343,2,22,0.5405801109066145
members/member_372.png,1,0.43544855459612863,0.5587478941943496,0.699450494571169,-0.012041660618265837,0.727993440763731,0.5920148193771491,0.18289215415564097,0.3818530710463426,2,22,0.5136150759203415
members/member_298.png,1,0.28565173083793827,0.4724805386572859,0.48400832983160136,0.33083934074771193,0.16736104413377983,-0.22020780963328512,-0.046440360937079816,0.185743698111291,2,22,0.5028871999833457
nonmember_108.png,0,0.34126181846842263,-0.06828976977321455,-0.6718740645842112,-1.0914918806658953,-0.6164195498354053,-0.07211883005635045,-0.9012703992564308,0.11599977948709839,2,22,0.44352358039044615
nonmember_69.png,0,0.625935753073743,0.6583653378181968,0.5828346090677536,0.6192399245364335,0.5265856418743269,0.12743915024985064,0.18072634541796262,0.027204626113328523,2,22,0.5448116710271352
nonmember_413.png,0,-0.10437468699780328,-0.15719528499999003,0.08509185598374946,0.17954283482299926,0.09384085101528594,0.24929048379676377,0.04579204686360239,0.15372468405870432,2,22,0.5276649331035306
nonmember_437.png,0,0.5933590811737317,0.7016320527806172,0.7337375623813704,0.8109633321244663,0.5574991623743353,0.3391609997130427,0.2695411492351747,0.2810115012730119,2,22,0.5747877980855687
nonmember_64.png,0,0.4674126341675988,0.09614688879848554,0.3010866963235328,0.48726655535908936,0.11174176377682077,0.09050347578684015,0.12235089787258868,-0.11407971995610566,2,22,0.5415910701893188
members/member_466.png,1,0.2600933836854429,-0.005245809864662387,-0.11583496906032442,0.16815538461021218,0.19594551305454466,-0.044721357274162266,0.31563288803508627,0.029582641690462097,2,22,0.5189547309281365
members/member_0.png,1,-0.24716837650867074,-0.6560134629507943,-0.5962882227675874,-0.4205654075048044,-0.009803544546898468,-0.01634419488698491,0.2234766857084125,0.0514923898747357,2,22,0.47931324722126656
members/member_73.png,1,0.6211467620267026,0.5066119930743604,0.46448573009149596,0.2506438712130805,-0.8636751697032836,1.3533295221867392,-0.3681319277436934,0.45503269879160957,2,22,0.6305530536153906
nonmember_482.png,0,-2.801951353253523,-1.4759368859781854,-0.8504944272593842,-0.1770987811522069,0.47219862515666255,0.8255394712293826,0.4997264843453788,0.33445340522660505,2,22,0.5117044838750148
nonmember_277.png,0,-1.822084254223427,-3.584081797824859,-2.319645179212188,-2.8814056634364005,-4.181358843723028,-3.4271167544149628,-1.3105164164063967,0.17992990200079717,2,22,0.19294745253093354
members/member_346.png,1,-0.056261214499342405,0.28669267302693946,0.47729881649396155,0.4478096545709853,0.30966320153844507,0.2447647204944552,0.25905135566369086,0.16351906563313268,2,22,0.5341211240877897
members/member_442.png,1,0.17592534149703232,0.2973589065877058,-0.22848231826124277,0.17307294508952742,0.6124195983024388,0.8372713404040604,0.469462623276403,0.4542111484817024,2,22,0.5837353070354478
members/member_212.png,1,0.4420341026891581,0.039726882641466954,-0.1271110306866432,-0.06706306365259485,0.12449883561053188,-0.01337853381828058,-0.05538025398970081,1.6967912258698163,2,22,0.5458162599385085
members/member_188.png,1,0.2853540364183096,0.3969306739764118,-0.04083702636884157,0.14293416551615667,-0.17189955623226538,0.024863475253478207,0.15094758393819507,0.1343296645606049,2,22,0.5295743558780556
nonmember_165.png,0,0.5987175898237136,0.5992422055254716,0.6797039713308108,0.7364169834190628,0.5875659486482192,0.19300015368317158,0.10754784669273487,0.19983551006854494,2,22,0.5578066592488667
nonmember_386.png,0,0.3241391898710835,0.5486206584229025,0.29506968663012456,0.47715587563182904,0.20242051934233007,0.0790053079320181,0.28302897073561173,0.1779702357670052,2,22,0.5446250687438405
members/member_480.png,1,0.3819545023022459,0.6357901569006206,0.6144650150738351,0.5528448193598523,0.4038780398527706,0.13853573232442518,0.2914078322710285,0.2567366316496651,2,22,0.5414197804778413
nonmember_247.png,0,-0.5514875155764623,-0.01681127953577599,-0.14628289691232998,-0.006760593218343658,0.27711216156414586,0.17211887573905305,0.3350557607097375,0.28155304746129506,2,22,0.5069469340498036
members/member_260.png,1,0.6603204410534986,0.5151321095325438,0.5568203678929944,0.3237947734297846,0.010217473121395315,0.07364658437787153,0.13596846457998435,0.14498225154504407,2,22,0.5285551720595878
nonmember_484.png,0,-0.2703256098089115,-0.5490098894850348,-1.69426524379061,-1.6801490133333692,-1.9417508233054246,-0.8331499076158915,-0.5818856226390672,0.20252141367567145,2,22,0.39856306808682773
nonmember_62.png,0,0.33564925993575967,0.2394312773493752,0.09413171793359609,-0.263037606538322,0.14155273454134143,0.09028437517467758,0.10234894254512206,-0.9815506999790609,2,22,0.4577798340612828
nonmember_321.png,0,0.6204263337038469,0.5338607188475302,0.700747840038408,0.635853016507987,0.06535992981899241,-0.05007494076247987,0.2436286289482128,0.3549879543069201,2,22,0.5462278397193383
members/member_46.png,1,0.6562822678815148,0.2993305722205406,0.26166325837844706,0.2061812599354278,-0.3930716349519159,-0.6356709957426001,-0.1906407876405103,0.2582264170546287,2,22,0.4928299633696775
nonmember_481.png,0,-0.32789604731734423,-0.06584091928681457,0.31977237385050605,0.4229614218958586,0.6319882536943213,-0.01284402950498631,-0.2297740642746815,0.29403470764151507,2,22,0.5110194017773039
nonmember_83.png,0,-0.17714967056080155,0.0857600814850219,0.4853951507523586,0.44298016177673816,0.19028087274697114,-0.04592508311261856,0.08542361603181536,-0.8243744833992217,2,22,0.48863271483413306
nonmember_403.png,0,0.5986287704963935,0.5846550241233603,0.5544304626926544,0.5970819639849267,0.7707214276782759,0.8632493445900673,0.46205048200538457,0.31739064699487507,2,22,0.5936421855310183
members/member_385.png,1,-0.2741377201407915,-0.4069809231425068,-0.22841385740585762,-0.22403725078421965,-0.3161199496244662,0.1411211250990272,-0.16981817116382825,0.3995386263724354,2,22,0.5064391383533814
members/member_203.png,1,0.6577603313552762,0.6206132072954711,0.6969742766628646,0.7515704134357657,0.6844426704617428,0.608637507297793,0.4502183552156662,0.21253144301966476,2,22,0.5855339968665823
members/member_4.png,1,0.5328192876122877,0.6156460142607032,0.7348474412080668,0.6498496031246974,0.555432261591152,0.3431694645165395,0.27174597228719843,0.2847053483240263,2,22,0.5591647480191548
members/member_3.png,1,0.08136521394451979,0.2216110534243665,0.27915111249091673,0.49795184728935915,0.5415612687453897,0.3906311089251506,0.3859599160795675,0.1672916100650932,2,22,0.5548736163211884
nonmember_7.png,0,0.09463709784992247,-3.4765230167040935,-1.859512705564998,-0.9146519391408612,0.2599056399052593,0.0008456274598689362,0.27103011796175647,0.39479824882600045,2,22,0.48873843348737606
members/member_414.png,1,0.20583522488747175,-0.3395136500443887,-0.2583791049467199,-0.10637527327427954,0.17671119295782312,0.23321016596036603,0.31521790623235724,0.1429577053903479,2,22,0.5191523781180672
members/member_218.png,1,0.29299792214022036,0.3033481076116318,0.2622395975827847,-0.370670314312604,0.028364854199840472,0.06677751738250493,0.07119345720515557,0.03904099372718939,2,22,0.4659953828727906
members/member_274.png,1,-1.3885676572321102,0.26793924167150474,0.05610414368615979,0.47080079010116016,0.48271100304970993,0.5212388857947818,0.33238509496010504,0.23611045920057716,2,22,0.5440651198862816
members/member_164.png,1,0.2992558029810857,0.4807851349218506,0.4137135691524323,0.41487708622554775,0.5316427373005954,0.7987488604200674,0.43736356143822164,0.4770212338072808,2,22,0.5812966556582451
nonmember_308.png,0,-0.3036368157367626,-0.5725043679667126,-1.336684302826694,-0.9595849375125782,-0.5155816230909736,0.025913076200605012,0.12570594648309275,-0.045627805432638446,2,22,0.47086797808744774
members/member_301.png,1,0.5664714297375206,0.25571271186482836,0.4067588383322067,-0.40480243121277004,-1.1222251699159433,-0.925807158431196,-0.98636664824659,-0.327989868268439,2,22,0.40925605372626306
nonmember_467.png,0,0.6519093405442677,0.6076845593372062,0.5874067831087126,0.502981449262895,0.4144738482686119,0.28096323310971894,0.16577489665145428,0.19834816253093113,2,22,0.5508246406279158
members/member_421.png,1,0.5620573197866938,0.37950524163497246,0.44874963203661045,0.08725675325478388,-0.21319700329993285,-0.4956796458110224,-0.6456087108405155,-0.4363800042903101,3,33,0.5045885319320469
nonmember_426.png,0,0.12996064553166997,-0.012862029704709954,0.22683957834110346,0.21421376372662593,0.19477296663427524,-0.6706293869866027,-0.6737230353407737,-0.30745056122087266,3,33,0.5119677464538169
members/member_272.png,1,-0.3999699936045711,-0.19437660576943827,-0.16408101967985766,-0.019839051326540513,-0.6663495789230769,-0.2569877211081639,-0.3651642619469335,0.07905343192514902,3,33,0.45493219867263324
members/member_150.png,1,-0.44842152713655614,-0.26551181318394246,0.16747160897930025,0.3136839860407319,0.6472809092849139,0.02599046113192216,-0.07859675693464574,-0.815246532807504,3,33,0.5144787527346901
nonmember_30.png,0,0.5060502864890455,0.4344574070810818,0.4215715479276372,0.2868813480609722,0.30429728203171624,0.4542348023095215,0.23899623942274228,-1.188715326634683,3,33,0.5248580317465198
members/member_317.png,1,-1.3824372007814187,-0.4086912383437391,0.03686448448805191,0.08996618304490278,-0.01525968730266225,0.2766919763333293,1.7372140041287407,5.995166939728408,3,33,0.6210558495238134
members/member_126.png,1,-0.9633490202130286,-0.2143465031176408,-0.814188456781971,0.06592997413503454,-0.4156056027825281,-0.8154686839945544,-0.6910880747256405,0.3073108545904528,3,33,0.42777433924588476
members/member_57.png,1,0.3132498627802951,0.035335560895445095,-0.4346721508389102,0.06172883997224421,0.037800965239578765,-0.4106326440046937,-0.6986286849670069,-0.2659140367146513,3,33,0.4870203504524325
members/member_205.png,1,0.26388669575750034,0.3073200665624505,-0.19699167638039183,-0.1055226013230075,-0.11647728351634168,0.9510174668475533,0.9685104727381506,1.3937947745473833,3,33,0.537434973203211
members/member_93.png,1,0.42945863651527194,0.4019633409110832,0.23315802467983904,0.09321897281675984,-0.13154861991435585,-0.27273091032658847,-0.2673535379301617,0.14354615422434147,3,33,0.5144255633703848
nonmember_488.png,0,0.6037472798326915,0.46320931080674965,0.4091679887556725,0.22960357927658048,-0.24330805782635245,-0.23508241988302725,-0.28918821368749104,-0.09251300746209967,3,33,0.5207847939926596
members/member_111.png,1,0.20163810905701274,0.2884064638461017,0.2544782003781796,0.16560227124937565,-0.17707398559313958,-0.651419607356849,-0.5427094302850666,-2.4535711247808742,3,33,0.4388749564875856
nonmember_190.png,0,-1.9904018387477294,-2.3048346705285683,-1.9812161761241875,-1.2474159134810945,-1.6375389492719572,-1.4201079799969705,-1.4677707751254139,-1.0105393865567223,3,33,0.2585175957931162
members/member_429.png,1,0.15221293496185373,0.31068974491287804,0.3979749310643115,0.44266982242941655,0.32373753888992507,0.2120283152392437,-0.10220051772477579,0.11780694085734655,3,33,0.5519609074819829
members/member_428.png,1,0.5749681141347862,0.388086495478952,0.4645994820404957,0.2856610509072759,0.05600952644307888,-0.35884899240595836,-0.36932255642883227,-0.20512255628642784,3,33,0.5328007028878496
nonmember_80.png,0,0.059578124039693314,-0.0600645774163211,0.25116322238605626,0.06845204279830996,0.39158789546892825,0.1780035413439327,-0.19112898181801707,-0.5906465499028615,3,33,0.5176147810461931
nonmember_171.png,0,0.2063882043624612,-0.0340928313403579,-0.30245836851820673,0.16284806454036627,0.17442431655693147,0.12124773481478046,-0.07357666007209573,0.14201435170219945,3,33,0.5168296265418977
nonmember_252.png,0,-0.812643390210767,-0.6530556411417485,-1.5460376997075145,-0.31063626373151365,0.20838158667198226,1.828021433131246,1.3121949655473988,0.8052813166593351,3,33,0.47355951196671664
nonmember_51.png,0,0.3985919573108889,-0.09291794620360827,0.2934756006991357,0.06598092318324777,0.04119852632241372,-0.15219385077077874,-0.5430131641257931,-0.050032698056765135,3,33,0.5252788275385984
nonmember_335.png,0,-0.33876710921013764,-0.2685712700543146,-1.4385782762651416,-0.4485864511059958,-0.3052861688849595,-0.6506017100234587,-0.41698279220200263,-0.3404080244687151,3,33,0.3970651125336563
nonmember_257.png,0,-0.7975813267553222,-0.41455294723714786,0.10708813416735907,-0.44403970160844786,-0.10682201436967542,0.6961017934327414,8.264997833054586,2.8828472727559964,3,33,0.542986586051339
members/member_97.png,1,-0.11846305657760903,0.25174216142822603,0.24421860415124774,0.06437973308567413,0.07039724503743194,0.43125404195778927,0.5693344394530451,0.16071698462441564,3,33,0.5165275590044147
nonmember_129.png,0,0.5222069313221045,0.22891400855774302,-0.13791773187853185,0.0841946483544378,-0.1920861741138271,-0.1794856949668011,-0.36134724136123,0.11406381742601113,3,33,0.5053547344312356
nonmember_19.png,0,-0.10481768443566652,-0.015283956568290513,0.3741899668645461,0.3227109967720798,0.0676968801486808,-0.6009010960643115,-0.7027138230388568,-0.5248198464940685,3,33,0.5041513601734272
members/member_34.png,1,0.6020655451423433,0.46110975706259705,0.5252269385823363,0.28306852505715163,0.05741671136693327,-0.4067922061914979,-0.5538410267622131,-0.5736369976965419,3,33,0.5244745901837713
nonmember_210.png,0,0.2070376930158222,0.24891745673596333,0.24964720902316806,0.4025254153198854,0.7102104798761104,0.35360016810835404,0.016488093672763604,-0.020778091006455668,3,33,0.5621207964791212
members/member_55.png,1,-0.04034132220813236,0.21648626737548815,0.3085410508625652,0.15766578934272335,0.013677394016687217,-0.21361998513533909,-0.5659837962553063,-0.6197530622357235,3,33,0.4943810291314761
members/member_445.png,1,0.34855844317062523,0.17623688990192266,0.392050003478571,0.22696814395791343,0.1408159556586801,-0.6587803861554979,-0.6802268014382999,-0.4761078284918199,3,33,0.5159521447155356
members/member_181.png,1,0.44750603612244566,0.44917575292629897,0.46827925075661936,0.32967570993336714,0.46619200837045494,0.5704722546749466,0.34548779428367826,0.2799402731058507,3,33,0.5716877060194133
nonmember_251.png,0,0.47514461407368724,0.3499760186092802,0.38728255460637495,-0.09187046664789644,0.08197632385253062,-0.6986892769248794,-0.837894259548464,-0.7640368454405202,3,33,0.49326431210240557
members/member_75.png,1,-1.4612611466566083,-0.7861440230798131,-0.509799823952036,-0.5358620133409038,0.24763593394590888,0.08737947087913245,-0.24819951386144012,-1.4203141379177682,3,33,0.4004010207829416
members/member_343.png,1,0.49114153827355844,0.4760055812270654,0.5155486278695713,0.47346486048389647,0.06395101751265031,-0.03926790723034479,-0.03555543926506477,-0.20014700438720023,3,33,0.5434628055863916
nonmember_32.png,0,0.2404934029544994,0.2362276819675846,0.3351579816090138,0.49128336950522034,0.41710417449585346,0.01328746178139184,-0.029491284547679797,-0.07935221254499503,3,33,0.5518584747749042
members/member_463.png,1,0.5703186804787914,0.4326919085148946,0.3627185873597689,0.43514317956869153,-0.03174866700753398,-0.604213369681343,-1.1903757078175765,-2.23831117748173,3,33,0.47591438011837084
members/member_166.png,1,-0.6239510805693831,-0.17512533201603953,0.25364757268547455,0.06647037256760413,0.6952448347818914,1.506563316410451,0.6233484796204163,0.529172774270747,3,33,0.5568054981413132
members/member_303.png,1,0.013039631527491213,0.11554915557638479,0.3440409088800509,0.24772790156816082,0.19025276647685452,-0.017245091183437644,-0.1660458973724106,-0.6750827463874067,3,33,0.5111801222480623
nonmember_172.png,0,0.4628185051026419,0.46670506683076285,0.5332164175398693,0.32283618044853224,0.12759838379530475,0.22984983119628666,0.07592749495146212,0.06638256338081394,3,33,0.5499632764538085
members/member_152.png,1,0.5339604063650247,-0.09646538039460273,0.06609918325773156,0.3224301435128418,1.8628675661467464,0.4332924254065018,-0.22287008844463596,0.6805630804338518,3,33,0.6317873440294748
nonmember_10.png,0,-0.7094317363752909,0.04883202167320144,0.38812608117415115,0.30985155286883215,0.5053813947096923,0.43966524057345424,0.29939518708849544,0.10955840744134449,3,33,0.5323118084804235
members/member_142.png,1,0.41620693126547303,-0.054015797894985784,-0.12792826180857508,0.10126963465998484,0.21315375533501424,1.2194580702362083,2.393694932960166,0.8042619602960945,3,33,0.5605683615187954
members/member_213.png,1,0.3627429056671656,0.4251328975232327,0.4103187233449135,0.32570479006118536,0.011988755210000868,-0.7105280306784856,-0.6199310170174659,-0.1848395090938162,3,33,0.5191202940640829
members/member_7.png,1,0.01666843391539996,-0.2732611135764591,-0.2893166325098351,0.09618860415792607,0.046533005470608124,0.9647758647997353,1.298679839420767,0.676537885140089,3,33,0.5319212573697442
nonmember_233.png,0,0.4267453344158372,0.35086004821550265,0.36589611901970454,0.30270347366163275,0.3392533721815516,-0.05453588002104581,-0.053198147877091984,0.11387218925743614,3,33,0.5499531540644139
nonmember_498.png,0,0.25391102551891276,0.27636631773349185,0.3123008590843477,0.5385039113529024,0.3565473001796642,-0.1894658174725823,-0.16666953727549316,-0.0830692251807541,3,33,0.5476036442849536
nonmember_432.png,0,-0.375854403157057,0.24295603027743828,0.3111976961422789,0.017032290795042204,0.25294577114287975,0.01980110869035112,0.18664728787766194,-0.11832267736427227,3,33,0.5030326510866198
nonmember_41.png,0,0.4507583347517481,0.3266359096522935,0.4366224551723832,0.14054912897449157,0.001403425202576969,-0.15934019075931083,-0.30448090984155396,-0.78704817163585,3,33,0.5081394605984255
members/member_370.png,1,0.5122374998003942,0.2919684937615612,0.241737025298689,0.11845027874315672,-0.013057524050322122,-0.6299402894727582,-0.7509395574526287,-0.31515437963074966,3,33,0.508163823911923
members/member_227.png,1,0.43162686647259596,0.3854718029360731,0.2821729412356966,0.13997113220347046,-0.6472405796545209,-0.9650475573145627,-1.094044404141445,-0.40706397200154143,3,33,0.47342878962779955
nonmember_33.png,0,0.2896876821431018,0.2816443502780386,0.41974983925265086,0.2689153141353904,-0.012169808789732173,-0.5539634659248733,-0.8056354216704165,-0.24635224673454292,3,33,0.516374111207312
members/member_344.png,1,0.5086151862001462,0.34991463122511934,0.0501745646195646,0.21719121585011125,0.08663306877329768,0.32717680098976487,-0.03544317995692392,0.06597587407170291,3,33,0.5323986428090146
members/member_326.png,1,-0.19857997650568793,-0.2921439435283322,0.013157352099576691,0.05630377998872804,0.18738992594798143,-0.3851369106537401,-0.5092835241804172,-0.6807117560651443,3,33,0.48560188957669176
members/member_173.png,1,-0.18465306000855675,-0.10211483592659443,0.14184066170440346,-0.11589964223176974,0.493393082943844,-0.1590619900601471,-1.646747348574912,-0.6489625618159889,3,33,0.4968440566719588
nonmember_370.png,0,0.3529610783880619,0.2157807795468769,0.46636123244603755,0.2556500093617222,-0.08318704141400168,-0.0806409268622188,-0.3613574977206149,-0.14899187783398027,3,33,0.5265656326307186
members/member_155.png,1,0.18987304427911766,0.2013090891236904,-0.460733402007401,-0.4188998386363423,-0.5466789749436782,-1.2948472600248508,-0.7211732252366749,0.5803271876471614,3,33,0.4445130195304191
nonmember_88.png,0,0.6118540470647971,0.4341983229229247,0.39258445240971396,0.12713125627813326,-0.23778186347439867,-0.5303755557293828,-0.5131294256820711,-0.7083354899629706,3,33,0.49675727693812993
nonmember_328.png,0,0.6093009316373972,0.44025642665083176,0.4650003697964915,0.14342640799411832,-0.059438993962279696,-0.5281840490860192,-0.770434245540426,-0.3198133507612386,3,33,0.5170508038413473
members/member_70.png,1,0.28176660952468335,0.12225283662172792,0.1966993840339768,0.19349946039341814,0.20951275152842408,0.01968124268787541,-0.7477950791539216,-0.799854136069313,3,33,0.5107594235486392
nonmember_357.png,0,0.2546821724670738,0.27710354157908057,0.4838905368149349,0.23767666663613873,0.0664560827070435,-0.26947432122534476,-0.32069899987684813,0.0015743597997817105,3,33,0.5296098834947437
members/member_204.png,1,0.16483207295284386,0.29818234755158146,0.39006003828560054,0.349873408663651,0.07538169505641523,-0.655913926750344,-0.7394464985998956,-0.8316386441091987,3,33,0.5016892947289197
nonmember_476.png,0,-0.11507225102441687,0.05224577781866513,0.29933598620540014,0.18495192275182415,0.46408094684830115,0.31073735262938484,-0.3352720495260266,-0.1327599046337795,3,33,0.5335408726927688
nonmember_206.png,0,0.29240141114444507,-0.051419301360053904,0.12717841548037523,-0.007602233624867338,0.16750396290224412,0.1440563931329244,-0.41547501426493216,-0.08075419405180373,3,33,0.5211152330498737
nonmember_238.png,0,0.2420776284331443,0.38055064408558303,0.41792526888121007,0.2667138305301142,-0.13601911069211425,-0.6245700538561074,-0.8766316591425696,-5.750077506574602,3,33,0.3688232097321157
nonmember_301.png,0,0.2992673391148646,-0.03367497002763775,0.3270977996987563,0.2852200267501104,-0.051232625097408224,-0.5463756884425788,-0.6230198957979036,-0.17874580307352517,3,33,0.5191167992991347
members/member_212.png,1,0.45779231008412147,0.21930921987704588,-0.008919869150173731,-0.0307278134624549,0.04566943260104406,1.2361250793615515,3.672609273260683,3.562794045693222,3,33,0.6183124847750409
members/member_38.png,1,-0.18142790342161508,0.12065531559365539,0.2662574805190956,0.2610892605587227,0.27988793183859073,-0.22885761595249576,-0.3614748651361497,-0.48030174552966454,3,33,0.508512809404273
nonmember_195.png,0,0.41079325966344715,0.11216721964446652,0.4051992603632235,0.35755478960349496,0.4630249255431389,1.0020143294233437,0.2960490042042947,-0.592410304531513,3,33,0.5582988161956479
nonmember_74.png,0,0.5284242410498252,0.3976297227821375,0.3823385254451912,0.2638985533314022,-0.15461316854342932,-0.5817667478564514,-0.6221878306284347,-0.2649895358117931,3,33,0.5142364763713448
members/member_48.png,1,0.39790792932835606,-0.4352754941651211,-0.6203001933051917,-0.6352668976084295,-0.11035333549285298,-0.5529558862779753,-0.7302130603735755,-0.29350046267117946,3,33,0.45173666219397896
nonmember_237.png,0,0.41436684239037014,0.3421357002445604,0.2268439573670169,0.2497709543746236,-0.0708706798284302,-0.43332207348787044,-0.6890260622805657,-1.032773937813447,3,33,0.49138935419674595
nonmember_197.png,0,-1.135918141875709,-0.5360788129844387,0.10312894629607028,0.3180524542811236,0.7918402031254761,1.1693413506617576,0.3963859908950971,-3.5883282784863306,3,33,0.4451489420329282
members/member_218.png,1,0.16523188590869742,0.20057585536851663,0.13701801362435928,-0.353236274323506,-0.3611372146614107,-0.4172511922267139,-0.8103736527223289,-0.4091472294801166,3,33,0.46082928534994144
nonmember_61.png,0,0.3797125096184044,0.42912702032964756,0.0630918236594491,0.2165598499467416,-0.30521059589221533,-0.5826426655013295,-0.6622540223674198,-0.23997845609417112,3,33,0.4907959341071609
nonmember_39.png,0,0.08145773349256524,0.33061302378215895,0.39081444833693046,0.04131256867364819,-0.044906680953332945,-0.584101685226508,-0.6431265365179621,-0.028881761949301143,3,33,0.5019343903015366
nonmember_160.png,0,-2.580291091674362,-1.1761434891090439,-0.9041738629261888,-0.28977095747053694,-0.07701629131258558,-0.34602191737046706,-0.6222431656115237,-0.6731539445831043,3,33,0.36892678197385853
members/member_368.png,1,0.09877709606483132,0.11799025756346548,0.1305053506545728,0.1806967031094011,0.12385393374247533,-0.0499298065592475,-0.39788992368699816,-3.348039388586013,3,33,0.4324998707255968
nonmember_31.png,0,0.3177801148405752,0.037251422251566524,0.3988256587373544,0.22977762797632906,0.4287155702764265,-0.07477012472732714,-0.2395759440516141,0.06093562622982862,3,33,0.5509616729919806
nonmember_494.png,0,-0.12550824113751036,0.10598579569789024,0.39604601532976025,0.04547548638444354,0.14025897166449663,-0.5631367141564798,-0.63178313041041,-0.2928759915081143,3,33,0.4999416008793987
members/member_210.png,1,0.4549028785975797,0.3747716823868208,-0.02658907398872845,0.08138497878033446,-0.5397093152607311,0.027452830622367586,-0.38423958946827774,-0.2972706704129351,3,33,0.4827341077131754
members/member_170.png,1,0.17430454901929693,0.37967657396280563,0.21327163403527427,0.18532821244919528,0.09003228193121071,0.1808121431475911,-0.11151201530453037,0.29064335962682364,3,33,0.5290241452008456
members/member_479.png,1,-2.7091924397144647,-1.4572773559961507,-0.9325754428182349,-0.03653824949725415,0.19448607782480654,0.047472710245485494,0.002317861962479739,0.13214403228999583,3,33,0.41386897130773675
members/member_154.png,1,-0.07475734695088265,0.026865184275347342,0.22360628208634203,0.2880726675064955,0.3640880894693601,0.638597825755999,0.3003413254202787,-0.018969716648404855,3,33,0.5404940876713675
members/member_381.png,1,0.34872129348136793,0.28458181729460774,0.4877097246691169,0.3598683627856021,0.24945028985736784,0.5982806250956472,0.18555636338391146,0.018187769802366027,3,33,0.5578631841076035
nonmember_132.png,0,0.30257874962377507,0.16350699364271426,-0.08979995309234834,0.13175965348338137,-0.7410652193038221,-0.3361949646208453,-0.6902455087041295,-0.1666378812353395,3,33,0.47097035123739445
members/member_410.png,1,0.5409391293637338,0.2108293225337734,0.016032975445427144,0.22766394626285447,0.16350535983889625,1.1322588844925146,2.3647128045197383,4.638465338715988,3,33,0.6606908429598675
members/member_177.png,1,0.11026429317305153,0.3546015396231086,-0.017236054366762676,0.04799453479968285,-0.13381151957009063,-0.003340098131039859,-0.018698484674198212,-0.05358804877779377,3,33,0.493131189083093
members/member_2.png,1,0.5287555612856143,0.3776593985476673,0.21374811698750618,0.15563521880703934,-0.20070381899671386,-0.5212193123255622,-0.624509072243657,-0.23211583470542685,3,33,0.5040934096041505
members/member_19.png,1,0.17463045590336757,0.30479717394668526,-0.383001814536557,0.0015051094091242945,-1.0266756926627223,-0.5119956600711033,-0.2070488295224564,0.12283082069721374,3,33,0.4428200688862146
nonmember_150.png,0,-0.25937148272697685,0.07831287461582637,-0.0705494552715229,0.08099273169369692,1.065901103213847,9.689317152914434,9.778417148806966,5.661503002003082,3,33,0.7802127150610222
nonmember_439.png,0,-0.6777206986056605,-0.8370065696728768,-1.2807043695770344,-0.5687425017007972,-0.12548157622463307,-0.5809717211705463,-0.5887148012281855,-0.3324268929335652,3,33,0.4027387585609995
members/member_188.png,1,0.3902765300425046,0.30574703997196684,-0.1794589348686748,-0.030288736777039027,-0.04775453849223954,-0.4319010207890406,-0.41791924569017525,-0.1540349913634591,3,33,0.4891038836847161
members/member_190.png,1,0.0464927617523494,0.04616712707896564,0.028600471427636887,0.03111431714886681,-0.3138262236964948,-0.49477277151907106,-0.6480194079707129,-0.15556462331501208,3,33,0.47948310689061624
members/member_191.png,1,0.6010521573558152,0.45834957529754483,0.5580270722958498,0.38575501034833204,-0.4284041742133704,-0.8616754102787594,-0.8139319443310047,-0.21458193233828116,3,33,0.5129295138939606
members/member_293.png,1,0.32045667783391085,0.359190598522916,0.43798514608637396,0.24630113322387892,0.1282866232468587,-0.05709196956710638,-0.07570008194247801,-3.5503424909753134,3,33,0.4438631536124738
members/member_40.png,1,0.4906418574472755,0.23501434800813392,0.4529928853126792,-0.017277269084930325,-0.19647191927989693,0.4285859600290678,-0.14141551799684837,0.31452197211922606,3,33,0.5329569447942901
members/member_446.png,1,0.18311064594053938,0.10387375848625124,0.36150057487893505,0.3950214895534305,0.26138672401609675,-0.47173463143055816,-0.49058031290132487,-0.23281911424915602,3,33,0.5316583601869019
nonmember_354.png,0,0.11674108000712957,0.1720039847316177,0.23903570958313258,0.17410313199287009,0.16307127120718334,0.40333448177297715,-0.5165236200986012,-0.006557174377806341,3,33,0.5291075794513421
nonmember_49.png,0,0.45134590331454394,0.3462309807770687,0.35989712476651015,0.33730877821029637,1.1210145992074265,1.5595506254199751,0.8515492469579549,0.6944404251180618,3,33,0.6196079325724533
members/member_389.png,1,-0.26230740109077244,-0.680999420530477,-1.8126521432214755,-1.0518005125419956,-0.8853623971947528,-0.8279633502651418,-0.5889562688929466,-0.1100760854321603,3,33,0.3500321077630639
members/member_456.png,1,0.5634453286826338,0.35404615366468617,0.16291906750985463,0.1433925349497951,0.32130125845888635,2.057275195500184,3.1917823011424167,1.2594778862327667,3,33,0.5977742555502771
nonmember_444.png,0,-0.9637376317884714,-0.301869136056931,-0.31793440955024455,-1.416309010085493,-1.0142545148562707,-1.2618431797188885,-1.24285656441553,-0.3641225865261202,3,33,0.33892755147942194
nonmember_16.png,0,-0.26830312035681514,0.2111671466529943,-0.05675238487482437,0.019447691968831116,-0.16793102796346648,0.7918200191843923,0.23840302003887626,0.864852648898558,3,33,0.5138254537689031
members/member_291.png,1,0.4955998609284755,0.4250491991236234,0.11918273938174595,-0.1736240095949717,0.1268417401035027,-0.16286589338579915,-0.39964917918113585,-0.241746108343472,3,33,0.5032075511178374
members/member_480.png,1,0.3624921399780816,0.4578592357332196,0.44849101321199303,0.19842731188949791,-0.03488176684891098,-0.6549880154177439,-0.7154726202683968,-0.37127918714805563,3,33,0.508503638687059
nonmember_256.png,0,-0.5564875899372907,-0.22646582413304106,-0.21128499234577225,-0.46040285114977175,-0.2652919815014245,-0.5060170454940982,-0.606927409808967,-0.25541767062283327,3,33,0.4343596340175239
members/member_160.png,1,0.04928015227790761,0.13472526402901552,0.10959431454478485,0.4800709728297061,0.5248002463350172,0.2955936732825961,0.0982255383564743,0.07689024745101314,3,33,0.5515836962165529
nonmember_446.png,0,0.18606205425281486,0.28218559080008454,0.38040440617855076,0.43394871813569447,0.5163582024118654,0.6806254608431441,0.49594892971267157,0.425079410077589,3,33,0.5744878932222514
nonmember_369.png,0,0.05196685429186676,-0.41045731699655086,-0.3787033814281573,0.01305412601873579,0.16900207013332302,0.14999591840680715,0.38879844182338985,0.27176618731265023,3,33,0.5117631920533631
nonmember_170.png,0,0.11677140913911721,0.059279111714246824,-0.49865708668546294,-0.2057742870560828,0.4373844940455367,0.6209417723921047,0.152661473181114,0.04599776583963333,3,33,0.5055137527582818
nonmember_100.png,0,-0.48124689695128753,-0.2064317849481565,0.17019127685347568,0.5151287600710717,0.32171292826616416,0.09530306276168954,0.005434151295977685,0.4733838279267424,3,33,0.5419929890131638
nonmember_396.png,0,0.6044855879594548,0.4570505472070745,0.5804532230665345,0.21358779605513778,0.034371010616984776,-0.5123729484465658,-0.8554505098962943,-0.2829471028963644,3,33,0.5285105791744767
members/member_337.png,1,0.5671291941185674,0.41013887233597046,0.1533290348050773,0.2699554160272064,-0.1226262486412315,2.219540407902148,35.914062337326584,16.44490189761588,3,33,0.8691473678553463
nonmember_23.png,0,-1.4743021967760468,-1.1054459679205975,-1.3767807585057632,-0.15020397745607816,0.10508287481237044,1.8944068561016767,1.8439403400572698,1.6436522761025358,3,33,0.4893749798016277
members/member_484.png,1,0.0015446248262751539,0.11484377919536426,0.32793274525341465,0.2909008782839311,0.05658516473785191,-0.4837611857170545,-0.8056699580934152,-0.41527327324823915,3,33,0.5068349525852653
members/member_146.png,1,0.5764430982981512,0.43869634176058137,0.2982292581940218,0.2621010440644227,-0.07712312875188143,-0.5723997090699484,-0.609428004088512,-0.2931855080494037,3,33,0.5149123708003714
nonmember_63.png,0,0.40931561230167324,0.3761984295235212,0.166726231406217,-0.23388162198797247,-0.365564416241388,-0.5873491692281503,-0.5291415411428755,-0.2400219050150847,3,33,0.47398787053258473
members/member_304.png,1,0.5433887434491753,0.3371964771279581,0.24442320468908862,0.15940263758763074,0.0527053806442348,-0.35788601619976657,-0.7597162227954755,-0.321162014631061,3,33,0.5167601094778937
members/member_354.png,1,0.3645965307182939,0.24575578537662635,0.39525781529194504,0.24835442964067767,0.48432386075575806,0.560796339650028,-0.1977762551904778,0.23306407147285135,3,33,0.5656222101337006
nonmember_344.png,0,0.2152917459409971,0.2590742942479545,0.35123975549015807,-0.184085133692105,0.056362990273160385,-0.22002416500651822,-0.3936720619783376,-0.18344997690115505,3,33,0.501573070685323
nonmember_461.png,0,0.4371659726928243,0.20216195920521063,-0.400848478239638,0.22278910634272098,0.04116765815530421,-0.29061946023152263,-0.3772682153619895,-0.14228394384629883,3,33,0.501650133260985
nonmember_277.png,0,-1.4873829796303628,-2.6185772042250766,-1.8764557139801266,-1.5380772968492153,-2.634383442449616,-2.5225605380982303,-1.1638139142305972,-0.359580362738539,3,33,0.2376568153863634
nonmember_202.png,0,-0.005150990795035781,0.35164679320799763,0.5082225648900183,0.0950698851158891,0.2842763074999919,-0.36479841667430435,-0.461409180609909,-0.1803740132383771,3,33,0.5177032345753413
members/member_58.png,1,0.32319984198266516,0.37557267371358893,0.08742146573287668,0.22262299368028815,0.0476003901860631,0.8925253926807715,2.243665344614988,5.344275408064697,3,33,0.6631168179303994
nonmember_315.png,0,-0.10117620414113171,-0.17929127477569518,0.018255717829373186,-0.10094532847640858,-0.3486383829165911,0.255782209037414,1.5803262663505988,0.09106637435015408,3,33,0.4871444776723097
members/member_186.png,1,0.12902391901667576,0.1017895727780993,0.074664073339346,0.5328288283311444,1.0802213906919205,1.1321576572884857,0.7649425947026343,0.3881412577393277,3,33,0.5972152984384661
nonmember_308.png,0,0.06311054976008279,-0.04964253441973243,-0.863544451422074,-0.21861022242058015,-0.11369298504279124,0.2599571472845277,0.3051139462756334,-0.07065875149174428,3,33,0.462057600193512
members/member_137.png,1,0.5322730122401791,0.3906491142086117,0.2469507255418768,0.06137494633033125,0.05046322626963384,-0.22038847387588323,-0.7251358615626824,-0.41921957757322215,3,33,0.5108093629927958
nonmember_235.png,0,-1.882239404248112,-0.35807328964339824,-0.07922086545274398,-0.08783884730547253,0.04813243209140783,-0.36344183816815523,-1.4014609884883331,-0.2907751968913903,3,33,0.42792869861450133
nonmember_83.png,0,-0.3191628379890705,0.12182372453157253,0.4521785908543996,0.19288180593050797,-0.07714515657065135,-0.6933776057665684,-0.7878527594643083,-1.4544302394656956,3,33,0.4611352104742908
nonmember_289.png,0,0.4049968075357522,0.31663373943826123,0.4978580675809132,0.35817964107574163,-0.17510779957924338,-0.7379680883517148,-0.6077824137574037,-0.2393093754584159,3,33,0.5169142974824562
members/member_67.png,1,0.48162712080213055,0.38089096416706125,0.3314282577681693,0.42485138888471097,0.32380766310307063,0.35124049536264046,-0.1299165923587049,-0.15795811973144147,3,33,0.5535176615282652
members/member_409.png,1,0.1388316988705638,0.21087250991142215,-0.010585622089794189,0.3388499317124456,-0.044349662173185145,-0.1594781841131514,-0.39674584636621546,-0.6785282550530702,3,33,0.4943626841058799
members/member_237.png,1,-1.475690379205437,-1.585060256978843,-2.3307061732676573,-1.2837543405500589,-1.3750493514036344,-1.9151106118580499,-1.5611479895087021,-0.5016765601420801,3,33,0.266195766861344
nonmember_245.png,0,0.3854124841450348,0.257181883203057,0.3856981194459155,0.0540623887271785,-0.08549737884359221,0.7801868704744654,1.4439418193307474,1.3975787960269308,3,33,0.5668594396046382
members/member_265.png,1,0.3246743931283502,0.32849679038448976,0.5348992370430579,0.36811036680191966,0.16516862904300122,-0.3961594430697106,-0.7079014685999265,-0.17886050476118687,3,33,0.536092991944894
nonmember_99.png,0,0.5577634575466268,0.4400973884610786,0.46824989320722255,0.3246718026634605,-0.05480155170819678,-0.47061494357658074,-0.7724366044558408,-0.7493818897749396,3,33,0.5132749346379597
nonmember_219.png,0,-0.21169806914310185,-0.3598871374150048,-0.14618498246991862,-0.20801161206221197,-0.6397356453010818,-0.9800256191367795,-0.6901540180158658,-0.16752428997972668,3,33,0.44064187276621114
nonmember_175.png,0,0.5932224297994368,0.37029417692692723,0.368676193157671,0.1988698080261777,0.13910285348988616,0.42527885488421013,0.8005445087873975,2.5076577942358576,3,33,0.6090728690124183
nonmember_37.png,0,-0.20453559229511242,0.009850238082926843,-0.3554118728960396,0.25265633765139883,0.5578110053785923,2.7293950147340635,5.904290962704888,5.215949656130808,3,33,0.6789342864178856
nonmember_113.png,0,0.3558910500016643,0.4335259428036595,0.4468287351280149,0.4668268971977949,0.10424873110175392,0.39313195132865797,0.3135780765630205,0.2032074739552563,3,33,0.5551071195661369
nonmember_272.png,0,0.35867777150523983,0.2694971437472584,0.40850483871742105,0.249944499085613,-0.29680241821303444,-0.7239757169133423,-0.5413808912885001,-1.2010176021555363,3,33,0.47895958262823835
members/member_45.png,1,-0.43841699042793647,-0.3873612239135755,-0.8577613225415011,-0.021397868956164245,0.01557425373419452,-0.2709893800767924,-0.6361207804033233,-0.22401044906806344,3,33,0.4534431879966133
members/member_112.png,1,0.2959044683187817,0.09665355890780702,0.2501691004072937,-0.14809949366035458,0.092972261745083,-0.04360631903646972,-0.19447439016837276,0.12639081894610005,3,33,0.5166800066331455
nonmember_231.png,0,-0.37324516048931144,-0.5674934387266111,-1.3804973570914374,0.12115874229560442,5.041483120741882,14.428315461995258,21.517690336017633,19.180719927386743,3,33,0.9685294174806948
nonmember_466.png,0,0.5316601316500176,0.4794674596641033,0.3573790353071753,0.27187325033538734,-0.26020865467199705,-0.38355275388538246,-0.39535540305488404,-0.2522459301548574,3,33,0.5114416598843237
members/member_402.png,1,-0.7169119885650714,-0.41932067237837223,-0.9068894364504438,-0.25488826712019597,0.13417455646655974,-0.34360383309422726,-0.5155929030231814,-0.14665974388056835,3,33,0.4391469168404556
nonmember_222.png,0,0.11455852998358251,-0.0282043632491078,-0.39541108250585033,-0.033315250108377104,0.28241686643214114,1.4696338714797212,1.3152764470357763,0.74945241171784,3,33,0.5410653227575924
nonmember_379.png,0,-0.9818295910209454,-0.6360764009743456,-0.34032560543489865,-0.0550279114431369,0.18906614117668097,-0.2108140975949393,-0.6125019723804677,-0.15346689835900218,3,33,0.46483928600480146
nonmember_211.png,0,-0.352674384886845,-0.3318098310408937,-1.2625846756111976,-2.8156063724684417,-1.5411271506722017,-0.3090525746692703,-0.06050793744559435,0.8476054290112272,3,33,0.29684390598506366
nonmember_139.png,0,0.48132196695267293,0.27035966372141207,0.31523291702949985,0.33397777678047236,0.1460826784894218,-0.36647512656052594,-0.5503353193859031,-0.18217076717006453,3,33,0.5328087095516263
members/member_329.png,1,0.26533644593996897,-0.030071219553009065,-0.3386386718586025,-0.10131624679985718,-0.4177337374978207,-0.40226017735358033,-0.5423213328726142,-0.18208872835998324,3,33,0.4661918992235892
members/member_193.png,1,0.5922443254569423,0.5043548021075668,0.5986599602647611,0.17502457742000344,0.45827738627654213,0.3986472513806314,0.21012388552116423,0.335262884064786,3,33,0.5719093341053153
nonmember_203.png,0,-0.315733725846308,-0.3664467532826867,-0.9274842402764034,0.1318007388206084,1.9466197849652112,5.0543230819681835,8.296559890313059,5.231336093413463,3,33,0.734818754530295
nonmember_188.png,0,-1.218675183000661,-0.31084460964937133,0.07058237456697425,-0.2553394578241934,-0.20492339151290295,-0.2838582228134712,0.3094450983308876,0.7645054552300259,3,33,0.46369879415099613
members/member_298.png,1,0.2771476287896961,0.3980761796341108,0.4380044495624671,0.2704571787702319,0.48438701037703424,-0.3418721585526274,-0.24446123682775323,-0.06326957719659987,3,33,0.5428325233559879
members/member_6.png,1,0.2656092837271906,0.36858085652706585,0.3170596301803221,0.16411847401115054,-0.3036474855703446,2.0125852180562775,5.621214613455434,4.785612613726184,3,33,0.6540659291072491
members/member_100.png,1,0.20879721564219356,0.037214390378838225,-0.10724063953218455,-0.5013014267911657,-0.38331655398313114,-0.14333638186097009,-0.6582111957515799,-0.21864680774599243,3,33,0.4579931833685977
nonmember_60.png,0,0.2934607430166576,0.3187153015917912,0.16432304568568057,-0.32419244422413573,-0.4908542414990382,-0.6471068770809536,-0.5787105131751042,-0.5767327969840768,3,33,0.4525783461691175
nonmember_403.png,0,0.46329269821314556,0.42302945233150835,0.33565833825973757,0.3886898229123452,0.6057507763476568,0.6912346798593978,-0.05957620534624031,-0.15658374938127917,3,33,0.5670850323150484
members/member_129.png,1,0.3090522852387232,-0.21053941374017304,0.2150284780309235,-0.03489439978768072,-0.2264381614221298,-0.5298596262342965,-0.7255425777208746,-0.30357030293816845,3,33,0.4943445179449733
nonmember_299.png,0,-0.07745576199940052,-0.10061681858219274,-0.2043103711686185,0.0908671232687368,-0.13328900437360947,0.049132888903569594,-0.29279545349923897,-0.12143786281367142,3,33,0.4883713156450504
nonmember_66.png,0,0.40374108656370655,0.2589827964146223,0.37014522768129465,0.14435618216350754,0.040419192366877965,-0.625234432632312,-0.7851536509081818,0.2912991082260241,3,33,0.5283253340361762
members/member_362.png,1,-0.35980530453184345,0.059042143154474314,0.25799929889274864,0.12924926704083095,-0.31886528314800433,-0.5128781414667216,-0.42458915612309944,-0.6646557546574297,3,33,0.4644260448551443
members/member_74.png,1,0.5515987690689199,0.45075701608876795,0.24860009334125444,0.13689801529446965,0.22989510112303435,-0.18599622833586427,-0.8234597657897131,-0.06297896588230589,3,33,0.5308527524356984
nonmember_412.png,0,0.5929754926015054,-0.1904819170192611,0.4059148569320179,0.2116780189176044,-0.0035653157446207118,-0.6236915872472437,-0.6568578753495249,-0.3077515978669627,3,33,0.5278904889872611
members/member_451.png,1,-0.06938438127674029,-0.377765120980448,-0.4228400453925629,-0.22049858338196238,-0.11711013431775097,-0.6734666024036899,-1.291793666091528,-0.9138322729819999,3,33,0.44244373719438634
nonmember_417.png,0,0.6117857286352848,0.3910343486828327,0.19395440981431333,0.17470269842853625,0.2172921785350188,7.0869561355711115,57.49305730824456,24.91695267016143,3,33,0.9560435266480736
nonmember_422.png,0,-0.25675143518278265,0.07445095613800623,0.37456481347795645,0.13370338711614593,0.16977589961563133,-0.5136340123627399,-0.39890994889943965,-0.06598845500276429,3,33,0.5069489255205472
nonmember_124.png,0,-0.15084226128333178,0.2735335607681386,0.2247147443663442,0.3996859442672811,0.30320968725886654,-0.07960629538897024,-0.08983484472138858,0.026615022339063543,3,33,0.5279181054023511
nonmember_255.png,0,0.44695310031217295,0.3910057091582537,0.5295436463028804,0.35031953442890584,0.07851721372359766,-0.5123174369096564,-0.48778749921102715,-0.10397093713417416,3,33,0.5349079699765235
members/member_487.png,1,0.4700045686581711,0.007058634081597237,0.06450050433548915,0.06952688649150218,-0.00738354308971001,0.9594912121055339,0.3903743489503313,3.407749711510391,3,33,0.6189077893989525
nonmember_67.png,0,0.36460026690946323,0.3113440193485597,-0.5381978877467168,-0.16410622273814424,-0.5622375980530343,-1.51088112460923,-1.615640210304512,-1.2583127490797148,3,33,0.40703154001953445
members/member_224.png,1,-0.8752729689509269,-0.5374477274782108,-0.4131470860585038,-0.25535183460107813,-0.06793608325917866,-0.5878617426171786,-0.6211294549202613,-0.2777431007698974,3,33,0.43701461779350614
members/member_403.png,1,0.17827814084758886,-0.04126592583569355,0.09840872211128548,-0.036756871434854954,-0.5210781853173403,-0.4527221106809254,-0.6738481830832885,-0.3015863806864969,3,33,0.47277815634558434
nonmember_102.png,0,-0.5159498240632634,0.20607995341188934,0.33465897495737273,0.2324531589822083,0.13304303663441974,-0.6913733490724914,-0.671644687069544,-1.8382533805909782,3,33,0.45018768566963907
members/member_18.png,1,-0.5420798559563234,-0.08718357852011982,0.10433579450131969,0.06842914699255553,-0.0503498522073782,-0.36032292208356154,-0.23909662537678678,0.26435699808141955,3,33,0.48988823270346765
nonmember_46.png,0,0.15633336493300076,0.07669942168119892,0.2251933756452824,0.22584003340218217,-0.10967679636476646,-0.8107963750974228,-0.652356104544995,-0.236054850059066,3,33,0.4993373368834622
nonmember_391.png,0,-0.30980689907869463,-0.013103463474609889,0.3033992770647127,0.10509509895274327,-0.0961752946571659,-0.5426042291715394,-2.078143331306687,-0.8333298681880139,3,33,0.472134558779832
nonmember_377.png,0,0.17700107234693752,-0.020556766760765566,0.14632384351696492,0.26063192218153564,-0.15985688901812,-0.6210581866941851,-0.5743923212572861,-0.29481338689323255,3,33,0.4994148983812349
members/member_497.png,1,-0.33092581770043594,0.16255176426925022,0.1802825338273264,0.5048945097383375,0.41557747967600367,-0.13130869374328036,-0.14810865378881477,-0.13876449937641144,3,33,0.5263943388787001
nonmember_48.png,0,0.4975954232150839,0.22983615501345822,0.4693646802857696,0.38498925586343713,0.3465827687882159,0.4090943725507099,-0.06715272625950419,0.0340084684071833,3,33,0.5655900296436677
nonmember_109.png,0,-0.11853134381341901,0.12448127244315677,0.19025609213686367,-0.20720107346222338,-0.10268580866228838,-0.36007650467890606,-0.8188272605175451,0.2311093464913565,3,33,0.48858720726366567
members/member_417.png,1,-0.38887374147774123,0.36525709937179984,0.5517529430858654,0.17948861483645118,-0.30239614419879857,-0.4912315745269735,0.22249616424788332,0.4502760197092952,3,33,0.5004302662068908
members/member_68.png,1,-0.5678725397934605,0.026927521960860457,0.28020593844990804,0.21275381186575215,-0.0886932790166357,-0.5925586309236683,-0.5867079241083832,-1.7202399827034691,3,33,0.4438561209679317
members/member_59.png,1,0.4841112389187865,0.450189778979063,0.3723496688403931,0.16568008534073098,0.057758997521688116,0.10098593128038758,-0.36918401608365325,-0.20953864405517475,3,33,0.5272024087272539
members/member_143.png,1,0.499565819588184,0.18921730425887429,0.09135080538577567,-0.20193498763898443,0.00943001535234167,1.0080350574647934,0.5990173371871199,0.12110606665897006,3,33,0.5255453749008469
members/member_352.png,1,0.5723111023033227,0.45292912281019193,0.5916529560134789,0.5343165919435227,0.22438359227392635,-0.4084476671617532,-0.46623236269363844,-0.18328408129651397,3,33,0.5533321597067781
members/member_356.png,1,0.4104302160147322,0.07286440866828903,0.11154563261926276,0.06508456666098983,-0.08428403417944619,-0.7473806584172751,-0.22733861120414467,1.0566554198764724,3,33,0.5319974880196492
members/member_474.png,1,0.3643068924415873,0.20339518184699257,0.31729757429658134,-0.03669422922052945,-0.06809098913687706,-0.28108880736101405,-1.1039748193593666,0.5602606226922067,3,33,0.5256807136680809
members/member_339.png,1,-0.5939822661774401,-0.9751692450671618,-0.7428158332022115,-0.5793077377954368,-0.0863001837858759,0.41978605348352716,-0.23201572536524662,-0.5248442441779986,3,33,0.4347337914993696
members/member_184.png,1,0.44322737865418116,0.35448615776549586,0.504584451016739,0.03016226933803079,0.026161531204694555,-0.624499321808698,-0.8522848602612587,-1.2683463042707777,3,33,0.4871195064347254
nonmember_20.png,0,0.47788265319197265,0.3889298776736885,-0.32248042921769304,0.17669186629197764,0.17150022906176954,0.22937069625798756,0.20423475738542773,0.07610898637390129,3,33,0.5190895034799617
members/member_53.png,1,0.5178996280535433,0.4251267852688514,0.1338912486087196,0.22615692866167691,-0.14089608307853307,-0.684599630911161,-0.8856895308148971,-0.33000729202946033,3,33,0.5011060930435094
nonmember_362.png,0,0.4525153001679594,0.06822939777239156,-0.2560432605941072,-0.4968326256194313,-1.1963126560773922,-0.9742207683195963,-0.8877405116371371,-0.05911517663147414,3,33,0.42033491888157754
nonmember_141.png,0,0.5875860585101553,0.42321198397811743,0.21366591371839894,-0.566926470130368,-1.6673381500845301,-0.7522880628866475,-0.13297641315106645,-0.034399410608440206,3,33,0.41656430928632576
nonmember_436.png,0,0.18321086601034864,0.159300703179166,0.36091522656988273,0.2479460768701509,0.029629271556457226,-0.45019116848246377,-0.5843361050521487,-0.3979153007430938,3,33,0.5111035029757105
members/member_195.png,1,0.48720350755565667,0.3473146609950426,0.21710893749371873,-0.09135692857382782,0.14301027391188015,0.6805398452481222,0.7184988653953486,1.399050292709581,3,33,0.5651145149748058
members/member_424.png,1,0.5385493474179861,0.4217597707993508,0.10066160382253031,0.285802409505703,-0.05094623182256797,-0.5230729593828336,-0.5981170290477182,-0.3593981491106719,3,33,0.5084731942246441
members/member_331.png,1,0.5219434380999908,0.3625136182809334,0.5276665735214738,-0.5222382880787508,-0.8242498694812497,-1.1019280677797205,-0.9509918623163456,-0.6252484963382914,3,33,0.4416764280138756
nonmember_376.png,0,-0.337762881262329,-0.30614805754101804,-0.011563183575482583,-0.21638067087619195,0.020904312250372925,0.0904690382616069,0.7465378756061787,-1.3026229079113332,3,33,0.4525857644124284
members/member_46.png,1,0.559001919343411,0.16692308957818858,0.08879972394094082,-0.04232413536728341,-0.6636470919419661,-1.1085090813629028,-0.8499056568958894,-0.308264431033626,3,33,0.4662894961913751
members/member_239.png,1,0.379362113244778,0.024700047738082986,-0.38690341669071016,0.0188058746947517,0.6133851322895012,1.0052379720546112,0.17911469095007693,0.28599946186516245,3,33,0.5466128228286564
nonmember_230.png,0,0.3602197523767412,0.46339606295167446,0.42844003614547344,0.2576825487729062,0.20522638930922277,0.46115518345211104,-0.05826448479771429,0.21284601392900537,3,33,0.5506327944847075
members/member_406.png,1,-0.23045284919544118,-0.23235930404213168,-0.3522462816616403,-0.07465930913108787,0.10717642414264805,-0.36209700660454924,-0.5541809717375701,-0.3183195716049658,3,33,0.4723181367381598
members/member_198.png,1,0.5021252123281958,0.2602513412588068,0.32258800207543104,-0.1582539638356142,-0.03866365506180802,-0.4496652338896894,-0.4454993423400593,-0.031803064573863615,3,33,0.507781850375148
nonmember_201.png,0,0.0384426568037215,-0.03406986931231115,0.28694441818656946,0.30634394811920895,-0.0025378777604743163,-0.2999611775970541,-0.11181270265118304,-0.4790096019458234,3,33,0.5079451880700739
nonmember_307.png,0,0.04298236912416176,0.08078581810127528,0.3730680186168631,0.4158623839276854,0.1537126244343554,-0.03827331615972529,-0.3842253306259966,-0.11839505348327517,3,33,0.5333727381731255
members/member_220.png,1,0.0202479979302006,-0.13235611401508818,0.155449770524414,0.005113533901829559,-0.3052487648860529,-0.6076808650355439,-1.7541745054072102,-0.44847301658025795,3,33,0.4756994944060135
members/member_444.png,1,0.6004293680028927,0.4286146420902881,0.46068294982704927,0.2643639852416566,-0.051117166058721075,-0.3083887394320435,-0.6938680179493799,-0.756688607713877,3,33,0.5142199812179267
members/member_349.png,1,0.06302719125313239,-0.04451344604862317,-0.17568887434490987,-0.23779557856172673,-0.4212608940314473,-0.617835549186883,-0.5635281548230431,-0.6790105120288441,3,33,0.4435767815948293
members/member_392.png,1,0.30490936236687993,0.004824021206897733,-0.05353500586061477,-0.06874824220526854,-0.42576860340145917,-0.4646153626278329,-0.5562584531312122,-0.19356143386676994,3,33,0.47628678714218775
nonmember_398.png,0,0.3939029667244309,0.283278123548087,0.2982637965161632,0.03690741330522318,0.003567051767070062,-0.5123397092101962,-0.7215285482989167,-0.4415403071124837,3,33,0.5019017906055284
nonmember_130.png,0,0.3560367004505949,0.3412759624060815,0.03301496204452281,0.29728543587136436,-0.21195418544265987,-0.045693832372077914,-0.47657550869041376,-0.34429211787628056,3,33,0.5025053958213372
members/member_78.png,1,0.5682316452434271,0.17549069244663107,0.44806972723025895,0.13296285352654547,0.06053043154020088,-0.02422634619395314,-0.6070487874619888,-0.4861308828646944,3,33,0.5262910247396089
nonmember_333.png,0,0.5949323102151989,0.3949279336824496,0.03939501754003771,0.18725673994674974,0.08593948161984244,-0.6394187278320747,-0.6031594260275623,-0.617877293878184,3,33,0.5017300174649655
nonmember_334.png,0,-0.5217761925520461,-0.2664866185105126,-0.2628648408529992,-0.18087578986769826,0.187110091506975,0.07680132012176966,-0.013846524009026417,0.07673635054438144,3,33,0.4812965675748416
members/member_208.png,1,0.3756981080976862,0.3494331535762947,0.29213689618620897,0.4360078633610862,0.32505902871507164,0.6535867248461731,0.16364917960271796,0.27350076294026504,3,33,0.5649367496133789
nonmember_146.png,0,0.4350137144493247,0.252529387243718,0.4730475566585346,-0.07217049165255851,0.21071863612287167,0.1374216676548352,0.07540454345279901,-0.6895471733607543,3,33,0.5159653331387721
members/member_243.png,1,0.10896744737902031,0.08728612846620454,0.30758194755838897,0.21566648039922143,-0.09481301939192832,-0.35995330365617484,-0.5188041603815581,-0.02235658843517463,3,33,0.5124027259343535
members/member_382.png,1,0.20725026317769313,0.0839673174047797,0.0038822259498116907,0.5789541648360772,1.1061815292180004,2.088650583180351,0.7908665593633244,0.2536405719714887,3,33,0.610210059538993
members/member_104.png,1,0.43614636047280575,0.26791744181227584,-0.4578623971448077,0.4530993299484303,-0.36774018600536795,-0.613848381917216,-0.3986630966655609,-0.3791814586002724,3,33,0.481291018411309
nonmember_491.png,0,-0.04469415761302331,-0.0043406383811746,0.29419402368196,0.3676419855056796,-0.11547289765873447,0.1781676875456948,0.46618350127016805,1.3794647144222143,3,33,0.5572842358517296
members/member_158.png,1,-0.42536593449608784,0.36713284973527616,0.3225501838345526,0.05305569959423373,0.19177647599786418,0.5186687718977208,0.6308916229916512,-3.603937908079142,3,33,0.4172015686397373
nonmember_232.png,0,0.5278181547743239,0.4518935906156991,0.2536458574972329,0.3623565686806165,0.29205624958711374,0.6327810658517352,2.2491422561776178,1.826596439841964,3,33,0.6008768750448912
nonmember_40.png,0,0.4230395628808181,0.3141424697207831,0.12477977698223697,0.376956225014752,0.37954681604825335,-0.08730664485403139,0.06787244501402512,0.421248952016386,3,33,0.5545983420914863
nonmember_284.png,0,0.2522194010929488,0.3526282389393325,0.4575211564299253,0.1310026361167207,-0.11950334697001352,-0.35244410329037734,-0.556714636027035,-0.6644052782055825,3,33,0.4971035651805597
nonmember_352.png,0,0.13755936971219018,0.24639612760649365,0.3179094827560651,0.21542688072120075,0.09608465780636788,-0.20798243133480732,-0.3496442885131765,-0.7402042329363345,3,33,0.5028487948514457
nonmember_168.png,0,-0.3177072605863356,-0.8202841935047087,-0.8882935674444554,-0.2750749942731736,-0.3046653929809877,-0.7126996897959472,-0.8089163258492897,-0.44174912078136686,3,33,0.42712967687580605
nonmember_57.png,0,0.4907274383819358,0.4329562931809998,0.38306269995318143,0.10349662176500907,-0.2302392921152583,-0.34942430730822505,-0.43906360666427435,-1.7880798726083822,3,33,0.4666624634868298
members/member_457.png,1,-0.013597173781232375,0.20914573310344053,0.3870287574245803,0.29632750930380025,-0.06663242112949685,-0.16096213303800955,-0.5506554829351424,-0.3204132386818479,3,33,0.5090853611836781
members/member_209.png,1,0.28017603278353587,0.24402152856373593,0.39840894170607655,0.2261938829785688,0.013170731432228244,0.07463666112600631,0.32131680610630564,1.4263280686496325,3,33,0.5664508153863881
nonmember_236.png,0,-0.016509175619592087,-0.10130675841896686,-0.2357642455909872,0.5296196274123641,0.9019326607819909,1.7617260864216955,0.960549186086959,0.28562957515580756,3,33,0.584395169523566
nonmember_179.png,0,0.5865463699129569,0.3959508312665485,0.4345629977835501,0.1228297070341755,-0.2637348163668527,-0.25209825533312813,-0.5742774727684248,0.12066505340615752,3,33,0.521880621663133
members/member_9.png,1,0.4139010465771955,0.29326600112613255,0.3863836062580277,0.22510070587772724,-0.024833349446446107,-0.48011351534847435,1.0000738580281112,1.456601270202503,3,33,0.5609882837944846
members/member_144.png,1,-1.2746976381920088,-0.5470063130866643,-0.25165377414746537,0.1928278671029684,0.17401462507426668,-0.4391583996343522,-0.4868046069083114,-0.09638874759751914,3,33,0.4652792001381793
nonmember_138.png,0,0.45847056055389546,0.4455067530987198,0.600066603427722,0.34623107461590896,0.3485911503161496,0.5595944882549713,0.1248997634147937,0.05160744584279797,3,33,0.5664679845018247
nonmember_36.png,0,0.5564225548916157,0.4383890769049459,0.4771352285727315,0.35454694383127094,-0.14533178264897373,0.2625256059976717,-0.22511116902869954,-0.08850702302078606,3,33,0.5383454441851243
members/member_17.png,1,0.6343055631325338,0.1976375735080067,0.3545180192963664,0.10882907043075285,-0.28012847101064686,-0.05571843894732531,-0.5144680745417229,-0.14449978215705794,3,33,0.5183431673930043
nonmember_3.png,0,0.5677775464311638,0.2650161276861245,0.12384575946461363,0.2689839171600985,0.12870290487526947,-0.3365731750633021,-0.9770236599637254,-0.4221076059163309,3,33,0.5201792848685605
members/member_486.png,1,0.394698862800567,0.25587534996294536,-0.130730612881643,0.012390805572100039,0.40249538002391194,0.35449115711140333,1.1765240601585267,2.917558951282863,3,33,0.6003751297594135
members/member_364.png,1,-0.30688633562648393,-0.09237665718085131,0.027436088931121816,0.23835493356659354,0.21115220228385967,0.500744801731448,0.16374983728703274,0.4478532398918773,3,33,0.5299041558627052
members/member_472.png,1,0.2788930363938995,0.38745832280367587,0.4408540327086188,0.15984841762874424,-0.21819144538433832,-0.5406882110192335,-0.5508816676670749,-0.26180102855268483,3,33,0.501793476087261
members/member_247.png,1,0.36966931569581085,0.41392362280148065,0.2647884719262681,0.27415541869874005,-0.24402037828764644,-0.452592650335756,-0.5609097402284746,-0.20440664461218638,3,33,0.5051118199388062
members/member_215.png,1,0.559616702558412,0.15989849574487236,-0.12800899333515048,-0.11859130900093495,-0.06602449051569703,-0.45305927537531154,-0.6980632995733247,-0.282675695669945,3,33,0.49029583539074373
members/member_25.png,1,-2.1478582255984566,-0.9279023000983035,-0.5015012271360964,-1.2904298840286477,-0.022123613215685012,-0.5911850276914441,-0.7361937403100445,-6.8603789777504565,3,33,0.2217420631976505
nonmember_475.png,0,0.579525214811738,0.3211314117639752,0.018877684374369874,-0.005620689301071735,-0.06814096686338278,-0.5156562001799783,-0.47349341613638973,-0.2492419460175368,3,33,0.49819491715518843
members/member_447.png,1,0.03039991823896404,0.009375525471979618,0.17951758768924808,0.052270434047744896,0.06835600580193457,-0.48102924151998483,-0.4657091589265008,0.026429546143566185,3,33,0.5059163261591832
members/member_30.png,1,-0.05277780499864759,-0.11988909450078511,-0.20065478732214537,-0.08026601819605039,-0.4507064622127883,-0.6217747316074167,-0.6285540630772877,-0.17376138488925363,3,33,0.45847675088595535
nonmember_314.png,0,0.11568854913915283,0.3498775962991765,0.016401812195856902,0.012997652415842609,-0.1318603992175129,-0.5856469005871459,-0.7071589311503583,-0.3534301861079516,3,33,0.4772235674958536
nonmember_291.png,0,0.16207348787675313,0.04910035979746663,0.07211582543612405,0.30711678273846355,0.5204439443370341,0.8620955444737337,0.5798778028332432,0.25775742459794593,3,33,0.5600949797891787
nonmember_2.png,0,0.5617974748445707,0.44387710701647753,0.3645689318018608,0.3341708845788478,0.010258543010452037,-0.32221350625164025,-0.5866109797523524,-0.2303423297500089,3,33,0.5283807463363903
members/member_42.png,1,0.18626744599871348,0.11395338028410507,0.2941095112370369,0.5375248401079591,0.4785550737059574,0.524424605912106,0.05265099684356844,0.15159864032814774,3,33,0.5679558368409076
nonmember_86.png,0,-0.5546735894784871,-1.0434310946436702,-1.6659033371252723,-0.8927156912688083,-0.5662771736439192,-1.0248135590695382,-0.7984945708969371,-0.14504463199804274,3,33,0.3656047818345733
nonmember_53.png,0,-0.02672758033345035,0.3597985756929254,0.2561933964986034,0.2608507494012482,-0.0367038508188795,-0.44072084988616744,-0.6286026695481057,-0.233976368507272,3,33,0.5001016379134222
members/member_109.png,1,0.3943032042324095,0.43787940720673735,0.11548781403250308,0.11869443926460743,-0.39731315576973003,-0.9287589620810435,-0.8887667192521453,-0.33149080501508266,3,33,0.47767498968542893
nonmember_261.png,0,-0.3815289421198216,-0.5742826931858516,-1.5243891583533995,-0.36955103129073397,0.9718967786021966,6.138503117110793,6.209971126338811,2.425267547322064,3,33,0.615676893904285
nonmember_457.png,0,0.3841667924823824,0.06443397843903975,0.38078807686806604,0.1789740655732217,-0.20579737427851086,-0.5422794604997385,-0.4576269495794696,-0.20937126681935148,3,33,0.5105576081183832
members/member_399.png,1,-0.07058842040875213,0.07098181769230338,0.30574734755637234,0.39415727485596896,1.1479591551012076,1.5743845358791706,0.7756192720643558,0.45035702807935163,3,33,0.6032494395924213
members/member_290.png,1,-0.0071446101392398376,0.25869853261650544,0.4738538449948435,0.42538873434372704,0.5286582349746523,0.47933855956828175,0.21302930834764133,0.07408392045603662,3,33,0.5602292390279905
nonmember_216.png,0,0.3233193020537741,0.3375934827730922,0.4062993176499998,0.16609717123127332,0.3758714793762872,0.7463247980338057,1.8727692585361093,0.7362461410308141,3,33,0.5704958311134221
members/member_453.png,1,0.3558344275749268,0.2765976786950457,0.2059082241653294,-1.0541646024854079,-1.2628093723544156,-0.8943584206852426,-0.6021223491075043,-0.06714156095680401,3,33,0.4041128165911419
nonmember_246.png,0,0.580286860363318,0.15478744605233752,0.41564670151919847,0.2906284172699305,0.24904676769644318,0.05769666776052684,-0.5659772115094182,-0.12387063902678719,3,33,0.5507550431917759
members/member_66.png,1,0.45159383792110885,0.45033696259156164,0.6033599057158061,0.5262493942339934,0.30761086492641443,0.05668365536000852,-0.10733379519953967,-0.021414189251893312,3,33,0.5634605362096131
members/member_222.png,1,-0.07396384139144052,-0.3786675880365049,-0.45367523112219743,-0.5941599817902992,-1.1004268402540616,-1.0533807345439432,-0.8649816199676192,-0.27734408123807697,3,33,0.39701560169107947
nonmember_97.png,0,-3.8090390752966985,-2.089361103089182,-1.47616598648868,-0.06643861856814581,0.6857915466712323,0.907994371717372,0.3032481538550016,0.5272505281848794,3,33,0.4106200746851823
members/member_236.png,1,0.06701687205826046,0.15123255253009926,-0.23780604674716344,-0.300761772472677,-0.12089128911537417,0.40264237170893136,0.6271696471396222,0.29722072169368463,3,33,0.48753061192301683
members/member_341.png,1,0.11179185257541757,0.18179928834600378,0.2231611252300958,0.05034454667251698,-0.6386765489060124,-1.9445709704869492,-0.8661934251314318,0.10472778412979977,3,33,0.4598690226558952
members/member_240.png,1,-0.930374314445154,-0.017123164275934855,0.1964230902775883,0.18325506346523257,0.534024807950614,0.577785046913772,0.24766118715577434,0.3092217779491504,3,33,0.522586916743528
nonmember_336.png,0,0.31140663240927324,0.43463624049556016,0.47904242900324157,0.3950584905560639,0.07741532334707735,-0.4690526101715067,-0.5192865259091901,-0.32156191150912417,3,33,0.5251471006363049
members/member_455.png,1,-0.5832138668294384,-0.6348319690989084,-1.5033799724047459,-2.9570023664935494,-1.4641764368363206,-1.7965912082520532,-1.1529054604597038,-0.2828478574196218,3,33,0.24634233802996772
members/member_65.png,1,0.3843766709896901,0.23833891313156785,0.18800582333174543,0.5055462596837006,0.3654194939917734,0.19340778791471624,0.16514470330475461,0.267574541966181,3,33,0.5614276381642739
nonmember_218.png,0,-2.129268912699957,-1.0648270350237214,-0.42844813373677626,-0.3675836274172495,0.42439207934761214,0.0438387201342203,0.13472785943399934,-14.05487530640735,3,33,0.15350585471947809
nonmember_105.png,0,-0.3652831964475918,0.0803439467357494,0.3804476826841423,0.029576736379028468,0.18411164555771276,0.2089553448362409,10.827264209751815,1.141822488135149,3,33,0.5392432878425004
nonmember_78.png,0,0.3221427293360821,0.0023245438548396002,0.5262544931496702,0.23260221172456008,-0.06923732649820913,-0.5339326874656196,-0.5912868229601731,-0.9394719873179165,3,33,0.5035534045467392
members/member_363.png,1,0.605442725690001,0.38228287417549867,0.3189309827529403,0.19041163442891662,-0.0679336345393935,-0.5474079696317755,-0.7585063949457362,-0.43778540801047683,3,33,0.5113029513562837
nonmember_7.png,0,-0.04803867653062044,-2.349672286770818,-1.4581181084998334,-0.70223776809646,0.008798797814339565,-0.2187294631205381,-0.00663866772787447,0.1904678797430206,3,33,0.4563637015836147
nonmember_135.png,0,0.09795301988055094,0.38273323465332654,0.5504733561249364,0.3579240088435851,-0.18904518707230178,-0.24171981623754313,-0.9317377312026043,-0.13610192538993093,3,33,0.516880609494603
nonmember_131.png,0,-0.07517442403055918,0.07569199167389096,-0.1739391256786087,0.03719799063796003,0.45756327107327044,2.0758293449531116,1.5855050197002303,1.404086819838124,3,33,0.5758411850658874
nonmember_111.png,0,0.5753264981332507,0.15924701213122283,-0.010675535610917386,0.27332037486446525,0.9110003180546657,4.6317924380750215,5.6806009098746735,4.652620981614668,3,33,0.7307540633039957
nonmember_414.png,0,0.3396201379066719,0.04276183229510133,-0.4644653957269327,0.20189802663389544,0.6858802724573336,3.5643428085154234,3.7459242024199404,3.854835055929521,3,33,0.6734544555697792
members/member_348.png,1,0.13569044725584423,0.3308776000988978,0.5385219151749223,0.21497128570246815,-0.0008865130449988712,-0.6353136377287552,-0.7001857487070486,-1.2527609075648876,3,33,0.4857071083031503
members/member_81.png,1,-0.2869622689237268,0.0064562380810127,-0.5729452074870012,-0.022518124835979147,0.3898170070996323,2.3114852417767375,4.094386017316897,9.631747966508096,3,33,0.7438265890390069
nonmember_281.png,0,-5.066406358412193,-7.389872879429971,-6.197996554525217,-4.553472061250655,-4.5146231062831506,-1.9753477552090901,-0.8093964473844082,-0.36951227439087386,3,33,0.06154891902852383
nonmember_465.png,0,0.20695241847475065,0.11089173984887868,0.26715300998807034,0.019045204880390187,0.2662655886388725,-0.29618263455548277,-0.5101042788474501,-0.15624416883914183,3,33,0.5176700570901858
nonmember_13.png,0,0.2782272758530042,0.167317471102308,0.2164791469821914,0.10789254013366101,-0.2528511574156025,-0.25671695079520074,0.45886179765134827,0.43810127275922994,3,33,0.5157361824785057
members/member_49.png,1,-0.21710896558116444,0.08738173610603583,-0.43224880137309674,0.3599225567354729,0.03673375640620069,0.2788262080901145,0.32826269536274033,-0.012797081426873191,3,33,0.4980844386015838
nonmember_428.png,0,-0.34752359631198515,-1.0190144901661249,-1.0070151499528808,-0.7972021697723561,-0.5904110621810612,-0.413348773124663,-0.4956158078599415,-0.09808946947565644,3,33,0.4045636988547615
members/member_498.png,1,-0.3083295618743951,-0.22693531303997094,-0.1810804555740857,-0.5449972748710672,0.8281611089336867,0.9265645538355645,0.49671455144049714,0.8263448556811488,3,33,0.5320976059532219
members/member_120.png,1,0.39416451079713655,0.3879976187924292,0.4971107744548764,0.3737213849256591,0.4394870703432261,0.6281042133387578,-0.015342463027647746,0.03497707488789015,3,33,0.5672653399689975
nonmember_395.png,0,-0.3271679763907924,-0.549755022506575,-0.0538000294833445,-0.040979405671437874,0.27596536860803056,0.30920182360779336,0.20174324796479315,0.03893655456842282,3,33,0.5106142153474152
members/member_401.png,1,-0.07912606912576425,-0.020421998354913207,-0.051509196836649895,0.2802624873490869,0.5574355491727441,0.5617901757056769,-0.04237203707942783,-0.12447632026625133,3,33,0.5357846746465483
members/member_63.png,1,0.41203275700188113,0.195756424507894,0.12541296331204554,-0.026778850392995768,-0.4938607916804454,-0.07230803729461366,0.5227514484114564,0.9997603844287806,3,33,0.5179893014059839
members/member_465.png,1,0.39412269306729053,0.30832810340634387,0.40631744036860784,0.2261347949169794,0.01698325138516754,-0.13176503882085733,-0.700079138820211,-0.41263358905950476,3,33,0.5199578049977363
members/member_361.png,1,0.17474088739197136,0.0352116958396711,0.12057213482914664,-0.08846068494965342,1.1215783425574108,1.45194342648132,1.3983386109367455,0.5605039634720903,3,33,0.5853538625704807
nonmember_378.png,0,0.03726141601216648,0.24238338304683937,0.3263514456299079,0.406540424632988,0.577378688796625,0.348388931993421,0.17508672616969,0.17745999703623117,3,33,0.5590271857931284
nonmember_26.png,0,0.41190280634408394,0.41990018503446436,0.4096813669621535,0.39873299964883824,-0.1818468426857578,-0.2895520739532813,-0.5598330943498704,-0.1647553783826119,3,33,0.5224344126796082
members/member_114.png,1,-0.3866449854955234,0.1656266686446699,0.3881522591254356,0.08450206002964933,-0.27225243436937596,0.06471037771257615,-0.09470606672777482,-2.429342205093153,3,33,0.4294748935835576
nonmember_107.png,0,0.5059944067771553,0.4083001693184558,0.4267652882421431,0.22041458185493124,-0.010144423281518655,-0.302928645487329,-0.24986430280860272,-0.3099349295611171,3,33,0.5216020263170181
nonmember_399.png,0,-0.2380403652821923,-0.12142960445301965,0.06855099661478414,-0.15773981918002278,0.023841984136343086,-0.41630273999536893,-0.8518679600696553,-0.8409984225504017,3,33,0.46328472254330777
nonmember_84.png,0,-0.30133764313048017,0.11454261744174765,0.14943424133175087,0.4011321583314169,0.3817103710369758,-0.2685071428654737,-0.31230983437575865,-1.1675995831421746,3,33,0.49282038903505787
nonmember_55.png,0,-1.5862357236788236,-0.8173206634180956,-0.41606461537999384,0.0047525241577175414,0.695642356496605,0.9697765794516942,0.5562728444953482,0.4854540306648163,3,33,0.5016219450820208
members/member_216.png,1,-0.3689274278583041,0.003766148824703386,0.22644380113217544,0.05410420245398395,0.2596531637378723,-0.23337927661571456,-0.22783640305654185,0.015047978433747389,4,44,0.5118141977078472
nonmember_472.png,0,0.636594636584678,0.39751167216188144,0.5030717994759346,0.14987743116544294,-0.031057270877704823,0.7886578491147578,0.21759455988381404,0.5415997270275286,4,44,0.6096252605109446
nonmember_141.png,0,0.47460961048604533,0.38611922581755787,0.22189571041284406,-0.106151412909953,-1.1470558186399384,-0.12567681367913464,-0.17654266674232488,0.0061899347574394525,4,44,0.5376479948607688
nonmember_493.png,0,0.6653190103825355,0.21869430164270565,0.471689420335756,0.13478687369990183,1.2994610246197684,0.919195392555074,1.2221493006666044,0.401732496148691,4,44,0.5777385271519777
nonmember_405.png,0,-0.019274888199245943,-0.3051875741280541,0.1532367473993741,0.28585057771723665,0.41310559207867836,0.36247592551942986,0.012362699175061387,-0.6144593664955318,4,44,0.47894695678458643
nonmember_40.png,0,0.15825524302263538,0.1602547405193122,-0.02558323628865189,-0.060739496066152476,-0.3181109486199194,-0.16483204702719245,-0.2102885960525942,0.17528412143145466,4,44,0.5080679847584866
members/member_105.png,1,0.47393728847627736,0.5352254171246722,0.6240030966097536,0.39935721380160993,0.4072153816576076,-0.14467467973347592,-0.267273805311282,-0.20241866936958441,4,44,0.5446637019769208
members/member_351.png,1,-0.15632724407926513,0.46662981748333143,0.05974487368956538,0.10599007462594745,0.3358806734860327,0.34734092417704465,-0.00807591401118568,0.17575060829631006,4,44,0.562631802978029
nonmember_199.png,0,0.44017472310257677,0.13135174448562692,0.4558302183974674,0.4513533043764948,0.3866739513464257,0.01726515880481916,-0.20484715402736242,0.0711220918471751,4,44,0.5187768802626352
nonmember_305.png,0,0.15288646983939058,0.2267376754908197,0.3075633120974861,0.09461914329034027,0.22668999086020936,-0.13923723956076994,0.06377383986357987,-0.5245201578248491,4,44,0.5045180255018432
nonmember_213.png,0,0.2011709079014694,0.014471406184504598,-0.2762079385721763,-0.07084298471433836,-0.1060015037045492,-0.29805341411354735,-0.2527585454282546,-0.14715605540510612,4,44,0.4589473035360213
nonmember_431.png,0,0.5818520153442446,0.3795519317121472,0.5429767369468008,0.34359719174186143,0.04647832018950293,-0.029261883235847108,-0.11475710786405191,-0.05289478779455159,4,44,0.5378618127038134
members/member_377.png,1,0.39991216223357107,0.1987695873385933,0.41533552393174844,0.24331639869179922,0.26456791271065416,-0.00394327098825098,-0.05593847053614187,0.062173627111189234,4,44,0.527771708816513
members/member_215.png,1,0.37132703030287884,-0.030151770461058547,-0.4861672977102236,-0.2337740129825443,-0.11543669169129256,-0.24138461558854996,-0.20553882773783627,0.07402495378327867,4,44,0.45391814257531077
members/member_368.png,1,0.5149233668951778,0.6859873611160294,0.16519843335044637,0.2469288379575154,0.1905501035588033,0.03582590764748517,-0.08036362303982703,-1.9560011902874876,4,44,0.4793974465947751
nonmember_112.png,0,0.24901112871224562,-0.05955625097909367,0.3023799092570867,-0.07767414123986116,0.10724912189761682,0.6296986533942359,0.3097046726576309,0.022905569583489438,4,44,0.5541061144575312
nonmember_100.png,0,-0.6636342963975697,-0.13588453309518878,0.33661496856600914,0.4886251675016542,0.524054928290747,0.01916443371166565,-0.14054144289889337,0.03727543082292506,4,44,0.5089892676854995
nonmember_144.png,0,0.16115363292963458,-0.08652881520338163,0.16784538626251955,-0.030247715804575748,-0.0024111881516866163,0.08542757093592357,0.5408500134119381,0.3562711004972705,4,44,0.5111420677628102
nonmember_487.png,0,-1.921948757410131,-1.5157414841306975,-2.1295942563983474,-1.0432205413691613,-0.5976069035215694,-0.10813720809732352,-0.11995506110339615,-0.13443695998720528,4,44,0.31827584937952
members/member_27.png,1,0.09799629484286454,0.11116162430173038,0.24476669208625346,0.20668240671232319,0.25641153356592206,0.13779031754483828,-0.12200982650112913,-0.01714070229823772,4,44,0.5243879313257519
nonmember_373.png,0,0.6129459653593554,0.619675768001744,0.6206734233269184,0.37003584540345,0.38055718121372006,0.1463227856414182,-0.1604708714261509,-0.06513643752271481,4,44,0.5701454782338562
nonmember_50.png,0,0.3604127944072819,0.454070305248758,0.5403526918355559,0.349269687339393,0.3226060745146482,-0.2136001764564348,-0.2505615152969112,0.020330747888920087,4,44,0.5395850634830421
members/member_384.png,1,-0.07535236185174576,0.32962757309207547,-0.1061900414604593,-0.10795046169578715,0.30509000670536324,0.23341283321436412,-0.09034127648617218,-2.081768128471767,4,44,0.47276379887764824
nonmember_347.png,0,-1.8736201297835118,-1.8152243128409085,-0.46524061470050837,-0.30659140403868834,-0.48534307970616375,0.9778999916958533,0.2151634897530572,0.18671094113344822,4,44,0.4564003815116822
members/member_232.png,1,-0.3507627041084782,0.33606348235116634,-0.7186706597117869,-0.45337954284243764,0.15315602283238228,0.2289133381624202,0.07144184605751303,-1.0528934978430344,4,44,0.4775115778007657
nonmember_116.png,0,0.5097956035298599,0.7026928209444412,0.2686164626627887,0.4698490814401852,0.3109999700152155,-0.1267248139825119,-0.16891452716862698,0.007804248529963864,4,44,0.5297172607289654
members/member_321.png,1,0.11009464202318675,0.37467847926561015,0.47995877100164686,0.38876239321440753,0.37441914912502217,0.08877842054840368,-0.20711085897984294,-0.03314238629741961,4,44,0.5495212128650364
members/member_483.png,1,-0.9903959157516748,-0.4820701157221139,-0.03668355176642857,-0.8982762219880298,-0.27569134741513146,0.049618620883875586,0.0713627983197469,-0.09297884684655244,4,44,0.530251287360025
nonmember_14.png,0,-0.7119893519492397,-0.7864718955081025,-1.3402364602799008,-0.5778957832660545,-0.7100831404084778,-0.39894191683237246,-0.21866586753498574,-0.19427528851324993,4,44,0.3592672263715393
nonmember_123.png,0,0.45400753020358264,0.6517275770750097,0.14036306557286649,0.32811915123822954,0.4969650799219565,0.34272071243813684,0.5638856400675225,-0.011256268727954044,4,44,0.5400291829815289
members/member_274.png,1,-1.5424912382815918,-0.04071963145006352,-0.3522205609081883,0.075985999598148,0.3031726103321679,0.02087451452491873,-0.2289683817278343,-0.036833955837262344,4,44,0.5008889730843289
members/member_12.png,1,0.4265150156797235,0.8106865665638967,0.36959099000733664,0.3291174373633172,0.48718435807423566,0.061987720446069705,-0.04032906188387475,-0.6718793746739857,4,44,0.5427800113087017
nonmember_233.png,0,0.36105025744170227,0.16522688479416336,0.254497857447574,0.29108462377066324,0.24944008281400976,0.09615573448057635,-0.021491844622759437,-0.06758374885105667,4,44,0.5127027290531061
nonmember_330.png,0,0.32963250142303924,0.3407622892798976,0.4079958073608987,0.012225535890295625,0.08736830506798743,-0.002087510673774773,0.991660440602514,0.4793981512171319,4,44,0.5437082271538687
nonmember_57.png,0,0.4350201163436145,0.27343391963194463,0.39449368191830425,0.1645740807133036,0.09708372794694586,-0.4584861418919539,-0.2911301695492874,-0.9736200471042187,4,44,0.47721945243778363
nonmember_4.png,0,-0.19527495206371803,-0.6319618157323439,-0.24919811950141657,0.06471459374193778,0.25875446766105004,-0.00801281313309321,-0.13385855584559092,-0.10237910317938503,4,44,0.4342688558278709
members/member_317.png,1,-0.5027022245900485,0.02733578704001305,0.15300403075261038,0.20987825875886656,0.15113651555493668,-0.3208019643895774,-0.22532921531620698,2.723969295033231,4,44,0.5810922389518431
members/member_381.png,1,0.27186552540743936,0.8181991347980855,0.6239095699507167,0.395608391390716,0.4723429964025536,0.34851886470488225,-0.09370734888247867,0.08612145580394337,4,44,0.6057135243329622
nonmember_352.png,0,0.37202064825145875,0.4543018844703277,0.52742410214272,0.3459150991066968,0.299003621161992,0.02861307279271319,-0.09857933169432975,-0.1928370130231718,4,44,0.5447733820405535
members/member_34.png,1,0.6454982366055599,0.48924002726340365,0.5183902235625144,0.441774758285189,0.3288112087289443,-0.14902276189804198,-0.1560518471023613,-0.046017371540060914,4,44,0.5297742782762302
members/member_452.png,1,0.1690833344960967,-0.05504522206538942,0.24961515375705678,0.27474513454259997,0.5363767333420126,0.21012545700589058,-0.1060653950297965,0.07643842768380438,4,44,0.5148231887135193
members/member_84.png,1,0.5993399891083837,0.3316468218459212,0.26790028909560126,0.30272355616147006,-0.04496768548993302,-0.2733849498574541,-0.19725520515982353,-0.05224749597818246,4,44,0.5000519047174564
nonmember_99.png,0,0.611297940990323,0.6279935108414447,0.47779591569008506,0.40950688991427864,0.20749319571712377,-0.15593785455595466,-0.28569178787905436,-0.1375699685673979,4,44,0.5381923093414422
members/member_378.png,1,0.1985092146776779,0.021709434754344503,-0.5121304293503668,-0.04062080765222209,0.04353592054286448,-0.1963667420868518,-0.2243623485166868,-0.09299286277730268,4,44,0.44674209739059023
members/member_436.png,1,-0.48671241857312575,-0.8944235738578117,-1.9865294604551975,-1.1189039169931916,-0.6848948023356831,-0.36053215642964354,-0.16309734224856642,0.16850606413089508,4,44,0.3388351978609441
members/member_17.png,1,0.6328988627082186,0.21078315740515396,0.5283058807065286,0.25410514680954854,0.09891010197116845,0.13010610012568247,-0.24450491739488633,-0.058017338981936284,4,44,0.5412434959372208
members/member_121.png,1,-0.95986919286227,-0.45820403844171587,0.1096666767111687,0.19867998350237048,0.30934569859469363,0.4110164206076172,0.11277817573368676,0.05416993661311231,4,44,0.5113863895677777
members/member_24.png,1,-0.09557900371319139,0.2562994534127432,0.16064091215867915,0.1907762957599255,0.47165007379427903,0.35478638663041195,-0.06015125260977339,0.06847638142585666,4,44,0.5481154631453915
members/member_399.png,1,0.30991038928195325,0.5674275950005603,0.40550338313729295,0.40900981150082805,0.4979353331540812,0.7538653625731331,0.1108150286688625,0.03357970105353214,4,44,0.5905969383667045
members/member_214.png,1,-0.42714401224318843,-0.6133570005487676,-0.6619089113512584,-0.6207636313120992,-0.43556610219336545,-0.005764156835662337,0.11927877031625922,0.158654146956958,4,44,0.448249447012134
nonmember_241.png,0,0.26388791056210614,-0.2026865174977006,-0.40961780777428336,-0.7655963921847317,-0.31593565966268145,-0.2834477706067018,-0.2853425268930794,-0.14796407039895598,4,44,0.47040432908687924
nonmember_368.png,0,-0.4436136907134487,-0.42404528024472965,0.5270624118847613,0.5247670882098552,0.22702517592042426,-0.2391529362955609,-0.01564726506571379,-0.1721385961352535,4,44,0.4717257332774862
nonmember_75.png,0,0.07233284769629478,0.3908098876865447,0.6127810206759299,0.37262093675864927,-0.14178243507064536,0.09641577362861176,0.07324389499101969,-0.11550018049601629,4,44,0.5561336583881498
members/member_161.png,1,-0.05456248531194419,-0.20823845743705016,-0.8957000972313303,-0.4325841000772832,-0.3333302334070636,-0.07128374577142704,-0.1930248906241907,-0.12373927547688268,4,44,0.4334458824937388
members/member_160.png,1,-0.09043143632884787,0.14935187186149745,0.40157301558939995,0.5093927786713235,0.5606289421321122,0.036955473895955215,-0.10483828854779986,0.0312958561076071,4,44,0.5214812418380353
nonmember_489.png,0,0.17514719694776626,0.45360305426001446,0.16435645417080513,-0.12670004488083642,0.43702559815940045,0.22414605862550863,-0.20547467321752588,0.07372423780702064,4,44,0.567797316596511
nonmember_140.png,0,0.5477896729212235,0.5244348115505573,0.5541212560701907,0.3435777342873574,0.38721197813909214,0.28529514326087124,-0.12441146289552485,-0.06102458091038088,4,44,0.5694411001352141
nonmember_384.png,0,0.20274953027356668,-0.7441754176053017,-0.1615441080176212,-0.0716424797421964,0.19063587916649993,0.04089504582678849,-0.2142868263564477,-0.014859793692649781,4,44,0.4398589066947744
members/member_443.png,1,0.2919691380638625,0.33756969262441805,0.21319566019395264,0.0875995319617262,0.23629976720549895,-0.15721237064832128,-0.1689254120806556,0.043074763507353175,4,44,0.523548671791681
members/member_292.png,1,0.47380111492356436,0.3838989142516174,0.5266915242740797,0.42459972391210865,0.22257829160291642,0.034479598486997,-0.17787783080805664,-2.7753572243717786,4,44,0.4544369014520583
nonmember_214.png,0,0.12479050749647413,0.013669270952275436,-0.2734337471171391,0.29747514735632397,0.24108092111011725,-0.255618287149491,-0.2461270056651017,-0.19326278556030196,4,44,0.44191011721046086
members/member_9.png,1,0.47771131233075126,0.21049972429062747,0.32793161565815776,0.22521658791436394,0.04406692792082634,-0.2702397829995702,-0.34083473594104063,0.8840133620626975,4,44,0.5352585325935412
nonmember_1.png,0,0.6118547868279225,0.3257025105572886,0.16322403590726164,0.20821922804172122,0.2769398956215685,-0.10433312393833294,-0.1462409295732643,-0.2655379169108487,4,44,0.4988761947180179
members/member_159.png,1,0.5707140564826174,0.3497184487681486,0.5887085019309173,0.31932266723977865,0.28276710157559837,-0.016471080243868563,-0.22056149555244264,-0.1918887191702563,4,44,0.53906477598449
members/member_273.png,1,-0.6721383824210894,-0.7111783630323028,-0.36270500657982385,-0.10125129396468502,0.11731793338000163,-0.22032972262291484,-0.21140169789704988,-0.05782294876508409,4,44,0.4276847590659085
members/member_113.png,1,0.37576643492494544,0.4123444113588177,0.43425106445111306,0.4218533340509971,0.5736167379206578,0.5662040230528618,0.12908194164818187,-0.2075217129292639,4,44,0.5600927810730871
nonmember_285.png,0,-0.49364832831653205,-0.20825281503203597,-0.20346505917090907,-0.16319637599669523,-0.13640795626419955,0.026838931893166773,-0.24651533035871953,-0.21777822979659955,4,44,0.4875108809166911
members/member_207.png,1,0.26882716299265397,0.52796117620115,0.564583779072434,0.2925512991625463,0.4390443029420439,0.3673382383857149,-0.15548105220027875,0.03372672313995384,4,44,0.5875416533185833
nonmember_374.png,0,-5.9148277751947695,-8.442600723497847,-4.428796926677657,-3.2659736388416842,-2.288414416656042,-0.4999442584963094,1.9608231629135018,-0.23392234170602944,4,44,0.051106101137005505
members/member_150.png,1,0.14402165164428582,0.11848255066283997,0.22870665972860138,0.292156733442249,0.17973304998906192,0.11674443087662567,0.11481194716797383,-0.24359081707586405,4,44,0.505056856446194
members/member_101.png,1,-0.14342430759159752,0.15808038152317705,0.2106681588230792,0.19037624786390905,0.4991507686064538,0.13357943670920402,-0.14323597737012594,-0.5089902333437832,4,44,0.5151368925303972
nonmember_467.png,0,0.6144230865653748,0.48551460846132466,0.4753550346199309,0.32009455291615385,0.255387523240981,0.06722744288594207,-0.25701685241807937,-0.1096069480787829,4,44,0.547485242948189
nonmember_222.png,0,-0.39340413724186307,-0.22736974499721052,-0.6301904805830927,-0.7809744601173856,-0.44904088140215803,-0.06320148821673621,-0.13892921780683798,0.08465072997393808,4,44,0.484763615189241
nonmember_315.png,0,0.37646119764356945,0.5793874905742955,0.1101780073307772,0.0023570561813466284,-0.21158347867475147,0.08155586676238169,0.0038450026291556583,0.19311557639000387,4,44,0.5528781267555943
nonmember_287.png,0,-0.08373979618476546,0.5533915330148818,0.3589838914289354,0.2210277315830873,0.4657296748353965,0.3031434008628886,-0.09381843429583103,0.1710115074324614,4,44,0.5830292120449524
nonmember_210.png,0,0.32572832158317144,0.28339831374936386,0.3664779906321387,0.4308261501513866,0.5288571452758983,0.17554596405960066,-0.1303941565681681,-0.03863714938296159,4,44,0.5311153231583801
nonmember_96.png,0,-3.673307472505078,-2.624234808168469,-3.1645032196825937,-1.109744713318844,-0.04724923316764862,-0.048955396561491504,-0.053039944801478,-0.14103807145091984,4,44,0.22436547462255624
members/member_279.png,1,-2.351827051631676,-2.0060738821455604,-2.162347102355889,-1.6296795489593316,-1.5689832327037068,-0.2585909084803122,0.037137222645287515,-0.09308806563296734,4,44,0.31206760551457713
members/member_30.png,1,-0.4781947318690083,-0.42846301614508997,-0.5421535434318159,-0.06136381424977699,-0.2867496682036865,-0.3849801126999237,-0.2785259934718143,-0.2253250583167139,4,44,0.4134528461158096
members/member_76.png,1,0.3213042139857074,0.29397978594491914,0.09290030142689121,-0.019247178319076852,0.23716128448161822,0.14194650020764588,0.14761237321850285,-0.22757702463992313,4,44,0.5208605674014082
members/member_382.png,1,0.5591632484191984,1.0861356777548434,0.043095413727936904,0.27663964474632863,0.4415509480069937,0.8231441016763008,0.03893070944910004,0.10981350343042884,4,44,0.607947438842723
members/member_16.png,1,0.46867245033489047,0.2365569049976246,0.048945347424280694,-0.12839821695818943,-0.19470676830071287,-0.04741848551568939,-0.08599441531903285,2.9533150822075624,4,44,0.6073801515320018
members/member_89.png,1,-0.2669164706818048,-0.5549696434684561,-0.05969745582784025,0.261199472911664,0.4023567777462098,0.3224377675974637,-0.1388903518756699,-0.1613525983983113,4,44,0.4654115848506261
nonmember_257.png,0,-0.1507414739439903,-0.22144745017155731,0.1768606955557006,-0.13790803226010473,0.15147407147712144,0.2423217217321012,2.0423749665928055,1.1514352494801487,4,44,0.5198960515889276
nonmember_104.png,0,0.0638775058161487,-0.04962630362393261,-0.07478394812119094,-0.19050729306647707,0.3758497274180068,0.9874495488033843,0.7740814060617871,1.0894894834173954,4,44,0.5815144491921694
nonmember_67.png,0,0.14789434592105355,0.04239581155995431,-0.6993855667999886,-0.3707404919207491,-0.6461414860160559,-0.08363759206527543,0.06386107917276895,-0.6073577409141784,4,44,0.4387021462393825
nonmember_272.png,0,-0.00752251923404712,-0.06061828310061923,0.23171902881259143,0.1979155446413028,-0.35217129787368684,-0.11913723902883078,-0.0911579223919885,-0.4886740960699205,4,44,0.482546758678218
members/member_463.png,1,0.6202918642508317,0.4293117787129672,0.5123313560065976,0.47193138541176527,0.2855774276867047,0.012503371392157625,-0.19704925661268557,-1.2600993069027728,4,44,0.49732980066770166
members/member_115.png,1,0.47753442818949043,0.584832301537439,0.21620760523500415,0.3323719664918481,0.20647671111119026,0.029133651379869896,-0.0816587176400505,-0.049638234678084814,4,44,0.5320893861087488
nonmember_420.png,0,0.4965686388620969,0.7819038772669673,0.5136923759747187,0.38147385465262795,0.39826273180942673,-0.007681474532266641,-0.07071267963673922,-1.6261016730884235,4,44,0.5142312947400544
members/member_93.png,1,0.5181027449894908,0.33776929235057507,0.2502397385127204,0.11293266266544055,-0.1380503384852405,-0.2820823991962831,-0.07374195804745298,0.17917697484494433,4,44,0.5152829762963537
nonmember_494.png,0,0.30260156658458026,0.19038485885421563,0.4634039588404364,0.22019131642735612,0.33084138171146726,-0.12204650154522234,-0.23439623354967498,-0.3160529567736914,4,44,0.5180199630189637
nonmember_354.png,0,-0.2602496919565147,0.16709323296483714,0.38606967906921064,0.17011246070024555,0.3801834274622644,0.2505631732135569,-0.21878267079716185,0.05057325868894136,4,44,0.560092619308436
members/member_262.png,1,0.5925059350069395,0.28955977495358587,0.4893097286003898,0.25193351703124733,0.3431302510484633,0.05435786449420821,-0.17364662969247213,-0.02643229899189148,4,44,0.5388302914465721
nonmember_442.png,0,0.5050416783057865,0.1763841555862542,0.5436239029316834,0.3615662534308468,0.18409737449593333,-0.2927849992949092,-0.23246268761172573,-0.19375245544867692,4,44,0.5045057485421334
members/member_26.png,1,0.11709305640372847,0.06696189803482744,0.30694747135317657,0.05304748319233887,-0.2724472767281414,-0.19193043929474918,-0.2081718000688424,0.2112318824306776,4,44,0.522075854995393
members/member_4.png,1,0.5333960254850512,0.4246347234949184,0.5519786547990377,0.36186274690339904,0.3754185641782506,-0.12922230925368972,-0.21220551484562922,-0.0015753574814398874,4,44,0.5381755373872084
members/member_45.png,1,-0.9874052750056586,-0.7172522686132872,-0.8418567577848588,-0.36944478034627437,-0.24800079422550292,-0.2384528351356341,-0.23511830075536544,-0.31331686675172765,4,44,0.40242396576879547
nonmember_8.png,0,-0.4360526097520365,-0.23531216509733577,0.2580396784095904,0.29998702101087327,0.3525625807639292,-0.15864517855684213,-0.20952540407357212,-0.18645556495858884,4,44,0.48382053053532975
members/member_33.png,1,-0.5382549515790549,0.013074031902874594,-0.06330820901123202,-0.003908301945001469,0.22255193497362402,0.09537328804655143,-0.11768532381864638,-0.18161276227510736,4,44,0.5093244013794935
members/member_370.png,1,0.23307810971350884,-0.0011430953617002082,0.04821007645516273,-0.05782695723908038,0.07413398402131577,-0.31098149871923475,-0.28281050389470863,-0.05690615285021128,4,44,0.48460001659445656
nonmember_296.png,0,-0.9754704110937946,-0.6123845681754632,-2.4602773716879867,-0.9596712860338177,0.1621617541332374,1.4012460745685091,3.5143721353521604,0.744269523941619,4,44,0.3791797846973934
nonmember_464.png,0,0.14148234870397092,-0.384000847853895,-0.12375781606288605,0.11171607312859866,0.18581696832275885,-0.073464020563625,-0.217475488564566,0.027947957085244113,4,44,0.4536349463110061
nonmember_418.png,0,-0.859353723091596,-0.7940929979900901,-0.8293478919655737,-0.5885598932604146,-0.383361684694981,-0.028041942740009596,-0.18769324442250657,-0.26385460291071805,4,44,0.4210939480952289
nonmember_178.png,0,0.4407168769525489,0.4260127633409492,0.6754392715271611,0.28489091929282884,0.2642708294928733,-0.024869708412415648,-0.18067797718168954,-0.10777300880700924,4,44,0.557118967694868
members/member_265.png,1,0.6209261742248744,0.6078964639726347,0.5482517486547285,0.47291658483521726,0.4243458749670648,-0.11595690761793254,-0.27040571608312014,-0.017738903525973626,4,44,0.5445114629386096
nonmember_359.png,0,0.2777587430500925,0.3025763000686501,0.13172587554472415,0.2110593371507914,0.5039699111443627,0.09501683565268504,-0.17977719357465372,-0.22624421938789663,4,44,0.5162139881966455
nonmember_173.png,0,0.5799549216886173,0.38252100891770624,0.42070326989194884,0.39807130687926806,0.054685088639833346,-0.25668331808740774,-0.035771680738784006,-0.20517934847080888,4,44,0.5041196365071556
nonmember_101.png,0,0.3253460928968348,-0.13007864288771875,0.35035879878439946,-0.21405009125234553,-0.009275663853214766,-0.12828079912471413,-0.19688592079978395,-0.0036744178715109044,4,44,0.5181736486810578
members/member_144.png,1,-1.648495029209073,-0.9193417994047244,-0.17381623460278872,0.3078557299603464,0.3413138540345173,-0.17151975614776038,-0.2026514926191778,-0.06117759127631306,4,44,0.4292592621924982
nonmember_72.png,0,-0.005576971228407723,0.1330618787569975,0.15014693225023645,0.2760060483132407,0.36002172266539034,0.018579406578321134,-0.13036473016617567,-0.031790424189570565,4,44,0.5085229921699704
nonmember_80.png,0,0.3694847671536854,0.3284773051903698,0.3063015945712029,0.21150785055037824,0.4623834810300109,0.3170928972440006,-0.15454101392352904,-0.23615206944374023,4,44,0.5438823158977425
nonmember_138.png,0,0.3486256929710554,0.4010782535052515,0.5802160320214695,0.3735940791564323,0.4304334529810072,0.22416758690661176,-0.13074228384602815,0.13530423113775303,4,44,0.5675969314731755
members/member_152.png,1,0.33406718764740573,-0.488454559004289,0.19061015000346737,0.12898197006728118,-0.9569505936866203,-0.1258848176067362,-0.139772821119716,0.3504501691194628,4,44,0.4735215637089256
nonmember_197.png,0,-0.282369375951498,-0.012624957402096904,0.16918440833178616,0.2530349099833695,0.4186430432492192,0.49348744393700805,-0.13951654740335506,-2.3404383375857027,4,44,0.46553022067991223
nonmember_473.png,0,0.5310384857972479,0.5279757918553227,0.658486844992217,0.42968731208324673,0.24800417668179708,-0.08563543945289886,-0.22247575694687782,0.07985765858236693,4,44,0.5561666672328434
nonmember_42.png,0,-0.33849040137799147,-0.540634364017246,-0.4352804331633937,-0.23906986210716452,-0.1645038699006629,-0.4343920709304614,-0.2696413567732945,0.2128810491034132,4,44,0.4302928846598685
nonmember_0.png,0,-0.5312051602519894,-0.6120876133516422,-1.0606242565397013,-0.3303662345388081,-0.8017417037208423,-0.27129302721564486,0.1397319291436392,-0.05604356860464499,4,44,0.3812842029857516
nonmember_84.png,0,-0.10302794618738398,0.511132883641491,0.6361072694634538,0.4259510621932616,0.4871269637323836,-0.1366832816417185,-0.17867377626783032,-0.6133107642635496,4,44,0.5403085447110479
members/member_301.png,1,0.49328040093699066,0.021385505021719098,0.24426426875785046,-0.19999571289576368,-0.8562933611306436,0.12079592438068198,0.30618284562462295,0.262197479697436,4,44,0.5324731577393399
members/member_199.png,1,-0.09547014515127206,-0.19701697799419904,-0.059685786837668786,0.1400666702636082,-0.09187307085397034,-0.19754883715723537,-0.233392174069869,-0.4347189216669527,4,44,0.4535034107270177
members/member_162.png,1,0.33039531095265584,0.14309310307405632,0.2936208574490067,0.13675624113334273,0.1147183156475462,-0.07120915581718634,0.0003252052297399999,-0.07899637906753565,4,44,0.5115046427959873
members/member_106.png,1,0.5240794300884914,0.43774532560915125,0.5144198698757427,0.396975977456842,0.44365240250244575,0.09154344825280525,-0.11161784629262694,-0.027282874546230573,4,44,0.5460233006518237
nonmember_441.png,0,0.18249416301084675,0.6002281204645112,0.5389465217368063,0.4762074623053021,0.596168987179551,0.39021813708178765,0.0012955834773569208,0.1423343995530555,4,44,0.5842970932869787
members/member_79.png,1,0.6603788070231711,0.8760994110371292,0.5273558655058888,0.47676760088507786,0.5081164132547036,0.5031378294457438,0.15153351626238365,-0.24480141507118525,4,44,0.5852857893335774
members/member_2.png,1,0.6296101176044084,0.39600886328253226,0.5053798456729268,0.2217726778914324,0.05044465969170808,-0.33813677141448295,-0.2768617923263843,-0.43817467020021184,4,44,0.5122447269559405
nonmember_177.png,0,0.11752377693263849,0.14937983519687936,0.04938955997189565,0.06314458947112644,0.13766951927331572,-0.19681509497758665,-0.16688508546382064,-0.09771634630723813,4,44,0.495179399547481
members/member_176.png,1,-0.40732606799684845,0.07110052027911884,0.35893768766734,0.2532268533577611,0.26980148568415174,-0.2055914592193986,-0.2313253093396348,-0.13408367889353912,4,44,0.5145893715966193
nonmember_180.png,0,-0.5651852815061085,-0.7006851673949117,-0.14060639144391684,-0.15356399020112566,0.08394663687726034,-0.14783352272254202,0.3372845087994154,0.022928465978151458,4,44,0.4429765609422075
nonmember_234.png,0,-0.42197434862772676,0.19055081952799036,0.3364360763580163,0.31615022178783736,0.38150941549060446,-0.06772362574591018,-0.13693832502048853,-0.04679261039283755,4,44,0.527966348939205
nonmember_297.png,0,-0.009320870858950059,0.31383755076402764,0.6057342222012272,0.12971664386378245,-0.3030475033307294,0.15885045807948206,0.5653756721076588,-2.303661781790659,4,44,0.49071750743737524
nonmember_63.png,0,0.26524756341356737,0.3358210406498454,0.24458596070946603,-0.1603299369491502,-0.20352482036548913,-0.2868087249282434,0.013336476622998639,0.07444619967498589,4,44,0.529255105321496
members/member_250.png,1,0.45274835826351634,0.29371143255429333,0.4966257772268978,0.3185693259552451,0.2957543940578411,0.11324284696679676,-0.2084349216919481,-0.023574255343641326,4,44,0.5438124322532594
members/member_95.png,1,0.47191977204736624,0.20658928466993043,0.31575344528350735,0.2400982915560821,0.18441489364352126,-0.2814685939524999,-0.2819519436817899,0.12827273718036736,4,44,0.5074370889563823
members/member_413.png,1,0.5706172380002266,0.5248536829637147,0.5556528398091833,0.2776021020128736,0.25134544180274077,-0.07192651372312397,-0.19183368665891276,-0.15130033488950279,4,44,0.5480750981004794
members/member_423.png,1,0.5505728391023887,0.4189056648199925,0.27630137148916445,0.3450623470197871,0.24967197019707132,0.19644177666606133,-0.18039279066503777,0.024503335945208704,4,44,0.5381748842078141
nonmember_332.png,0,0.42433740512338236,0.409016434424712,0.31447900374455307,0.32162899429537006,0.2907001953933763,-0.09712452612305,-0.0980938474911559,0.1330892071551144,4,44,0.5267945530846946
nonmember_164.png,0,0.4928622708505799,0.3136501081640315,0.3845906868661402,0.298143019821679,0.19272617102118605,-0.2507814381331803,-0.17442161608620488,-0.03630808653414519,4,44,0.5116950325520869
nonmember_195.png,0,0.4996930714088359,0.135471944061885,0.5215453305988604,0.43093316297848094,0.42179911565304895,0.4617117336348411,-0.07179967740128657,-0.29353347839693367,4,44,0.5392511810528051
members/member_43.png,1,-1.1272450957533147,-0.40357250932667244,-0.178169228423382,-0.3557207744198121,-0.021285270199024264,-0.14646358054138808,0.2112337871544181,0.5652684633751948,4,44,0.503123391985313
members/member_338.png,1,0.3545060387388552,0.4037267807947247,0.5594910928375483,0.5282456209655417,0.42649472299823454,-0.06229228088060523,-0.1550250363001382,0.06446942748867812,4,44,0.5374776413996819
members/member_305.png,1,0.45887074037516973,0.31062054130386674,0.5322204441944884,0.4005157483649393,0.2534324049843457,-0.2592933649310023,-0.1564217731923776,0.011128982761973383,4,44,0.5190179327669081
members/member_469.png,1,0.02261756899426004,-0.5005406274620827,-0.8535174375161767,-1.2026232776259573,-0.6805025819577848,0.3387073408074599,0.9409626171395411,0.2930626216630481,4,44,0.47337515230408433
nonmember_21.png,0,-2.6133732545550608,-1.2336947971034329,-1.310666881443177,-1.1099579578923615,-0.37912139242996457,-0.08981341884743088,0.14834215420936125,-2.841158210197028,4,44,0.3303172151187753
nonmember_306.png,0,0.29274542082961563,0.0008605343786154407,-0.16365291801881154,0.02218536308311725,0.10535487720950698,-0.2711300776196204,-0.25625640138868455,-0.10008482971967592,4,44,0.4630510222680766
members/member_110.png,1,-5.629848292120921,-3.9271595367200813,-4.213346219563895,-2.012991755697288,-0.914205271406884,0.5115157700257535,0.5641097362624481,0.28846230167542863,4,44,0.1931291559313996
nonmember_369.png,0,-0.36301596636204003,-0.8116754051892303,-0.40309187395740187,-0.3352961370472549,-0.4647069143186231,-0.04366912866846473,0.07782991682573304,0.16798813021724612,4,44,0.43720788600130284
members/member_302.png,1,0.6178513567268844,0.7435550740570864,0.5599662057816888,0.5446231894545992,0.4763202101950763,0.31612118559839697,-0.09026849940490322,0.12500096728861188,4,44,0.5800890359212291
nonmember_18.png,0,-0.3381129253147148,0.30221560674268666,0.41481639288836636,0.3810717276820039,0.3155962885996333,-0.05839870441476158,-0.2083834916542635,-0.3690572754290926,4,44,0.5289357343325876
members/member_411.png,1,0.46804722713481306,0.4236574892106453,0.32726633053103216,0.15790738674448868,0.03552297415467898,-0.2509252284043386,-0.1804179623107709,-0.5586925593951362,4,44,0.5068126495704472
nonmember_428.png,0,-0.8874199801328144,-1.3612221787321108,-0.921981498923218,-1.012700665740363,-0.5049984509893335,-0.3125290578739657,-0.24051045201045707,0.026467631919754986,4,44,0.38946497455027623
nonmember_74.png,0,0.4012855676187632,0.3443435540232467,0.33834127391416846,0.3054559641387664,0.02236903222940345,-0.22764188215134773,-0.10858365780984691,0.1042523289904489,4,44,0.5166475470134118
nonmember_147.png,0,0.4427439395981647,0.16012058475314772,0.5048351376533842,0.15261940899071202,-0.17173333019778703,-0.41835062086502006,0.013432068208777181,0.48513731716466424,4,44,0.5214933055507249
nonmember_249.png,0,0.360281822177297,0.32321202797325066,0.3441639954525977,0.0658878026661105,0.04325600402066687,-0.06864980074214255,-0.12951038048824248,-0.4842434408297551,4,44,0.5215390688283161
members/member_477.png,1,0.5017739730736648,0.18548507292411998,-0.08163952084235682,-0.039573486164817595,-0.18287822870434312,-0.30396263860163764,-0.2510570226944093,-0.16335587271095253,4,44,0.4777887519788529
nonmember_109.png,0,0.3053677121380374,0.12111652216605373,0.2000349412351743,-0.07789352428949892,0.00539094917363947,-0.09659755981981011,-0.21612363234429033,0.6450592831189281,4,44,0.5399224593205497
members/member_385.png,1,-0.4278600043490677,-0.6271022744262886,-0.1995144417378536,-0.26329438053140164,-0.3059476975784823,-0.2239354421271349,-0.22325593748901174,0.3852309436648991,4,44,0.46444140333169115
nonmember_25.png,0,0.20022658092199075,0.04134927316414361,-0.19712508415230312,-0.8468207347765837,-0.8992071896807721,-0.4111495446376012,-0.04298066247889931,-0.18966996093424093,4,44,0.4967834999433698
nonmember_430.png,0,0.07452874295611878,0.25693726785197146,0.302257693059631,0.26537236143476406,-0.07331788758607694,-0.20487060332001583,-0.34904347546771053,-0.7215538756241111,4,44,0.4969857081662561
members/member_407.png,1,0.2668203723858098,0.19899984978168517,0.13895777436744705,-0.0047312527554428385,-0.11561132505336236,0.03883344799171251,0.011822681864737561,0.7247771128091953,4,44,0.5445876236521361
members/member_170.png,1,0.482236434688299,0.3003763249286142,0.49718777312971607,0.18933231217552748,-0.39769821413908524,-0.2607661774162935,-0.16858101917527968,0.14133556965050253,4,44,0.5315991316640922
nonmember_399.png,0,-0.7104550741450839,-0.5282746976427166,-0.27841143354655307,-0.4608889807999095,-0.1534002367729217,-0.4041088596394262,-0.04000909129955499,-0.3510047069039697,4,44,0.442746996148682
nonmember_271.png,0,0.4227875015828739,0.2551929351671278,0.3017414994139078,0.15337706448219368,0.18315942530965135,-0.22850672392884253,-0.01545726173219375,-0.031133233637073765,4,44,0.5085880559463508
members/member_63.png,1,0.11546230307746264,-0.09567198703404944,-0.12140367522331053,-0.16766886304704487,-0.44516178029664744,-0.4597836773959134,-0.11225288863761662,0.6494970496132089,4,44,0.48261024215293763
nonmember_242.png,0,0.5236260017865382,0.18485370277704716,0.2672221966502044,0.17026548414806086,0.16393061368753425,-0.009305964775111697,-0.14495659800828253,0.013298216158700527,4,44,0.5163087646453933
nonmember_312.png,0,-0.827111693250798,-0.07021031747389417,-0.1857104080571248,-0.1811647588385017,0.13897648835968246,0.3723573781510625,0.031664604315220224,0.13612591658391704,4,44,0.5345299051816098
members/member_42.png,1,0.4943555956001653,0.874274671863037,0.4326780824197658,0.38957837623037506,0.4542400562646476,0.17847928488623044,-0.05717531301809853,-0.05574113736364161,4,44,0.5747236554459895
members/member_195.png,1,0.19618557932588399,0.19799546979859528,0.12205439444138388,-0.18215575998285116,-0.2482494603867833,-0.1408079002161502,-0.3768742398713876,0.6021679747594941,4,44,0.5462792941438009
members/member_138.png,1,0.3839902555523813,0.2254204725969715,0.28072248490064977,0.006728633977323817,0.15708063565866137,0.6018456223817781,0.138793577020361,0.7800492789538165,4,44,0.5897765959145121
nonmember_31.png,0,0.49028570029478535,0.42019562860312965,0.5061631025078484,0.4062988429633081,0.37970197859135624,0.05737783861131529,-0.15784630517169784,0.024134238666665198,4,44,0.5447376145957805
members/member_219.png,1,0.33733250416155025,0.05631283885900551,-0.02160922168972368,0.08760561706635261,-0.09130070998432949,-0.28868875134264105,0.10388279232674957,0.14167997557165535,4,44,0.4735492035965732
members/member_163.png,1,0.1718568386649313,0.21615485755004338,0.309881807687979,0.19337331807911262,0.291016611983288,-0.23185825477292088,-0.239527891725694,0.00314359113470708,4,44,0.5147069255263754
members/member_156.png,1,0.4040837717908268,0.014141807360946057,-0.2718854427944364,-0.13335427819183465,-0.5770533910117788,-0.28344419935232734,-0.2974859243690262,0.03565073820933229,4,44,0.46675210609141826
members/member_133.png,1,0.5399864583642153,0.36825839934151805,0.46834639476284456,0.17618134842947963,-0.221135206818726,-0.4731688535038385,-0.4018290668023674,0.6545027463914987,4,44,0.5399913458698867
nonmember_353.png,0,-0.01657108222763881,0.12222105276200734,-0.021399862230511157,0.33008030990133896,0.02704218929600888,0.006902198998065323,0.0809731664048634,-1.1961336452068911,4,44,0.45052524325057247
members/member_109.png,1,0.36895406823848464,0.3751473796804623,0.18181138044337208,0.14758013086734678,-0.036395440092484854,-0.01659890196004099,-0.2524721794255127,-0.042878583284508665,4,44,0.5276133963979287
members/member_130.png,1,-0.32429123966635354,-0.19099915102975507,-0.3391028357679602,-0.41573614778180623,-0.09568667965284394,-0.26091058603962036,-0.16513442726162353,0.042711604758652655,4,44,0.47529339093771905
nonmember_423.png,0,0.3217048862881824,0.21225151438440815,0.26290136836364164,-0.0944248834345327,-0.23171085101383326,-0.26123225475310186,-0.004325792281115071,-0.3574337027710719,4,44,0.5058091693536778
nonmember_387.png,0,0.5327445904511126,0.7831709114382392,0.5420425144566883,0.37218976148104277,0.20708316152262185,-0.1973693804059149,-0.06722980418282098,-0.11281198716212071,4,44,0.5515480189173834
members/member_21.png,1,-0.04788536660667342,-0.503027706679414,-0.40656351890328457,-0.27233111821417477,-0.1914507006801922,-0.463552682744373,-0.14134999079735877,0.15920574455463488,4,44,0.4249401608049991
members/member_55.png,1,0.023177427278818108,-0.10598278246468285,0.19528132087788075,0.06371876571272228,0.04837518317930911,0.02765129356330842,-0.1450021959303367,-0.17532359108789208,4,44,0.502810943009104
members/member_414.png,1,0.21449655326301365,-0.4769051102694948,-0.15433502772565344,-0.06303976724162341,0.21211947013268517,-0.030459316827201377,-0.1829664231999324,0.0020225425096249694,4,44,0.4536591818450081
nonmember_276.png,0,0.1383560382592144,0.2695995745396136,0.15730879103008633,-0.213574519991516,3.9613868942647072,5.079554772587742,3.2109209234617184,1.5437575509380679,4,44,0.8039704006412035
members/member_353.png,1,-0.08177879500956431,0.22416154754018658,-0.016408113611377395,0.16252877929826148,0.14076346646011206,-0.2024116297462868,-0.28487498069817363,-0.03974620447887389,4,44,0.49789411095440345
nonmember_378.png,0,0.3766683102308934,0.5625438978325081,0.4566767179135076,0.43703205573197357,0.5712174597737971,0.11919310384875104,-0.08289489905205283,0.06630749101000255,4,44,0.555080589738444
members/member_493.png,1,-0.14500990491378873,-0.2921632445314666,-0.545407146472503,-0.16842649717440006,-0.8201400245023462,-0.4770724192829192,-0.18767293577077737,0.2915433272182897,4,44,0.43048099924369854
members/member_492.png,1,-0.793144072913115,0.13042993868603192,-0.97457946095055,-0.1400881488713006,-0.22592149663737437,-0.32726346892155433,-0.20652334235599312,0.08594875629682797,4,44,0.4406973715398192
nonmember_22.png,0,0.39657443460288366,0.8192831522411219,0.10551019468844602,0.2839610800640724,0.5663822252390429,0.45021750616318235,-0.06549765370825522,0.10515003045927429,4,44,0.5752839546236119
nonmember_402.png,0,0.42913256517848675,0.15276034860418575,0.19153954550750063,-0.012576835704720235,-0.27896172944516895,0.12477537578723918,0.6813246969014886,0.7233487630389988,4,44,0.5352432459406048
nonmember_235.png,0,-1.9061443307403554,0.33447246914989703,-0.00949400311460824,-0.02202554623830011,0.23528306956142764,-0.07496658798846578,-0.36941111341353494,-0.0014548447236428785,4,44,0.5650049221079795
nonmember_53.png,0,-0.4965795139000062,0.14117004467849759,0.06668105223463527,0.2111215306555536,0.11593887052419038,-0.19108921161283643,-0.26433539459273625,-0.15984556740151223,4,44,0.5013648910136312
nonmember_229.png,0,-0.1364673492411952,-0.3277167800031249,-0.9748347768997152,-0.8083625852204404,-0.2008260909592341,-0.3543591500029839,-0.3275140956523943,0.10159432319152817,4,44,0.431213872434617
nonmember_198.png,0,0.56941229997918,0.4925592758029942,0.5150557904016404,0.35129547811978945,0.25677234000944615,0.08937321074948112,0.5394105691986688,0.38726399827970504,4,44,0.5517138909862689
nonmember_328.png,0,0.5819849763835565,0.30345511833090466,0.33806307593554985,0.06149109703008104,0.1705364009344521,-0.2216178797431727,-0.1900932456600728,-0.28032794294744523,4,44,0.5125514477280707
nonmember_220.png,0,-0.4149483710778834,-1.074040944483007,-0.8318786398133176,-1.1695807653891608,-0.9375108220687398,-0.05602432792266576,0.016407247188521268,-0.11030565434854189,4,44,0.4225333701674582
nonmember_151.png,0,0.08898688626082674,0.23830780257734574,0.3287464049409574,0.1707921061062434,-0.2551779541178396,-0.4600897629930012,0.2251835794140682,0.32605808869345587,4,44,0.5075839514786364
nonmember_194.png,0,-0.5052396978714264,-0.43303829698942886,-0.18878191298486513,-0.05335948385501599,0.09411040944524274,-0.08660986870740839,-0.1910770470370613,-0.058128285102560184,4,44,0.46326387349408005
members/member_312.png,1,0.3427825863798786,0.11837418510233277,0.34995087740691844,0.059049574232841184,2.3477613879624695,1.1304772513177301,0.572254323104965,0.3343641719679704,4,44,0.5940173423232391
nonmember_406.png,0,-0.07392467792670843,0.28291066013078847,-0.08521903791603025,0.07617868754030965,-0.14264582641248502,-0.20527435616279366,-0.12292285180690943,-0.23547167625789367,4,44,0.4919185355899133
members/member_313.png,1,0.46338476682354335,-0.5577259291302097,-0.3665936003942347,0.34055495060951735,0.41824484709268894,-0.15995370807450193,-0.20059209480460982,-0.025483544252765,4,44,0.39626882271487734
members/member_362.png,1,-0.11032067931843326,-0.06099271035832787,0.19524262907416112,0.0965760085394054,-0.15107462211382927,-0.17586889578315112,-0.11795007214570052,-0.10776077842118514,4,44,0.4955527752272613
members/member_320.png,1,0.4654243497358743,0.8069080469744199,0.0892631258203096,0.31991731792530276,0.3189497902049321,-0.0554221743198271,-0.20446124105208785,-0.008540037319639815,4,44,0.5365021493443703
nonmember_339.png,0,-4.563301640165882,-1.891117848113315,-2.276901091058953,-1.5822428403671442,-0.19288739249486975,0.2605042898803518,0.607354033531526,0.28142040951897407,4,44,0.3798206303197908
members/member_402.png,1,-1.2362071899843425,-0.6548017363716971,-0.8961702822364721,-0.8830487348634093,-0.32920292914077365,-0.19605279687784272,-0.13324673046704305,-0.12472493675603236,4,44,0.44087143241338606
nonmember_481.png,0,-0.5024667112605605,-0.3075397757503049,0.1615026354888922,0.1995375978963767,0.3832428792185656,0.030060896705278672,-0.012040692718242596,0.036881211616145215,4,44,0.49322909850660235
members/member_211.png,1,0.3788939342405593,0.40297827685736864,0.5502732897455864,0.4656208029456268,0.5474965755408436,0.1220659562826647,-0.11532725125135102,0.09534479894165138,4,44,0.5515318793121384
nonmember_247.png,0,0.019774036094231784,0.5659315858374776,0.09312295222615008,0.13245995875960004,0.3150512266265082,-0.01623292247601693,-0.034923710381160156,0.037984904320429,4,44,0.5397133309846921
members/member_295.png,1,0.614260314006815,0.5811815370365054,0.5801776066827977,0.36563503749869053,-0.039676744425177546,-0.08581091215813252,-0.1702395630853566,-0.05915852500717378,4,44,0.5504882597978247
members/member_438.png,1,0.43192485336818365,0.46546801426153284,0.49103986599224303,0.4655624978200046,0.4579978033649805,0.03910133740104982,-0.13699649454287677,0.003817420630396029,4,44,0.5424242615437863
members/member_342.png,1,0.5863373509980363,0.3662682141824174,0.31742521422478953,0.29973512263919133,0.18585660686341043,0.0190275468679717,-0.17491130975473013,-0.0022862798801179807,4,44,0.5268925143706474
nonmember_245.png,0,0.5901536685268072,0.20999609427790444,0.4812710272992833,0.13853806743621178,-0.18941576706029917,-0.08689678761009834,-0.15000720740986484,0.7748433787050697,4,44,0.5548750823000912
nonmember_227.png,0,0.5216280139366045,-0.1968200310783561,0.24261591032580476,0.3766021968272826,0.3478443242608389,-0.17862374827277616,-0.21707310305591854,-0.05665493608553618,4,44,0.46418027005056123
nonmember_167.png,0,0.10754921692984087,0.40876968914144785,0.2712670738650944,0.08343452201386237,0.3601012331366755,0.39195462598017716,0.1620531270019936,0.2785785655611379,4,44,0.5736824550284827
members/member_165.png,1,0.31310805140368014,0.39496635367169564,0.517408361645443,0.3112810398911816,0.2984409233686858,-0.059298232716275656,0.025220658641201155,-0.08450719744105584,4,44,0.5380435989487421
members/member_397.png,1,0.20342901081979425,0.02110271514419315,-0.2638623833535134,-0.1906195080740094,-0.7579222368165146,0.19537286855974179,0.4213749617903062,0.04942437921569898,4,44,0.49319617285058653
nonmember_255.png,0,0.6533293272996139,0.4861600655892606,0.6053992428205657,0.38447405740028984,0.289815482881135,-0.20785738599778458,-0.1574260844061781,-0.03398960632673109,4,44,0.5359590535664724
nonmember_59.png,0,0.1023333754894522,0.15875044285475326,0.17998722155711988,0.04143736968511824,0.07250012581971443,-0.21821885495694726,-0.20243611349103574,-0.11689600540952494,4,44,0.5065619807990673
members/member_468.png,1,-0.26770387831889986,-0.04251760867031651,0.29431934497397316,0.347738544587207,0.36806711058634356,-0.07191109358189074,-0.21787053249622623,-0.3471473882064515,4,44,0.4951113634863434
members/member_263.png,1,0.3881165175664685,0.323302179924156,0.5192378783715683,0.43184607858006796,0.13403111681618984,-0.026408114942115368,-0.2548263396018635,-0.03805567256417586,4,44,0.534640391560497
nonmember_66.png,0,0.2527810936493622,0.14080427264907236,0.25518670707752733,0.20785332595905537,0.1854807365814235,-0.2785056766326637,-0.3492802345129187,0.21331363496265077,4,44,0.5084418411976271
members/member_396.png,1,0.32203496962068145,0.4474638246527749,0.4284101623854717,0.5424754750532728,0.30140729673097777,-0.009892862084451615,-0.13671653423628172,-0.03988660695804391,4,44,0.530084087425917
nonmember_435.png,0,0.31143063541763105,0.1238330424048435,0.003995020905063651,0.18813043033407606,0.16485140891149186,-0.2299251863423306,-0.24400967545904528,0.015271138153993391,4,44,0.48190184534221675
nonmember_327.png,0,0.14027904119194856,0.4231615737218992,0.4922156829021205,0.27399754379602026,0.21477491101592072,-0.22875032602080836,-0.21642665710658449,-0.14282083113502253,4,44,0.5355545163368366
nonmember_463.png,0,0.5795613978996412,0.6108000639936475,0.6016110611240215,0.28936562300172364,0.418564062393175,-0.02830796821419579,-0.10299863112292229,-0.11128799111824605,4,44,0.5589759635313977
nonmember_34.png,0,0.5637359677142646,0.5318392491310036,0.6223939899278901,0.4918387176864947,0.2236651306446742,-0.2140547505849577,-0.24019272515240608,-0.08799577663691949,4,44,0.5363712519909686
members/member_495.png,1,0.5489925410973129,0.5025203153037521,0.5788262062499689,0.409297300595187,0.3876979439279804,-0.1392108234825553,-0.15905359667622054,-0.010767373277117187,4,44,0.5409483972068415
members/member_314.png,1,0.42573581369330515,0.5358139218262958,0.6485048659040045,0.5014534883764834,0.5045513145322982,0.2178047616330936,-0.051323085837079674,0.06084702600772651,4,44,0.5696788700876028
members/member_365.png,1,-0.49064206073515537,-0.8710406050938921,-0.506904464978315,-0.13883234561223246,-0.0441859763882011,-0.14661048694569523,-0.25843683143360074,-0.12357101308841223,4,44,0.4076131628571924
members/member_298.png,1,0.25163398733733633,0.31350939974523495,0.3903479552060918,0.14678371590374084,-0.5424288192389364,-0.07816053951825364,-0.05037964172447751,0.0414254572706616,4,44,0.5378672555355617
members/member_494.png,1,0.33428628446095,0.6038207060479226,0.4713456513799059,0.24467450746291775,0.31804419418447427,-0.07659332308938716,-0.1268068133335296,-0.04748730147947455,4,44,0.5550968706119964
members/member_499.png,1,-0.2949205338629646,-0.14111757424409532,-0.018052348777719107,0.0019352948180069163,-0.30081841223207917,-0.5039592101946084,-0.16270997026071754,-0.1118226039262682,4,44,0.46115778110401073
nonmember_132.png,0,-0.00655990428015274,-0.09838468483029983,-0.2066917128195782,0.032751921546990026,-0.38968571018824694,-0.399186743138932,-0.29806483566061726,0.03441332784283446,4,44,0.45582870672069914
nonmember_239.png,0,-0.09940239712622212,0.02558486189940412,0.2194289615952809,-0.18019152301267072,-0.2866279263688156,-0.20603008600539585,-0.09203010872960071,-0.9706445069076093,4,44,0.4886596418482622
members/member_69.png,1,0.2518245503141885,-1.5449428214305865,-0.4742171779602615,-0.1256162929437208,0.36863202007676277,0.216471040404973,-0.019748831366689146,0.06985615901202546,4,44,0.372651074513745
nonmember_455.png,0,-2.3812280057515625,-3.297830683896894,-2.312151949978911,-3.433775369755696,-5.626975143911131,-0.24662479467399434,0.8841796755426721,0.00021378169737396036,4,44,0.3011959836541455
nonmember_498.png,0,0.5658441735471373,0.7036974073605751,0.47991815750068767,0.5307605468790908,0.46192838953177073,-0.09397422186457671,-0.11180576861115465,0.008052358111926061,4,44,0.5429730143674854
members/member_56.png,1,0.5195527165618103,0.2240062471516624,0.351144881501567,0.15128837083472124,-0.10423962507375606,0.03888610335880838,1.477016934805376,7.505331470129162,4,44,0.7185489503534905
nonmember_10.png,0,-0.031164075068280006,0.38397683734292354,0.49283070013669095,0.3129501695281669,0.5093501600584371,0.1813492868779214,-0.12994337511845355,0.08214495628315177,4,44,0.5659406194870138
members/member_435.png,1,0.5732232522576011,0.4832946656576622,0.4502668447229716,0.1870205496681634,0.3426186045838753,-0.005287145816939898,-0.1643001386240348,0.14013360377730155,4,44,0.5542650967703846
members/member_103.png,1,0.23239237494377374,0.15655451822759536,0.20068159150173015,0.1057904821296125,0.17158379285754766,-0.2581635509741309,-0.2580068659756538,-0.3719672728012382,4,44,0.4921760562328612
members/member_102.png,1,0.321725065851473,0.5270207185100362,0.42108340950120615,0.31110513190623124,0.3185737444201724,-0.17719941318366672,-0.12420458880410834,0.07721713093838822,4,44,0.5397452918971795
members/member_131.png,1,-1.2362432018676919,-2.3389228979728425,-2.360609334917872,-2.144426777056649,-2.188681161404832,-0.2838362520094515,-0.2852537380877882,-0.028661425874620505,4,44,0.28890497405797244
nonmember_349.png,0,-3.6133009325972183,-2.4170634083388705,-2.6946747044411663,-1.6302708314462335,-1.073516386059938,0.015524398700290654,-0.006326879936383811,0.2724176538602574,4,44,0.298785712311854
members/member_54.png,1,0.18374296818932834,0.6214603541170138,0.5263321165777173,0.33484636310564087,0.19388474619192486,-0.15983240384050035,-0.129198555226405,-0.2666570585440997,4,44,0.5470601205840685
nonmember_184.png,0,0.5964311549044825,0.488300008364392,0.5039221095646544,0.44443915948398516,0.4041120556773663,0.048223478744770176,-0.28875096426496505,-0.4527172776379169,4,44,0.5321397487776159
members/member_470.png,1,0.17861409386039773,0.24517286017754314,0.41587218548011773,0.4175192169982198,0.2847278325159177,0.014978555444081998,-0.07076832169067249,0.07905757252253753,4,44,0.5285134337082231
members/member_134.png,1,0.15181474446940735,0.16543334363682138,0.3808073541697179,0.14969474709289532,0.09328694000830584,-0.23969788484402876,-0.186888972304593,-0.19644062392425798,4,44,0.512036770756061
nonmember_119.png,0,-0.6931205903494011,-0.6821883869042575,-1.1998986608145676,-1.121521554174603,-0.8213583954758943,-0.052545255592354234,-0.12511488166440987,0.05098764531521294,4,44,0.431824178744941
nonmember_188.png,0,-0.5256084986180469,-0.06122549316600345,0.23092047629831747,-0.025354349992174896,0.002371310020208739,-0.2072788622623829,0.268931481742273,0.6719737560516537,4,44,0.5280635425332824
nonmember_209.png,0,0.5562670796683649,0.44072472501179094,0.5378685721751197,0.40711042717665435,0.355964423113468,-0.120994672523425,-0.20581602584342473,-0.11670059492282014,4,44,0.5321597303552756
members/member_259.png,1,0.6323905647273595,0.3736934148956137,0.5464917970826102,0.3276869880191864,0.4086975134780655,0.33709203238502283,0.13040468497162827,0.13349964585255147,4,44,0.5618184806916515
nonmember_126.png,0,0.47670571626104197,0.5082720656085806,0.6498512787755089,0.485014339895419,0.4599841043479076,-0.07289938929967654,-0.1492566943922382,0.001426322944982239,4,44,0.5488993038641125
members/member_343.png,1,0.49413971840427706,0.45392017863187384,0.5272694147444548,0.44100043634149166,0.31529423408848345,0.04487001794286716,-0.11798882463723182,-0.018140050478452352,4,44,0.5440622973232067
members/member_77.png,1,0.49821874328907345,0.45330577724798404,0.5611853514124143,0.20837777874059915,0.41032428597250625,0.06443641619613949,-0.3068850723060672,0.05984042619501473,4,44,0.5660545139581172
members/member_454.png,1,0.3956462263471039,0.47624781847795905,0.5713157499389689,0.3822282592013071,0.30876456903942806,-0.08144977457703106,-0.13507416780302517,0.06655671896043724,4,44,0.548983980315861
members/member_285.png,1,0.28959470951749866,0.3244618157581103,0.34663476763477696,-0.22930774361897388,-0.28652992105661523,0.042252701713136886,-0.1913734640786977,-0.7616298339448884,4,44,0.5393248282933275
nonmember_86.png,0,-0.954235898376897,-1.6462677774747445,-1.985021189504935,-0.9414119182103606,-0.3638555325520363,-0.31316287483904937,0.447957110708892,0.06568985057976562,4,44,0.28277340695809106
members/member_220.png,1,-0.2722594420073101,-0.4834539632599286,-0.008677184543068428,-0.031338777107236204,-0.17728964888008125,0.32552120638001814,0.659146072525127,0.16482122220279916,4,44,0.4858454213300274
members/member_190.png,1,-0.3216661303101689,-0.29487478292072966,-0.2503683028072827,-0.06272273345035906,0.027137096093017732,-0.17907014986032532,-0.22254162696948132,-0.09827842006771892,4,44,0.45818364886003315
members/member_48.png,1,0.2751364212803704,-0.6996383948287783,-0.39151939196391217,-0.4154285075351365,0.27248332695525246,-0.20027957597719492,-0.23235970355654256,-0.0952056516662152,4,44,0.42344391888707356
nonmember_386.png,0,0.12155451027175257,0.20005078987924518,0.1463914165262672,0.211402688327758,-0.15555359544759728,-0.2823881974245719,-0.2569258266761407,-0.11356473816113688,4,44,0.49472479287792803
nonmember_427.png,0,0.014819718534799353,-0.06352032999524893,0.1518382204468911,0.13024653469805347,0.05038293789719184,0.010594196029775738,-0.1763707162089716,-0.08810766212680843,4,44,0.5012226435288198
nonmember_158.png,0,0.011777141739819807,-0.0036634062799674183,-0.09338134610572224,-0.4561390566416508,-0.32020041882940165,0.15959347905038168,0.5054425711703905,-0.0803959145574229,4,44,0.5142883982055744
nonmember_419.png,0,0.5544133004733678,0.3996459913800039,0.24641827624760415,0.3447728602000826,0.18861094710007897,-0.21126916698288412,-0.22669740842495134,-0.10707181062147697,4,44,0.5043954906376978
nonmember_92.png,0,0.5355219766917823,0.1510107023585867,-0.1657641832942196,0.005172838698921822,-0.2049523154130748,-0.3605731443555351,-0.3045827549709239,-0.5541677523077153,4,44,0.4507384880418916
nonmember_461.png,0,0.14338862620494464,-0.12601035189683474,-1.1522158434687766,0.07187422147937284,0.2050866533608353,-0.07562742652363408,-0.15566665912949063,-0.06268302134824655,4,44,0.3892121878049976
members/member_59.png,1,0.38951258155693713,0.4202427741002732,0.32134880447406244,0.3775158400814531,0.3965141358306994,0.102655819241809,-0.1434722839834741,-0.16389634208190262,4,44,0.5304352552017162
nonmember_311.png,0,-3.0255171562122745,-1.087725584941782,-1.5095811774356398,-0.7561380027865412,0.15206752643049892,0.07006056259089766,0.3356902763456904,0.15975847997753867,4,44,0.40898543412110794
members/member_419.png,1,0.06907293313151008,-0.0013152202481561126,-0.04079683060819628,-0.22428793961948656,-0.06078021823058588,-0.268339060424835,-0.24110770768702317,-0.2504791516291487,4,44,0.4858798048478853
members/member_367.png,1,0.5936581026200765,0.6603241704619873,0.5976217819387113,0.44904628109186584,0.45595216734835287,0.12166579644833497,-0.0674591009757517,0.014272785870821814,4,44,0.5663514051002994
nonmember_334.png,0,-1.0534655083702826,-0.6098177207240219,-0.33683539798555184,0.025348691597020245,0.33266887156299685,0.28357634043160207,-0.06806240230791882,-0.026236730855206503,4,44,0.46875310766096384
members/member_322.png,1,0.06765414902622302,-0.1688817165489782,-0.09804505817187215,-0.4565212481161476,-0.36239560082334243,-0.06784772428594765,-0.18091034053654642,0.35984983814008054,4,44,0.5136012356504784
nonmember_62.png,0,0.13851671813926725,-0.037587231367555596,-0.23668973599461918,-0.48393784284865937,-0.37189446336475385,-0.4155768944894609,-0.3388587097386333,-0.6293974853926834,4,44,0.4609054566297651
nonmember_29.png,0,-1.6843090107854302,-1.095466178368265,-0.458104168583628,-0.2267776434384321,0.04710310712458199,0.0631576985794231,-0.14720629570035193,-0.01537079539010655,4,44,0.4393944774324094
nonmember_438.png,0,0.5365884798417446,0.4889243859422172,0.5377366427832557,0.16632234705397053,0.24435462198688107,-0.12483241319307048,-0.20579688034295351,-0.2951905359516189,4,44,0.5430300522323983
members/member_70.png,1,0.5615033642152101,0.3602788140124509,0.2634123358848477,0.3433002263986036,0.39915931122732484,0.14379379125483904,-0.06865605702923094,-0.208260052196648,4,44,0.5196325097850788
members/member_442.png,1,0.36427687374094386,1.0749290156045999,-0.1521560178283723,0.2818568400441612,0.5208095966414725,0.34515217732256964,0.0032722167094823007,0.24258692835817186,4,44,0.5697951208068569
members/member_375.png,1,-0.3040946476390518,-0.29777904194010985,-0.2529837509764947,-0.4228420091147438,0.15877032508018196,-0.02377050101183098,-0.05982208218740226,-0.00824800876916143,4,44,0.4860661826868998
nonmember_89.png,0,0.18152713634338635,-0.15695162291880882,-0.17720959996518992,0.01407060450890274,0.12862106656032424,-0.25051019336444735,-0.17505700225865795,-0.07449084952755225,4,44,0.4541287241656344
nonmember_379.png,0,-1.5433954029807455,-1.051537929724811,-0.7201978512992917,-0.42760857130694063,-0.3896231423787109,-0.38899082542231866,-0.3363893221225256,0.018083813198289,4,44,0.4058379967476074
members/member_361.png,1,0.22327918248663048,-0.11928325196887757,0.05923737543813479,-0.23702511799364867,-0.5033593771467513,0.21743997227522227,0.06651067449670567,-0.07470326311120346,4,44,0.5152683030941402
nonmember_121.png,0,-0.41322492314155457,0.08225464795227122,0.22200581221569404,0.08339860241122699,0.15450735258385961,-0.03570657190133275,-0.1431965782233755,-0.24210985885207315,4,44,0.5198426065574959
nonmember_346.png,0,0.629096856504431,0.5122860383414096,0.5343102314610206,0.4079989917021689,-0.01855210753426295,-0.23644304948094153,-0.016635872354654246,0.27020399240162085,4,44,0.5368287519264173
members/member_224.png,1,-1.374506019778297,-0.895796636371148,-0.6917067818030813,-0.38150003856180836,-0.6599735094389727,-0.004304531404173417,-0.22748046968538382,-0.12275032758116922,4,44,0.4317395471243065
members/member_349.png,1,-0.009472562528305861,-0.1814972353316393,-0.01487651801240375,-0.04674431309635718,-0.26319637209665014,-0.32209680407190255,-0.30244441252787624,-0.07729589482286059,4,44,0.47091746730991624
members/member_269.png,1,0.4128021513857134,0.0007924663458287462,0.14433147721426431,-0.4899356391956351,-0.32199465821070383,-0.4768941883343505,-0.3092963395482027,-0.13209243533978743,4,44,0.4995275305073805
members/member_277.png,1,0.11740615378925545,0.09758362135868381,-0.02763877292516259,0.03978391144167759,0.4325625057461,2.041419986115594,0.8360597132295351,0.33079192985117256,4,44,0.6247624961828159
members/member_188.png,1,0.08750266432843024,0.09795823799733361,-0.010643206822974705,-0.15261161677208568,-0.0921800973805631,-0.2862017156162029,-0.22592900019357742,-0.017580480509390206,4,44,0.49703298910111837
members/member_52.png,1,-1.524768957523821,-0.43316249999253964,-0.8113126370446078,-0.23537176026121642,-0.0028222767104284507,0.3412959056039093,0.04903395521809095,-0.2437798904606483,4,44,0.4623042874829776
members/member_458.png,1,-0.68404594243087,-0.970428445414401,-0.5141898183961606,-0.5804739735755882,-0.4505067438865207,-0.2736080217767962,-0.12353976208665607,-0.013114008824257617,4,44,0.42026390686844767
members/member_151.png,1,-1.0546784866775343,-0.702614008931977,-0.20900666018132608,-0.5437684101414493,-0.5198101788191698,-0.05769199220814247,-0.24724076954816887,0.905233058325221,4,44,0.514502260791741
members/member_268.png,1,0.5915179182604415,0.544678252634768,0.33205670192824144,0.20923424232157828,0.09542728883210216,-0.2092136406053653,-0.21813609898154862,-0.3207170419000116,4,44,0.521330118812589
nonmember_267.png,0,0.44154843647719577,0.44054202329492265,0.5551083148118776,0.4533853040949407,0.24956788125575446,-0.1734964212506407,-0.17121529362237542,-0.44900399151020753,4,44,0.5190764761674036
members/member_242.png,1,-0.5983715310955229,-0.08220106109176806,0.4092722219893803,0.3973650663839914,0.3534753307233869,0.12357896307871652,-0.19445356049743,-0.1329642498236785,4,44,0.5249713537802693
members/member_459.png,1,-1.0896404145067966,-0.23245401421655343,-0.5384174488134326,-0.9050415384462918,-0.09770248092856981,4.425862351043432,2.710941347892091,0.86786883717975,4,44,0.7516178294473094
nonmember_120.png,0,-0.05280705762958027,-0.0964222922920146,0.29127737622755134,0.19013095639430855,0.35965684519485785,-0.04621965544452156,-0.006573983686427809,-0.10719457132207655,4,44,0.5000043504767425
members/member_329.png,1,-0.09249328057711192,-0.41802650440813816,-0.5683182542182386,-0.0992725837815267,-0.8953111967846188,-0.3995480907102005,-0.35890279098540834,-0.025694700064470943,4,44,0.4140313034698547
nonmember_429.png,0,0.3927370511766277,0.09996819813379343,-0.20253292799573064,-0.17519036101051455,0.002456366047986158,-0.04357783465634313,0.34888065813378777,-1.1971291924279743,4,44,0.4441805853424202
members/member_87.png,1,0.5766225005162235,0.4268878523259527,0.5352727584052399,0.41429661312318533,0.20443960615525736,-0.17423997662320811,0.3384401768385663,-0.15227226132373683,4,44,0.5150468638902767
nonmember_189.png,0,0.4477175483542841,-0.2518651459556125,0.12583828256809593,-0.2628127924306001,0.09844909003012425,0.29975424481504387,0.5184553842648576,-0.13472943361694156,4,44,0.5013883080023398
members/member_450.png,1,0.39280859419700187,-0.5088703027732757,-1.006433079313381,-0.6390890439428341,3.8117045586705913,9.88901774135251,16.931688130830793,3.0544526464292296,5,55,0.889997920311259
members/member_104.png,1,0.47662071065569345,0.6007048645483328,0.4303025305859913,0.4163454454977815,0.05324865938196144,-0.3074946751218386,-0.368327302719214,-0.07485055590692014,5,55,0.5125351589148642
members/member_10.png,1,0.4545993915947615,0.013186079921301719,0.17221380033695022,0.3002016649065995,0.14599080522773633,-0.2833306585191542,-0.3873002310028646,-0.09675653750416657,5,55,0.49951668980382113
members/member_358.png,1,0.3710298597631492,0.48289354938006035,0.2586924114931044,0.021406638502362352,0.11920358213139615,-0.24743452809828792,-0.5629613615030857,-0.11163860741741782,5,55,0.5006690980554579
members/member_29.png,1,0.41973253622117257,0.5992488973164232,0.7285810994230575,0.3606622632788161,0.24194060110766014,-0.08133933454179587,-0.2986696810103755,-0.18517726305454119,5,55,0.548148682095471
members/member_370.png,1,0.4865751381352794,0.2628451653812611,0.32630482973151365,-0.015023655565244987,-0.01288408539950936,-0.35533945907202114,-0.4286433547959545,-0.1312368249378073,5,55,0.5016075752237884
members/member_231.png,1,0.18987627351405134,0.12681237387044808,0.35388261371857954,-0.27741998603848117,0.08582450569772959,-0.24695138438093345,-0.31795471185776325,-0.5581777129191732,5,55,0.5005619740101902
members/member_409.png,1,0.18061975433257604,0.3711532133993516,0.45229267770779513,0.40105156508381334,0.17398467331152112,-0.14123804063029421,-0.2500768042100212,-0.43244346593624083,5,55,0.5190932014559654
nonmember_433.png,0,0.5224927574514573,0.4979189251494325,0.5293336340518109,0.18725250333889143,0.1597724095976023,-0.19368028856507546,-0.39275387054656985,-0.08998451302816513,5,55,0.5275727176047141
nonmember_40.png,0,0.43755536662256844,0.15952217184370454,0.15002740381629032,0.04521191805584923,0.16258393590059583,0.10762470904981392,0.15438612948244135,0.2812088221320632,5,55,0.5232536636662972
nonmember_2.png,0,0.677454689203727,0.5875580353953813,0.6003689716495351,0.4401655010193002,0.18192419599466714,-0.21802326491395618,-0.3960924641933037,-0.02991892751481373,5,55,0.5342884537676619
members/member_423.png,1,0.49577010864100757,0.5950078244223236,0.48235574816779136,0.4172007515264018,0.13564943324886602,-0.061348283114826874,-0.3491944744766684,-0.05112666825431589,5,55,0.5328087252479776
nonmember_135.png,0,0.16770781225711717,0.5456574381973596,0.572915351078116,0.5514833306624398,0.15006610056101266,-0.2006146691523183,-0.47952471546243114,-0.08674390360115236,5,55,0.5318975028825675
members/member_457.png,1,0.14923964017991054,0.5038546026818334,0.7097568973780564,0.44112830350201815,0.12798432360613443,-0.1097805779742389,-0.32569434998386804,-0.16913650739745023,5,55,0.5461564203541499
nonmember_488.png,0,0.6755226191677206,0.5770444773335863,0.7655891085396567,0.47022048140520845,0.13840492859842968,-0.04316701659607247,-0.32825609245563836,-0.15935926967592984,5,55,0.5562084178951886
members/member_235.png,1,0.29277903503806035,0.25760487369209795,0.22533088545904434,-0.3298839073245734,-0.03475729753898449,-0.2211992866950636,0.1252343638611908,1.4300986960255235,5,55,0.5270911826174641
nonmember_376.png,0,-0.23586500161104462,-0.533988576623027,-0.16144182050803968,-0.2670559096479921,0.12081401501926425,0.05246081572688244,0.831239964050936,-0.7141108306088997,5,55,0.475862205034341
nonmember_445.png,0,-0.2102968800620424,-0.36175336271126657,-0.01302240891225992,-0.33879969700198487,-0.42686911487938506,-0.4209002865154856,-0.4463897367932006,-0.20491139164538907,5,55,0.47168342161266585
members/member_346.png,1,-0.04108987686052723,0.3975771720997723,0.5992885472733098,0.2427828545836732,-0.028588826126504152,-0.07965157419192792,-0.45153531010715753,-0.08966538884235575,5,55,0.54042861663826
members/member_479.png,1,-2.6971675102018398,-1.9900650681525152,-1.9607624757425168,-0.696606179025022,-0.3007998899984008,-0.3710443256916003,-0.32546713083700674,0.05375681635414864,5,55,0.33534388248027586
members/member_254.png,1,0.4886548298420963,0.11701745529805851,0.030664270824361406,0.11620377529938786,0.07730022305501816,-0.06892197399346767,0.9675253717197956,-0.6380456070050626,5,55,0.4815100803289498
nonmember_483.png,0,0.30972114458020217,0.48047545882787457,0.37154050025459107,0.17225309353262297,0.003022080173787245,-0.3553770833099721,-0.5087301255981034,-0.05033100892445841,5,55,0.5050647188022471
nonmember_464.png,0,0.45063621332365766,0.05879314146074632,0.13689795003469651,0.24581346842985408,0.09121898175028509,-0.25075808148795264,-0.4349643034192514,-0.028799053220205373,5,55,0.49917887533734423
nonmember_316.png,0,0.5166151607033336,0.6407089889417783,0.613957085208912,0.43180849630727725,-0.016113711158084243,-0.2562083346742705,-0.3829558917278604,-0.31999458128777825,5,55,0.5258209073227433
nonmember_161.png,0,0.16476479643152464,0.04771107982418599,-0.4267734091106967,0.012661094487657287,0.0855360136984098,-0.2488167405544326,-0.3760787306286071,-0.06748856526337033,5,55,0.44925608593916844
members/member_393.png,1,0.3188507646274803,-0.20959797820110548,-0.30004267939157536,0.10525515464203572,0.03862188503222708,-0.29073148409204297,-0.2616537305069997,0.6265038549053363,5,55,0.4749336327568538
nonmember_165.png,0,0.6297183528272638,0.6416679903933153,0.6913109594457016,0.5008504027537755,0.18014391692971632,-0.32422212088505553,-0.3926205537119021,-0.036495869970177175,5,55,0.5345031207106341
nonmember_443.png,0,0.6144675496641985,0.48528480249240324,0.5631313280247756,0.14030896080139854,0.0069918558162633815,-0.30067768816633045,-0.40951359695645095,-0.13914753627526988,5,55,0.5229078661080029
nonmember_460.png,0,-0.6547122497906617,-0.15633398792787156,0.26848157574355236,0.2760225706914965,-0.799680677510139,-0.038209577443784504,-0.549832890066158,0.08012555593204951,5,55,0.5251020419459269
nonmember_468.png,0,-0.8381339627635538,0.09078953671053736,0.154051641097539,0.24548758492617218,-0.31933763393819437,0.18335118617764135,1.4231569068062258,0.6566726202146507,5,55,0.5274410274222565
members/member_215.png,1,0.6337228675486282,0.2837649413495833,-0.1632544046710449,-0.05612998814873871,-0.11928949302476877,-0.14114843364945884,-0.2531592310670234,-0.02022901246276909,5,55,0.4759677879987622
nonmember_354.png,0,-0.06725681330918531,0.20256509878439388,0.16089968217054462,0.29799047243116883,0.23360534284678547,0.04173660674517965,-0.49728966945990294,0.04538009096194884,5,55,0.5178256753323262
members/member_128.png,1,-0.44745274195897733,-0.21707437330395285,0.20535471198986777,0.29953204521535604,0.26370978752563357,-0.11457431229606563,-0.4853483519451558,-0.14298278044615387,5,55,0.5122411413178125
members/member_27.png,1,0.36110039003485817,0.377955685266532,0.5417025047193933,0.2287138788712051,0.1482269006282415,-0.09208680720749562,-0.7080307409329789,-0.07945001004054397,5,55,0.537986963584358
nonmember_206.png,0,0.4175623125912944,-0.1752000224528123,-0.05684577014714698,-0.3918378762651473,-0.06356527791254862,-0.055209176085320166,-0.3314523033857437,-0.03757459364439164,5,55,0.4932080957709462
members/member_478.png,1,-1.5382624311627453,-2.6320635751912667,-4.785433990156272,-2.860434649716622,-1.182130222301315,-0.0990127327437258,-0.14506295220417975,0.025617496632061254,5,55,0.17277089473232488
members/member_13.png,1,0.2664130883789908,0.0616563886145598,0.40390052244453356,0.17544938427896595,0.2554567845915372,-0.1904988515702506,0.2444921762828045,0.3121987326130764,5,55,0.5273325537803354
members/member_429.png,1,0.18679994261861976,0.2992498029675299,0.6058605359548861,0.4134468089850567,0.20368440216032457,-0.16679981579458847,-0.3497925100925636,0.06595578637964739,5,55,0.5415500820079246
nonmember_65.png,0,-1.1795421737998586,-1.4566928544610944,-1.3435859041919254,-0.5224598794975983,0.01117748957679865,-0.0989008957383577,-0.2743547681618983,0.0589324306221064,5,55,0.397974710564898
members/member_321.png,1,0.45271613839165914,0.6590433727311553,0.5974118634815073,0.45915576798686697,0.2149350707318849,-0.12831599933492832,-0.40140162684493497,-0.04280410809267465,5,55,0.5377691358095216
nonmember_391.png,0,-0.20134533106720065,0.17956244909120667,0.2350971434714011,0.38423482607699855,-0.10327113280671618,-0.24063611567872467,-1.0265928480356505,-0.4245112499696635,5,55,0.49980802483795705
nonmember_417.png,0,0.6943379381454626,0.3951602661238329,0.38065407305617427,-0.08280194023750775,0.610762089597455,4.245376640770148,37.801003988494784,14.234922099628832,5,55,0.8309628832636908
members/member_396.png,1,0.534762603101576,0.6214558640389338,0.6795759671117216,0.5043368377101105,0.14545864276425569,-0.28924456347823035,-0.4319982217927638,-0.12128328803496924,5,55,0.5341865861707376
nonmember_146.png,0,0.459913947561267,0.6129863506697135,0.654893010164308,0.5072069345920647,0.3062096822256972,-0.12981752877945585,-0.30367732906364875,-0.4533969031419254,5,55,0.534845208046298
members/member_390.png,1,0.5536131164099283,0.1153438591954763,0.4830350978963871,0.32779743910244763,0.07140529514218574,-0.2471732764397787,-0.508470627828113,-0.4736321550836484,5,55,0.5197109274229391
members/member_197.png,1,0.4539509434444762,0.4018323979504794,0.6589092915189014,0.30635110760507533,0.20656723135915822,0.07309177543071232,-0.44270907866044773,-0.5343404792095505,5,55,0.5482821762529774
nonmember_263.png,0,0.6603122968193813,0.4921959660150286,0.24901204921717612,0.23709247265021727,0.07989483167322575,-0.23980048087471495,-0.35373364404219476,0.004831626521000665,5,55,0.5041845579041568
members/member_60.png,1,0.13341925138366184,0.43040409462638607,0.41748644191339856,0.16980565399828595,0.002456712908839087,-0.366239298237776,-0.5151875680128271,-0.14570775594886154,5,55,0.5063325488915463
nonmember_237.png,0,0.44407313153224326,0.501204158456634,0.4542027181091175,0.3952760836479827,0.0007615784622210242,-0.3217222305573726,-0.6324196908217967,-0.4562277951874343,5,55,0.508381064940586
members/member_152.png,1,0.5538862693448068,0.11383288739096464,0.27826855595307265,0.002192933987983814,0.1163138774901249,0.27789658633713543,0.08176157357370961,0.49976457098867844,5,55,0.5498203850080567
members/member_421.png,1,0.6794539925409331,0.5894234404929413,0.5135636499116623,0.39201328280145376,0.02170353960444249,-0.29020734151128824,-0.4463633558057847,-0.20137128386495906,5,55,0.5190734294873284
members/member_461.png,1,0.059391830777113075,0.19469471670803795,-0.5390970574776341,-0.20126732897527821,-0.23357144484960957,0.0963336908155985,1.2525082038480466,2.4908518174497356,5,55,0.5005732946390818
members/member_158.png,1,-0.48048475284745074,0.34646224534267134,0.30966850752614716,0.09916867777963478,0.2707534067583106,0.28430524808452073,0.5135398688166877,-2.5738014290980717,5,55,0.4836692249010065
members/member_20.png,1,0.6436476973132956,0.31821025101277955,0.18370692118067078,0.13353030936267984,0.06573449990192515,-0.4379056256916387,-0.3827599558096857,-0.6550797359259493,5,55,0.4749592751509735
nonmember_372.png,0,0.12589737950769164,-0.5619613449129757,0.08071093469629043,-0.12702066663265876,-0.23736968978554085,-0.0400323055695031,-0.3989327915769776,-0.04957376772943345,5,55,0.5117469493200739
members/member_41.png,1,-1.0862802902695745,-1.2343292165859259,-1.6364445128575769,-1.0995230675381826,-1.048367293919056,-0.006498199795692994,0.5238459815231686,0.485716537199,5,55,0.3783011917423018
nonmember_285.png,0,-0.12152335985021301,-0.4212313381178183,-0.16277777025547469,0.05399386097974368,0.00397329934350843,0.054687852418017435,-0.4215969914397819,-0.09197832076241763,5,55,0.4953619963235583
nonmember_54.png,0,0.42130607910889406,0.3820316390446301,0.4545332499148609,0.26876459505615014,0.11180448952068112,0.07623341736361144,-0.18213424653524246,-0.15689501566208008,5,55,0.5377998971344664
members/member_320.png,1,-0.04450689951372233,-0.039826423251407395,-0.2657216493385479,0.013973643988078877,0.06269459583764947,-0.24703256723529243,-0.3196576881696931,-0.15895250238535397,5,55,0.46092974454639757
members/member_138.png,1,0.4621925463575347,0.22034639797873634,0.4475158230219698,0.18205341332834468,0.4145092044537311,1.0056642596650462,0.7281416911657788,1.1292737292893413,5,55,0.6165232332797203
nonmember_408.png,0,0.6601844045829734,0.48031836227929725,0.6123009856334876,0.2114460589361271,0.2260602464660435,-0.07173101121963121,-0.33689995059346955,-0.18547779653226293,5,55,0.5408033159914345
members/member_2.png,1,0.66129995347492,0.5707246820134921,0.6083674153647718,0.45805296169179943,0.1156902487020739,-0.08195244736282081,-0.3074751513415217,-0.46758147256598903,5,55,0.5346921601861536
members/member_491.png,1,0.5400474898261147,0.6603008821339258,0.6962838441602148,0.5375014185722558,-0.01550676890204894,-0.20912771878504888,-0.4767053536318109,-0.18922369050789545,5,55,0.5391546469103332
nonmember_330.png,0,0.46049629305027295,0.5865574519402079,0.612515136345051,0.21127034183874294,0.22867619032149555,0.17404619372048824,3.396913979176662,0.5913664610070031,5,55,0.5517386697870882
members/member_338.png,1,-0.13779102678247868,0.3167685612908717,0.47529088792525087,0.3736390459789338,0.09339259821180512,-0.2981733496163521,-0.40131782156083684,0.04433848381199379,5,55,0.520664537148896
nonmember_178.png,0,0.33073181065666635,0.5095683144028889,0.6448881028461728,0.38457267858107214,0.12102792290512365,-0.23091282689683545,-0.4062231448677327,-0.20390256153602682,5,55,0.5331330532780609
nonmember_252.png,0,-1.2005571707483396,-1.3510034320833748,-2.1246797244480433,-0.9995914978225215,-0.19952199223764744,0.9230723978611994,0.6483561466598129,0.3298741993255172,5,55,0.3938616378062407
nonmember_29.png,0,-1.2881797702904867,-0.8590180462515393,-0.3502714715734383,0.02895365208073386,0.049561182621169486,0.04176788868702541,-0.22801209456258054,-0.015378692841181874,5,55,0.48118868751551236
nonmember_44.png,0,-0.17496321336212484,-0.30722958778130316,-0.04897700295261842,0.17057076921256353,-0.27741930548584115,-0.3548152993144553,-0.3918654519234437,-0.1116036594503731,5,55,0.477570301028134
members/member_326.png,1,-0.22584440564138752,0.033983721588297655,0.20088462205714164,0.08781321480736537,0.09337310943665811,-0.16022093023816097,-0.07588709146514727,-0.26086006624134583,5,55,0.5005416026379095
nonmember_491.png,0,0.02587563912100377,-0.011611865743892391,0.38854466614777694,0.35034433883675486,-0.0111437913234127,0.16583499744376917,0.1661942852802838,0.8481128883135591,5,55,0.5605715806048336
nonmember_35.png,0,0.6558620696297472,0.12461354604487163,0.3203980330937801,0.3510076562969058,0.06514618298757391,-0.3387357531133919,-0.33027770230078257,-0.15269337644898417,5,55,0.5064747251632814
members/member_56.png,1,0.4684900926816007,0.188227959412945,0.5897098913476522,0.31562566565557937,-0.023585693157620824,0.3343326621649805,6.965640932810171,11.8706014683903,5,55,0.7489935038374702
members/member_139.png,1,0.5664060745116903,0.5658973824194393,0.046692017063937996,0.2596523765198997,0.17477177462246285,0.2781690973680817,-0.1685336436867262,-0.18309813725826096,5,55,0.5142435335750143
members/member_440.png,1,0.6170076129298474,0.5927141983415503,0.46811722578678294,0.20798703834281707,0.19341621859334257,0.2544268413616013,-0.3502398361709158,0.10299007187048126,5,55,0.5533455807038001
nonmember_43.png,0,0.47543628564191964,0.5246700879408852,0.4773370100031835,0.14376199565448688,0.16351664171339753,-0.2906626773393963,-0.4709598353679283,-0.0672980012596236,5,55,0.5171637962209735
nonmember_474.png,0,-0.8012025689543898,-0.2443742932336268,-0.8040050451313681,-0.39394911989481196,-0.3283142964122896,0.18463426463615695,0.09526085515441363,0.2765405850354634,5,55,0.4473859543119519
members/member_451.png,1,-0.19683805144012378,-0.6707334625828807,-0.7394287224125438,-0.5254644159870892,-0.15539182181564648,-0.19255842211491103,-0.4121154133612914,-0.45173022380172956,5,55,0.42446427568188244
members/member_108.png,1,-1.393916702151189,-1.5828069042740944,-1.9136635804027624,-0.6059660125203439,-0.7892166921082273,-0.28077018581673263,-0.34136081655176476,-0.031176858703136467,5,55,0.3423342329399381
members/member_177.png,1,0.23753529918068983,0.3973249805468817,0.010330341569405377,-0.1273748100253176,0.051710896134819606,0.1716902005697003,0.02027052055083356,0.0782971053924344,5,55,0.5070966175517049
nonmember_318.png,0,0.5999643550868052,0.6623695205962572,0.47467766867991745,0.5077894337397542,0.13195224433451092,-0.32267427879313093,-0.47866303620121275,-0.053687581275011276,5,55,0.5164720064742869
nonmember_17.png,0,-0.2011072478436513,0.017562897229035812,0.0228005120286916,0.013193520966098937,-0.018198275970921607,-0.38969458942068425,-0.3999387263958667,-0.3137912589975045,5,55,0.47167588402396976
members/member_368.png,1,0.1822972772060205,0.19720302643350962,-0.1463510031798121,-0.20941455492963357,-0.16819141818497085,-0.3277312948317528,-0.5596036686423025,-2.2753717566066154,5,55,0.42136137564716963
nonmember_174.png,0,-1.0247377695672089,-0.7815820184000544,-1.311772983758078,-0.40880321500259686,-0.17858509814080525,0.028915740839467574,-0.09863900206272369,0.06500327491691049,5,55,0.39997941084614236
nonmember_71.png,0,0.5795489698881893,0.5942557025193036,0.6773963984035767,0.35945757733850403,0.1479473463420442,-0.29338213706938987,-0.47339047600139494,-0.07301941591678052,5,55,0.5343773779782248
nonmember_175.png,0,0.6743391862515904,0.5197647219422756,0.5231068717813483,0.2793240701733346,0.0557600795093256,0.4271232464818038,0.962133664885024,1.7515204224343943,5,55,0.5959723388521424
nonmember_203.png,0,-0.5923549017723932,-1.047272037201828,-1.8829220432707299,-1.2237672297209157,0.19535605469676565,2.1379190290693697,4.587356588603425,2.4939356071124665,5,55,0.5093642962680576
nonmember_221.png,0,0.694875720741738,0.4442932501811536,0.5808804581822051,0.3583854427644271,0.07018219304911533,-0.22326635052412236,-0.43847096376982986,-0.0010914852729628777,5,55,0.5345380869767324
members/member_324.png,1,0.6734748601292755,0.5153332599159346,0.579060303863062,0.36022999488695184,0.07790466584338596,-0.20770069765882404,1.5901004682477198,2.8366744578283747,5,55,0.5804025270761685
members/member_419.png,1,0.30651296432439823,0.2422952474556066,0.09519764919935225,0.08443557353721598,-0.05946762505709291,-0.2961956551972973,-0.4049455427615012,-0.34074559254752046,5,55,0.4823118174419393
members/member_54.png,1,0.09338611558758503,0.5420367383691151,0.5457384911971745,0.2439864196109518,0.17974468043810354,0.11164780824376841,0.02963908798677206,-0.3500363249854912,5,55,0.5391418467063392
members/member_168.png,1,0.3737481794225679,0.5163607864134367,0.624146079093463,0.21600157327221536,0.2414858722538904,-0.0029960185269883866,-0.2523992699282651,0.010220263392567652,5,55,0.5480144456577207
nonmember_160.png,0,-2.5897041735378483,-1.594135066923644,-1.7029394468884282,-0.6348411996078247,-0.3588538269240229,-0.3837314835314949,-0.3291716599810801,-0.4938861583106515,5,55,0.3398784643526006
nonmember_5.png,0,0.648904146639389,0.6495111502709254,0.7721647405880714,0.5733391087913127,0.17771516252721575,-0.1465675910925084,-0.22272010365041162,-0.026319609379668485,5,55,0.5521080179551155
members/member_102.png,1,-0.03201833195855741,0.25562584204236094,-0.04547799649515083,0.10667960553857014,0.19363763287968005,-0.15523481717394283,-0.2511263316565975,-0.10934186497993714,5,55,0.4821731692512585
nonmember_173.png,0,0.2924163792575478,0.4894622038278218,0.538671784362609,0.4951930090864467,0.009367715015033085,-0.4399769183804896,-0.4725766377305094,-0.2940646679825525,5,55,0.5107190463546672
members/member_490.png,1,0.16677607250016813,0.2314455311879895,0.04051993996290637,-0.13737206881877384,0.4395093440476945,0.17204446641047255,0.3229573586653567,-0.012902705160810157,5,55,0.5083454148970559
nonmember_129.png,0,0.617812863914819,0.5463579819866635,0.528490509724417,0.4043238932556781,0.13208000538422748,-0.1918018199580125,-0.48295932818086396,0.006176422573793694,5,55,0.5312170765605044
nonmember_373.png,0,0.5282095164795364,0.6085101777256994,0.6302710543834378,0.1972927573999277,0.1570061295494849,-0.07232298468245002,-0.45345171999719813,-0.15658215837893774,5,55,0.5410212410471206
members/member_116.png,1,-0.08143975591463137,-0.21206327222828003,-1.0375342065475888,-0.5951989538583646,-0.21334739109344136,0.16363727796776173,0.05484949857925869,0.1328545524317608,5,55,0.4252337663693471
nonmember_112.png,0,0.47565460282257854,0.27714633894217977,0.440816997591881,0.048356609533911854,0.021543860219071398,0.09300215461832329,-0.9125701954254088,-0.07224734555516488,5,55,0.5428397625828177
nonmember_88.png,0,0.7141278928622903,0.6013076600938532,0.4654053413069055,0.11837971468232222,0.2201904976332445,-0.2196388009719552,-0.30254075679181813,-0.3530092788799779,5,55,0.5138297418591686
nonmember_10.png,0,-0.7494067295112272,0.1824028765841761,0.49489833737711075,0.28221000540954044,0.2943061550945041,-0.04521794850976946,-0.12236142010267415,0.06610333349127018,5,55,0.5361828844077352
members/member_425.png,1,-0.08177818736531073,-0.14485574531125645,0.14640638573647102,0.09147233558694268,-0.3530782234729539,-0.4269394073204422,-0.3314392884856012,-0.07855226844852581,5,55,0.4870683014884538
nonmember_21.png,0,-4.408933707508234,-2.8367910779124714,-2.1454942581388434,-1.801195129777832,-0.7049839917950584,-0.6661303686489051,-0.16847676936091194,-3.252263890640604,5,55,0.25046717110830446
members/member_333.png,1,0.5530071498323497,0.42449573057870227,0.6084643394910687,0.4719035189422165,0.33328916608166725,0.2784132073731138,0.23731643256715262,-0.1992717333613223,5,55,0.5615709234734413
nonmember_37.png,0,-0.31804507801509585,-0.4945226755273997,-0.48226459556828205,-0.7641926268604573,0.11137369116023743,1.5528292822698142,3.6876820391673575,3.183283638846916,5,55,0.6015882238379157
members/member_76.png,1,0.32853772390462055,0.3836081890290637,0.2190876860328621,-0.005147008913783946,0.43317774778375284,0.2763297923947281,0.4021519110075573,-0.08889751486110509,5,55,0.5272232188820122
nonmember_122.png,0,-0.8859538988402607,-1.0315828239103506,-1.6301361745651768,-0.8162305001104779,-0.2071604372504101,-0.26262937932682995,-0.2775197758889725,-0.13220539293472644,5,55,0.356055583471391
members/member_97.png,1,-0.08437327310592613,0.1853284727767881,0.33055843582212896,-0.09653118365154834,0.07334812208538599,0.19632483449016291,0.5067173746388915,0.1659066428358047,5,55,0.5364169989064779
members/member_146.png,1,0.6691771761737186,0.44907383809874846,0.2333203393527956,0.37752599164325495,0.11247871306186852,-0.4101500865230774,-0.42814621656378105,-0.14318085186598584,5,55,0.4912478091137724
members/member_107.png,1,-0.03730135268822243,0.4023143677606722,0.4215363549733371,0.018442781199742964,0.1111031158903768,-0.3264290777949048,-0.3740555553938263,-0.046691082470239564,5,55,0.5091248708853369
members/member_434.png,1,0.5250804051256015,0.4725956527817221,0.16644382650831702,0.2583661633636556,0.6225738999975019,0.5076968288175072,-0.015038027951403521,0.6484573707518155,5,55,0.5552793284721419
nonmember_207.png,0,-0.09839645342677406,0.2041247907056425,0.3185773863764316,0.3388868212932712,-0.22690950091632311,0.1738171688996779,-0.3655081597562244,-0.13623696834251575,5,55,0.5349968275350182
members/member_414.png,1,0.31920601460005704,-0.08610486077636104,0.051324917338505305,0.11350477238714118,0.07066303380518146,-0.18256141674795678,-0.33203127052795,-0.037486795947264895,5,55,0.4962679767784093
nonmember_61.png,0,0.4848577262587357,0.6217853077489379,0.12777821208209872,0.36322338442325997,0.023752602776399456,-0.290948124835551,-0.38338688376954533,-0.029751817386683754,5,55,0.4889047982146169
nonmember_347.png,0,-1.7751089935767232,-1.2642023698692118,-0.22967056272655828,-0.026728840644514307,-0.40780048353165643,0.26420461038079823,-0.29713559911983634,0.23002594730160286,5,55,0.5136244176681456
nonmember_288.png,0,-0.6654436895996292,0.06268982649329669,0.02813330489463617,-0.2152752138071823,1.7456803536375616,1.0244300384704017,2.4721985126218824,0.9796228595286021,5,55,0.568798809880545
members/member_163.png,1,0.40860282493189315,0.3880104158254145,0.5147859903300511,0.320638320497606,0.1685868598592899,-0.32508002732228825,-0.42875275922003464,-0.03141325978118026,5,55,0.5215193901849443
nonmember_297.png,0,-0.7643001250523769,-0.1916238947682527,-0.28508873949769287,-0.17179087244234426,-0.33411723403273363,0.09690105205551713,-0.32078341785885023,-2.600066939251792,5,55,0.43090333028779476
members/member_378.png,1,0.4264646657876887,0.020562598949210198,-0.16972063116241287,0.07300733365459289,-0.074427052723812,-0.446497890452056,-0.48377923633982345,-0.07245652703940131,5,55,0.46014698620222416
nonmember_240.png,0,0.5473729265897149,0.3967016019194731,0.4582844454035362,0.2152628581492686,0.16675360632604175,-0.32125992436530293,-0.3383623566536249,-0.8539337461740901,5,55,0.4999752596355369
members/member_42.png,1,0.2282249906635685,0.30633813715328584,-0.018909047908024945,-0.021297284095315394,0.07192334424081448,-0.08448837426522449,-0.39397778599658473,-0.15688619628971345,5,55,0.48786035455674054
nonmember_144.png,0,0.39233696951368335,0.27726698815403816,-0.005830830180455049,0.23930928353997594,0.12983190340676565,0.36501264306089176,0.5998136680841029,0.16775719723707017,5,55,0.5218410551036448
nonmember_411.png,0,0.5004232987077692,0.44290787282976796,0.5599118704817676,0.37811603643569347,0.8333968112493739,0.2737055428317343,-0.007906861814361399,-0.39177754006619026,5,55,0.5536258309567055
members/member_47.png,1,-0.7134233999411324,0.04299704373882385,0.13266328621037715,0.1053065142257621,-0.07235233793810014,0.40564940735576993,0.1645273857200742,-0.28354554397871734,5,55,0.5270578509591505
nonmember_94.png,0,-0.06212765374127294,0.3824033442666579,0.1163879831429715,0.09069716056463895,0.2823005397695155,0.264935699117808,-0.1203465423583836,0.33849830147977134,5,55,0.5282362582066267
members/member_250.png,1,0.6859751176411226,0.41624413819251416,0.6937679659956357,0.49361971474984934,0.12139452165653264,0.002535221509009311,-0.37584606574171175,-0.047447822471337275,5,55,0.5579819345646891
nonmember_368.png,0,-0.20356309886470036,0.1017362655735079,0.6964657843021627,0.43154472063792015,0.10879762801175819,-0.1428225133290031,-0.3954412129080005,-0.3172277374024084,5,55,0.5445203905195344
members/member_310.png,1,-0.3501713887045841,0.3674359448590958,0.4021675404662566,0.5242602531381246,0.2837942101982973,0.003957557823513369,-0.442203954523948,0.04950184429330129,5,55,0.5335183064397482
nonmember_140.png,0,0.6909277801400453,0.7359786688535146,0.49048724147736644,0.3367173974002462,0.1004304755623382,0.09441063481089618,-0.311882051632451,0.1379157920174574,5,55,0.5449703075730874
members/member_306.png,1,0.5841930050814019,0.4776164121892341,0.5106394650556298,0.07808391588368568,0.08407581196809222,-0.37492019166229706,-0.40815652631900523,-0.28254822022360937,5,55,0.5106114905918306
members/member_70.png,1,0.38184078600172633,0.10265129641942705,0.18002108201594647,0.2462946431559785,0.11752375470824417,-0.019220803276111198,-0.26437585532002217,-0.4098586781783764,5,55,0.5080788879808112
nonmember_147.png,0,0.6702331744893,0.556212714277736,0.6505442389957965,0.20375154774166226,-0.16205931490542014,-0.19559278796946789,0.3553788612831985,0.5095294170371449,5,55,0.5455625344864473
nonmember_194.png,0,-0.21546335671692418,0.00976755012146624,-0.008498852845456373,0.1787123597983027,0.05627935070349821,-0.1579622054912564,-0.3832970851138615,-0.07146996370383807,5,55,0.4896323189112799
nonmember_3.png,0,0.631195336500447,0.2977687846497101,0.5566537215792251,0.33380871927266487,0.3881211363373618,-0.19487452444379283,-0.4825402930311862,-0.1089442323125196,5,55,0.5340146559365989
nonmember_435.png,0,0.6172165754943713,0.392480812587928,0.25143868215989595,0.3516524738769835,0.09023981260658154,-0.39216362413821937,-0.4719414634857282,0.06608346159058964,5,55,0.4986269739373473
members/member_466.png,1,0.22488593714082628,-0.1409029969253215,-0.07433522326988129,0.035422725943131894,-0.1444309695707684,-0.3668861115008797,-0.4141574054109052,-0.12950443829102198,5,55,0.47269939669267497
members/member_472.png,1,0.42646932021501405,0.47388322777422776,0.5242128257026382,0.37572050071755037,0.09911581662129976,-0.2867901905648562,-0.4505411285932359,-0.18354828622977237,5,55,0.5210759194184174
members/member_366.png,1,-0.8157797675214029,-0.1247161592354269,0.015473409384195058,0.037206496496637875,0.01760571719075532,-0.08697050042462173,-0.4099535539010013,-0.03962311235200744,5,55,0.4954217434227303
members/member_198.png,1,0.6478934300031343,0.5762757845652118,0.6319219264508713,0.4630800635135808,0.1026270647016796,-0.288484378426455,-0.3428474744864456,0.0838193880253062,5,55,0.5346744123745668
nonmember_362.png,0,0.5553582516784235,0.361164952197659,0.3077297160455803,0.3318269291780691,-0.3643460303946484,-0.32946259219848706,-0.3696869018877651,-0.031391229645350904,5,55,0.5048133436208827
nonmember_166.png,0,0.5061151467550462,0.5951669314228121,0.6335926767529658,0.4300689999283276,0.2558978409460293,0.05900205775569756,-0.23137555801672427,-0.4177214264290656,5,55,0.5451015430098228
members/member_119.png,1,0.4510581121477628,0.1834554625836713,0.15291900936548508,-0.19727733759484467,0.17547805695979868,-0.13474945260194904,-0.24942033308629874,-0.30034847533342646,5,55,0.496589397282935
nonmember_134.png,0,0.5482858435492144,0.39251598939276455,0.28414317783931553,0.3063497786817426,0.15265469298025902,0.21718934370278298,0.2326474568103789,-0.6771113774324284,5,55,0.5209624707717551
nonmember_90.png,0,0.5477472774965784,0.5994777089402334,0.589459461996471,0.434061029604087,-0.03560998924481851,0.772937193626003,0.44653307545257626,0.6002695720335627,5,55,0.6020997831914063
members/member_64.png,1,0.3900737083628978,-0.265930432116829,-0.5671600747749661,0.04556142885668413,-0.9425061433363338,-0.0819892948485883,1.015798023423442,4.61542286357884,5,55,0.5395139964704209
nonmember_176.png,0,0.42770874786621205,0.2290396513636792,-0.16855248148347002,0.07092408766495994,-1.272918895559993,-1.6762811438443626,-1.2691625068311776,-0.23993539324372914,5,55,0.3824932893122841
nonmember_198.png,0,0.558309203723979,0.3372143959472882,0.6419015857852899,0.3434622646157246,0.13373844584896855,0.20450263784999034,0.6187096264525884,0.4062075036735848,5,55,0.5700065915821075
members/member_392.png,1,0.4615029092352936,0.2731713551323356,0.3582048174423358,0.3731767381547382,0.006117612638973036,-0.20679254297767447,-0.48205542999686113,-0.023037471340470184,5,55,0.5185809623398268
members/member_438.png,1,0.011188640515592763,0.4024548384279991,0.6087639613242768,0.4376040813590638,0.2121598752652485,-0.15040439655004434,-0.3549472095649717,0.03369759689884866,5,55,0.5403292603389915
nonmember_49.png,0,0.6341417623659624,0.7092472944774522,0.06086894290731504,-0.20445147737472302,0.35663632041296056,0.5137344313754864,-0.0035212058263853763,0.39345899362220127,5,55,0.5357377900917563
nonmember_365.png,0,0.5795269591377927,0.4198454869136441,0.6096690562420273,-0.3284681425260194,-0.09572270564902752,0.005643873788323539,-0.2611981471285194,-0.8799513364980758,5,55,0.5279219834552225
members/member_213.png,1,0.4098811951302226,0.4296193787337428,0.6169729477728434,0.41616762626562753,0.07611433663148404,-0.4852221320339867,-0.5516866401425595,-0.06754868849050055,5,55,0.5198851576406585
nonmember_58.png,0,0.5388081913857894,0.22665860426766038,0.27006024720362065,0.2238411342858555,-0.03623440359577135,-0.1334368814051725,-0.43581546413879924,-0.06668987021276784,5,55,0.5146561775821734
nonmember_224.png,0,0.14342893290693715,0.3217431976892735,0.3345609212880518,0.36286065503249354,0.024486904338648863,-0.26739456832893804,-0.4650082530073174,-0.05334288415644117,5,55,0.5102305734255065
nonmember_345.png,0,0.43943164185630756,0.5617463636138726,0.36566850963732556,0.3438788765251264,0.07815177932494066,-0.1748319974754704,-0.16165605408570283,-0.05894717788997639,5,55,0.5147410668957707
members/member_251.png,1,0.5591556620911291,0.38703379435348273,0.5581911837596141,0.3788853143022699,-0.17125895320755902,-0.20131002601432613,-0.35735933758269134,-0.2752672838653387,5,55,0.528653381742273
members/member_180.png,1,0.569246841942928,0.5179499329167268,0.4206181500227699,0.1539677892709319,-0.26251157745412357,-0.2622893680569547,-0.4167400244642332,-0.08367792989449274,5,55,0.5141557064886577
nonmember_163.png,0,-1.2646591577794521,-0.7105145742303174,-0.20186436590720147,-0.01756713136115895,0.053402296920172176,-0.32913507002438447,-0.5280827416614358,-0.0933539213024055,5,55,0.4677510418764809
nonmember_18.png,0,-0.23972308613196347,0.5342835405296666,0.6376754363263837,0.24132221461978975,0.14010606662250868,-0.3549972217577988,-0.48018897090888046,-0.42194734817060287,5,55,0.5173116894397041
members/member_110.png,1,-6.72295813776746,-6.831678854386545,-6.123586804217904,-3.203308017876192,-0.5427525966583522,0.6762104314391912,0.6554547343701085,0.44996124275317495,5,55,0.16097483635172705
nonmember_276.png,0,0.32465982109188607,0.12282233240229035,0.07346141535030837,0.07275381555821081,9.974796151016548,6.8614001292871425,6.361298552880114,2.1314110514403257,5,55,0.8582087054175843
nonmember_98.png,0,-0.26470334665941886,-0.42495283263340244,-0.3011779659831926,-0.8619599013518839,-0.07347742541958091,0.6994085992957979,1.3982241491158076,-1.0638287201845307,5,55,0.4893811888098022
nonmember_31.png,0,0.3975481440547566,0.40316155001362386,0.5324458500258622,0.47633396085965796,0.12783805747846166,-0.15105963063870043,-0.3726094020391457,-0.0554572656884762,5,55,0.5340233645135877
members/member_126.png,1,-1.161327947547469,-0.038944491475261245,0.044908140654590145,0.39978109337419987,0.01505133174107165,-0.23015940534065216,-0.22508498937974952,0.5006084282957248,5,55,0.4989008970970584
members/member_140.png,1,-0.18846988675973542,0.07602460632183439,0.016642261824735716,0.2927453745932893,0.19015246016675835,0.3039977180658777,-0.334928264834212,-0.7875934277236363,5,55,0.5063478414177485
members/member_318.png,1,0.23906367872274714,0.38315006096134585,0.47793595863623217,0.3048523830129577,0.34579928518056224,-0.07441399938193083,-0.40413915922160193,-0.28489521800121587,5,55,0.5284123833556091
nonmember_449.png,0,-2.6382337638142146,-1.4078578811799805,-1.6094206494668124,-0.978092184131385,-0.29730796130539705,-0.31502079881090683,-0.4298437703331288,-0.2205364627502,5,55,0.3513770589938831
members/member_118.png,1,-0.03205446114149657,-0.2537943875189246,-0.08277401428129094,-0.23638189183844327,-0.2589006009177206,-0.35016911744908974,-0.35896567712790617,-0.2716252339097238,5,55,0.468585288244056
members/member_330.png,1,0.5301220775650113,0.39629648477543933,0.6326603549195791,0.4921385221401877,0.288082692166439,-0.07338385785818513,-0.23353880093058343,0.14391897136944287,5,55,0.5510722499148476
members/member_38.png,1,-0.1794733656179761,0.11214508205265039,0.25296751909116955,0.35373742548559095,0.2465405204963087,-0.21643076931065597,-0.312474868163906,-0.2240904476358354,5,55,0.5042194610048538
members/member_37.png,1,-0.03878792729562974,0.18120132837355207,0.08834295969661765,0.0019114936445445707,0.12267415911230328,-0.31069707393549617,-0.3728720658172451,0.13398670095032195,5,55,0.4890750954846435
members/member_244.png,1,0.7070950718386366,0.46731134091295345,0.6551921510717396,0.26007208451804864,-0.2738134511492616,1.2495926784914917,3.4497352702974293,8.093181646263485,5,55,0.7499268869710461
members/member_356.png,1,0.37921655611024585,0.061865744024651725,0.25823560161440406,0.09816818395595206,-0.14595762995790107,-0.3215133530955434,0.010554110843075115,0.8551936130245679,5,55,0.5187738923578668
nonmember_384.png,0,0.4781796097995712,-0.24841937554675164,0.055779896781541716,0.2376664358680065,0.07525568274132777,-0.13570084338141442,-0.40653574570361073,-0.042835407487404886,5,55,0.5035466194548665
members/member_154.png,1,0.01875847593319424,0.2562166472936882,0.035065783958009966,-0.03395504045409803,0.00587626878387848,0.048808878842269365,-0.3388019414195096,-0.10525183799458127,5,55,0.5012759193818921
members/member_446.png,1,0.26064704711162934,0.441628163271059,0.3366269446944137,0.11043920757622994,0.05040967393470064,-0.48092704070205716,-0.5291047349210176,-0.09257252474646371,5,55,0.49344932743903885
nonmember_308.png,0,-0.17850373377289586,-0.40979559226927,-1.5822607701324256,-0.8944309058465176,-0.6514003599455811,0.0705195797814886,0.1220758915232123,-0.002994387979382118,5,55,0.373713605759029
members/member_298.png,1,0.3016145045538683,0.4363606826732185,0.45770544778600186,0.31510055452596575,-0.1648382663598147,0.13137028593479538,-0.03916715987059227,0.05850394721348895,5,55,0.5442104815104486
members/member_71.png,1,0.33257814738530245,0.6000535865490022,0.5662483624095489,0.49049381488375854,0.2093976830085822,-0.34214708130065485,-0.5984924970662364,-0.06036262886284671,5,55,0.522984800564285
nonmember_171.png,0,0.03363479594953356,-0.5255062151907257,-0.3915662604141432,-0.08062109023350583,-0.1089577724322881,-0.05133727887817008,-0.10486283728102919,0.043152709977459125,5,55,0.47201379045908326
nonmember_461.png,0,0.32998510773113754,0.01955409012107623,-0.8473742428507207,0.17677894772650848,0.10135687428695839,-0.32850697929398365,-0.46502083888511425,-0.03003238870294922,5,55,0.4135629226993094
members/member_45.png,1,-0.674634998031965,-1.1195765081756,-1.1657175784074498,-0.36469080158182,-0.08056925856611041,-0.1844167602839457,-0.30522474614301665,-0.19036831724083303,5,55,0.4007627766744626
nonmember_317.png,0,-0.2174133700524039,-0.8822718756571919,-0.6625301145235865,-0.3035261321907692,-0.10563554875075809,-0.31361998995427154,-0.4233564111142716,-0.17026171212230512,5,55,0.43311575417780046
nonmember_350.png,0,-0.1261932846373659,-0.012804158752904637,-0.9519543653026381,-0.8183665240987734,-0.1585416260433261,-0.027528422774906858,-0.3419378148438499,-0.001832376640289901,5,55,0.41522917466067666
nonmember_14.png,0,-0.4514431761798885,-0.8567022904477708,-1.4696272457311705,-0.655847647483685,-0.4162315293529173,-0.2192057980993587,-0.14442513717399397,-0.06860198635417536,5,55,0.37177866673702376
nonmember_381.png,0,-0.2376087714195374,-0.9079396277809932,-0.17473098900143258,-0.24240983224690105,-0.1398722064225888,-0.289612809945762,-0.4122601646685453,0.002433882483511951,5,55,0.47862784224042093
members/member_0.png,1,-0.3749826762878623,-0.7707686935341682,-0.641416462470747,-0.552803291919493,-0.36063085473878864,-0.17369079214540584,-0.3823785261800161,-0.05594720808690212,5,55,0.44163978998357983
members/member_483.png,1,-0.8538257203933468,-0.12590712353834554,0.06617864018730879,-0.5697618518137442,-0.2717533473975622,-0.6048088862577119,-0.370826559354839,0.06856186843610157,5,55,0.4644848089866713
nonmember_153.png,0,0.03383119438910365,-0.03597113904364413,-0.6785533469803107,-0.03854829835688145,0.02860387888038174,0.7345332505003981,0.6510128126679771,0.9768293927181437,5,55,0.5062533683463095
members/member_132.png,1,0.6273080159814488,0.5335325742653905,0.5098169655121718,0.39943950657754623,0.2536199161114965,0.0591063555778657,-0.3639467167643504,-0.27054006485780935,5,55,0.5395383301474811
nonmember_446.png,0,0.2523970211919919,0.16313020952212165,0.2883075943288298,0.2509208171951811,0.25023644804149514,-0.0057375891010345015,-0.21456756044012515,0.20443002597025117,5,55,0.5285382173779
members/member_147.png,1,0.3389234413831135,-0.22372894522044717,-0.6260683738157118,-0.40426890763336987,-0.6028249811263033,-0.34432467213216533,-0.3933658790766881,-0.4136986179627202,5,55,0.4217176316380037
members/member_279.png,1,-2.233253635423909,-2.5111530518428875,-2.7134488743287672,-2.020714267627064,-1.1809949360278122,-0.23356848732243662,-0.013333690182007807,-0.10195399756687173,5,55,0.2849148616064449
members/member_210.png,1,0.5847863599774255,0.6363113512919631,0.4143966601203748,0.18034832690438574,-0.10758888857326498,-0.039300783042913956,-0.3126125605964969,-0.11922731126999064,5,55,0.5250890903726543
nonmember_311.png,0,-3.2795206902985496,-4.287100578393071,-2.742182526833519,-1.3753883925066916,-0.10953231107038919,-0.016309121380854386,-0.12650216966611838,0.1884355177978394,5,55,0.32110054513766356
members/member_469.png,1,0.267044129002056,-0.4104665584323892,-1.1726236733419797,-0.8018455284291446,-0.09606569998792525,0.8271493118511719,2.892882992723118,0.5765817887929758,5,55,0.45324306131148046
nonmember_419.png,0,0.6862770259752504,0.5827084530451723,0.5191596107717729,0.47924705421404834,0.10253701774531532,-0.3426313686475,-0.4465714625813524,-0.12845780158898812,5,55,0.5184517509264606
nonmember_103.png,0,0.5290856887967617,0.42177975069173845,0.44599569379073234,0.4008099573041033,-0.026899727495031556,-0.10384217829270082,-0.33602021329483023,-0.017086986955064276,5,55,0.5301177646547544
members/member_357.png,1,-0.509352904969548,0.07332195239534034,0.00953819671413747,-0.034945612542457205,-0.13674504179742542,-0.02013144288276436,-0.21466657747898577,1.032532735921369,5,55,0.5173562289135024
members/member_113.png,1,0.05963175270625065,0.30991698165519344,0.3671137767798984,0.19093139794772318,0.3199044400290987,0.31469932165827075,-0.3160705974275473,-0.19370179391722164,5,55,0.5445315314851594
members/member_355.png,1,-0.020104588561533188,-0.08240621735325249,-0.26092790320643333,0.08738921514211295,-0.12308163935759797,-0.26705343202711784,-0.6558171197037717,-0.7392283798110784,5,55,0.4514076450475611
nonmember_280.png,0,-0.13164219902943142,-0.896446812802397,-0.9388033698533547,-0.6064682873467366,-0.18370528307406886,1.4836875409565575,1.8625633344182169,0.6848331918655077,5,55,0.5273004668081503
members/member_269.png,1,0.6217631097666287,0.2739365020158755,0.2996939219816066,-0.6161607788340322,-0.05832693671622824,-0.03757952254270336,-0.23182674367186973,-0.05438778818576484,5,55,0.5159201425818775
members/member_49.png,1,0.01920508582538405,0.24943590148021189,0.22034032198842013,0.3704574694557232,0.13830931196911678,0.017343990949915344,-0.0826712206738831,-0.12670077216330622,5,55,0.5160258764878543
nonmember_334.png,0,-0.7718441627481982,-0.6072557266420509,-0.25045932402338167,0.14780823766143847,0.1599859333040099,0.2571790169127359,-0.25057201717905286,0.20273149331733187,5,55,0.5067388489215706
nonmember_82.png,0,0.503070195416941,0.10080926387949463,0.0056013009468922625,0.024629408007704967,-0.805867559088119,-1.721319090473977,-0.5436284242774825,-0.06479378932781099,5,55,0.3951720642066875
members/member_476.png,1,0.39076772573489515,0.4316292336707157,0.663558323717063,0.5001582332105139,0.09758286174784292,-0.11518779890073105,-0.3559871693736465,-0.11182757962828749,5,55,0.5455945397984614
members/member_67.png,1,0.6167226055357773,0.5520283164300013,0.25840731574355846,0.3558730634340499,0.1968126319653507,0.07606911269900074,-0.3326715972130847,-0.21144406069212973,5,55,0.5203156993336305
members/member_492.png,1,-0.6019166446776305,-0.06659236823989678,-1.0000051986469054,-0.0837846307509178,-0.11597798650374269,-0.36739962083831923,-0.3204278665784823,-0.03403873115222922,5,55,0.39430268588743533
nonmember_247.png,0,-0.6247705681060642,-0.04304996738100941,-0.45649179353941216,-0.391804485217369,-0.04674846183629633,-0.27232323540256065,-0.38341296327746566,-0.09356662784057512,5,55,0.4403108773368232
members/member_394.png,1,-0.13773970799669844,0.10922123948383033,0.37996935674952725,0.29703344689483835,0.28302518586601977,0.016551254405966276,-0.4731267165351163,0.04725408755663629,5,55,0.5352279714132819
members/member_411.png,1,0.4332699593067537,0.3929388521231503,0.39762042653651886,0.17909553778132414,-0.1240398961973348,-0.4212655110616774,-0.3599761688457548,-0.638491084396283,5,55,0.492393695266694
nonmember_149.png,0,0.4569646453917646,0.4617401080061576,0.6396640036099623,0.2815955494572222,0.05406370276066763,0.13516990655318573,-0.1014271266047464,8.631183867535697e-05,5,55,0.5584642871752266
nonmember_51.png,0,0.5023652734169337,0.14325187908528036,0.44001265940627565,0.4231295684591645,0.209625168111649,-0.15952690668908254,-0.5697840496211448,0.03718285155798462,5,55,0.5321998019140115
nonmember_328.png,0,0.7291444529166027,0.48709054592015555,0.47969311002238424,0.07236390013721916,0.07613296163474725,-0.24552619632542338,-0.36065220303508116,-0.3779370806264337,5,55,0.5144318459480012
members/member_452.png,1,0.44731749061677206,0.27321199163934873,0.2485357073520209,0.38519876801756814,0.36051982594070076,0.07344362295658247,-0.23853470415772016,0.1306483513933383,5,55,0.5290817744949489
nonmember_105.png,0,-0.2503752754597284,0.13023333106623936,0.44312533907404994,0.06736724077009892,0.36795753893217054,0.19785407745862127,7.959877646166435,0.7782034775757793,5,55,0.5241197954667
nonmember_77.png,0,0.7482200520992781,0.41034635006897124,0.587040860451221,0.3510526903868101,0.06157464941887092,-0.31330049188477904,-0.4920122359429131,-0.13494601695239794,5,55,0.5276176384715032
nonmember_141.png,0,0.6805751818207519,0.610330372524583,0.5055795584346239,0.1982193130855343,-0.773140121242005,-0.024854745974269843,0.06082338714259894,0.11334287665184561,5,55,0.5371084741719082
nonmember_432.png,0,-0.8480567084885018,0.1438453204649197,0.32844014734047056,0.36608968322051894,0.08976600521121281,0.22497336840473725,-0.255538666951761,-0.16012883664382027,5,55,0.5363162634336699
members/member_212.png,1,0.4635309667504277,-0.04847041431452492,-0.1889255945808861,-0.21001724244515962,0.03333282358774259,0.8019745743527888,2.7992733204128353,2.619680406771141,5,55,0.573352777431689
members/member_468.png,1,0.13241799914048213,0.33491208014498186,0.4673585976328938,0.5225253418658165,0.18710462537754236,-0.24505805603668218,-0.43421793234826467,-0.5246304545353153,5,55,0.5140663478622168
nonmember_430.png,0,0.3901570968919206,0.4518465501367914,0.5574877212670946,0.43377502720874084,-0.07616778722560458,-0.3174429061488562,-0.5621370893226763,-0.7085714572521011,5,55,0.5125915332215905
nonmember_339.png,0,-5.313613453377568,-4.003209611797558,-3.035518371275854,-1.5292035839665794,0.4234661906200876,0.53868294341527,0.8957400937460789,0.3687367269158335,5,55,0.3184345211528741
nonmember_208.png,0,0.5205379743307761,0.2571260541727698,0.31678776382518015,0.1816288544804534,-0.11734131012561999,-0.3625208416188954,-0.4506112309722985,-0.08095483709184226,5,55,0.5031039338959439
members/member_120.png,1,0.4443594402876805,0.5768112495626654,0.7052457792301294,0.4205278855175534,0.3416891342959696,0.07982684033359888,-0.42352264806983175,-0.09013080866463152,5,55,0.5595416435989896
members/member_401.png,1,-0.04929092660004564,0.15236856272838573,0.04904987960253404,0.07621783600756071,0.10039826438977073,0.1642632371186621,-0.21785784443795286,-0.13686681443257154,5,55,0.5104748664939218
members/member_109.png,1,0.5370016356958001,0.5367884768947389,0.40944168644636836,0.3607042642931084,-0.046559536835677484,-0.13759139058222214,-0.5077802269022778,-0.13915534378123784,5,55,0.5215479607915398
members/member_167.png,1,0.672259009848891,0.6736441688764017,0.3613803074096924,0.2493375868850385,0.19939081625684363,-0.26382009288291375,-0.45628257179512843,0.09636773330597048,5,55,0.5119164794754141
nonmember_426.png,0,-0.03672927511399493,0.08135231932821263,0.09010945987423424,0.266960866918863,0.07158496205472531,-0.19841713858681054,-0.5391482115266015,-0.11726019369234475,5,55,0.4953878978635096
nonmember_274.png,0,0.01951831502830892,0.30581979690150574,0.5494259636875634,0.2839930391055425,0.18489093045507854,-0.14936407585574862,-0.333811847658116,-0.17978949794572774,5,55,0.5314301911698751
nonmember_455.png,0,-1.8727330123831307,-2.7558748602024985,-2.5602702270418094,-2.8968593176499327,-4.286581733710016,-1.4928621722696476,-0.3313909652465634,-0.1486736672104838,5,55,0.23289169094537207
members/member_220.png,1,-0.027031575876554914,-0.12574188639881712,0.11989694867908485,0.14700241208187803,0.05035527534527784,0.4021122890317166,-0.48478771125504494,-0.10836970283100911,5,55,0.5374451058040081
nonmember_253.png,0,0.15430784836897216,0.24636089116623872,0.4908273288253895,0.30491854855550393,0.08965262914814076,-0.16561712902804793,-0.23733760164884554,0.023765761430116328,5,55,0.5306097858729623
nonmember_248.png,0,-0.6237939327780757,-1.4543986930776867,-1.6086558696253874,-0.793678363947556,-0.22080271811881058,-0.2530204522924704,-0.3327656843065281,-0.0530041432510604,5,55,0.36633093857946153
members/member_101.png,1,-0.7921448738861745,-0.4135993126037274,-0.17746839127094471,-0.12907538094496296,0.10536212529311717,-0.1426793968331017,-0.21776929877750906,-0.6896549274082782,5,55,0.4650633722089196
nonmember_298.png,0,-0.5711231158237033,-0.5869598701211771,-0.4020337920377979,-0.28456875146086746,-0.29521051477765337,0.03750751287556664,-0.34542201157163976,0.10798233370810095,5,55,0.4762495489552969
nonmember_314.png,0,0.20075119346794867,0.26284519821312147,0.00479706561964921,0.48167851269379014,-0.19532192217719135,-0.35905014322778506,-0.5030283938270808,-0.221222868940524,5,55,0.47596092759331665
nonmember_138.png,0,0.5694631670455457,0.51007407038359,0.5427933273951528,0.20643884623534703,0.15648988051377088,0.041529189582251824,-0.18481802031377903,0.04246976136350611,5,55,0.5451683520844101
nonmember_485.png,0,0.5807634548530358,0.4338841218511331,0.6461646067920386,0.46742835461134025,0.24644758887739915,-0.17522887656852149,-0.3128549080741978,-0.2488554148218256,5,55,0.5379577769981518
nonmember_425.png,0,0.24373214045787472,0.31701777471418957,0.6141716321217454,0.27351795952331237,-0.05469196314614333,-0.32573501693693085,-0.1625912537937575,-0.21559641244121952,5,55,0.5247653933379584
members/member_477.png,1,0.6380505416892928,0.46901444254393265,0.052614455158029205,-0.09744841262922588,-0.24100561734572334,-0.5893380336744052,-0.4668222521861196,-0.06172176337380186,5,55,0.46302468539835445
nonmember_405.png,0,0.3231285329810354,0.09212285960053146,0.3565375918146749,0.40219688416604615,0.25855481691593063,0.07120255390787378,-0.47105418452853964,-0.7373450114577178,5,55,0.5238880767637181
nonmember_438.png,0,0.6887981180078926,0.6412293111192842,0.6586859520521271,0.3509952804997587,0.09372759501524808,-0.20408445637131134,-0.46435495639720603,-0.48034248694661486,5,55,0.5300296941517489
members/member_437.png,1,-0.03896188137234491,-0.028998187573042067,0.12617800954007174,-0.261307532658686,0.09175694408074708,-0.06091592927009515,-0.2698523824416421,0.0063512753048637904,5,55,0.505831788776215
nonmember_454.png,0,0.23069165111931467,0.30973425773584484,0.5380448004629348,0.27142966348597186,0.10827137291369038,-0.33491113969507147,-0.15429839022341607,-0.08514050786555494,5,55,0.5205101235149258
members/member_305.png,1,0.2964924065701826,0.26110855441226866,0.5327350107840956,0.18459657336060475,0.031136488899231374,-0.3718072011642075,-0.4204498511627044,-0.056613615258466865,5,55,0.5198444584112433
members/member_19.png,1,0.3419863408606987,0.4155370641818923,0.038709282431272474,0.18009032118666468,-0.2190416351611959,-0.07739068294036144,0.16265797465823972,0.1129251647596643,5,55,0.4961550106856709
nonmember_241.png,0,0.4880711006192988,0.11282878849812406,-0.17011607355162983,-0.7469678887864868,-0.22485810083925362,-0.38567290561362366,-0.48657640018545045,-0.1551453372781726,5,55,0.4552963320352387
members/member_234.png,1,-1.786960612495347,-1.9000435042401378,-1.4054408748438716,-0.7244128292434526,-0.0819287095914043,0.33390145787343606,-0.3135125832566299,0.20643464003522105,5,55,0.4246592340485985
members/member_9.png,1,0.5008291810718268,0.2705204204213443,0.3698696114687894,0.30038712207885965,-0.017611466706014767,-0.3854680464076825,0.7508563975418134,1.1798313843537205,5,55,0.5259832648362438
nonmember_469.png,0,-0.18051118641493957,0.2551649841441894,0.3700773891534901,0.21822716173790546,-0.17299213452842066,-0.2395902109768251,-0.2581881593755426,-0.1164442933602583,5,55,0.511321743458456
nonmember_154.png,0,-0.4976125518570511,0.08727079040863917,-0.057926030468495426,0.19171342032357153,0.189449541979954,-0.10364245813096407,-0.39776190502595643,-0.017210613015231857,5,55,0.48811566228523756
nonmember_499.png,0,-2.405217938070584,-1.4586560462379603,-1.875321490703417,-1.3140313262159022,-0.48484387192901623,-0.4851989042848821,-0.3898494236911727,-3.6569863922881582,5,55,0.2648531967956402
nonmember_493.png,0,0.7377206313105509,0.5068202940878743,0.6135452330978457,0.475520080297096,2.74607121954908,1.1818847096076772,2.8396228167278976,0.42560286547262915,5,55,0.6168071769139379
nonmember_243.png,0,0.5144711242413531,0.1930106057299361,-0.21409545908452587,0.026728009703900213,-0.15882894174264361,-0.1657428644194745,-0.3620093738267647,-0.04695482036654841,5,55,0.47162373356846726
nonmember_295.png,0,-0.3722030701586856,-0.1485324789625202,-0.910644847178836,-0.6598336099877731,-0.011715412202884412,0.46201066837691984,0.007700047166117052,0.24306837037049878,5,55,0.4540537489495306
members/member_336.png,1,0.47282292895777767,0.526920413845537,0.3505084160226981,0.28204027350345573,0.048727162718511075,-0.36317498163890427,-0.5187444206568435,0.10337025065508776,5,55,0.5067074300143977
members/member_14.png,1,0.47750788324258364,0.2347747724625635,0.2742131722752137,0.17078995482780357,0.2812809717524538,0.34351335836070973,-0.26647707832483736,-0.24500836810705806,5,55,0.5398686501439952
members/member_105.png,1,0.6286176823717291,0.6838779423319763,0.6533729821563763,0.4908126460452027,0.16049767829164985,-0.16404822543998954,-0.103613615486978,-0.060998621597027736,5,55,0.5389040847841817
members/member_171.png,1,-0.4949438049182602,0.38773788130914477,0.5812902584722717,0.44243759888928125,0.15572932894259672,-0.2133174164248075,-0.5091309896060467,-0.2726709305213273,5,55,0.5271792277114333
nonmember_251.png,0,0.6069889449459449,0.5558673801812066,0.5055579393240115,0.45380250675090306,0.1291825497675072,-0.2452629974510172,-0.2961806431583387,-0.3220150565089108,5,55,0.5187877960437512
nonmember_471.png,0,0.44032289881758446,-0.2873241838228555,-0.22214381738295508,-0.37739667437636326,0.04671399486701899,0.7463777108987415,1.096015670616472,0.008597700221794291,5,55,0.525823400629508
members/member_354.png,1,0.47554262788372803,-0.0388295466434978,0.383853325404822,0.14217191065079016,0.19476606565157617,0.002275104219614299,-0.5880191667775438,0.13522112719513224,5,55,0.5400618022250495
nonmember_219.png,0,-0.4490440620166978,-0.7540137847702058,-0.33282510176012137,-0.047501385189320455,-0.2465339934456292,-0.33005991483349817,-0.3846965620987506,-0.05821109404608915,5,55,0.46028899566956455
nonmember_353.png,0,-0.37690822556336934,-0.13912875069778208,-0.10292120043665864,0.1529438001894774,0.029952991744382373,0.1597391025592403,0.35510849874425165,-1.185773721866731,5,55,0.4774641516255985
members/member_481.png,1,-0.19579102306309082,0.34682169828342024,0.3542687242550495,0.42447379276153674,0.14972556129689796,-0.2555349054319791,-0.39706143490736956,-0.06136537824313226,5,55,0.5109911507323363
members/member_498.png,1,-0.19470601504156893,-0.25917518856007016,-0.6661268301755503,-1.3974344867001656,-0.1664310086013283,-0.07315366574952886,-0.299617925861849,0.27614948403910233,5,55,0.43964426264964657
nonmember_23.png,0,-1.9115544721155242,-1.9345302614344133,-2.402162508487376,-1.4614894648829027,-0.3730120881325023,0.9772807331075279,0.8313908894580591,0.6359566552805145,5,55,0.38214996717732463
members/member_24.png,1,0.12442437479873725,0.11463277015639717,0.3571536935199253,0.13595919281710334,0.248637301961816,0.3027933777602465,-0.2955589200342015,0.14890803887731874,5,55,0.5520963221129613
members/member_178.png,1,-0.514702304394492,-0.20335240905007113,-0.37863412793532536,-0.41972236558203413,0.19060995822529003,0.2846582788259373,-0.13581406132087182,0.17114417465433363,5,55,0.4879781109238977
members/member_51.png,1,-0.01756772858206057,0.14377761012899093,0.013128656058155386,-0.1735049009399794,0.14086119798207664,0.4128022752642253,-0.30821634259352226,0.17749909290139154,5,55,0.5281827070172891
members/member_484.png,1,0.18468393903747415,0.25189146369489324,0.357799656479616,0.3230755616137424,0.14074045437337546,-0.12149581970103984,-0.21708188211857848,-0.230010638783825,5,55,0.5174669667851807
members/member_28.png,1,0.023565980043843027,-0.3455280157591112,-0.6353376044838446,-0.06810833517872839,0.12957779558004923,0.15699966222929618,-0.2333546863254119,0.20930566919465754,5,55,0.466511827811083
members/member_195.png,1,0.4722983541949204,0.1890701271021138,0.34325772533957233,-0.19768777328467912,-0.03219378143771845,0.42616056554876813,0.2533738373367078,0.8526946271816387,5,55,0.5676437575403883
members/member_436.png,1,-0.03563276495600309,-0.6644758128241612,-1.9178908149255318,-0.8251630767879052,-0.5639545409709159,-0.04102200453888605,0.29079687346161043,0.2866171457933362,5,55,0.35038352259240646
nonmember_220.png,0,0.03466455991837414,-0.6239638151668885,-1.1685401430850852,-0.6840461652021541,-0.6129798058080631,-0.046692989630797044,-0.23828826109656998,-0.026560514202199847,5,55,0.40538290135280575
nonmember_466.png,0,0.6372396275362848,0.5437793853633348,0.561839320115094,0.3840790981308393,0.033493365823300536,-0.10902311527670161,-0.03970410124535029,0.013124194634521302,5,55,0.5371388184324084
members/member_403.png,1,0.34141238149824193,-0.24534813759045493,0.06803047818854502,0.13767217713714786,-0.18694960507429936,-0.2563991885962862,-0.421213357423472,-0.06648400108508756,5,55,0.4952678993303408
members/member_359.png,1,0.619837718060908,0.47522985277953245,0.20386605668988933,0.3865682574004996,-0.005820755682912626,-0.30874158922806316,-0.4321566978846807,-0.07013140457336853,5,55,0.49617262398812545
nonmember_202.png,0,0.03164592686615286,0.4795091935228575,0.5120129568409006,0.04984275426885132,0.1672993442444799,-0.314984871175942,-0.4095406775434034,-0.31852422779752576,5,55,0.511522515333903
members/member_247.png,1,0.3708967406606072,0.4940840623130902,0.354063644260469,0.24108377393896863,-0.20627859000613746,-0.29799602478313325,-0.29258608950483733,0.0156581587583684,5,55,0.5080379151149912
nonmember_45.png,0,0.2849459599419544,0.2781597163492604,-0.5734948946422547,-0.02024915037872832,-0.021195364191490818,-0.24592589517749008,-0.16196577869021667,-0.012382745298818776,5,55,0.4346346294844582
members/member_361.png,1,0.27427235785963466,-0.4316258887121194,-0.06239702009837478,-0.3899385564903035,0.0935910778539637,0.533166014398454,0.7233355304572338,-0.015272752884710528,5,55,0.5281750119385954
nonmember_93.png,0,0.2903688359828758,0.3410003222887612,0.367589903642183,0.4246006477527491,-0.657964785894035,-0.4252368490491456,-0.40332886413435265,-0.1699640128773492,5,55,0.501095927813757
nonmember_436.png,0,0.1472502631689574,-0.06030946328258313,0.3880429756227244,0.37979437103868463,0.11081151719236981,-0.27144377605559367,-0.39628821701759165,-0.17464242249670914,5,55,0.5170358539229712
members/member_115.png,1,0.232974675761628,0.2672284459973615,-0.07665173011271476,0.17589704093841396,-0.0859707831238028,-0.22639854277979143,-0.33879159565839245,-0.14028144725474068,5,55,0.4762332371848889
members/member_325.png,1,0.39631647512616697,0.16217770072977267,0.5577851603507393,0.33974285277838856,0.05085119439573482,-0.30650686756661116,-0.3774478668385477,-0.14645616104046688,5,55,0.5268773045615586
nonmember_89.png,0,0.312649988356827,-0.3451028661238724,-0.03131174646209711,0.1265684388213022,0.07827738987275357,-0.32052576350849726,-0.4668828930249811,-0.07214166406055966,5,55,0.4843426372293932
members/member_182.png,1,-0.35386170330272915,0.04168628068701263,0.18251495627017222,-0.1084329769569381,0.029338172602188184,-0.11700975435686001,-0.37979536205115494,-0.665199626941753,5,55,0.4931348414570785
nonmember_312.png,0,-1.9370024100461336,-0.9226395662129625,-0.8343629248891018,-0.7293988914759462,-0.31130391772832944,-0.027026867039598557,-0.39233536364764987,0.025935566152790912,5,55,0.4317858358115297
members/member_89.png,1,0.10725680434972062,-0.16531105937587487,0.17110823902446715,0.30212524192995005,0.4456572731877122,0.20804024902358442,-0.3630561701747226,-0.11286943773129021,5,55,0.5310491789973293
members/member_328.png,1,0.5478829000254564,-0.3101307874336241,-0.5080655957159648,-0.28703225672212396,0.6809674193945403,2.1176138207519664,5.553761925100562,0.7448889463689747,5,55,0.5826241159578404
nonmember_183.png,0,0.10578763809630942,-0.06021574658680473,0.003658845799353383,-0.21529735977382813,-0.13670296139198745,-0.3601590902657894,-0.23787769080328136,0.26065429178753163,5,55,0.4830762318318224
members/member_391.png,1,-0.5195458404219666,-0.6649412943207635,-1.9136080036378367,-0.6116459941381804,-1.0540205645814842,0.04633777926092231,0.4413146763363338,0.9062309288252379,5,55,0.3661703391136168
nonmember_187.png,0,0.7057706736145066,0.5583944846101176,0.5775448909149565,0.18600598103176935,0.15424195468538038,-0.32807230980868507,-0.41180090865586383,-0.3334634670700565,5,55,0.5182221991792931
nonmember_456.png,0,0.6245340045587953,0.6551526533636607,0.6589625537450972,0.3510516234982761,0.2503026489866431,0.3182654897915933,-0.12205424620651772,0.2957572682412355,5,55,0.5757125430537938
nonmember_344.png,0,0.16050120935563061,0.5243860835505934,0.6023473890085449,0.47765821562738164,0.1621980929615292,-0.07845425761902636,-0.30902577827663436,-0.13383726189921052,5,55,0.5399516645108464
