image,low_mean_400,mid_mean_400,high_mean_400,low_std_400,mid_std_400,high_std_400,low_min_400,mid_min_400,high_min_400,low_max_400,mid_max_400,high_max_400,low_range_400,mid_range_400,high_range_400,low_mean_500,mid_mean_500,high_mean_500,low_std_500,mid_std_500,high_std_500,low_min_500,mid_min_500,high_min_500,low_max_500,mid_max_500,high_max_500,low_range_500,mid_range_500,high_range_500,low_mean_750,mid_mean_750,high_mean_750,low_std_750,mid_std_750,high_std_750,low_min_750,mid_min_750,high_min_750,low_max_750,mid_max_750,high_max_750,low_range_750,mid_range_750,high_range_750
members/member_0.png,0.015995850786566734,0.024262605234980583,0.008325296454131603,0.005441281478852034,0.00366435875184834,0.00047646727762185037,0.010332676582038403,0.011283956468105316,0.003108636476099491,0.003644077107310295,0.0012410024646669626,0.0001071230144589208,0.0012386878952383995,0.000623162486590445,0.00019308686023578048,0.0007725407485850155,4.1849219996947795e-05,5.7289198593935e-05
members/member_1.png,0.020391887053847313,0.028931351378560066,0.01014807727187872,0.0059735700488090515,0.004201964940875769,0.0005286458763293922,0.012964151799678802,0.0143907330930233,0.003816440002992749,0.0037043581251055002,0.002140973461791873,0.00016087187395896763,0.0015544698107987642,0.0008012415491975844,0.00022430685930885375,0.0008723739301785827,5.824538311571814e-05,4.7991168685257435e-05
members/member_2.png,0.017296813428401947,0.021354837343096733,0.007794693578034639,0.005546661093831062,0.004338840022683144,0.0004008724936284125,0.01245923526585102,0.011293210089206696,0.0029267119243741035,0.004041259177029133,0.0013327354099601507,0.00010232984641334042,0.0026328610256314278,0.0005920176627114415,0.0001891717256512493,0.0014584531309083104,3.5785440559266135e-05,6.38495766906999e-05
members/member_3.png,0.011576930060982704,0.009357140399515629,0.003757628146559,0.004287709482014179,0.002269577467814088,0.0003872718953061849,0.00978947151452303,0.004831509664654732,0.0015371711924672127,0.005878374446183443,0.000727364094927907,0.00011414469918236136,0.0009887531632557511,0.00024648665566928685,0.00012589474499691278,0.0008989188354462385,2.573762867541518e-05,4.013700527139008e-05
members/member_4.png,0.015144653618335724,0.010905691422522068,0.005653649568557739,0.005590769462287426,0.001745255896821618,0.0003264331317041069,0.011351271532475948,0.005305275786668062,0.0021352837793529034,0.00426858477294445,0.0013105234829708934,9.161360503640026e-05,0.0024782337713986635,0.00031799569842405617,0.00015677756164222956,0.001320530311204493,4.792914114659652e-05,4.490681385505013e-05
members/member_5.png,0.015774469822645187,0.008473365567624569,0.002857486717402935,0.005521824117749929,0.0018110040109604597,0.0002316744503332302,0.011409321799874306,0.0037118864711374044,0.001048626727424562,0.00607148976996541,0.0007755151600576937,7.798974547768012e-05,0.0014042555121704936,0.0001791545219020918,0.00010590637975838035,0.0005935701774433255,3.5435474273981526e-05,5.009075175621547e-05
members/member_6.png,0.011886508204042912,0.023158688098192215,0.011747138574719429,0.004145280923694372,0.004361727740615606,0.001385188428685069,0.010936446487903595,0.01490310113877058,0.0051582809537649155,0.00524571817368269,0.002489111851900816,0.00039864671998657286,0.0038875904865562916,0.0012481075245887041,0.0002745720848906785,0.002149817766621709,0.00012379956024233252,3.672701495816e-05
members/member_7.png,0.015931420028209686,0.024120517075061798,0.010853574611246586,0.004591031931340694,0.005213568918406963,0.0008326568058691919,0.012637265957891941,0.014011348597705364,0.004319298546761274,0.004356354475021362,0.0025691655464470387,0.00020633632084354758,0.0014439902734011412,0.0008919205283746123,0.00023378821788355708,0.0008064932189881802,5.897148366784677e-05,3.808777910307981e-05
members/member_8.png,0.014670138247311115,0.010355235077440739,0.0022748636547476053,0.005467473529279232,0.001928921090438962,0.00022820632148068398,0.009784662164747715,0.004642473068088293,0.0008953094948083162,0.005062822252511978,0.0006627805414609611,8.518415415892377e-05,0.0019406836945563555,0.0002438358642393723,9.738915832713246e-05,0.0015885571483522654,2.7081829102826305e-05,5.367556877899915e-05
members/member_9.png,0.01147656049579382,0.017076944932341576,0.0069775949232280254,0.0038669812493026257,0.0026427684351801872,0.0005005813436582685,0.01061252225190401,0.010464241728186607,0.002824252238497138,0.004728909581899643,0.0024821260012686253,0.00017850175208877772,0.00281960959546268,0.0009182324283756316,0.0001949415891431272,0.0013230672338977456,7.352866668952629e-05,6.440112338168547e-05
members/member_10.png,0.01592450775206089,0.014505982398986816,0.00879078358411789,0.005067659541964531,0.0026051090098917484,0.00031360136927105486,0.012837450951337814,0.006253908853977919,0.0032330614048987627,0.0051270741969347,0.0010787537321448326,0.00010511217260500416,0.0019511341815814376,0.0002935354132205248,0.0001877730101114139,0.0008815022883936763,2.5087858375627548e-05,3.128879689029418e-05
members/member_11.png,0.017855137586593628,0.017681853845715523,0.007898119278252125,0.007022636942565441,0.0016435855068266392,0.00035276790731586516,0.011616835370659828,0.007225546054542065,0.002968907356262207,0.0037588500417768955,0.0007352207903750241,9.581317863194272e-05,0.0012660393258556724,0.0003291739267297089,0.00017685294733382761,0.0009193235891871154,2.3473721739719622e-05,3.672153616207652e-05
members/member_12.png,0.012980081140995026,0.006532169412821531,0.0029116764198988676,0.004507796838879585,0.0014068105956539512,0.00021800692775286734,0.008818979375064373,0.002994902664795518,0.001118744956329465,0.004095594864338636,0.0005221316241659224,7.137049396988004e-05,0.0024811699986457825,0.00016201533435378224,0.00010748734348453581,0.0015836016973480582,2.540448258514516e-05,3.756230216822587e-05
members/member_13.png,0.014128366485238075,0.019209768623113632,0.01106188539415598,0.005248948931694031,0.004080543760210276,0.000771265069488436,0.010501698590815067,0.01061531063169241,0.0042134858667850494,0.004231228958815336,0.002267612377181649,0.0001948919234564528,0.002274095546454191,0.0006992771523073316,0.00023437563504558057,0.0011844381224364042,6.26810360699892e-05,4.0899612940847874e-05
members/member_14.png,0.01771555282175541,0.007253183051943779,0.003324562218040228,0.007089030463248491,0.0015523701440542936,0.00014299411850515753,0.014793982729315758,0.0029987292364239693,0.0012183996150270104,0.006022610701620579,0.0005419974331744015,6.08908521826379e-05,0.0036375923082232475,0.0001680183777352795,0.00012145242362748832,0.0014010531594976783,3.459220170043409e-05,6.000563007546589e-05
members/member_15.png,0.022798633202910423,0.011365246027708054,0.0042118593119084835,0.005675544962286949,0.0018074961844831705,0.0002626942878123373,0.016849452629685402,0.004488989245146513,0.0015608113026246428,0.004135345108807087,0.0006842230795882642,8.281483314931393e-05,0.0018909077625721693,0.00018490174261387438,0.00011421270755818114,0.0006171644781716168,2.0451992895687e-05,2.5044939320650883e-05
members/member_16.png,0.015416561625897884,0.02248881570994854,0.01027428638190031,0.004300649277865887,0.004261063411831856,0.0006323697161860764,0.011652949266135693,0.014156234450638294,0.0040034339763224125,0.003566553583368659,0.0033823957201093435,0.0001921719522215426,0.0019359036814421415,0.0012753296177834272,0.00022907175298314542,0.0009444829192943871,0.00011716352310031652,2.6808584152604453e-05
members/member_17.png,0.019240207970142365,0.014280200004577637,0.003837119322270155,0.006983191706240177,0.003125550225377083,0.00026722034090198576,0.010790242813527584,0.007320588920265436,0.0014747052919119596,0.0034879473969340324,0.0014693725388497114,8.234140113927424e-05,0.0015392155619338155,0.00048272733693011105,0.00011807883129222319,0.0009344815625809133,6.863801536383107e-05,5.3769090300193056e-05
members/member_18.png,0.013163748197257519,0.016317425295710564,0.006536508910357952,0.005064048338681459,0.0036873910576105118,0.0005228971713222563,0.0108333146199584,0.010949373245239258,0.002875363454222679,0.004554514307528734,0.0022218292579054832,0.0002151255903299898,0.003303591627627611,0.0009159889887087047,0.0001730729272821918,0.0016586579149588943,7.598613592563197e-05,2.8396756533766165e-05
members/member_19.png,0.017969369888305664,0.020996717736124992,0.009763377718627453,0.0065881782211363316,0.0022948323749005795,0.0008566378965042531,0.015684984624385834,0.010481707751750946,0.00404047267511487,0.007162811700254679,0.0015410487540066242,0.00020749699615407735,0.002350239083170891,0.0006176545866765082,0.00024128780933097005,0.0008475634385831654,4.543700197245926e-05,3.840123463305645e-05
members/member_20.png,0.012328267097473145,0.015160803683102131,0.009132827632129192,0.005769593175500631,0.002249289769679308,0.0004560835368465632,0.00959540344774723,0.006601836532354355,0.0033866174053400755,0.004062118008732796,0.0009142495691776276,0.00013587680587079376,0.0024258028715848923,0.0003265102277509868,0.00019523552327882499,0.0013276445679366589,3.734408528544009e-05,4.3400563299655914e-05
members/member_21.png,0.018089309334754944,0.024051910266280174,0.008386034518480301,0.006129874847829342,0.004084030631929636,0.0006959064048714936,0.014273488894104958,0.012676278129220009,0.003346874611452222,0.00582552095875144,0.0018739902880042791,0.0001851921115303412,0.0015563389752060175,0.0007530549191869795,0.00019098199845757335,0.0006045454647392035,6.073589975130744e-05,2.8247433874639682e-05
members/member_22.png,0.01643756404519081,0.020516449585556984,0.009208756498992443,0.005419770255684853,0.003468618495389819,0.000505179981701076,0.01394778210669756,0.0119136618450284,0.0035824852529913187,0.006709981244057417,0.001466224086470902,0.00011843565152958035,0.0024539686273783445,0.0007204662542790174,0.00020951313490513712,0.0012224833481013775,4.0948001696961e-05,3.427028059377335e-05
members/member_23.png,0.024782659485936165,0.027210941538214684,0.009046713821589947,0.009385120123624802,0.0033026793971657753,0.0005563120939768851,0.0257796049118042,0.013006303459405899,0.003412053920328617,0.007434383034706116,0.0012943673646077514,0.00016769525245763361,0.0031960532069206238,0.0006763616111129522,0.00020677321299444884,0.0009175751474685967,4.532883031060919e-05,4.70897757622879e-05
members/member_24.png,0.016726361587643623,0.007382260635495186,0.005995444022119045,0.006825203541666269,0.0011655703419819474,0.00022433149570133537,0.010557477362453938,0.0029785793740302324,0.002190498635172844,0.005063476040959358,0.000617966172285378,8.76362610142678e-05,0.0011159880086779594,0.0001393794227624312,0.0001474810269428417,0.0008287860546261072,2.6563169740256853e-05,4.0356659155804664e-05
members/member_25.png,0.011000670492649078,0.01090768352150917,0.004553453531116247,0.005649292375892401,0.0025567098055034876,0.0004025702364742756,0.010486154817044735,0.006154793314635754,0.0017623681342229247,0.004527215380221605,0.0014422027161344886,0.00011072186316596344,0.007377420552074909,0.0004526315024122596,0.00014530742191709578,0.003678126260638237,4.113577597308904e-05,4.256087413523346e-05
members/member_26.png,0.017149126157164574,0.025359701365232468,0.009420856833457947,0.006673917640000582,0.003850590903311968,0.0007311354274861515,0.011963274329900742,0.014193744398653507,0.0037630260922014713,0.0033458874095231295,0.0016322457231581211,0.00019935221644118428,0.002114152070134878,0.0008373368764296174,0.00021676684264093637,0.001047463738359511,6.436654075514525e-05,4.834495484828949e-05
members/member_27.png,0.012965933419764042,0.014446157030761242,0.006103424821048975,0.0042274510487914085,0.0018217542674392462,0.00031010046950541437,0.008810555562376976,0.005894744303077459,0.0022746450267732143,0.004105997737497091,0.0007338594878092408,0.00012210251588840038,0.0008988219778984785,0.000289927760604769,0.00015399976109620184,0.000507444841787219,3.467179340077564e-05,4.846358933718875e-05
members/member_28.png,0.011453066021203995,0.006473778281360865,0.0022007504012435675,0.004928575363010168,0.0015034321695566177,0.00014877229114063084,0.009333119727671146,0.0028514224104583263,0.0008171105873771012,0.005196928512305021,0.0005095931119285524,9.005748870549724e-05,0.0014456178760156035,0.00015693955356255174,9.835142554948106e-05,0.0005477549275383353,2.8474642022047192e-05,4.676281241700053e-05
members/member_29.png,0.011436612345278263,0.011088153347373009,0.0057619367726147175,0.005487806163728237,0.0014267148217186332,0.0002609746588859707,0.008851232938468456,0.004679116420447826,0.0021184575743973255,0.003591428743675351,0.0007086145342327654,7.348528743023053e-05,0.0011157228145748377,0.00024126515199895948,0.0001516628108220175,0.0008499532123096287,3.594805457396433e-05,6.301829853327945e-05
members/member_30.png,0.018683167174458504,0.020456427708268166,0.006652308627963066,0.008962136693298817,0.0031100905034691095,0.0003254899347666651,0.013583438470959663,0.010772046633064747,0.0024984043557196856,0.0061494424007833,0.001708581461571157,0.00010910087439697236,0.002147306688129902,0.0006028232164680958,0.00016706132737454027,0.0009330521570518613,5.763956141890958e-05,5.2500392484944314e-05
members/member_31.png,0.015350625850260258,0.02182837575674057,0.005926880985498428,0.005514040123671293,0.004065744578838348,0.00039775826735422015,0.011122476309537888,0.011060808785259724,0.0022744096349924803,0.003977270796895027,0.0016496977768838406,0.0001238873228430748,0.001729482552036643,0.0006523826159536839,0.0001512933085905388,0.0010907866526395082,6.078448495827615e-05,5.007972868042998e-05
members/member_32.png,0.019766801968216896,0.02310345694422722,0.005309520289301872,0.007030776236206293,0.0032261766027659178,0.0003392161743249744,0.01652468740940094,0.011832717806100845,0.002014739438891411,0.005251341965049505,0.0015644771046936512,9.545405191602185e-05,0.0028098702896386385,0.0006267576827667654,0.00013915746239945292,0.0012495608534663916,4.189120954833925e-05,3.0255097954068333e-05
members/member_33.png,0.016454048454761505,0.01675591617822647,0.006825197953730822,0.005947106517851353,0.0017074671341106296,0.0002454784407746047,0.011780258268117905,0.006866118870675564,0.002523154253140092,0.004805514123290777,0.0009209292475134134,8.628692739875987e-05,0.0020000373478978872,0.0003326338483020663,0.0001691843499429524,0.000918524747248739,3.315393041702919e-05,6.947572546778247e-05
members/member_34.png,0.015298444777727127,0.013548162765800953,0.005623838864266872,0.006139447446912527,0.0025567736010998487,0.0006110249669291079,0.012900975532829762,0.006830465979874134,0.00222285115160048,0.0056439535692334175,0.0013443464413285255,0.00018597784219309688,0.0030663644429296255,0.00042021647095680237,0.0001608292805030942,0.0009009009227156639,3.977678716182709e-05,4.557577267405577e-05
members/member_35.png,0.018067723140120506,0.016818402335047722,0.006821568123996258,0.006996863055974245,0.004582839086651802,0.0007283306331373751,0.016322482377290726,0.015431905165314674,0.0030348452273756266,0.005852187983691692,0.005591131281107664,0.0003171060234308243,0.0030279126949608326,0.001371082034893334,0.00021151651162654161,0.0014509634347632527,0.00015492370584979653,4.210860424791463e-05
members/member_36.png,0.016300039365887642,0.02485223300755024,0.00791082065552473,0.005915366113185883,0.003551923669874668,0.0007999659283086658,0.012374958954751492,0.012538728304207325,0.003208940615877509,0.005040502641350031,0.0018380738329142332,0.00017817008483689278,0.0021094984840601683,0.0006810987833887339,0.00021406503219623119,0.0010112556628882885,5.3756044508190826e-05,6.756166112609208e-05
members/member_37.png,0.016314227133989334,0.011410003527998924,0.003941505216062069,0.006151970010250807,0.003629768965765834,0.00029992253985255957,0.01153575163334608,0.006285748444497585,0.0014946353621780872,0.004407671745866537,0.0017484648851677775,9.699967631604522e-05,0.0019862111657857895,0.00040532174170948565,0.00011780230124713853,0.0006491679814644158,6.935761484783143e-05,3.8994727219687775e-05
members/member_38.png,0.014791637659072876,0.010883582755923271,0.006168154533952475,0.007160434499382973,0.0023170537315309048,0.0005088821053504944,0.011763001792132854,0.0047524054534733295,0.002319084480404854,0.006341902073472738,0.0008450807654298842,0.00016574974870309234,0.0028284641448408365,0.0002445565478410572,0.00015768676530569792,0.001695834449492395,3.209607530152425e-05,5.4839736549183726e-05
members/member_39.png,0.014356069266796112,0.017199669033288956,0.0057254028506577015,0.004386003129184246,0.003462307620793581,0.0004350744129624218,0.011174095794558525,0.008609883487224579,0.00221323617734015,0.006344657391309738,0.001963335555046797,0.00012373708887025714,0.0020566419698297977,0.0005361349903978407,0.00015728751895949244,0.001062810537405312,5.264905485091731e-05,4.250806159689091e-05
members/member_40.png,0.015580505132675171,0.022714557126164436,0.00904187560081482,0.0047378698363900185,0.004893188364803791,0.0006084792548790574,0.010281164199113846,0.01224984135478735,0.0035183653235435486,0.003990818280726671,0.0021010194905102253,0.0001374937710352242,0.0010178833035752177,0.0006881208973936737,0.00020365417003631592,0.0005404274561442435,5.7078214013017714e-05,4.313415047363378e-05
members/member_41.png,0.026611478999257088,0.03345470502972603,0.013740035705268383,0.010821330361068249,0.004742682911455631,0.000595559598878026,0.015919338911771774,0.016017474234104156,0.005185214802622795,0.004136690404266119,0.0014761276543140411,0.00014246298815123737,0.002698334865272045,0.0008712923736311495,0.0002823994727805257,0.0013627047883346677,5.2140920161036775e-05,5.09576202603057e-05
members/member_42.png,0.01294376328587532,0.008260004222393036,0.0015627917600795627,0.006087694317102432,0.0021881817374378443,0.00013444908836390823,0.009576988406479359,0.004246959928423166,0.0006062997272238135,0.005532836075872183,0.001028171624056995,8.441737008979544e-05,0.0012691160663962364,0.0002189246006309986,8.25267779873684e-05,0.0007632289780303836,3.325059878989123e-05,4.0520924812881276e-05
members/member_43.png,0.010775030590593815,0.012923654168844223,0.007267717272043228,0.005078899208456278,0.0032774119172245264,0.0007627577870152891,0.009682374075055122,0.009870828129351139,0.0034496327862143517,0.006195832509547472,0.0037001899909228086,0.00038736124406568706,0.0065171001479029655,0.0016066431999206543,0.00023269459779839963,0.0031128632836043835,0.00013348156062420458,3.9918715629028156e-05
members/member_44.png,0.01732555590569973,0.024724679067730904,0.013403570279479027,0.007724414579570293,0.004851731471717358,0.0010406511137261987,0.013950569555163383,0.013617347925901413,0.0059533133171498775,0.004127193707972765,0.002178220311179757,0.00044856240856461227,0.002851134864613414,0.0009553220588713884,0.000337503181071952,0.001068435492925346,9.567585948389024e-05,5.954744847258553e-05
members/member_45.png,0.017291955649852753,0.02080213837325573,0.012472297996282578,0.005453477147966623,0.002633346477523446,0.0005443166010081768,0.012113216333091259,0.009002067148685455,0.004653631243854761,0.004881102126091719,0.0011641716118901968,0.00014581502182409167,0.0009031026274897158,0.0004441896453499794,0.00025197898503392935,0.0003921005118172616,3.468836075626314e-05,3.4833192330552265e-05
members/member_46.png,0.02211998961865902,0.016451003029942513,0.004349096212536097,0.007314404472708702,0.003027684986591339,0.0003094085259363055,0.017624925822019577,0.007247086614370346,0.0016194168711081147,0.006823007483035326,0.0008998456760309637,7.985987031133845e-05,0.001566974213346839,0.00037457936559803784,0.000133016801555641,0.0005951123312115669,3.748279414139688e-05,4.504391472437419e-05
members/member_47.png,0.016673099249601364,0.019326915964484215,0.008297089487314224,0.007772184908390045,0.0035583649296313524,0.0005748902913182974,0.012926364317536354,0.011072445660829544,0.0032669645734131336,0.005690783262252808,0.0017271131509914994,0.00014904259296599776,0.0038461771328002214,0.0007294077659025788,0.00020123347348999232,0.001372015569359064,5.839273944729939e-05,7.613590423716232e-05
members/member_48.png,0.017397405579686165,0.015504710376262665,0.004189795348793268,0.006675582844763994,0.003618991933763027,0.0002928894245997071,0.012139513157308102,0.007737262174487114,0.001641071168705821,0.004140898585319519,0.0015394313959404826,7.981240196386352e-05,0.0015500508015975356,0.00043973870924673975,0.0001263464946532622,0.0005552335642278194,4.781912502949126e-05,3.265816121711396e-05
members/member_49.png,0.017664678394794464,0.009884890168905258,0.0016620863461866975,0.005444237496703863,0.0012072962708771229,0.00013177584332879633,0.011042444966733456,0.004089003894478083,0.0006477574934251606,0.004061758052557707,0.0004950186121277511,7.671622006455436e-05,0.0019445099169388413,0.0002070238842861727,8.878251537680626e-05,0.0009179585613310337,2.9686500056413934e-05,4.368159716250375e-05
members/member_50.png,0.02270754799246788,0.012657618150115013,0.005053337663412094,0.008252065628767014,0.0019876225851476192,0.00032513373298570514,0.01401771791279316,0.0055724321864545345,0.0019436072325333953,0.004388256464153528,0.0008951752097345889,9.671937004895881e-05,0.001531314803287387,0.0002751616993919015,0.00014896641368977726,0.0007584404665976763,2.9027349228272215e-05,4.105192783754319e-05
members/member_51.png,0.012161330319941044,0.006697837729007006,0.0024398472160100937,0.0062830690294504166,0.001254011644050479,0.00017924218263942748,0.007992674596607685,0.002894678618758917,0.000926864449866116,0.003922603093087673,0.0006475203554145992,8.825778058962896e-05,0.0006544459029100835,0.00014460559759754688,0.00010152855247724801,0.0005436679348349571,2.0541985577438027e-05,3.51425442204345e-05
members/member_52.png,0.009065293706953526,0.004802893381565809,0.0015552641125395894,0.005257016979157925,0.001648923265747726,0.00016719406994525343,0.009136885404586792,0.0022567242849618196,0.0006047434289939702,0.005958325695246458,0.0006202108925208449,6.349288014462218e-05,0.00238400069065392,0.00012153892021160573,8.113808871712536e-05,0.0014283123891800642,2.2382471797754988e-05,4.1150931792799383e-05
members/member_53.png,0.017963649705052376,0.018675711005926132,0.006817970424890518,0.0077680679969489574,0.003277102019637823,0.0003959422465413809,0.01354250404983759,0.00839048158377409,0.0026027425192296505,0.0056153154000639915,0.0008784350357018411,0.00014319809270091355,0.0021128656808286905,0.0004110784793738276,0.00016412972763646394,0.0006129528046585619,3.7518613680731505e-05,5.013492773286998e-05
members/member_54.png,0.015057731419801712,0.0169674139469862,0.007951022125780582,0.005697727669030428,0.0033585031051188707,0.0006157254101708531,0.012819342315196991,0.01129414327442646,0.0033064610324800014,0.006890303920954466,0.002001889981329441,0.0001521969970781356,0.0033550141379237175,0.0007259363192133605,0.00020071066683158278,0.0013059357879683375,6.859557470306754e-05,3.9609858504263684e-05
members/member_55.png,0.01590479165315628,0.019250748679041862,0.008337247185409069,0.005697458051145077,0.0024146796204149723,0.000749258731957525,0.013710368424654007,0.009246813133358955,0.0033205347135663033,0.005405309610068798,0.0012725326232612133,0.00020875647896900773,0.002470326377078891,0.0005412231548689306,0.00019773120584432036,0.0012765078572556376,4.2343152017565444e-05,5.1086659368593246e-05
members/member_56.png,0.015882695093750954,0.02197924628853798,0.009327816776931286,0.007121281698346138,0.004169890657067299,0.0010790734086185694,0.01199636235833168,0.015119228512048721,0.004510917700827122,0.004282317124307156,0.0034593669697642326,0.0004982022801414132,0.002334397751837969,0.0019691414199769497,0.00022674849606119096,0.0008477314841002226,0.00015804481517989188,3.607979306252673e-05
members/member_57.png,0.015819132328033447,0.017276618629693985,0.008824100717902184,0.006841626949608326,0.0020876212511211634,0.00027396579389460385,0.013117496855556965,0.0074781570583581924,0.0032604727894067764,0.004963395651429892,0.0008792660082690418,8.71392257977277e-05,0.0018619426991790533,0.00034610749571584165,0.00018869253108277917,0.0007044011726975441,2.802168091875501e-05,4.23425663029775e-05
members/member_58.png,0.017671728506684303,0.024590319022536278,0.010242310352623463,0.005092883016914129,0.003430377459153533,0.0009413623483851552,0.015996310859918594,0.014596876688301563,0.004383273888379335,0.005342687014490366,0.002416516188532114,0.0003358517133165151,0.002926660468801856,0.0013211130863055587,0.0002549422497395426,0.0007052452419884503,0.00011263916530879214,5.24252318427898e-05
members/member_59.png,0.015657328069210052,0.011903085745871067,0.004407708067446947,0.005736991763114929,0.00221461895853281,0.00030030091875232756,0.009379666298627853,0.005236136261373758,0.0016465543303638697,0.0039153979159891605,0.0007307488704100251,9.639086056267843e-05,0.0023920638486742973,0.00027211717679165304,0.0001275161630474031,0.0012037791311740875,3.93912305298727e-05,3.8554335333174095e-05
members/member_60.png,0.012916576117277145,0.008837134577333927,0.004480262286961079,0.005225190427154303,0.0021088363137096167,0.00036923150764778256,0.009386018849909306,0.004962134175002575,0.0017024176195263863,0.004976586438715458,0.0010992755414918065,9.343559941044077e-05,0.002220764057710767,0.00036991029628552496,0.00014971148630138487,0.001569762360304594,4.457413524505682e-05,7.703889423282817e-05
members/member_61.png,0.0159135814756155,0.021746864542365074,0.009196039289236069,0.006004528142511845,0.0028836908750236034,0.00033730576978996396,0.012005572207272053,0.009763918817043304,0.0034263229463249445,0.004540794063359499,0.0014720960753038526,0.0001154572019004263,0.0023756157606840134,0.0004850922559853643,0.00018976414867211133,0.0009066546335816383,4.3947442463831976e-05,2.8657457733061165e-05
members/member_62.png,0.015487177297472954,0.019953208044171333,0.006363436114042997,0.00495134387165308,0.003515617223456502,0.0005036912625655532,0.012547578662633896,0.010176103562116623,0.0023879283107817173,0.005969775374978781,0.001736297970637679,0.0001287585764657706,0.001787312445230782,0.000588939874432981,0.00016076404426712543,0.0008839708752930164,6.309439049800858e-05,4.9348309403285384e-05
members/member_63.png,0.017752088606357574,0.024621987715363503,0.008322363719344139,0.005960628855973482,0.004356057848781347,0.0005882357363589108,0.016345571726560593,0.014837125316262245,0.0033520644064992666,0.006018845830112696,0.002895656507462263,0.0001473658048780635,0.003054616507142782,0.0009746737196110189,0.0001928707933984697,0.000877420709002763,5.187365604797378e-05,4.22236553276889e-05
members/member_64.png,0.01955031231045723,0.02213086560368538,0.007830203510820866,0.008552128449082375,0.0039733597077429295,0.0006489070947282016,0.015800919383764267,0.013752209022641182,0.0031827061902731657,0.006155223120003939,0.0032143332064151764,0.00023676574346609414,0.0030405507422983646,0.001203726977109909,0.00021421269048005342,0.0015836224192753434,0.00012191896530566737,4.080182043253444e-05
members/member_65.png,0.02076774276793003,0.007797716651111841,0.002566523617133498,0.007228875532746315,0.0013405430363491178,0.00014425654080696404,0.014512372203171253,0.0032476477790623903,0.0009715521591715515,0.005589749198406935,0.0005237592267803848,6.688716530334204e-05,0.001878937822766602,0.0001633310312172398,0.00010410422692075372,0.0008325042435899377,1.8804912542691454e-05,3.9112575905164704e-05
members/member_66.png,0.01394747942686081,0.009143642149865627,0.0038431023713201284,0.006843876093626022,0.002211253624409437,0.00015179527690634131,0.011871296912431717,0.0043143643997609615,0.0014251135289669037,0.0055684177204966545,0.0010531862499192357,0.00010097062477143481,0.0016915090382099152,0.0002633717958815396,0.00013129704166203737,0.0007644121651537716,4.336751590017229e-05,5.963801595498808e-05
members/member_67.png,0.014478743076324463,0.010224765166640282,0.0030938489362597466,0.007565946783870459,0.0018990495009347796,0.0001483102678321302,0.010586464777588844,0.00463010324165225,0.0011663481127470732,0.0035708765499293804,0.0006437955889850855,5.94021039432846e-05,0.0024136328138411045,0.0002463756827637553,0.00011250950046814978,0.0008937267120927572,3.693106191349216e-05,4.098494173376821e-05
members/member_68.png,0.01149352453649044,0.012383947148919106,0.003596460446715355,0.004059224389493465,0.0027580277528613806,0.000439334602560848,0.009824487380683422,0.006927851587533951,0.0013887655222788453,0.0038864377420395613,0.0015683543169870973,9.516647696727887e-05,0.0036925545427948236,0.00041597604285925627,0.00011242563050473109,0.0019125405233353376,3.746615402633324e-05,3.678259963635355e-05
members/member_69.png,0.01717986911535263,0.007492144126445055,0.0024560794699937105,0.005814355798065662,0.0012785434955731034,0.0002607838250696659,0.009423298761248589,0.0030424892902374268,0.0009205496171489358,0.0027394064236432314,0.00046730891335755587,7.42056145099923e-05,0.0013477414613589644,0.0001544653350720182,9.104175842367113e-05,0.0004633357166312635,2.2542757506016642e-05,3.544526407495141e-05
members/member_70.png,0.016126979142427444,0.011958528310060501,0.0048772431910037994,0.005304853431880474,0.00369517900981009,0.0004158800293225795,0.013293576426804066,0.005422334652394056,0.0018776623765006661,0.004790907725691795,0.001189183327369392,0.00013675274385605007,0.0036237030290067196,0.00028903945349156857,0.0001426046947017312,0.0025231787003576756,3.58427241735626e-05,4.187679587630555e-05
members/member_71.png,0.02241075225174427,0.012841368094086647,0.008075186982750893,0.008193278685212135,0.0020806912798434496,0.0004975770716555417,0.018168341368436813,0.0057180579751729965,0.003083708230406046,0.00658221123740077,0.0010736447293311357,0.00011559174163267016,0.003500124206766486,0.00028738396940752864,0.00020385367679409683,0.0014139317208901048,3.815059972112067e-05,6.327211303869262e-05
members/member_72.png,0.016259312629699707,0.005677185487002134,0.00098480936139822,0.006439961958676577,0.001688324031420052,0.00016836918075568974,0.010727289132773876,0.00225443160161376,0.00034355875686742365,0.004253353923559189,0.0005325585370883346,6.167987157823518e-05,0.0021488808561116457,0.00014011506573297083,8.077859092736617e-05,0.001341319177299738,3.7600711948471144e-05,7.170233584474772e-05
members/member_73.png,0.016275610774755478,0.027516089379787445,0.015976570546627045,0.005172519013285637,0.004088481888175011,0.0014497603988274932,0.012238841503858566,0.016814162954688072,0.007009340915828943,0.005152239464223385,0.0021425853483378887,0.0003250704612582922,0.002413007663562894,0.0010647667804732919,0.0003575619775801897,0.0012441040016710758,6.417726399376988e-05,4.5391359890345484e-05
members/member_74.png,0.015595798380672932,0.015890775248408318,0.010243359953165054,0.007739791180938482,0.003091918071731925,0.0005909873871132731,0.011988508515059948,0.007415371015667915,0.004098982084542513,0.0054746028035879135,0.0013004593783989549,0.00017594652308616787,0.0018468989292159677,0.0004003476642537862,0.00023534614592790604,0.0010449608089402318,4.91880091431085e-05,5.688313103746623e-05
members/member_75.png,0.011367890052497387,0.007791855372488499,0.0032318481244146824,0.005981472320854664,0.0026026235427707434,0.0002743472286965698,0.0096072843298316,0.004269021097570658,0.0012472510570660233,0.005586412735283375,0.0016505970852449536,8.525055454811081e-05,0.00413821404799819,0.0003480896702967584,0.0001275083632208407,0.0018817819654941559,5.069939652457833e-05,5.284825965645723e-05
members/member_76.png,0.017406631261110306,0.01835239678621292,0.01112988218665123,0.006409659516066313,0.0030133556574583054,0.0009033097303472459,0.012019910849630833,0.008865999057888985,0.004394515883177519,0.0045562912710011005,0.0013301500584930182,0.0002401286328677088,0.0016295131063088775,0.0004480488714762032,0.0002518167020753026,0.0006289065349847078,3.4791435609804466e-05,4.42545315308962e-05
members/member_77.png,0.014125998131930828,0.011401179246604443,0.004319477826356888,0.006675670389086008,0.0019232288468629122,0.00035374064464122057,0.009347677230834961,0.0048077343963086605,0.0016387705691158772,0.0054152961820364,0.0008328328840434551,0.00011350055137882009,0.0015374228823930025,0.00023731794499326497,0.00012572651030495763,0.0010159934172406793,2.9070353775750846e-05,2.968516491819173e-05
members/member_78.png,0.0167403444647789,0.013839258812367916,0.004826272837817669,0.006689740810543299,0.0019159364746883512,0.00021885511523578316,0.011156699620187283,0.00602140324190259,0.0017741015180945396,0.005501341540366411,0.0007687738980166614,8.984110172605142e-05,0.0026959232054650784,0.0002916505327448249,0.0001297950220759958,0.0015807475429028273,3.5569009924074635e-05,4.359532977105118e-05
members/member_79.png,0.01238190196454525,0.006724141072481871,0.0017194619867950678,0.003935463260859251,0.0013609970919787884,0.0001341091701760888,0.008029574528336525,0.0029047331772744656,0.000645680062007159,0.003949037287384272,0.0005798485944978893,5.687244993168861e-05,0.0026530944742262363,0.0001558910880703479,9.185761882690713e-05,0.0017140108393505216,2.2954647647566162e-05,5.001031604479067e-05
members/member_80.png,0.01200706698000431,0.01599455438554287,0.0071215252391994,0.004856043960899115,0.0030097682029008865,0.0005789631977677345,0.012011709623038769,0.009067031554877758,0.0029345881193876266,0.005224894266575575,0.0021348174195736647,0.0001670241035753861,0.003816344076767564,0.0006866880576126277,0.0001776771678123623,0.0018151620170101523,5.100988346384838e-05,3.6061588616576046e-05
members/member_81.png,0.01948443613946438,0.03527812659740448,0.013126134872436523,0.0077796680852770805,0.004260907415300608,0.0009276114287786186,0.02040228806436062,0.02135319635272026,0.005371308419853449,0.006326800677925348,0.0025658877566456795,0.00023769451945554465,0.0032941109966486692,0.001709851436316967,0.00028440047753974795,0.0011266338406130672,0.00013118196511641145,2.878371196857188e-05
members/member_82.png,0.01745172217488289,0.0242862980812788,0.009208720177412033,0.005880589131265879,0.0036157770082354546,0.0005920975818298757,0.012674114666879177,0.01284787803888321,0.0035015142057090998,0.005003747995942831,0.0020729792304337025,0.00013288274931255728,0.001766048721037805,0.0007439595647156239,0.00021137137082405388,0.0007406321819871664,5.034498099121265e-05,4.296853148844093e-05
members/member_83.png,0.019350960850715637,0.014818478375673294,0.004403848201036453,0.005700032226741314,0.0026992789935320616,0.0002509058977011591,0.015141126699745655,0.0062638395465910435,0.001639827503822744,0.004978959448635578,0.0010053495643660426,7.77463719714433e-05,0.0017660825978964567,0.0002973597147502005,0.0001241731661139056,0.000904448505025357,3.251303860452026e-05,3.40055012202356e-05
members/member_84.png,0.016529684886336327,0.017442824319005013,0.007872618734836578,0.005022348836064339,0.002983737038448453,0.0005308302352204919,0.011868693865835667,0.008683684282004833,0.0030772825703024864,0.005215252749621868,0.0018663163064047694,0.00012147186498623341,0.002456085756421089,0.0004652691713999957,0.00019271153723821044,0.0008837917703203857,3.936980647267774e-05,5.442068140837364e-05
members/member_85.png,0.01870480738580227,0.019160650670528412,0.011041122488677502,0.0066769239492714405,0.003293792949989438,0.0008723768987692893,0.014242534525692463,0.009445264004170895,0.004279889166355133,0.0053277150727808475,0.0014358883490785956,0.00016562710516154766,0.0029271135572344065,0.0005365476245060563,0.00024786993162706494,0.0010945902904495597,4.38028946518898e-05,6.0462811234174296e-05
members/member_86.png,0.022593531757593155,0.016159875318408012,0.0071891616098582745,0.0062708728946745396,0.0022802858147770166,0.0004378836019895971,0.013337411917746067,0.007320300210267305,0.002710547763854265,0.004375832621008158,0.0012697052443400025,0.0001347860088571906,0.0014910832978785038,0.0003286973515059799,0.00017358121112920344,0.0006459178403019905,2.863101144612301e-05,3.300814933027141e-05
members/member_87.png,0.019640272483229637,0.016029832884669304,0.007303179707378149,0.006929673254489899,0.0024786475114524364,0.0006447469349950552,0.018083536997437477,0.006998794618993998,0.0029475411865860224,0.006522688083350658,0.001112449448555708,0.00014093420759309083,0.0027477466501295567,0.0003348365717101842,0.00017624508473090827,0.0008445435669273138,2.5762094082892872e-05,4.3176652980037034e-05
members/member_88.png,0.015582885593175888,0.018250878900289536,0.007808049209415913,0.0052831415086984634,0.004097722005099058,0.0006137925665825605,0.015328364446759224,0.010705223307013512,0.0032865339890122414,0.006223785690963268,0.0018469510832801461,0.00016519329801667482,0.003777087898924947,0.0007955932524055243,0.00019102396618109196,0.0009085644851438701,5.85343295824714e-05,2.984336606459692e-05
members/member_89.png,0.01482413336634636,0.012906244024634361,0.00807088054716587,0.005093134939670563,0.0019426783546805382,0.000524447881616652,0.012255779467523098,0.005555672571063042,0.0031136078760027885,0.004848215728998184,0.0010154942283406854,0.000146012389450334,0.002005814341828227,0.0003146459930576384,0.00018753042968455702,0.0010381866013631225,3.028200262633618e-05,4.020051710540429e-05
members/member_90.png,0.012484743259847164,0.013065539300441742,0.010129677131772041,0.00563280051574111,0.0010072167497128248,0.0003664241230580956,0.009852442890405655,0.005156557075679302,0.0037741148844361305,0.004633791279047728,0.0004596480284817517,0.00010411477705929428,0.0018500573933124542,0.00024532616953365505,0.00020796705211978406,0.0012046773917973042,2.2119522327557206e-05,3.3040061680367216e-05
members/member_91.png,0.015678422525525093,0.009062502533197403,0.002618946135044098,0.006137971766293049,0.0020676858257502317,0.00032820284832268953,0.012344554997980595,0.005339900031685829,0.0009944572811946273,0.00516520906239748,0.001445644535124302,8.39930580696091e-05,0.0019901013001799583,0.00029885972617194057,0.00011501230619614944,0.0008368771523237228,4.943552994518541e-05,7.206469308584929e-05
members/member_92.png,0.018961763009428978,0.005728305783122778,0.0014304232317954302,0.007379163987934589,0.000811195292044431,0.00013023520295973867,0.016066841781139374,0.0027196251321583986,0.000554881407879293,0.005514516960829496,0.0007882274803705513,6.941254832781851e-05,0.0025261484552174807,0.00013422078336589038,7.820019527571276e-05,0.0008973808726295829,2.065968692477327e-05,2.9770944820484146e-05
members/member_93.png,0.015571377240121365,0.023229045793414116,0.00755635742098093,0.0075725107453763485,0.004330353811383247,0.0005839249351993203,0.013086882419884205,0.013408958911895752,0.002878619823604822,0.005156550090759993,0.002044446300715208,0.0001394114806316793,0.002711634850129485,0.0008172166999429464,0.00018545989587437361,0.0011181060690432787,5.122416405356489e-05,6.258323992369696e-05
members/member_94.png,0.016986049711704254,0.020499227568507195,0.00994421262294054,0.006420755758881569,0.002575271064415574,0.000620518287178129,0.010503697209060192,0.010638830251991749,0.0037654859479516745,0.004465610720217228,0.0014679270097985864,0.00017687332001514733,0.0019806451164186,0.0006298920488916337,0.00020510896865744144,0.0006646753754466772,7.031287532299757e-05,2.65452381427167e-05
members/member_95.png,0.013951794244349003,0.016650425270199776,0.006199692375957966,0.00586184486746788,0.002614890458062291,0.000650292553473264,0.012546739540994167,0.009378427639603615,0.0024916362017393112,0.0052664559334516525,0.0020266305655241013,0.00016865256475284696,0.003286370076239109,0.0005622240714728832,0.00017132758512161672,0.0010528280399739742,5.406280979514122e-05,5.132475416758098e-05
members/member_96.png,0.013405266217887402,0.010830003768205643,0.006509465165436268,0.0049970694817602634,0.0010680918348953128,0.00025843968614935875,0.00810946337878704,0.004718216601759195,0.0023895117919892073,0.003828779561445117,0.0007389630191028118,8.546833851141855e-05,0.0012587237870320678,0.00021740514785051346,0.00015323699335567653,0.0005860753008164465,2.4357908841921017e-05,2.971214235003572e-05
members/member_97.png,0.01720264181494713,0.02018914185464382,0.012034362182021141,0.006926520727574825,0.003946517128497362,0.0007618450908921659,0.010950054973363876,0.011787625961005688,0.004732010420411825,0.0038963789120316505,0.002043535467237234,0.00019632386101875454,0.002989028347656131,0.0007367548532783985,0.00025738734984770417,0.0016049150144681334,5.1950893976027146e-05,5.080490518594161e-05
members/member_98.png,0.014762140810489655,0.018527356907725334,0.009688328951597214,0.006540081463754177,0.0026086780708283186,0.0005008996813558042,0.010413351468741894,0.009710187092423439,0.00373459723778069,0.004249059595167637,0.0020593656226992607,0.0001715778635116294,0.0019037165911868215,0.0007464325171895325,0.0002221989561803639,0.000842232839204371,7.88299148553051e-05,5.415701161837205e-05
members/member_99.png,0.014519695192575455,0.016324521973729134,0.00500371353700757,0.008292486891150475,0.002786559984087944,0.0005024205311201513,0.010210176929831505,0.008720395155251026,0.0019402253674343228,0.0046408334746956825,0.001340918941423297,0.00013048600521869957,0.0019148391438648105,0.0005536825046874583,0.0001499940553912893,0.0008747345418669283,4.4633212382905185e-05,4.609059760696255e-05
members/member_100.png,0.019047629088163376,0.017293566837906837,0.004674605093896389,0.00502081960439682,0.0023939835373312235,0.0003217379853595048,0.011035251431167126,0.007275234442204237,0.001750804833136499,0.0035607554018497467,0.0007609865278936923,9.50950343394652e-05,0.001266064471565187,0.0003671887388918549,0.0001386214280501008,0.0006279168301261961,4.090067886863835e-05,4.8478530516149476e-05
members/member_101.png,0.014354130253195763,0.007119219284504652,0.0020462749525904655,0.005723601207137108,0.0017617025878280401,0.0002231825201306492,0.010681016370654106,0.003055666573345661,0.0007664276054129004,0.0054511502385139465,0.0008096220553852618,9.458970453124493e-05,0.0024789662566035986,0.0001416354934917763,9.311157919000834e-05,0.0014286303194239736,3.389970515854657e-05,4.261426511220634e-05
members/member_102.png,0.0180763378739357,0.016143618151545525,0.00701475003734231,0.005687989294528961,0.002623693086206913,0.0005593757377937436,0.014547484926879406,0.008067653514444828,0.0028895323630422354,0.005507037974894047,0.0010216968366876245,0.0001206438391818665,0.00422885874286294,0.00041685576434247196,0.00018008094048127532,0.0011325599625706673,3.1260908144759014e-05,4.130800152779557e-05
members/member_103.png,0.012994606047868729,0.016340844333171844,0.008284744806587696,0.004363829270005226,0.002208518097177148,0.0003868300118483603,0.012181426398456097,0.00844130851328373,0.003089838894084096,0.004709466360509396,0.001133158802986145,0.00010300926805939525,0.003129057353362441,0.000456482928711921,0.00017809752898756415,0.001283701159991324,3.128570460830815e-05,4.101351441931911e-05
members/member_104.png,0.01700836420059204,0.01572694443166256,0.005637969821691513,0.006344562396407127,0.0018654390005394816,0.00033755216281861067,0.011975650675594807,0.0068553900346159935,0.0021231877617537975,0.006326362024992704,0.0007726309704594314,8.190485095838085e-05,0.0033918097615242004,0.0003252793103456497,0.00016326186596415937,0.0017440903466194868,3.08271155518014e-05,7.556155469501391e-05
members/member_105.png,0.01496445294469595,0.01544190850108862,0.004248244687914848,0.006761888042092323,0.004615653306245804,0.0003084135823883116,0.010617763735353947,0.009832894429564476,0.0016400861786678433,0.004731418564915657,0.0021254161838442087,0.00012133760174037889,0.0018055199179798365,0.0007556734490208328,0.00012502558820415288,0.000727467646356672,8.022821566555649e-05,4.714245369541459e-05
members/member_106.png,0.01586080715060234,0.0095297209918499,0.0031017253641039133,0.004582306835800409,0.0013023741776123643,0.00020839564967900515,0.010551904328167439,0.0037968619726598263,0.0011398684000596404,0.0039577302522957325,0.0005375017644837499,7.010278932284564e-05,0.0010963540989905596,0.00018470488430466503,0.00010881768685067073,0.0005479191895574331,2.626180685183499e-05,3.590619598980993e-05
members/member_107.png,0.01431819424033165,0.009409301914274693,0.004174515604972839,0.0059238625690341,0.002568194642663002,0.00036177775473333895,0.009545804001390934,0.004736078437417746,0.0016177459619939327,0.0035426905378699303,0.0011260969331488013,8.619878644822165e-05,0.0016189450398087502,0.00025837428984232247,0.00012651656288653612,0.0007547918357886374,3.012398155988194e-05,4.301474473322742e-05
members/member_108.png,0.023640980944037437,0.01892268843948841,0.005543367471545935,0.007218361832201481,0.002098529599606991,0.00023855568724684417,0.015611717477440834,0.007683274801820517,0.0019929150585085154,0.005982840433716774,0.000629568996373564,7.104229007381946e-05,0.002826324664056301,0.00035000924253836274,0.00013566500274464488,0.0013431461993604898,3.1882631446933374e-05,4.6305605792440474e-05
members/member_109.png,0.01940750516951084,0.0169895701110363,0.00469003152102232,0.007556539960205555,0.002702973550185561,0.00029196630930528045,0.012159615755081177,0.008086586371064186,0.0017581272404640913,0.003656215500086546,0.0008776853792369366,0.00011764164082705975,0.00225422834046185,0.00038262337329797447,0.00013604425475932658,0.0017612684750929475,3.360407572472468e-05,4.710197390522808e-05
members/member_110.png,0.025445884093642235,0.028605680912733078,0.018874458968639374,0.008817038498818874,0.004072513431310654,0.0008334171143360436,0.019119612872600555,0.012353897094726562,0.007190008647739887,0.005544207524508238,0.0012412723153829575,0.00020123783906456083,0.002057299017906189,0.0005721301422454417,0.0003562590864021331,0.0010477629257366061,4.1746134229470044e-05,5.898031668039039e-05
members/member_111.png,0.012287466786801815,0.017425743862986565,0.009370851330459118,0.005558885633945465,0.003025239333510399,0.000537078594788909,0.009239289909601212,0.008379564620554447,0.0034454851411283016,0.0039639221504330635,0.0015704028774052858,0.00012679390783887357,0.004025660455226898,0.0004765699850395322,0.00020716503786388785,0.001953322906047106,5.977279579383321e-05,4.979888763045892e-05
members/member_112.png,0.018888236954808235,0.010795747861266136,0.0037305110599845648,0.005703891161829233,0.0015540675958618522,0.00016661851259414107,0.011683804914355278,0.004394288174808025,0.0013652704656124115,0.0038147191517055035,0.00075402797665447,8.961303683463484e-05,0.0022874828428030014,0.00020324642537161708,0.00010903403017437086,0.0009377101669088006,1.7074144125217572e-05,2.9516735594370402e-05
members/member_113.png,0.013510136865079403,0.007204520516097546,0.002529661636799574,0.0057045998983085155,0.0019259925466030836,0.0001914140593726188,0.007341072428971529,0.0028735941741615534,0.0009413658990524709,0.0026774879079312086,0.0006952674011699855,6.798413960495964e-05,0.0017092969501391053,0.00013198530359659344,0.0001013037035590969,0.001643868745304644,1.9811144738923758e-05,3.965018186136149e-05
members/member_114.png,0.012757938355207443,0.022375645115971565,0.00798811111599207,0.005038280971348286,0.005431759636849165,0.0005919064278714359,0.009957520291209221,0.013738098554313183,0.0032880601938813925,0.004822121001780033,0.0018528362270444632,0.00011931132030440494,0.00490375654771924,0.0008215093403123319,0.0002013654593611136,0.00258293142542243,4.5068551116855815e-05,4.7451805585296825e-05
members/member_115.png,0.015041444450616837,0.00993155688047409,0.004689961206167936,0.0066370368003845215,0.003271695226430893,0.00025481742341071367,0.010052398778498173,0.00512037705630064,0.0017402289668098092,0.005258727818727493,0.0012220954522490501,0.00011224175250390545,0.00210589449852705,0.00031483665225096047,0.00013667054008692503,0.001301708398386836,5.172369856154546e-05,4.573300975607708e-05
members/member_116.png,0.01948321983218193,0.026020217686891556,0.012815927155315876,0.006825137417763472,0.0034205217380076647,0.0006539690075442195,0.013079468160867691,0.012517988681793213,0.005027439445257187,0.004500981420278549,0.0011732290731742978,0.0001790891110431403,0.0017624676693230867,0.0006724405102431774,0.0002812899474520236,0.0014247585786506534,4.0932722185971215e-05,3.94431444874499e-05
members/member_117.png,0.014449289999902248,0.010765185579657555,0.0036509931087493896,0.00619033258408308,0.0017487078439444304,0.00018242858641315252,0.01225978508591652,0.004728334955871105,0.0013700142735615373,0.006114133168011904,0.0007275507668964565,5.913776476518251e-05,0.001601851312443614,0.0002305053494637832,0.00012176696327514946,0.0006072535761632025,2.974304516101256e-05,5.907183003728278e-05
members/member_118.png,0.015812432393431664,0.019997671246528625,0.007631512824445963,0.0056501030921936035,0.0032325582578778267,0.0003175463352818042,0.013839778490364552,0.00946158729493618,0.002860527252778411,0.003946876153349876,0.0011970687191933393,0.00011439395166235045,0.0014431574381887913,0.0005049122264608741,0.00017621628649067134,0.00045747036347165704,3.3381445973645896e-05,3.94119560951367e-05
members/member_119.png,0.014902775175869465,0.015457362867891788,0.004040410742163658,0.004409655928611755,0.0012952805263921618,0.00018892025400418788,0.00842723622918129,0.006194585002958775,0.0014818215277045965,0.0035351531114429235,0.000529441807884723,7.077985355863348e-05,0.0014375122264027596,0.00027452679933048785,0.00012851893552578986,0.0010736637050285935,2.6249548682244495e-05,4.64744443888776e-05
members/member_120.png,0.012340344488620758,0.00963091105222702,0.004319401923567057,0.004213722888380289,0.0010435098083689809,0.00018353282939642668,0.009023516438901424,0.0038817517925053835,0.0016052668215706944,0.004586066119372845,0.0006911135278642178,7.159909000620246e-05,0.001614255364984274,0.00018731104501057416,0.0001323167234659195,0.0010411483235657215,2.7913187295780517e-05,4.474227171158418e-05
members/member_121.png,0.019495820626616478,0.01402499433606863,0.0031782269943505526,0.005812019109725952,0.0016581483650952578,0.00019784343021456152,0.015782538801431656,0.0056088208220899105,0.0011428500292822719,0.007693461142480373,0.0006074254051782191,6.148101965663955e-05,0.002850741846486926,0.0002584717294666916,0.00010993499017786235,0.0009265908738598228,2.665587635419797e-05,4.369268935988657e-05
members/member_122.png,0.013101544231176376,0.011846444569528103,0.0040560937486588955,0.004975481424480677,0.001641695387661457,0.00017645509797148407,0.009015530347824097,0.005186394322663546,0.0014881518436595798,0.00357264862395823,0.0008394406759180129,7.211843330878764e-05,0.0025393881369382143,0.0002570503274910152,0.00013148431025911123,0.0015297470381483436,3.0527691706083715e-05,5.83412402193062e-05
members/member_123.png,0.013010025024414062,0.012022721581161022,0.0039004534482955933,0.0049763815477490425,0.0023314671125262976,0.0003840430290438235,0.012445492669939995,0.005949022248387337,0.001434022095054388,0.004404977895319462,0.0012996812583878636,0.0001274182868655771,0.001901370706036687,0.000422943034209311,0.00011388743587303907,0.0008771369466558099,5.573881571763195e-05,2.8196003768243827e-05
members/member_124.png,0.017325690016150475,0.012165524996817112,0.003488642629235983,0.0057175238616764545,0.0017998393159359694,0.0002985727332998067,0.014741352759301662,0.005208143033087254,0.0013020246988162398,0.005399414338171482,0.0006691099260933697,9.034846152644604e-05,0.004189163912087679,0.00026232152595184743,0.00011938022362301126,0.0012360536493360996,3.242370075895451e-05,5.3783878684043884e-05
members/member_125.png,0.01408698782324791,0.01328951120376587,0.006327065173536539,0.005275424104183912,0.0014848413411527872,0.00027116198907606304,0.008594324812293053,0.005327007733285427,0.002333148382604122,0.003678814508020878,0.0007366759818978608,7.553389150416479e-05,0.0010365037014707923,0.00024812694755382836,0.00015373335918411613,0.0007095875917002559,2.9616658139275387e-05,3.974023638875224e-05
members/member_126.png,0.018974488601088524,0.016363659873604774,0.007446426898241043,0.006874238606542349,0.0031714176293462515,0.0005489342147484422,0.014917089603841305,0.009641301818192005,0.0029966754373162985,0.005047766491770744,0.0021544357296079397,0.00015310142771340907,0.0035330469254404306,0.000707966391928494,0.00018490556976757944,0.001122598652727902,6.402438157238066e-05,3.763502536457963e-05
members/member_127.png,0.018556665629148483,0.02276688627898693,0.007820858620107174,0.00801297090947628,0.0034768832847476006,0.0005453253397718072,0.013469584286212921,0.01160102616995573,0.0030083744786679745,0.006148551125079393,0.0017527902964502573,0.00015500305744353682,0.003876287257298827,0.0005509956390596926,0.000185009281267412,0.0011906836880370975,3.556156298145652e-05,4.001231354777701e-05
members/member_128.png,0.012434462085366249,0.010533898137509823,0.006661974359303713,0.005019886884838343,0.0014043789124116302,0.00020686637435574085,0.007897871546447277,0.004597893450409174,0.002481462899595499,0.0037781335413455963,0.0005844595725648105,8.381316001759842e-05,0.0008821272640489042,0.00022751880169380456,0.00015699212963227183,0.0005306515377014875,2.6866506232181564e-05,3.792811912717298e-05
members/member_129.png,0.019684050232172012,0.019029589369893074,0.006380544975399971,0.007591406814754009,0.003005861770361662,0.0004895869642496109,0.014747223816812038,0.00988308060914278,0.0025207800790667534,0.006120634265244007,0.001370188663713634,0.00014062640548218042,0.0028627512510865927,0.0005374982138164341,0.00016797093849163502,0.0007960891234688461,3.287967047072016e-05,4.678749246522784e-05
members/member_130.png,0.01645585149526596,0.01943674311041832,0.008388643153011799,0.006033113691955805,0.0038869944401085377,0.0006616818136535585,0.011822854168713093,0.009190543554723263,0.003224694635719061,0.0050511434674263,0.0015435655368492007,0.00021667659166269004,0.0019034439465031028,0.000584358989726752,0.0001991143071791157,0.0009861672297120094,5.132136357133277e-05,4.06001418014057e-05
members/member_131.png,0.021241692826151848,0.01886553131043911,0.006817792076617479,0.0051946938037872314,0.002251862781122327,0.00025327029288746417,0.013269190676510334,0.0076685999520123005,0.0025130652356892824,0.004120810888707638,0.0007483126246370375,8.147164771798998e-05,0.001517513650469482,0.0003587289829738438,0.0001587484439369291,0.0007097786874510348,3.221237057005055e-05,4.0051363612292334e-05
members/member_132.png,0.014663862064480782,0.017770256847143173,0.007779506966471672,0.0048488350585103035,0.0030808630399405956,0.0005937687819823623,0.014967008493840694,0.008599636144936085,0.003040304174646735,0.006252037826925516,0.0014333712169900537,0.0001670353813096881,0.003595973365008831,0.0004659918195102364,0.00019705663726199418,0.0015499722212553024,3.522778570186347e-05,3.782289786613546e-05
members/member_133.png,0.015364992432296276,0.022243618965148926,0.005698295775800943,0.006061972584575415,0.004182298667728901,0.00037736629019491374,0.011981201358139515,0.01285910326987505,0.0021739352960139513,0.004766015335917473,0.002086697379127145,8.979188714874908e-05,0.0012880605645477772,0.0007942906231619418,0.00015651846479158849,0.0007342665921896696,6.669540016446263e-05,4.5691962441196665e-05
members/member_134.png,0.012810604646801949,0.014663109555840492,0.004951550159603357,0.0049506924115121365,0.0021472277585417032,0.0004124492115806788,0.011527947150170803,0.006994911469519138,0.001945118303410709,0.006371055264025927,0.0011351571884006262,0.00011886919673997909,0.0033487805631011724,0.000355140189640224,0.00013993433094583452,0.0012872475199401379,3.29018039337825e-05,3.4072258131345734e-05
members/member_135.png,0.012695033103227615,0.012178185395896435,0.006423575803637505,0.004932073876261711,0.002294613514095545,0.00032622209982946515,0.009423458017408848,0.005306879989802837,0.002421129494905472,0.005450626369565725,0.0008497001836076379,9.352584311272949e-05,0.003317207098007202,0.0002713756693992764,0.00015577136946376413,0.002038489328697324,3.402433139854111e-05,3.7388876080513e-05
members/member_136.png,0.018132979050278664,0.016446366906166077,0.004122076090425253,0.0063222115859389305,0.002664563711732626,0.0003122409398201853,0.015384354628622532,0.007346539292484522,0.0014799684286117554,0.006293619982898235,0.0012013575760647655,0.00010082565131597221,0.0035338238812983036,0.0003812606737483293,0.00012670824071392417,0.0019187771249562502,4.77411194879096e-05,6.419100100174546e-05
members/member_137.png,0.016253488138318062,0.014460858888924122,0.007502772379666567,0.0062494948506355286,0.0028609551955014467,0.0005729410913772881,0.012445841915905476,0.007868226617574692,0.002902583684772253,0.005322834011167288,0.0012411418138071895,0.00012768797751050442,0.002137733157724142,0.0005266578518785536,0.00018480580183677375,0.0006998258759267628,4.453784640645608e-05,5.2627881814260036e-05
members/member_138.png,0.014804935082793236,0.01957729272544384,0.012227827683091164,0.005133768077939749,0.004689514636993408,0.0010626649018377066,0.01040663942694664,0.010786489583551884,0.004887877497822046,0.004825719632208347,0.0024870794732123613,0.0003217726480215788,0.0012185220839455724,0.0007819429156370461,0.00027170489192940295,0.0011643748730421066,8.166309999069199e-05,6.10601418884471e-05
members/member_139.png,0.01698053628206253,0.010199650190770626,0.0025414652191102505,0.006606618408113718,0.001950209029018879,0.00018550660752225667,0.011579837650060654,0.0045439694076776505,0.0009428066550754011,0.00404426408931613,0.0009596981108188629,7.202742563094944e-05,0.0022036931477487087,0.000246098410570994,0.00012208856060169637,0.0012542902259156108,4.612230623024516e-05,7.397506851702929e-05
members/member_140.png,0.013948732987046242,0.01667882688343525,0.005199394188821316,0.004636713303625584,0.004473444540053606,0.0005022840923629701,0.010163852013647556,0.011181632056832314,0.0019040416227653623,0.0037829442881047726,0.001557270996272564,7.403532072203234e-05,0.0036432649940252304,0.0006235300679691136,0.00014851383457425982,0.002012892859056592,3.9980273868422955e-05,5.673346822732128e-05
members/member_141.png,0.016367696225643158,0.017217842862010002,0.006249285768717527,0.006726242136210203,0.0033567140344530344,0.0006195710739120841,0.012201173231005669,0.009241328574717045,0.0025002649053931236,0.006517136003822088,0.0019860363099724054,0.0001371931575704366,0.0034113992005586624,0.0005384688265621662,0.00016329262871295214,0.0015540848253294826,4.631425690604374e-05,3.38022036885377e-05
members/member_142.png,0.015086399391293526,0.022189635783433914,0.013332502916455269,0.006845973897725344,0.0033920854330062866,0.0012748982990160584,0.01164091844111681,0.010799312964081764,0.00530367624014616,0.004394425544887781,0.0014133529039099813,0.00024364418641198426,0.0015956528950482607,0.0006378375692293048,0.0002935014490503818,0.0008158929413184524,6.71779052936472e-05,6.0656140703940764e-05
members/member_143.png,0.012971797026693821,0.014713013544678688,0.010704908519983292,0.005305863451212645,0.0032275926787406206,0.0011914311908185482,0.012979230843484402,0.006694508716464043,0.004409493878483772,0.005658467300236225,0.0008867805590853095,0.0002861385000869632,0.002299395389854908,0.0003220087965019047,0.0002701487101148814,0.001108640106394887,3.4310876799281687e-05,5.5344953580060974e-05
members/member_144.png,0.017512207850813866,0.01103554293513298,0.006407480221241713,0.0074000004678964615,0.0018643046496436,0.0004389191453810781,0.013935098424553871,0.004637205973267555,0.002348048146814108,0.005560150370001793,0.0007113957544788718,0.00014273902343120426,0.0020109033212065697,0.00022597167117055506,0.0001605044089956209,0.0006419394630938768,3.169026967952959e-05,5.340187271940522e-05
members/member_145.png,0.025626052170991898,0.018611570820212364,0.008579063229262829,0.007358341943472624,0.003465253161266446,0.0004796873254235834,0.020417077466845512,0.010297214612364769,0.003290951019152999,0.005996045656502247,0.0017126371385529637,0.00012905788025818765,0.0018799585523083806,0.0005604726611636579,0.0001910104474518448,0.0005332460277713835,4.9342343118041754e-05,2.999088064825628e-05
members/member_146.png,0.014838683418929577,0.016628248617053032,0.004464852623641491,0.006443435326218605,0.0027596051804721355,0.00026086950674653053,0.011303183622658253,0.007883256301283836,0.001686244155280292,0.0045023406855762005,0.0009820777922868729,8.092035568552092e-05,0.0017723399214446545,0.0003917430294677615,0.0001306315534748137,0.0007829762762412429,2.4235638193204068e-05,2.989598215208389e-05
members/member_147.png,0.02536976896226406,0.024130545556545258,0.00683354027569294,0.008358655497431755,0.003183216555044055,0.0003539407334756106,0.017953762784600258,0.01146278902888298,0.0025715522933751345,0.005997177679091692,0.0014336092863231897,0.00013055371528025717,0.0021627426613122225,0.0005879327654838562,0.00016263914585579187,0.0006742989644408226,3.948569792555645e-05,3.611923966673203e-05
members/member_148.png,0.01721487008035183,0.013559090904891491,0.004627103451639414,0.00608366122469306,0.002887497888877988,0.0003825216263066977,0.012304489500820637,0.00621112110093236,0.0017858875216916203,0.004915592726320028,0.0011841037776321173,0.00011560923303477466,0.0014660214073956013,0.00032080456730909646,0.00014757749158889055,0.0006408928893506527,4.28559142164886e-05,5.906667865929194e-05
members/member_149.png,0.012763827107846737,0.005419704131782055,0.0014433026080951095,0.0054731667041778564,0.0012106532230973244,0.00017919480160344392,0.009013708680868149,0.0022825426422059536,0.0005407325807027519,0.004731874912977219,0.000569006078876555,6.0650447267107666e-05,0.0010753521928563714,0.00011585326137719676,8.953513315645978e-05,0.0008235194254666567,2.8892185582662933e-05,4.919802086078562e-05
members/member_150.png,0.011028911918401718,0.009238292463123798,0.004731515422463417,0.005820282734930515,0.0028315894305706024,0.0008365045068785548,0.007776105310767889,0.005678137764334679,0.0019933986477553844,0.0040133316069841385,0.0016251052729785442,0.0002421126264380291,0.0033478420227766037,0.00041397602763026953,0.00014268650556914508,0.0014568326296284795,4.781913594342768e-05,3.572913192328997e-05
members/member_151.png,0.019750213250517845,0.025846701115369797,0.010320276953279972,0.006786412093788385,0.004032317083328962,0.0007219830877147615,0.013667471706867218,0.015447668731212616,0.004174583125859499,0.005298710893839598,0.002565598115324974,0.00021433550864458084,0.0024812044575810432,0.0010170354507863522,0.00023602068540640175,0.000896454497706145,7.290434587048367e-05,3.885739351972006e-05
members/member_152.png,0.01641366071999073,0.024185845628380775,0.011237881146371365,0.005705755669623613,0.003763333661481738,0.0007611444452777505,0.01177864521741867,0.012246680445969105,0.004458624869585037,0.004507427103817463,0.0014520719414576888,0.0001578970841364935,0.0030530309304594994,0.000714125286322087,0.0002604553010314703,0.0015988732920959592,4.86770186398644e-05,5.182956738281064e-05
members/member_153.png,0.009668218903243542,0.005163931287825108,0.0023563564755022526,0.005501590669155121,0.0020329044200479984,0.0003762903797905892,0.010115878656506538,0.0028953722212463617,0.000976980896666646,0.006265812087804079,0.00091521255671978,9.450604557059705e-05,0.008472034707665443,0.0002013922348851338,0.00010777354327728972,0.004507232923060656,4.875251033809036e-05,3.7811663787579164e-05
members/member_154.png,0.011581916362047195,0.007162825670093298,0.002465956611558795,0.003259972669184208,0.001437405007891357,0.00018177235324401408,0.008245348930358887,0.0031797057017683983,0.0009293687180615962,0.0029224222525954247,0.0008030201424844563,6.874125392641872e-05,0.0017424375982955098,0.00015881270519457757,0.00010064469825010747,0.0012505182530730963,2.2595146219828166e-05,3.759063110919669e-05
members/member_155.png,0.021527299657464027,0.022774554789066315,0.009079379960894585,0.0059106620028615,0.003758044447749853,0.0004807537770830095,0.01626335084438324,0.010805044323205948,0.003476204816251993,0.004890294745564461,0.0015620222548022866,0.00013441250484902412,0.002153361216187477,0.000590248906519264,0.00021380804537329823,0.001081448863260448,6.131827103672549e-05,4.642967178369872e-05
members/member_156.png,0.015817470848560333,0.02748936600983143,0.00939413532614708,0.006364335771650076,0.0049971966072916985,0.0007079121423885226,0.010851748287677765,0.015233568847179413,0.0037933257408440113,0.004169827327132225,0.0014912164770066738,0.00020978199609089643,0.002126018051058054,0.0008188180509023368,0.00021523362374864519,0.001445638365112245,5.623917968478054e-05,2.9640148568432778e-05
members/member_157.png,0.013646844774484634,0.028960801661014557,0.009664633311331272,0.005156410858035088,0.0037136184982955456,0.0005382427480071783,0.010435999371111393,0.01646263897418976,0.0037664955016225576,0.003911697771400213,0.001847394392825663,0.0001650000485824421,0.0015697884373366833,0.0008692845003679395,0.00022060230548959225,0.0005140259745530784,4.803150659427047e-05,5.453268749988638e-05
members/member_158.png,0.014126746915280819,0.02153887040913105,0.011136983521282673,0.006330999545753002,0.0033371502067893744,0.000859913183376193,0.012695875018835068,0.012536648660898209,0.00461749779060483,0.007491428405046463,0.0023064378183335066,0.00023076034267432988,0.005436899606138468,0.000878084625583142,0.0002635650453157723,0.0026247259229421616,7.28204395272769e-05,5.03282317367848e-05
members/member_159.png,0.014468115754425526,0.014278925955295563,0.005670036189258099,0.005729596596211195,0.0028989240527153015,0.0002737117756623775,0.010502159595489502,0.006544278934597969,0.0021595745347440243,0.0051069543696939945,0.0010124898981302977,7.930430001579225e-05,0.001724893692880869,0.00038217977271415293,0.00016274811059702188,0.0011705923825502396,3.328696038806811e-05,6.201823998708278e-05
members/member_160.png,0.01701294258236885,0.009455828927457333,0.002810080535709858,0.006610482465475798,0.0018681667279452085,0.00015597703168168664,0.009944150224328041,0.003708118572831154,0.0010380776366218925,0.0036775190383195877,0.0006031740340404212,6.470045627793297e-05,0.0013059573248028755,0.00018795042706187814,9.602411591913551e-05,0.0008585255709476769,3.11428120767232e-05,3.77580763597507e-05
members/member_161.png,0.018975652754306793,0.020459040999412537,0.008254901506006718,0.0066779558546841145,0.003019233699887991,0.0008360059000551701,0.014116154052317142,0.009958420880138874,0.003293226007372141,0.004495333880186081,0.0012264003744348884,0.00018619732873048633,0.0024631202686578035,0.0005314155132509768,0.0002030382165685296,0.0010217397939413786,4.3519972678041086e-05,4.8537964175920933e-05
members/member_162.png,0.01145771611481905,0.013348275795578957,0.0063327280804514885,0.004435496870428324,0.0013330011861398816,0.00025447565712966025,0.008609479293227196,0.005631604231894016,0.0023252612445503473,0.0049181426875293255,0.0006442561279982328,8.072733180597425e-05,0.0012805680744349957,0.0002564352471381426,0.0001553497277200222,0.0009542311890982091,2.7478643460199237e-05,3.5476117773214355e-05
members/member_163.png,0.017036447301506996,0.014678449369966984,0.0065279328264296055,0.007220652885735035,0.0022058282047510147,0.0002961144200526178,0.012023725546896458,0.006357569247484207,0.002390843816101551,0.005228562746196985,0.0008970526978373528,9.574316209182143e-05,0.0021093671675771475,0.00030599863384850323,0.00015651829016860574,0.0012864756863564253,3.2294588891090825e-05,3.62804566975683e-05
members/member_164.png,0.01396853942424059,0.006035711616277695,0.0028393131215125322,0.007187326904386282,0.0009523575427010655,0.00015431844803970307,0.010190700180828571,0.0024484777823090553,0.001076286076568067,0.00476795295253396,0.000343888474162668,5.326492100721225e-05,0.0025051706470549107,0.00012452862574718893,9.767225856194273e-05,0.00099437206517905,2.5529177946737036e-05,3.359904803801328e-05
members/member_165.png,0.020637212321162224,0.010737955570220947,0.0028530170675367117,0.006820335052907467,0.0017666289350017905,0.00017244905757252127,0.016200095415115356,0.004805311094969511,0.0010405175853520632,0.003819102654233575,0.0008484642021358013,5.3113508329261094e-05,0.002374133327975869,0.0002609742514323443,0.00010964563261950389,0.0011861815582960844,4.202291529509239e-05,5.047009835834615e-05
members/member_166.png,0.012234644033014774,0.005097949877381325,0.002299897838383913,0.006749505642801523,0.0009872253285720944,0.0001503327366663143,0.009539701975882053,0.0020809511188417673,0.0008858205401338637,0.0048255217261612415,0.0003636627225205302,9.451220830669627e-05,0.000775351538322866,0.00011410137813072652,0.00011030494351871312,0.0005325021338649094,2.678153214219492e-05,6.314984057098627e-05
members/member_167.png,0.012290838174521923,0.009184467606246471,0.0021305950358510017,0.006390539929270744,0.0017877569189295173,0.00016300201241392642,0.008119323290884495,0.003964537288993597,0.0008007900323718786,0.003931212704628706,0.0007886088569648564,6.581280467798933e-05,0.0013389894738793373,0.0002332204458070919,8.999651618069038e-05,0.0008574117091484368,4.390580943436362e-05,3.595339148887433e-05
members/member_168.png,0.012782054021954536,0.010512440465390682,0.0032794177532196045,0.005717165302485228,0.0015202014474198222,0.00015649298438802361,0.009794269688427448,0.004443628713488579,0.0012421050341799855,0.004061870742589235,0.0008457410731352866,6.944103370187804e-05,0.0018770062597468495,0.000229870158364065,0.00011887088476214558,0.0012599953915923834,3.256948184571229e-05,5.693920320481993e-05
members/member_169.png,0.01835731416940689,0.024243013933300972,0.011130600236356258,0.0073934393003582954,0.00449527008458972,0.0009087261860258877,0.011905841529369354,0.013148479163646698,0.0044860439375042915,0.00473402813076973,0.0019191631581634283,0.00020445717382244766,0.002025633119046688,0.0007975849439390004,0.0002510988269932568,0.0009798392420634627,6.066087007638998e-05,5.2117215091129765e-05
members/member_170.png,0.016510428860783577,0.022599797695875168,0.009209594689309597,0.007327989209443331,0.004417241085320711,0.0010330310324206948,0.011955705471336842,0.012814687564969063,0.0035290035884827375,0.005353763233870268,0.0024970259983092546,0.00017481208487879485,0.002766362391412258,0.0008329825359396636,0.00022491169511340559,0.001153009943664074,6.705619307467714e-05,3.6662484490079805e-05
members/member_171.png,0.014599769376218319,0.011584632098674774,0.006419265177100897,0.004296777304261923,0.0022179754450917244,0.00043154394370503724,0.009987089782953262,0.004999247379601002,0.0024080935399979353,0.004672425799071789,0.0012412825599312782,0.00011470586468931288,0.0028949016705155373,0.0002495268126949668,0.00015451849321834743,0.0012685776455327868,3.0397068258025683e-05,3.345725781400688e-05
members/member_172.png,0.012980597093701363,0.021677961573004723,0.020757513120770454,0.005872402805835009,0.003164309076964855,0.002136915922164917,0.011086732149124146,0.013929259032011032,0.008990898728370667,0.004904834553599358,0.002795575186610222,0.0005686748772859573,0.002527967793866992,0.0015023723244667053,0.0004657456884160638,0.0016450309194624424,0.0001563843834446743,3.9433169149560854e-05
members/member_173.png,0.016819795593619347,0.008788205683231354,0.0035016692709177732,0.006973030045628548,0.0019584200344979763,0.0001788828376447782,0.021602706983685493,0.0037773079238831997,0.001304254517890513,0.009923106990754604,0.0006623201770707965,6.751513865310699e-05,0.004850010387599468,0.0001888504484668374,0.00013118192146066576,0.0011521383421495557,3.625777389970608e-05,6.374875374604017e-05
members/member_174.png,0.018678631633520126,0.037612829357385635,0.032616596668958664,0.00474281283095479,0.005385892931371927,0.00259690685197711,0.011003139428794384,0.019203858450055122,0.013583115302026272,0.003957828972488642,0.001563556957989931,0.00040329425246454775,0.0014973101206123829,0.0009237370104528964,0.0006067754584364593,0.0009795670630410314,5.1253278797958046e-05,4.3086634832434356e-05
members/member_175.png,0.017097121104598045,0.010122760199010372,0.002583888126537204,0.006139218807220459,0.0016172525938600302,0.00023015587066765875,0.010053819045424461,0.004381367936730385,0.000984241720288992,0.0036457194946706295,0.0008443529950454831,8.751981658861041e-05,0.0010832261759787798,0.00023357095778919756,9.738010703586042e-05,0.0003906451165676117,3.0936083931010216e-05,3.705458584590815e-05
members/member_176.png,0.017124973237514496,0.01616416871547699,0.006282168440520763,0.006227011792361736,0.0027417181991040707,0.000383472244720906,0.011925905011594296,0.008185062557458878,0.00238682865165174,0.00424419529736042,0.0011552497744560242,0.00014356663450598717,0.001696232589893043,0.00040135488961823285,0.00016993284225463867,0.0011537953978404403,2.5205392375937663e-05,5.7497250963933766e-05
members/member_177.png,0.016012413427233696,0.020557792857289314,0.009996738284826279,0.005854387301951647,0.0033779155928641558,0.0008088047034107149,0.012879125773906708,0.010655446909368038,0.004006450530141592,0.004342474043369293,0.0015194474253803492,0.0002704397775232792,0.002173269633203745,0.0006094765849411488,0.00021907206973992288,0.0007324822945520282,4.9205067625734955e-05,3.0851686460664496e-05
members/member_178.png,0.013601315207779408,0.004869882483035326,0.0019166117999702692,0.0069891223683953285,0.0013572159223258495,0.00012786588922608644,0.009435465559363365,0.0020401806104928255,0.0007277160184457898,0.005019604694098234,0.0006951074465177953,7.422795897582546e-05,0.002594549907371402,0.00010160090459976345,8.679479651618749e-05,0.0016810353845357895,2.6551488190307282e-05,3.411683428566903e-05
members/member_179.png,0.01497760508209467,0.013545150868594646,0.003922940697520971,0.006474574562162161,0.002029088791459799,0.0001662110153120011,0.010042241774499416,0.00541445380076766,0.0014245703350752592,0.004728175234049559,0.0005860798992216587,6.34759635431692e-05,0.0010179918026551604,0.00027281761867925525,0.00012282886018510908,0.0006387533503584564,3.4342301660217345e-05,5.364285971154459e-05
members/member_180.png,0.01517641544342041,0.01763472519814968,0.00767429219558835,0.005689743906259537,0.002485629403963685,0.0004090111469849944,0.012438049539923668,0.008872395381331444,0.0029586476739495993,0.005728080868721008,0.0013383666519075632,0.00014980032574385405,0.0018245130777359009,0.0004924640525132418,0.0001822894555516541,0.0008003225666470826,3.816966636804864e-05,4.233498839312233e-05
members/member_181.png,0.013608645647764206,0.011219202540814877,0.00253968290053308,0.006168765481561422,0.0012753664050251245,0.0001847660169005394,0.009618309326469898,0.004718831740319729,0.0009795320220291615,0.00427594967186451,0.0006548843812197447,9.706942364573479e-05,0.0014512481866404414,0.00024411141930613667,9.992167179007083e-05,0.0005730779375880957,3.3141284802695736e-05,4.119474397157319e-05
members/member_182.png,0.013168597593903542,0.00968988612294197,0.002821446629241109,0.0060932571068406105,0.002617589430883527,0.00027804134879261255,0.013655216433107853,0.005073119420558214,0.0011415001936256886,0.006773917004466057,0.0014101045671850443,0.00010256713721901178,0.004665464162826538,0.0004626089066732675,0.0001035107925417833,0.0014366151299327612,7.9045319580473e-05,4.459814590518363e-05
members/member_183.png,0.016262082383036613,0.0159309022128582,0.0073789083398878574,0.007164220791310072,0.0020521138794720173,0.00036353428731672466,0.013957948423922062,0.007663607131689787,0.002809060737490654,0.0073326933197677135,0.000877795391716063,0.00010329257202101871,0.0021771606989204884,0.00041448482079431415,0.00018973184342030436,0.0009335180511698127,3.779067992581986e-05,5.0014063162961975e-05
members/member_184.png,0.01631319336593151,0.014161640778183937,0.007782387547194958,0.0061736092902719975,0.002482603071257472,0.0005090847262181342,0.013580568134784698,0.008099793456494808,0.003026482416316867,0.0055122761987149715,0.0015477628912776709,0.00011944227298954502,0.00407823920249939,0.0005878767115063965,0.0001848944666562602,0.0019391693640500307,4.9742578994482756e-05,3.0460703783319332e-05
members/member_185.png,0.014860684983432293,0.016178851947188377,0.004519038833677769,0.007750239688903093,0.004250755999237299,0.000787890050560236,0.014101925306022167,0.011016590520739555,0.0020889174193143845,0.00688207196071744,0.002247084630653262,0.00020658390712924302,0.0026810711715370417,0.0008751850109547377,0.0001533521426608786,0.0008203521720133722,6.793293141527101e-05,4.1134331695502624e-05
members/member_186.png,0.01325598731637001,0.005381817929446697,0.0018659475026652217,0.005278832279145718,0.0013237883104011416,0.0001445222442271188,0.008137142285704613,0.002376213436946273,0.0007002215133979917,0.0037068312522023916,0.0005249988753348589,7.158784137573093e-05,0.0016037309542298317,0.00012313034676481038,8.798852650215849e-05,0.0012379061663523316,2.2393669496523216e-05,3.8990510802250355e-05
members/member_187.png,0.019102349877357483,0.011139554902911186,0.005221524275839329,0.006748039275407791,0.0017105255974456668,0.00028989912243559957,0.015951229259371758,0.004560313653200865,0.001917536254040897,0.007123266346752644,0.0006701775128021836,6.996049341978505e-05,0.0043495395220816135,0.0002358724595978856,0.00014007541176397353,0.0017815259052440524,2.9588749384856783e-05,3.728107549250126e-05
members/member_188.png,0.017728814855217934,0.022492237389087677,0.010333524085581303,0.006338145583868027,0.0025338612031191587,0.0006670810398645699,0.01089745294302702,0.010302367620170116,0.0039769611321389675,0.003394982311874628,0.001288569183088839,0.00016790071094874293,0.002118245931342244,0.000527969270478934,0.00021653875592164695,0.0009343251585960388,4.923449159832671e-05,2.851942554116249e-05
members/member_189.png,0.019356483593583107,0.028653884306550026,0.011915836483240128,0.006042641121894121,0.005301956553012133,0.0010828153463080525,0.014475584961473942,0.01834898255765438,0.004936406388878822,0.004391637165099382,0.0032178256660699844,0.00022907387756276876,0.003797311568632722,0.0010803240584209561,0.00026738608721643686,0.0017103842692449689,5.17203843628522e-05,4.4123720726929605e-05
members/member_190.png,0.019110174849629402,0.01597190462052822,0.005431280937045813,0.005256485193967819,0.002165290992707014,0.00026362109929323196,0.01291187759488821,0.006771663203835487,0.0020085072610527277,0.004028613679111004,0.0009703838150016963,6.228144047781825e-05,0.0024155958089977503,0.00030777580104768276,0.00015163217904046178,0.00147432298399508,3.491087045404129e-05,5.131498983246274e-05
members/member_191.png,0.020338261500000954,0.013956883922219276,0.003874210175126791,0.006539812311530113,0.0027184889186173677,0.0002746779646258801,0.014730265364050865,0.006421067751944065,0.0014818953350186348,0.004567281808704138,0.0010375806596130133,0.00014658864529337734,0.0024046471808105707,0.0003841777506750077,0.00011776995233958587,0.0009879120625555515,5.004845297662541e-05,3.4765507734846324e-05
members/member_192.png,0.011131921783089638,0.008004983887076378,0.005835133604705334,0.005045851692557335,0.0015624804655089974,0.00029052485479041934,0.009038849733769894,0.0038524132687598467,0.002140620956197381,0.004378513433039188,0.0009517985745333135,8.351250289706513e-05,0.001574185909703374,0.00018166190420743078,0.00015807646559551358,0.0007797959842719138,2.8070073312846944e-05,4.3023464968428016e-05
members/member_193.png,0.017471710219979286,0.008604392409324646,0.0032896173652261496,0.0066422587260603905,0.001115848426707089,0.00018815736984834075,0.012000245973467827,0.003637161571532488,0.0011976248351857066,0.004153762478381395,0.000665639468934387,6.11351351835765e-05,0.00212804670445621,0.00018328474834561348,0.00011715033906511962,0.0007997052161954343,2.5984390958910808e-05,4.9745194701245055e-05
members/member_194.png,0.01613781228661537,0.014343616552650928,0.007860970683395863,0.0068549225106835365,0.0032081534154713154,0.0008221410680562258,0.014339654706418514,0.009692366234958172,0.0036425397265702486,0.006001817528158426,0.0030756189953535795,0.0003567075764294714,0.002845615381374955,0.0007606457802467048,0.00022909362451173365,0.000990715459920466,9.247518755728379e-05,4.172611443209462e-05
members/member_195.png,0.0151983592659235,0.027312355116009712,0.010702562518417835,0.004717015661299229,0.004632885102182627,0.0006481544114649296,0.010586273856461048,0.014920581132173538,0.004203338176012039,0.004310444463044405,0.0021962677128612995,0.0001844687358243391,0.001589892664924264,0.0008675043354742229,0.00022519825142808259,0.0010122767416760325,6.488156941486523e-05,2.764849159575533e-05
members/member_196.png,0.018332235515117645,0.014139446429908276,0.003735044039785862,0.00597041379660368,0.002543194917961955,0.00023399658675771207,0.013082657009363174,0.006260475609451532,0.0013821416068822145,0.004382947459816933,0.0010092102456837893,7.112278399290517e-05,0.002147273626178503,0.0003595428424887359,0.00011528538743732497,0.0008798313210718334,3.901803938788362e-05,4.0613980672787875e-05
members/member_197.png,0.014136824756860733,0.011039789766073227,0.0059152995236217976,0.005069961305707693,0.001599704148247838,0.00039127853233367205,0.00933749321848154,0.004612719640135765,0.0022322318982332945,0.004975407384335995,0.0005799047648906708,0.00012705256813205779,0.0020489355083554983,0.00022897055896464735,0.00015401968266814947,0.0010198714444413781,2.3984583094716072e-05,4.580368840834126e-05
members/member_198.png,0.015895523130893707,0.01493934914469719,0.008190586231648922,0.006567424163222313,0.002346975728869438,0.00058537203585729,0.011030427180230618,0.006766190752387047,0.003216545097529888,0.0053193517960608006,0.0009828585898503661,0.00015558782615698874,0.0017592605436220765,0.0003347566816955805,0.00019237739616073668,0.0013825524365529418,3.542249396559782e-05,4.0914997953223065e-05
members/member_199.png,0.015554124489426613,0.01622951030731201,0.007462735287845135,0.005794644355773926,0.0024453713558614254,0.00039533397648483515,0.010120745748281479,0.008102740161120892,0.0028374900575727224,0.005392617080360651,0.0009935693815350533,7.946871482999995e-05,0.002217833884060383,0.0003971886180806905,0.00017090298933908343,0.0013970501022413373,3.0383387638721615e-05,2.719284748309292e-05
members/member_200.png,0.019994206726551056,0.016606375575065613,0.008831034414470196,0.006741540040820837,0.003471061820164323,0.0010777413845062256,0.015329057350754738,0.009553952142596245,0.003756100544705987,0.005228573922067881,0.002397892763838172,0.00025984502281062305,0.0028418111614882946,0.0007497211336158216,0.00023534003412351012,0.0014263613848015666,9.745508577907458e-05,4.514095780905336e-05
members/member_201.png,0.01140236109495163,0.011889544315636158,0.0061067319475114346,0.004236978478729725,0.002211464336141944,0.0003511286631692201,0.007876943796873093,0.00585361011326313,0.0023434811737388372,0.0030505156610161066,0.0014120544074103236,0.00010387871589045972,0.001845954218879342,0.00030421101837418973,0.0001668949844315648,0.0012392355129122734,3.9007521991152316e-05,6.087326619308442e-05
members/member_202.png,0.02208658866584301,0.01656012423336506,0.00591464526951313,0.008360925130546093,0.001937529188580811,0.00023365255037788302,0.01463477872312069,0.006800964009016752,0.002141097793355584,0.004642918705940247,0.0007131585152819753,8.922062261262909e-05,0.002334883436560631,0.00031897256849333644,0.00014355337771121413,0.0007435371517203748,2.9376165912253782e-05,3.829711567959748e-05
members/member_203.png,0.013841057196259499,0.01133460272103548,0.0036770885344594717,0.005458739120513201,0.0017085238359868526,0.00023703885381110013,0.009223687462508678,0.004751971457153559,0.0013742208248004317,0.004258373286575079,0.0007499430212192237,8.496165537508205e-05,0.001744273118674755,0.0002295084996148944,0.00012718295329250395,0.0008425420965068042,3.664497853606008e-05,6.257417408050969e-05
members/member_204.png,0.0121461758390069,0.014343421906232834,0.00559832202270627,0.003733063582330942,0.002542794682085514,0.0004232937644701451,0.009964607656002045,0.008243237622082233,0.0022239580284804106,0.004859214182943106,0.0015979488380253315,8.03880684543401e-05,0.00260193832218647,0.0004702370206359774,0.0001477537298342213,0.001348276506178081,4.113540126127191e-05,3.749964162125252e-05
members/member_205.png,0.012756197713315487,0.02845599129796028,0.009478408843278885,0.00474006962031126,0.004292258061468601,0.0008949984912760556,0.011058416217565536,0.015784937888383865,0.0037074952851980925,0.004548144061118364,0.0019798208959400654,0.0001957266213139519,0.003301131073385477,0.0010638738749548793,0.0002252589474665001,0.0015767094446346164,7.983169780345634e-05,4.711064320872538e-05
members/member_206.png,0.013854560442268848,0.024004356935620308,0.011327333748340607,0.005709913559257984,0.00392691558226943,0.0009027969790622592,0.012092594988644123,0.012728945352137089,0.0044321417808532715,0.004250268917530775,0.0019300596322864294,0.0002497854584362358,0.002997172996401787,0.0008938805549405515,0.00024835506337694824,0.0007556385826319456,5.898344170418568e-05,5.485791916726157e-05
members/member_207.png,0.015859998762607574,0.01027323491871357,0.0030067474581301212,0.0068259588442742825,0.0017517171800136566,0.00018508403445594013,0.010596402920782566,0.004404677543789148,0.0011225503403693438,0.004392023663967848,0.0006840341375209391,7.437745807692409e-05,0.0019122579833492637,0.00021646745153702796,0.0001174839271698147,0.0008886029827408493,2.9317659937078133e-05,5.6500233768019825e-05
members/member_208.png,0.013484089635312557,0.01019932422786951,0.0027196097653359175,0.006673055700957775,0.0007350662490352988,0.00015134889690671116,0.010661759413778782,0.004058043472468853,0.0010014396393671632,0.004825376905500889,0.0007213826756924391,5.290404078550637e-05,0.001841120421886444,0.00018671136058401316,0.0001032657892210409,0.0015092906542122364,2.6991947379428893e-05,4.3160827772226185e-05
members/member_209.png,0.013185951858758926,0.021445808932185173,0.009354403242468834,0.004198759328573942,0.004443241748958826,0.0006520202732644975,0.011997708119452,0.01388607732951641,0.0036625198554247618,0.004958684556186199,0.002861760091036558,0.00012453227827791125,0.0029224015306681395,0.0009953349363058805,0.00021419633412733674,0.0016172515461221337,8.479119424009696e-05,4.568646181724034e-05
members/member_210.png,0.019994746893644333,0.009086336940526962,0.003074188716709614,0.0067003462463617325,0.0012438325211405754,0.0001784659834811464,0.015081136487424374,0.0042657917365431786,0.0011540151899680495,0.005361909046769142,0.0008329258416779339,6.9195702963043e-05,0.0022852609399706125,0.00021390245819929987,0.00010112638847203925,0.0007629312458448112,3.363339419593103e-05,3.612924410845153e-05
members/member_211.png,0.015251128934323788,0.010328304022550583,0.0018882591975852847,0.005133247934281826,0.0019519194029271603,0.00013865993241779506,0.009179476648569107,0.004721601959317923,0.0007218319224193692,0.004324999172240496,0.0007373561966232955,7.687048491789028e-05,0.001626070006750524,0.00023936625802889466,9.243532258551568e-05,0.0009361226111650467,3.43489482474979e-05,3.832991569652222e-05
members/member_212.png,0.017075838521122932,0.02231793850660324,0.010607588104903698,0.007710116449743509,0.004302915185689926,0.001221798243932426,0.011565673165023327,0.011511883698403835,0.004554802551865578,0.004462018609046936,0.0021863600704818964,0.00044009642442688346,0.0033722994849085808,0.00092584133381024,0.0002591611410025507,0.0014824712416157126,7.155816274462268e-05,4.308586358092725e-05
members/member_213.png,0.01277074683457613,0.016647271811962128,0.006095340941101313,0.00491388700902462,0.004032793454825878,0.0004607361042872071,0.009397581219673157,0.009139720350503922,0.0023668217472732067,0.004783012438565493,0.0015280528459697962,0.00014722166815772653,0.0013412701664492488,0.0005463339039124548,0.00016033079009503126,0.0007361526368185878,4.4193671783432364e-05,4.9223668611375615e-05
members/member_214.png,0.01961175911128521,0.026003772392868996,0.013242814689874649,0.005653367377817631,0.003302081720903516,0.0008655789424665272,0.016220781952142715,0.012049257755279541,0.0052680522203445435,0.005103270523250103,0.00120619498193264,0.00020747946109622717,0.0021767704747617245,0.0005892298649996519,0.0002864062553271651,0.0007823624182492495,4.1258783312514424e-05,4.2874908103840426e-05
members/member_215.png,0.018820354714989662,0.022036461159586906,0.007082092110067606,0.006381799001246691,0.003034672699868679,0.0004851937701459974,0.013167121447622776,0.010604276321828365,0.0028293088544160128,0.004312130622565746,0.0011502791894599795,0.00014711373660247773,0.0023898195941001177,0.0005717199528589845,0.00017005954578053206,0.001209649839438498,3.735681821126491e-05,3.7144880479900166e-05
members/member_216.png,0.017071068286895752,0.015503750182688236,0.006899975705891848,0.0057281614281237125,0.002710966160520911,0.0003023665049113333,0.011885601095855236,0.006628413684666157,0.0025539088528603315,0.00456734374165535,0.0008956999517977238,8.250633982243016e-05,0.002102697268128395,0.0003243952232878655,0.00016631219477858394,0.0009672287269495428,3.701798777910881e-05,4.801633258466609e-05
members/member_217.png,0.016098136082291603,0.00775705324485898,0.0024863018188625574,0.007277908269315958,0.0012004688614979386,0.00013519007188733667,0.010561325587332249,0.0033513959497213364,0.0009336096118204296,0.0035977764055132866,0.0006647242698818445,5.007203799323179e-05,0.002135831629857421,0.0001834122813306749,0.00010156691132578999,0.0008872751495800912,3.1786785257281736e-05,3.884065881720744e-05
members/member_218.png,0.020031850785017014,0.017898565158247948,0.006207294296473265,0.0071183741092681885,0.0026828558184206486,0.00038363595376722515,0.014699224382638931,0.009645507670938969,0.0023013707250356674,0.0049883462488651276,0.00199424521997571,9.855043754214421e-05,0.0017078184755519032,0.0005403812392614782,0.00016062945360317826,0.0009704356780275702,4.406994048622437e-05,6.0034828493371606e-05
members/member_219.png,0.01573263853788376,0.01946268044412136,0.008633729070425034,0.0066985138691961765,0.0034830926451832056,0.0007149988086894155,0.015063483268022537,0.010814760811626911,0.003427451942116022,0.005079714115709066,0.0016755163669586182,0.00020359648624435067,0.0027136714197695255,0.000656066695228219,0.000212806262425147,0.0013758441200479865,5.647131911246106e-05,4.440222983248532e-05
members/member_220.png,0.022446131333708763,0.022337503731250763,0.010091284289956093,0.007781369145959616,0.003403198206797242,0.0006447231862694025,0.021729804575443268,0.011035095900297165,0.003820394165813923,0.00863410159945488,0.0013645278522744775,0.0001530871813884005,0.003993685822933912,0.0006027563358657062,0.00021462627046275884,0.0009496459970250726,3.741913678823039e-05,3.170120544382371e-05
members/member_221.png,0.015357349067926407,0.030163737013936043,0.014928177930414677,0.005830204579979181,0.0045410702005028725,0.0008303973590955138,0.017103392630815506,0.01651451364159584,0.006082724314182997,0.005702064372599125,0.002614813158288598,0.0002186308556701988,0.001976883038878441,0.0010577277280390263,0.0003221853112336248,0.0005559967248700559,6.38004785287194e-05,4.650956179830246e-05
members/member_222.png,0.025828465819358826,0.02291892282664776,0.008056369610130787,0.007657226640731096,0.003185819135978818,0.0006223066593520343,0.02046332322061062,0.011247907765209675,0.0032745737116783857,0.005628632381558418,0.001361799193546176,0.00019779190188273787,0.0027355283964425325,0.0005545019521377981,0.00021167653903830796,0.0010348384967073798,3.766622467082925e-05,5.5918928410392255e-05
members/member_223.png,0.01734124682843685,0.0255216546356678,0.007013267371803522,0.00846448726952076,0.005057865753769875,0.0005912822671234608,0.011898419819772243,0.015054978430271149,0.0027644371148198843,0.004705533385276794,0.0022454143036156893,0.00010632608609739691,0.003105618292465806,0.0009584443760104477,0.00018168825772590935,0.0012262117816135287,7.43520213291049e-05,4.4410102418623865e-05
members/member_224.png,0.020892571657896042,0.024367036297917366,0.008236253634095192,0.009416885673999786,0.003192348638549447,0.00032271715463139117,0.014702226966619492,0.010505881160497665,0.002994970418512821,0.007375762797892094,0.0010726696345955133,8.250305836554617e-05,0.002122346078976989,0.0004864554211962968,0.00017853408644441515,0.0007801161264069378,3.1539508199784905e-05,3.2984487916110083e-05
members/member_225.png,0.015927014872431755,0.017040595412254333,0.004865100607275963,0.006650660652667284,0.0019813859835267067,0.0002690868859644979,0.011288889683783054,0.007503407076001167,0.0018065772019326687,0.004790775943547487,0.0008438118966296315,6.173961446620524e-05,0.0013055643066763878,0.0003955528954975307,0.00013353582471609116,0.0007568545988760889,3.155197555315681e-05,3.750643736566417e-05
members/member_226.png,0.01768944412469864,0.01738007366657257,0.007310173474252224,0.006106259301304817,0.003413677215576172,0.00040552241262048483,0.013652966357767582,0.009500167332589626,0.0027719116769731045,0.0055212038569152355,0.0019772027153521776,0.00011533172073541209,0.0027675018645823,0.000649644061923027,0.00019303509907331318,0.0010005147196352482,7.284127059392631e-05,6.062627289793454e-05
members/member_227.png,0.019397294148802757,0.019769124686717987,0.007800616789609194,0.0054843006655573845,0.0035281628370285034,0.0003644076350610703,0.013736333698034286,0.009060222655534744,0.0028968057595193386,0.004266912117600441,0.001284192781895399,7.852860289858654e-05,0.0020012990571558475,0.0004924872773699462,0.00017624687461648136,0.0010302334558218718,3.857874617096968e-05,5.462806802825071e-05
members/member_228.png,0.022304177284240723,0.011247698217630386,0.0035782658960670233,0.006935769226402044,0.0023366843815892935,0.0002190336090279743,0.01555686630308628,0.005152012221515179,0.0013576362980529666,0.005847564898431301,0.0009186579845845699,7.38843809813261e-05,0.0021584013011306524,0.00023573775251861662,0.0001128610601881519,0.0007315221591852605,3.166433816659264e-05,3.959301102440804e-05
members/member_229.png,0.019666193053126335,0.013451856561005116,0.0030554397962987423,0.006072934251278639,0.0014077143277972937,0.0001504476967966184,0.012705845758318901,0.005392017308622599,0.0011013327166438103,0.004742015618830919,0.0008242175099439919,5.161226727068424e-05,0.0019821012392640114,0.00024029692576732486,0.00010915355960605666,0.001081530936062336,2.6092850021086633e-05,4.41744523413945e-05
members/member_230.png,0.013310887850821018,0.004445403814315796,0.002347999019548297,0.005367586389183998,0.0006821558345109224,0.00011508357420098037,0.010896392166614532,0.0018078298307955265,0.0008679662714712322,0.005140041466802359,0.000592694734223187,5.8542180340737104e-05,0.0018092760583385825,9.891694207908586e-05,9.827277972362936e-05,0.0006679812795482576,2.5339202693430707e-05,3.572595596779138e-05
members/member_231.png,0.012102334760129452,0.013317243196070194,0.008117195218801498,0.00468909228220582,0.0032707240898162127,0.0007944668177515268,0.010544342920184135,0.006842882838100195,0.003401976777240634,0.0036274935118854046,0.0011741406051442027,0.00016963228699751198,0.002683783881366253,0.0003923977492377162,0.00020568711624946445,0.001706428942270577,3.300825846963562e-05,4.719792923424393e-05
members/member_232.png,0.011259227991104126,0.005782851949334145,0.0017718176823109388,0.007223529275506735,0.0015073149697855115,0.00022848461230751127,0.008137363009154797,0.0027278063353151083,0.0006647245027124882,0.005230501759797335,0.0009630679851397872,5.192526805330999e-05,0.0032838324550539255,0.00014831828593742102,8.670413808431476e-05,0.0026822786312550306,2.72671695711324e-05,3.631722938735038e-05
members/member_233.png,0.025165632367134094,0.026415525004267693,0.010570273734629154,0.00923187006264925,0.0030721325892955065,0.0007233734359033406,0.022052083164453506,0.01295678410679102,0.004169051069766283,0.006410027388483286,0.0016458741156384349,0.00015584427455905825,0.0028795329853892326,0.0007326068007387221,0.0002290427655680105,0.0009103467455133796,4.8729987611295655e-05,3.4527020034147426e-05
members/member_234.png,0.011826101690530777,0.010853243060410023,0.01349378377199173,0.004091131966561079,0.0013343358878046274,0.00029800034826621413,0.008238966576755047,0.004465852864086628,0.004884821362793446,0.004146814811974764,0.0006106021464802325,0.0001143567860708572,0.0013311812654137611,0.00021896915859542787,0.0002778635243885219,0.001003568060696125,3.656786429928616e-05,7.253933290485293e-05
members/member_235.png,0.01635333150625229,0.020909490063786507,0.006865750532597303,0.005913551431149244,0.004418238531798124,0.00044994711061008275,0.013281778432428837,0.011297297663986683,0.002620239742100239,0.004721307195723057,0.0020370320416986942,0.00014160714636091143,0.0023627823684364557,0.0009174437145702541,0.0001583664125064388,0.000740635790862143,0.00010726879554567859,4.380996324471198e-05
members/member_236.png,0.017458533868193626,0.020847948268055916,0.012083576992154121,0.005861801560968161,0.0035552778281271458,0.0007797163561917841,0.01498461700975895,0.01106342114508152,0.004798181354999542,0.006052245385944843,0.0020450602751225233,0.0002004353009397164,0.0026736122090369463,0.0005952236242592335,0.00026457165949977934,0.0009677397320047021,3.648297206382267e-05,3.330736581119709e-05
members/member_237.png,0.028788138180971146,0.017989283427596092,0.006465360056608915,0.010389933362603188,0.002174762776121497,0.0002330274146515876,0.02040492370724678,0.007363501004874706,0.002389040542766452,0.005276692099869251,0.0007813606061972678,0.00010574141197139397,0.002485377714037895,0.00035406259121373296,0.00016298089758493006,0.0007664993172511458,3.0186070944182575e-05,5.340937786968425e-05
members/member_238.png,0.012964635156095028,0.01689290441572666,0.008592410944402218,0.00677473982796073,0.0014474275521934032,0.0002921372069977224,0.008122316561639309,0.006870381999760866,0.0031853436958044767,0.0029909538570791483,0.0007092006271705031,9.436678374186158e-05,0.0016044782241806388,0.0003369518381077796,0.00019593391334638,0.001067607314325869,4.1646100726211444e-05,6.003557427902706e-05
members/member_239.png,0.014303881675004959,0.008617106825113297,0.0021771173924207687,0.005507083609700203,0.0014060712419450283,0.00014835932233836502,0.008385968394577503,0.0034521373454481363,0.0008190050139091909,0.004203126300126314,0.0006454929825849831,6.400413258234039e-05,0.0012682225788012147,0.0001813830022001639,0.00010646636656019837,0.0007471871213056147,3.407548865652643e-05,5.073496140539646e-05
members/member_240.png,0.01277411449700594,0.0071508679538965225,0.002686241874471307,0.005685057491064072,0.0017114919610321522,0.00015909016656223685,0.009094190783798695,0.0029936940409243107,0.0010049610864371061,0.004805529490113258,0.0006734961643815041,6.888384086778387e-05,0.0015001633437350392,0.00014029198791831732,9.46719737839885e-05,0.0008326543029397726,2.1993208065396175e-05,3.138675310765393e-05
members/member_241.png,0.011400870978832245,0.002469377825036645,0.0010157874785363674,0.007682717405259609,0.0007932901498861611,9.209498239215463e-05,0.014386821538209915,0.0014052540063858032,0.00041510266601108015,0.008752672001719475,0.0005087796598672867,4.9913291150005534e-05,0.0028857991565018892,7.527120760641992e-05,8.064052235567942e-05,0.0010339429136365652,2.2724516384187154e-05,4.182062912150286e-05
members/member_242.png,0.016436349600553513,0.012037383392453194,0.0049108597449958324,0.0062352195382118225,0.0013325626496225595,0.00019451270054560155,0.011480024084448814,0.004723487421870232,0.0018211380811408162,0.003767596324905753,0.0004597596707753837,6.0710553952958435e-05,0.002753915498033166,0.0002636252320371568,0.00014333338185679168,0.0010743236634880304,3.297945295344107e-05,5.464097921503708e-05
members/member_243.png,0.017102591693401337,0.013143525458872318,0.0066480920650064945,0.006176500115543604,0.0025797984562814236,0.0004609326715581119,0.014023387804627419,0.008719534613192081,0.0029044148977845907,0.00416206382215023,0.0015546786598861217,0.00022558386262971908,0.0037592672742903233,0.000756339926738292,0.00018365449795965105,0.0012300481321290135,4.0468061342835426e-05,4.235930828144774e-05
members/member_244.png,0.015593149699270725,0.027391895651817322,0.00822665449231863,0.0063193561509251595,0.005270455032587051,0.0005808028508909047,0.012468400411307812,0.02172333188354969,0.0033992999233305454,0.004045944195240736,0.004538798704743385,0.00016959145432338119,0.0019284841837361455,0.0021054348908364773,0.00020583604054991156,0.0010988425929099321,0.00010879046749323606,4.06365652452223e-05
members/member_245.png,0.018997877836227417,0.021976932883262634,0.005879881326109171,0.005942799150943756,0.003120196284726262,0.00043900348828174174,0.015359125100076199,0.01167325023561716,0.002436374081298709,0.005895277019590139,0.0017176708206534386,0.00012119868188165128,0.004968015477061272,0.0006819840054959059,0.00015617944882251322,0.0019465783843770623,5.063062781118788e-05,3.162643042742275e-05
members/member_246.png,0.014858768321573734,0.012692375108599663,0.0028034807182848454,0.0052899811416864395,0.001809973968192935,0.00023507799778599292,0.010204478166997433,0.005578615702688694,0.0010401301551610231,0.004064617678523064,0.0008658255683258176,7.586526044178754e-05,0.0011379175120964646,0.00030163093470036983,0.00010968167043756694,0.0009221358341164887,5.427571522886865e-05,5.7461074902676046e-05
members/member_247.png,0.016395099461078644,0.023676155135035515,0.008585168980062008,0.00569140026345849,0.002483443822711706,0.0004571292956825346,0.012351814657449722,0.011244147084653378,0.0032475385814905167,0.003943357616662979,0.0011183617170900106,0.0001344525662716478,0.0019947008695453405,0.0005643019103445113,0.0002015815844060853,0.000845189904794097,3.962515984312631e-05,4.4467469706432894e-05
members/member_248.png,0.01407160796225071,0.02554955519735813,0.01135153416544199,0.005526309832930565,0.005411035381257534,0.0009959115413948894,0.012328578159213066,0.019572176039218903,0.004669248592108488,0.005514547228813171,0.00397739140316844,0.00020922717521898448,0.0024317880161106586,0.0014802460791543126,0.00024854688672348857,0.0011110884370282292,8.022885594982654e-05,3.594032023102045e-05
members/member_249.png,0.01974564604461193,0.01991538517177105,0.008130723610520363,0.005180056206882,0.0032125101424753666,0.0005221480969339609,0.013507337309420109,0.009777136147022247,0.003190038725733757,0.004236425273120403,0.0015685732942074537,0.00017894053598865867,0.0015248715644702315,0.0005568084307014942,0.00019001081818714738,0.0007832840201444924,5.424406481324695e-05,4.133798574912362e-05
members/member_250.png,0.016085252165794373,0.013057882897555828,0.005053011234849691,0.006661400198936462,0.0019429238745942712,0.00021044586901552975,0.010178782977163792,0.0056582000106573105,0.0018656660104170442,0.004305470269173384,0.0009447096381336451,7.157499203458428e-05,0.002144517842680216,0.0002924703003372997,0.00013933394802734256,0.0009608343825675547,3.7044883356429636e-05,3.236360498704016e-05
members/member_251.png,0.01869780942797661,0.013441426679491997,0.0042225681245327,0.0078072315081954,0.0017350035486742854,0.00027594828861765563,0.013638910837471485,0.00582840433344245,0.001601932104676962,0.004964061081409454,0.0008540418348275125,8.046490984270349e-05,0.0030320603400468826,0.00029420937062241137,0.00013410071551334113,0.001055403845384717,2.860688982764259e-05,4.684413943323307e-05
members/member_252.png,0.02186664566397667,0.01828015223145485,0.009287203662097454,0.00832426454871893,0.00202756910584867,0.00038479961222037673,0.012255898676812649,0.007358986884355545,0.0034145598765462637,0.00358409876935184,0.0007496977923437953,0.00010652514902176335,0.0020993156358599663,0.0003645797842182219,0.00019897136371582747,0.0010676318779587746,3.2459920475957915e-05,3.8817535823909566e-05
members/member_253.png,0.01144526805728674,0.010397963225841522,0.003383892821148038,0.0055277589708566666,0.0012181006604805589,0.0002246390504296869,0.008221853524446487,0.004294899292290211,0.0012342390837147832,0.004187963902950287,0.0006761617260053754,0.00011511083721416071,0.0007059553172439337,0.00020026203128509223,0.00011601358710322529,0.0003081076720263809,2.577948907855898e-05,4.313620593165979e-05
members/member_254.png,0.014926714822649956,0.01860070787370205,0.008630923926830292,0.006042749620974064,0.003362375544384122,0.0006182512734085321,0.012773253954946995,0.010476214811205864,0.003611236112192273,0.0042359898798167706,0.0016385786002501845,0.00024077703710645437,0.004459211602807045,0.0007294246461242437,0.000223438604734838,0.0016973138554021716,5.554237577598542e-05,2.3134214643505402e-05
members/member_255.png,0.017237568274140358,0.015253211371600628,0.0042792982421815395,0.0052748932503163815,0.0024872669018805027,0.00041027486440725625,0.016479721292853355,0.008947390131652355,0.0018044954631477594,0.006486286874860525,0.0016609880840405822,0.00013563400716520846,0.0022269971668720245,0.0004849641409236938,0.0001364183844998479,0.000921323022339493,2.9636663384735584e-05,2.9497085051843897e-05
members/member_256.png,0.012315558269619942,0.00872951652854681,0.0030589455273002386,0.004350338131189346,0.0013747544726356864,0.00015150842955335975,0.009413257241249084,0.003644725074991584,0.001152705866843462,0.005896564107388258,0.0004342975444160402,6.73798713251017e-05,0.0015546962385997176,0.00018886622274294496,0.00010338162974221632,0.001030527870170772,2.1986073988955468e-05,4.432093555806205e-05
members/member_257.png,0.0190432108938694,0.012625088915228844,0.004986349493265152,0.005436589941382408,0.0016006999649107456,0.00027951353695243597,0.013943543657660484,0.0053278421983122826,0.0018342905677855015,0.004839050583541393,0.0010923461522907019,8.594804967287928e-05,0.002130913781002164,0.00024065580510068685,0.0001388284144923091,0.0008506343001499772,2.5677974917925894e-05,4.689584602601826e-05
members/member_258.png,0.01527906209230423,0.020435068756341934,0.00958828255534172,0.005934004206210375,0.003945618402212858,0.000615654163993895,0.013561679050326347,0.012593281455338001,0.0036436726804822683,0.004653210751712322,0.0016932860016822815,0.00012671033618971705,0.0019640345126390457,0.0007763133035041392,0.00020263456099200994,0.0010053617879748344,6.824563024565578e-05,3.3869997423607856e-05
members/member_259.png,0.010156311094760895,0.006925203837454319,0.0033637399319559336,0.005266599357128143,0.00118207186460495,0.00021242519142106175,0.0060758087784051895,0.0026448043063282967,0.0012167291715741158,0.0033625129144638777,0.00039346766425296664,7.15908026904799e-05,0.0016633224440738559,0.00014398680650629103,0.00010828408994711936,0.0017093910137191415,2.0841700461460277e-05,4.0433937101624906e-05
members/member_260.png,0.015329783782362938,0.01909484528005123,0.009590000845491886,0.00588541105389595,0.002951561938971281,0.0006505291676148772,0.010425949469208717,0.008757930248975754,0.0036285549867898226,0.004252017941325903,0.001072461949661374,0.00014968296454753727,0.0015564432833343744,0.000507025804836303,0.00021390053734648973,0.0010618080850690603,4.61152485513594e-05,4.823383642360568e-05
members/member_261.png,0.021494664251804352,0.010025515221059322,0.004546524956822395,0.00714514497667551,0.0013013905845582485,0.00012452807277441025,0.01436085905879736,0.004130086395889521,0.0017079076496884227,0.005277767311781645,0.0004535258049145341,8.531592902727425e-05,0.0017281882464885712,0.00019892238196916878,0.0001365065254503861,0.0007646902813576162,2.865798342099879e-05,5.0808059313567355e-05
members/member_262.png,0.01557826716452837,0.014015226624906063,0.004227520897984505,0.0061799208633601665,0.002822770271450281,0.000313241413095966,0.008852739818394184,0.006442985963076353,0.001551170600578189,0.004306891467422247,0.0015273039462044835,0.00010825843492057174,0.0018135608406737447,0.00032776675652712584,0.00012578433961607516,0.0011284725042060018,4.4074811739847064e-05,3.495989221846685e-05
members/member_263.png,0.014843313954770565,0.014487873762845993,0.00667553348466754,0.005916715133935213,0.002957813674584031,0.0005320782074704766,0.014643481932580471,0.00804141629487276,0.002553320024162531,0.008589730598032475,0.0015888218767940998,0.00011963929864577949,0.00358773535117507,0.00041399014298804104,0.00017375912284478545,0.0010733791859820485,4.9353613576386124e-05,8.954067016020417e-05
members/member_264.png,0.018862057477235794,0.011858351528644562,0.004644012078642845,0.008336749859154224,0.003671057987958193,0.00034578991471789777,0.013271846808493137,0.006270924117416143,0.0017115059308707714,0.0070338863879442215,0.001629395643249154,0.00010866481170523912,0.006637975107878447,0.0004949104622937739,0.00012617727043107152,0.0037311341147869825,8.257199806394055e-05,3.667840064736083e-05
members/member_265.png,0.015822164714336395,0.014069763012230396,0.0034504621289670467,0.004793024156242609,0.002817439613863826,0.0003135297156404704,0.012152823619544506,0.007541291881352663,0.00130501389503479,0.004823595285415649,0.001443088287487626,0.0001057276749634184,0.002073619980365038,0.0005251133115962148,0.0001174949502456002,0.0007452965946868062,6.130847032181919e-05,4.691871799877845e-05
members/member_266.png,0.015605192631483078,0.017819592729210854,0.004426662810146809,0.006471892353147268,0.0033348414581269026,0.0002465433208271861,0.010803711600601673,0.00918160006403923,0.001665690098889172,0.004563817288726568,0.0012381033739075065,9.735560161061585e-05,0.001083554932847619,0.0005003278492949903,0.00012443635205272585,0.0009162259520962834,4.16767034039367e-05,3.951883627451025e-05
members/member_267.png,0.011948592960834503,0.009041937068104744,0.006369345355778933,0.005425787065178156,0.001979214372113347,0.00039299766649492085,0.009326201863586903,0.004024977795779705,0.002376004122197628,0.005114307627081871,0.0009376314701512456,0.00011357495532138273,0.0011298122117295861,0.0002577217237558216,0.00014849942817818373,0.000562546425499022,3.2409458071924746e-05,3.171896605635993e-05
members/member_268.png,0.012907062657177448,0.018309826031327248,0.005435317754745483,0.004867075011134148,0.0029986773151904345,0.0002911450283136219,0.008636252954602242,0.009043906815350056,0.0020880275405943394,0.0045334878377616405,0.0011169041972607374,9.349361789645627e-05,0.0018611352425068617,0.000504644587635994,0.00014211944653652608,0.0011561688734218478,3.700824163388461e-05,5.244827116257511e-05
members/member_269.png,0.017148159444332123,0.02574213594198227,0.009036559611558914,0.006495876237750053,0.004055291414260864,0.0005500941188074648,0.0111004039645195,0.012037387117743492,0.003465968882665038,0.004752161912620068,0.0014901027316227555,0.00016042869538068771,0.0013170653255656362,0.0006804873119108379,0.00020558487449306995,0.0006198080955073237,4.5243741624290124e-05,5.1857539801858366e-05
members/member_270.png,0.01276649720966816,0.01064781192690134,0.0027923905290663242,0.004577407147735357,0.001948865712620318,0.00017321424093097448,0.008651255629956722,0.0042659444734454155,0.0010361975291743875,0.0038614191580563784,0.0005535593954846263,6.0016140196239576e-05,0.0009243834065273404,0.00021354488853830844,9.661653893999755e-05,0.000468255952000618,2.1053765522083268e-05,2.5939436454791576e-05
members/member_271.png,0.016823744401335716,0.020573167130351067,0.010576180182397366,0.005146264098584652,0.003686013864353299,0.000784439267590642,0.011206814087927341,0.010640456341207027,0.00414951192215085,0.003925713244825602,0.0013439255999401212,0.00013771817611996084,0.0013005458749830723,0.0006312868790701032,0.00022155852639116347,0.000490136502776295,5.468009112519212e-05,2.9937547878944315e-05
members/member_272.png,0.021396512165665627,0.023710208013653755,0.011053944006562233,0.0073232464492321014,0.0034954268485307693,0.0005558651173487306,0.01258182991296053,0.011221984401345253,0.0041226851753890514,0.00409260718151927,0.0015813354402780533,0.0001437802129657939,0.001958319451659918,0.0006410010391846299,0.0002210343664046377,0.001148994080722332,6.009965727571398e-05,2.605710324132815e-05
members/member_273.png,0.016029808670282364,0.016369838267564774,0.0064978874288499355,0.005588384345173836,0.003571388777345419,0.00039953106897883117,0.010562103241682053,0.00786991510540247,0.0025232108309865,0.003961877431720495,0.001523518469184637,0.00011592414375627413,0.001317858579568565,0.00048291360144503415,0.0001698740234132856,0.0008596875122748315,4.594005076796748e-05,3.4621003578649834e-05
members/member_274.png,0.01652955263853073,0.016164440661668777,0.006117509678006172,0.00639526778832078,0.0018158137099817395,0.00030740906368009746,0.011884459294378757,0.0069198752753436565,0.002299156505614519,0.0052316379733383656,0.0005898532108403742,8.584968600189313e-05,0.002298824256286025,0.0003319804382044822,0.0001511796872364357,0.0009803948923945427,3.3494048693683e-05,4.114027979085222e-05
members/member_275.png,0.013458946719765663,0.01488419808447361,0.005561335477977991,0.006880656816065311,0.0028118714690208435,0.00045489048352465034,0.011599660851061344,0.008221248164772987,0.0020858310163021088,0.0059686992317438126,0.001561692333780229,0.00013374128320720047,0.0038297236897051334,0.0005977902328595519,0.00014721449406351894,0.0016334220999851823,6.703069811919704e-05,4.357852594694123e-05
members/member_276.png,0.017235567793250084,0.011410582810640335,0.003813243703916669,0.0074693732894957066,0.002543405396863818,0.00046458045835606754,0.0124356709420681,0.005244668573141098,0.0015626725507900119,0.0055424803867936134,0.0007708680350333452,0.00014845562691334635,0.0022039925679564476,0.0002845972776412964,0.00012057844287483022,0.0010703245643526316,3.4850188967539e-05,3.0179693567333743e-05
members/member_277.png,0.01705474592745304,0.022158995270729065,0.01540512964129448,0.0068188621662557125,0.004552468657493591,0.0018294641049578786,0.014396090060472488,0.013680236414074898,0.0066397045738995075,0.005787996109575033,0.0026775114238262177,0.00033663056092336774,0.001898429123684764,0.000794369145296514,0.00033839663956314325,0.0005221176543273032,5.689215686288662e-05,4.1036459151655436e-05
members/member_278.png,0.023126909509301186,0.029548168182373047,0.01360989734530449,0.00874890387058258,0.004545442759990692,0.0004930869326926768,0.019977981224656105,0.0150185851380229,0.004961743485182524,0.008046034723520279,0.0012543663615360856,0.00013304677850101143,0.0023672578390687704,0.0007614248897880316,0.00025785923935472965,0.001125618233345449,3.8146805309224874e-05,3.4883054468082264e-05
members/member_279.png,0.02369040809571743,0.026842128485441208,0.011158750392496586,0.007343878969550133,0.0024724267423152924,0.00035991272307001054,0.01673232391476631,0.011454918421804905,0.004138226620852947,0.004856656305491924,0.0010498692281544209,0.00012554999557323754,0.0013270184863358736,0.0005234043928794563,0.0002362635568715632,0.0005604667239822447,3.0803290428593755e-05,4.542843817034736e-05
members/member_280.png,0.018936799839138985,0.018581051379442215,0.010829308070242405,0.007066369988024235,0.0037613154854625463,0.0017195460386574268,0.014542724937200546,0.013142316602170467,0.005981772672384977,0.007042827550321817,0.002986234612762928,0.0008668931550346315,0.00285891885869205,0.0010185003047809005,0.00036705314414575696,0.0008622425375506282,8.418353536399081e-05,3.2550186006119475e-05
members/member_281.png,0.013975059613585472,0.009074565023183823,0.0036721345968544483,0.004859110806137323,0.0018919275607913733,0.00019768657512031496,0.01006708387285471,0.003524451283738017,0.001347289071418345,0.005314083304256201,0.0005773961893282831,7.550607551820576e-05,0.0014489312889054418,0.00017516482330393046,0.0001008381150313653,0.0007557216449640691,2.8355398171697743e-05,2.0186927940812893e-05
members/member_282.png,0.014449489302933216,0.005491916090250015,0.0020223029423505068,0.006166729144752026,0.0015425216406583786,0.00020067713921889663,0.009036799892783165,0.0024885665625333786,0.0007806306821294129,0.005273047834634781,0.0007889505359344184,7.187564915511757e-05,0.002612125361338258,0.0001266123726963997,9.732024773256853e-05,0.0017895300406962633,2.9387370886979625e-05,4.039269333588891e-05
members/member_283.png,0.021371960639953613,0.019918853417038918,0.010798107832670212,0.006862010806798935,0.003236135933548212,0.0006735245115123689,0.015400770120322704,0.010812674649059772,0.004287230782210827,0.006391978356987238,0.001551002380438149,0.00015965828788466752,0.0021754794288426638,0.0006041261367499828,0.0002538970729801804,0.000839400920085609,6.1018326960038394e-05,4.5253109419718385e-05
members/member_284.png,0.014921434223651886,0.014734217897057533,0.005136117804795504,0.005480130668729544,0.002572359051555395,0.000558514497242868,0.01228029653429985,0.007841105572879314,0.0019884654320776463,0.005212828982621431,0.0015160003677010536,0.00018199108308181167,0.0034427428618073463,0.0004971110029146075,0.0001371523248963058,0.0014066966250538826,5.493836579262279e-05,4.1542949475115165e-05
members/member_285.png,0.01913929544389248,0.014001984149217606,0.003917395602911711,0.005241159815341234,0.0018791253678500652,0.0002177611895604059,0.014518591575324535,0.006014327518641949,0.0014749071560800076,0.007178417406976223,0.0007972215535119176,0.00011244312190683559,0.0035773420240730047,0.0002784991229418665,0.00012921167945023626,0.0018665430834516883,3.333149288664572e-05,5.81495878577698e-05
members/member_286.png,0.014220774173736572,0.009430952370166779,0.007024501450359821,0.005945651791989803,0.0021478619892150164,0.0008755388553254306,0.011232445016503334,0.004538813140243292,0.002804492600262165,0.004727479070425034,0.001066443626768887,0.0001778301812009886,0.0017804959788918495,0.00028027783264406025,0.00017375305469613522,0.0008190415683202446,3.580121119739488e-05,3.656679473351687e-05
members/member_287.png,0.016669144853949547,0.01955995336174965,0.006360500585287809,0.005434817634522915,0.0025574660394340754,0.0004040214407723397,0.012979076243937016,0.008834938518702984,0.002495249966159463,0.005901711527258158,0.0010299510322511196,0.00011389431165298447,0.0018705186666920781,0.0004294722166378051,0.00016473620780743659,0.0006400293787010014,4.581251414492726e-05,4.8006131692091e-05
members/member_288.png,0.021780116483569145,0.017775706946849823,0.008923103101551533,0.005909045692533255,0.0032210065983235836,0.000388947082683444,0.016881190240383148,0.008755420334637165,0.0033251619897782803,0.006527142599225044,0.0013950747670605779,0.00011146607721457258,0.0027193203568458557,0.00044479232747107744,0.0001944346004165709,0.001416364568285644,3.260239100200124e-05,4.222488860250451e-05
members/member_289.png,0.012670524418354034,0.014224790036678314,0.005231214687228203,0.004681610967963934,0.0020429943688213825,0.00033699668711051345,0.008297223597764969,0.006148724351078272,0.0019963025115430355,0.004991802852600813,0.0008650923846289515,8.95869015948847e-05,0.0013399517629295588,0.0003238118370063603,0.0001412143319612369,0.0007902007782831788,3.983948772656731e-05,2.9356222512433305e-05
members/member_290.png,0.013653149828314781,0.007758770138025284,0.0025104922242462635,0.0046268487349152565,0.001948071178048849,0.0001967884018085897,0.009955767542123795,0.0037531941197812557,0.0009330820175819099,0.0046714069321751595,0.0008960856357589364,7.51688567106612e-05,0.0014169493224471807,0.00019908176909666508,0.0001004764562821947,0.0007220173720270395,3.3167230867547914e-05,3.438945714151487e-05
members/member_291.png,0.014527374878525734,0.02386907860636711,0.010000331327319145,0.005087545141577721,0.003122875466942787,0.0004531731246970594,0.010241389274597168,0.011337931267917156,0.0037357148248702288,0.005520992446690798,0.001071850536391139,9.66002480708994e-05,0.0009132975246757269,0.0005741456989198923,0.0002185173361795023,0.0004490315914154053,2.8821428713854402e-05,4.797521251020953e-05
members/member_292.png,0.015137975104153156,0.012735064141452312,0.004149458836764097,0.007019213866442442,0.002259275410324335,0.000260371423792094,0.01213498692959547,0.005908731836825609,0.0015293327160179615,0.006117662880569696,0.0010534536559134722,8.455756324110553e-05,0.005024969112128019,0.00026749761309474707,0.00013454031432047486,0.0026901382952928543,2.957825199700892e-05,5.868149673915468e-05
members/member_293.png,0.012500923126935959,0.02119176834821701,0.008263315074145794,0.005105428863316774,0.00416487967595458,0.0009646969847381115,0.010294245555996895,0.011196095496416092,0.0035055556800216436,0.004747974220663309,0.001738030812703073,0.00021374772768467665,0.005011862143874168,0.0005773287266492844,0.00021666954853571951,0.0026725511997938156,4.746508420794271e-05,4.19823445554357e-05
members/member_294.png,0.012909484095871449,0.014941797591745853,0.0063892328180372715,0.004503919277340174,0.002542237052693963,0.0005319193005561829,0.010086829774081707,0.007928160019218922,0.002548511838540435,0.005223499611020088,0.0014158050762489438,0.00019554402388166636,0.0034382676240056753,0.00045294061419554055,0.00016348363715223968,0.0010887188836932182,3.304468555143103e-05,3.2033749448601156e-05
members/member_295.png,0.01919427700340748,0.0157475546002388,0.005351206287741661,0.005003846250474453,0.0020959952380508184,0.0003300911921542138,0.01444268599152565,0.006658409722149372,0.0020005947444587946,0.005582345183938742,0.0008528059115633368,0.00010133512842003256,0.0020885688718408346,0.00031803190358914435,0.0001523933169664815,0.0006654085591435432,3.447405470069498e-05,5.001940007787198e-05
members/member_296.png,0.018253235146403313,0.01959230564534664,0.008138496428728104,0.005833188071846962,0.003189839655533433,0.0006318871746771038,0.01324674766510725,0.009346075356006622,0.003162784269079566,0.004699076991528273,0.0012663096422329545,0.0001320291485171765,0.0017809411510825157,0.0005214940174482763,0.00018876217654906213,0.0010076349135488272,5.5377437092829496e-05,5.435519415186718e-05
members/member_297.png,0.022098880261182785,0.0145490737631917,0.006826199125498533,0.005029314197599888,0.0018442700384184718,0.00028611841844394803,0.016320621594786644,0.006146518979221582,0.002532508922740817,0.005691795609891415,0.0008541423594579101,6.605806265724823e-05,0.0016446375520899892,0.0003214020689483732,0.00016923202201724052,0.0008064894936978817,4.047722541145049e-05,5.011222310713492e-05
members/member_298.png,0.011907057836651802,0.02196665294468403,0.008121860213577747,0.003773821284994483,0.003008884144946933,0.000564245623536408,0.01034699659794569,0.012100611813366413,0.003202734049409628,0.004956577438861132,0.0017066580476239324,0.0001981322857318446,0.0020138469990342855,0.0007141642272472382,0.00020575590315274894,0.0011384848039597273,4.8422480176668614e-05,6.192521686898544e-05
members/member_299.png,0.01803482696413994,0.015062941238284111,0.007165222894400358,0.006245971191674471,0.002081778598949313,0.00024017116811592132,0.013190146535634995,0.006517442408949137,0.0026553208008408546,0.004183387849479914,0.0009455463150516152,8.449683082289994e-05,0.0019732872024178505,0.0003003045276273042,0.00017103709978982806,0.0011003043036907911,2.62827416008804e-05,4.949144567945041e-05
members/member_300.png,0.018421512097120285,0.02213061787188053,0.006834793835878372,0.006621803157031536,0.0026030128356069326,0.0002816305204760283,0.012234697118401527,0.010159662924706936,0.0025331012438982725,0.004498593974858522,0.001381052192300558,8.998397970572114e-05,0.0017725517973303795,0.0005299502518028021,0.0001606640435056761,0.000717808201443404,3.3851396437967196e-05,4.098343197256327e-05
members/member_301.png,0.0248116422444582,0.026047365739941597,0.014032832346856594,0.008173005655407906,0.0037711283657699823,0.0006913342513144016,0.01744915544986725,0.013346860185265541,0.005462253000587225,0.005537198856472969,0.0016964763635769486,0.00012173849972896278,0.0038405738305300474,0.0007283392478711903,0.000284255831502378,0.0017926041036844254,3.1760529964230955e-05,5.233045885688625e-05
members/member_302.png,0.012858804315328598,0.007351033855229616,0.0026376128662377596,0.004652559757232666,0.0011849033180624247,0.00011941268166992813,0.0091421352699399,0.0028336800169199705,0.0010020327754318714,0.004461223725229502,0.0005723514477722347,6.886321352794766e-05,0.0022945725359022617,0.00014687409566249698,0.0001046447068802081,0.001364039140753448,3.2063922844827175e-05,4.796239227289334e-05
members/member_303.png,0.01322404108941555,0.00967444758862257,0.003988170996308327,0.005251765251159668,0.0019443277269601822,0.00023177507682703435,0.008667376823723316,0.004153501242399216,0.001472229021601379,0.00347553426399827,0.0007951405714266002,7.170183380367234e-05,0.003440753323957324,0.0001988893054658547,0.00012233061715960503,0.0020101573318243027,3.1523122743237764e-05,4.5398352085612714e-05
members/member_304.png,0.016475742682814598,0.015041657723486423,0.006054171361029148,0.006088001653552055,0.0021670740097761154,0.00034178950591012836,0.012555046938359737,0.00696798600256443,0.002295595593750477,0.005738681647926569,0.0009968557860702276,0.00011422947864048183,0.0019196235807612538,0.0003425541508477181,0.00016241142293438315,0.0010489000706002116,5.6379158195341006e-05,5.5455820984207094e-05
members/member_305.png,0.013194096274673939,0.0145314522087574,0.004054106306284666,0.006597874220460653,0.0033340677618980408,0.00028112015570513904,0.011309103108942509,0.007094535976648331,0.001518725766800344,0.005963322706520557,0.0016494275769218802,0.00010129017755389214,0.0012993532000109553,0.0004422459751367569,0.00011485905997687951,0.000520761008374393,5.352798325475305e-05,3.322168413433246e-05
members/member_306.png,0.016416534781455994,0.016952959820628166,0.005900122690945864,0.004846095573157072,0.0025719446130096912,0.00047934980830177665,0.013358750380575657,0.008175226859748363,0.0021882872097194195,0.004692500922828913,0.0013000541366636753,0.0001349882804788649,0.002269994467496872,0.0004905771347694099,0.00015369057655334473,0.0013023809297010303,4.842394628212787e-05,3.4148088161600754e-05
members/member_307.png,0.01466093584895134,0.015379974618554115,0.007856774143874645,0.005329083651304245,0.002423383528366685,0.0005568392225541174,0.011962871998548508,0.007924135774374008,0.0030270100105553865,0.006118373945355415,0.0013382204342633486,0.0001245870371349156,0.0015821567503735423,0.0004635957593563944,0.00018443945737089962,0.0006179069168865681,3.937917063012719e-05,4.705978790298104e-05
members/member_308.png,0.020194146782159805,0.014383557252585888,0.006164593622088432,0.00755075179040432,0.0015666426625102758,0.0002542866859585047,0.01358734630048275,0.006091647781431675,0.0023101321421563625,0.005133869592100382,0.0006667151465080678,9.252092422684655e-05,0.0021377578377723694,0.0002832362661138177,0.0001522493694210425,0.0012207271065562963,1.8557835574029014e-05,3.5399501939537004e-05
members/member_309.png,0.013035343959927559,0.012060139328241348,0.006424592807888985,0.006630755960941315,0.0015842757420614362,0.00027094187680631876,0.00833858735859394,0.005261402111500502,0.0023765498772263527,0.005320229567587376,0.0006166272214613855,8.335692109540105e-05,0.0010753973620012403,0.00026683619944378734,0.00016073537699412555,0.0007959107169881463,2.8390328225214034e-05,3.461158848949708e-05
members/member_310.png,0.011303131468594074,0.009120690636336803,0.001985205803066492,0.004508996848016977,0.001202731509692967,0.0001438678737031296,0.006843083538115025,0.003757188329473138,0.0007261806167662144,0.003225660417228937,0.0004927560221403837,4.975798219675198e-05,0.0011803306406363845,0.0002157112176064402,9.388710168423131e-05,0.00083266815636307,4.185383295407519e-05,4.192842243355699e-05
members/member_311.png,0.014270506799221039,0.013506965711712837,0.006279011256992817,0.005653209052979946,0.001706661656498909,0.0003883454774040729,0.008781651966273785,0.005707611329853535,0.0022911138366907835,0.0036475458182394505,0.000667298270855099,0.00012675717880483717,0.0016466632951050997,0.0002667087537702173,0.00016212585614994168,0.0008595756371505558,5.2128274546703324e-05,8.245226490544155e-05
members/member_312.png,0.012591986916959286,0.010918296873569489,0.019065402448177338,0.0070549012161791325,0.001914375927299261,0.0012731687165796757,0.009830105118453503,0.004462063312530518,0.007436125073581934,0.0073010120540857315,0.0006399551639333367,0.00024217531608883291,0.0012471583904698491,0.00023595891252625734,0.0003726654394995421,0.0007132565951906145,3.7426070775836706e-05,3.970439138356596e-05
members/member_313.png,0.013362724334001541,0.012483538128435612,0.004299507010728121,0.0046178800985217094,0.002400107216089964,0.00036143019679002464,0.012068998999893665,0.0061630369164049625,0.0016637153457850218,0.005918129812926054,0.0011313528520986438,6.984638457652181e-05,0.0030479389242827892,0.00030977092683315277,0.00012704209075309336,0.00087765819625929,3.392574217286892e-05,4.088150308234617e-05
members/member_314.png,0.015205152332782745,0.009165986441075802,0.0036890434566885233,0.006986127234995365,0.0016512522706761956,0.0002356463228352368,0.010462281294167042,0.00398974260315299,0.0013100572396069765,0.0039755660109221935,0.0007106318953447044,6.040510561433621e-05,0.001893786364234984,0.0002205182972829789,0.00011768763943109661,0.0008823835523799062,3.306401413283311e-05,4.588197771226987e-05
members/member_315.png,0.014868775382637978,0.011949615553021431,0.005854710470885038,0.006116654723882675,0.002263626316562295,0.0005383649840950966,0.010167007334530354,0.00693590147420764,0.0024897470138967037,0.004619151819497347,0.0016045168740674853,0.00020532001508399844,0.0037408708594739437,0.0004918700433336198,0.0001723527384456247,0.0018333431798964739,5.986321411910467e-05,4.240225825924426e-05
members/member_316.png,0.017337627708911896,0.023419013246893883,0.009289438836276531,0.0073457155376672745,0.002862167777493596,0.0005249980022199452,0.012544598430395126,0.010445152409374714,0.003480880754068494,0.003634978784248233,0.0012362771667540073,0.00013745154137723148,0.0017950189067050815,0.0005942637799307704,0.0002105758903780952,0.0009345114813186228,5.36410188942682e-05,4.8715166485635564e-05
members/member_317.png,0.013575214892625809,0.014310871250927448,0.0070922113955020905,0.005172532983124256,0.004239460453391075,0.0005893316701985896,0.011128043755888939,0.010987653397023678,0.0031844673212617636,0.004828959237784147,0.003958455286920071,0.00019771764345932752,0.0031540924683213234,0.0013984001707285643,0.00018488064233679324,0.0016510310815647244,0.00010177294461755082,2.694720205909107e-05
members/member_318.png,0.014600804075598717,0.009411031380295753,0.007081185467541218,0.00647122273221612,0.001955136889591813,0.000587873684708029,0.009873553179204464,0.004845777526497841,0.0027570577803999186,0.004115482792258263,0.0011710448889061809,0.00013502677029464394,0.0017004546243697405,0.0002543908485677093,0.00017497183580417186,0.0005577451083809137,3.7787245673825964e-05,3.654062675195746e-05
members/member_319.png,0.01505363266915083,0.014446568675339222,0.004460153169929981,0.0057894219644367695,0.00259253173135221,0.0003872452361974865,0.013520317152142525,0.006786169484257698,0.0016602553660050035,0.007625950500369072,0.001090022036805749,8.71321462909691e-05,0.0031864866614341736,0.0003503154148347676,0.0001202332423417829,0.0012834129156544805,3.472110256552696e-05,3.4155429602833465e-05
members/member_320.png,0.01429158728569746,0.010036706924438477,0.0039972602389752865,0.005833268631249666,0.0020327225793153048,0.00022843678016215563,0.011277088895440102,0.004915009252727032,0.00152009935118258,0.004822261165827513,0.000831234676297754,8.757803152548149e-05,0.001966877141967416,0.0002422246034257114,0.000127060164231807,0.0010215651709586382,2.2148438802105375e-05,3.9935068343766034e-05
members/member_321.png,0.01583929732441902,0.013066933490335941,0.004716898780316114,0.0057938313111662865,0.0017947822343558073,0.00029633118538185954,0.010974260978400707,0.005843899212777615,0.0017700291937217116,0.004726920276880264,0.0009686123812571168,8.608931966591626e-05,0.0021349871531128883,0.00028788167401216924,0.00014317639579530805,0.0015567825175821781,3.5081597161479294e-05,6.373722135322168e-05
members/member_322.png,0.013644757680594921,0.02540634572505951,0.01226146798580885,0.00461746146902442,0.004036721307784319,0.000710036139935255,0.010130487382411957,0.014556236565113068,0.004848030395805836,0.00440394040197134,0.0015331943286582828,0.0002190212399000302,0.0021967715583741665,0.0008465091814287007,0.00026512055774219334,0.0013858210295438766,5.321671415003948e-05,4.295165490475483e-05
members/member_323.png,0.02004159428179264,0.011335773393511772,0.003266693325713277,0.006491154432296753,0.0014047911390662193,0.0001324425684288144,0.01640014350414276,0.004429826512932777,0.001200356287881732,0.006762255448848009,0.000503240735270083,6.380813283612952e-05,0.003113535000011325,0.00020844749815296382,0.00011362924851709977,0.0010597470682114363,3.6223082133801654e-05,6.620380008826032e-05
members/member_324.png,0.012303219176828861,0.01951531320810318,0.006849856581538916,0.003917228430509567,0.004401972517371178,0.000846896436996758,0.011013451032340527,0.012036167085170746,0.0030537154525518417,0.005125903524458408,0.003323884215205908,0.00023614108795300126,0.002720213495194912,0.0013651112094521523,0.00020398973720148206,0.0008150158100761473,8.686264482093975e-05,6.515767745440826e-05
members/member_325.png,0.014745251275599003,0.015819991007447243,0.006392271723598242,0.006631333380937576,0.003758438164368272,0.00047681265277788043,0.013015803880989552,0.008105027489364147,0.0025887074880301952,0.004890924785286188,0.0014451260212808847,0.0001454745652154088,0.0019934535957872868,0.0004639828694052994,0.00016049356781877577,0.0006423312588594854,3.748065864783712e-05,3.8352365663740784e-05
members/member_326.png,0.016467364504933357,0.010412455536425114,0.005456262733787298,0.006764338351786137,0.0021987524814903736,0.00044615205843001604,0.010967488400638103,0.0059750936925411224,0.0021764421835541725,0.004457070026546717,0.0013218874810263515,0.00011000976519426331,0.00396163621917367,0.00037202847306616604,0.00014933924830984324,0.001715097576379776,3.9754660974722356e-05,2.8916227165609598e-05
members/member_327.png,0.015402295626699924,0.015770288184285164,0.00654641492292285,0.005241857375949621,0.002137530827894807,0.00023388802947010845,0.010887720622122288,0.006152274552732706,0.0024192698765546083,0.005026938859373331,0.0007222710410133004,8.712613634997979e-05,0.001627499470487237,0.000311484734993428,0.0001745644403854385,0.0009636216564103961,3.28348069160711e-05,6.239842332433909e-05
members/member_328.png,0.01351940631866455,0.02416432462632656,0.018250493332743645,0.005361309740692377,0.004553183913230896,0.0016635070787742734,0.01006808876991272,0.014031520113348961,0.007844469510018826,0.005094310734421015,0.0021678723860532045,0.0005024956190027297,0.002369736786931753,0.000775884254835546,0.00039163546171039343,0.0011336910538375378,5.025040445616469e-05,6.66685082251206e-05
members/member_329.png,0.0189861711114645,0.02737797424197197,0.008165202103555202,0.006106827408075333,0.0038270039949566126,0.0004989710869267583,0.012343778274953365,0.012499945238232613,0.003134090220555663,0.004441393539309502,0.0012089828960597515,0.00010968333663186058,0.00207716622389853,0.0006068809307180345,0.00019098923075944185,0.0012246519327163696,2.711625347728841e-05,4.6394543460337445e-05
members/member_330.png,0.016392245888710022,0.010719400830566883,0.004001895897090435,0.00582833681255579,0.001086741453036666,0.00015827958122827113,0.009527202695608139,0.004221298266202211,0.00149313744623214,0.0033614395651966333,0.0004881855857092887,5.94876692048274e-05,0.0016345311887562275,0.00019951970898546278,0.00011485293362056836,0.0009537941659800708,2.2944159354665317e-05,2.9916043786215596e-05
members/member_331.png,0.022906579077243805,0.015371007844805717,0.00584859075024724,0.007071721367537975,0.0025374791584908962,0.0005008321022614837,0.0175853930413723,0.006680620368570089,0.0022586360573768616,0.005169651936739683,0.0009049343061633408,0.0001384936913382262,0.0028264238499104977,0.00036372168688103557,0.0001676565152592957,0.0013228647876530886,2.5148488930426538e-05,3.691562233143486e-05
members/member_332.png,0.010975091718137264,0.00444362498819828,0.002090927679091692,0.004844083450734615,0.001437797793187201,0.00014913604536559433,0.007987447082996368,0.0017329532420262694,0.000804949551820755,0.0032857719343155622,0.0004530700098257512,6.196649337653071e-05,0.003452824894338846,9.440684516448528e-05,9.722932009026408e-05,0.0021022569853812456,2.1986417777952738e-05,4.862960122409277e-05
members/member_333.png,0.016373254358768463,0.019703572615981102,0.01069499459117651,0.005109997000545263,0.003364026080816984,0.0007520760991610587,0.012180197983980179,0.010540585964918137,0.004473532550036907,0.0050975605845451355,0.0020285234786570072,0.00016101635992527008,0.0020408364944159985,0.0005654559936374426,0.0002419433876639232,0.0009294154006056488,3.953333725803532e-05,4.8092329961946234e-05
members/member_334.png,0.01818087138235569,0.01712007448077202,0.00784351583570242,0.006706697400659323,0.002457318129017949,0.0007188402232713997,0.011616830714046955,0.0077057466842234135,0.003090125974267721,0.004041310865432024,0.0008710988913662732,0.0001464127271901816,0.001286157057620585,0.00036962173180654645,0.00018146242655348033,0.000609950628131628,3.0448527468251996e-05,3.209266651538201e-05
members/member_335.png,0.025815563276410103,0.020099395886063576,0.010948930867016315,0.006866395939141512,0.0032467504497617483,0.0007178046507760882,0.01956731267273426,0.009594287723302841,0.004268238320946693,0.0059026433154940605,0.0010535474866628647,0.00020840411889366806,0.002267395844683051,0.00048418104415759444,0.0002520843700040132,0.0007231468916870654,2.7829666578327306e-05,4.9815269449027255e-05
members/member_336.png,0.014071309939026833,0.012528486549854279,0.007460954133421183,0.006063450127840042,0.0020721431355923414,0.0004051450814586133,0.009406029246747494,0.005519398488104343,0.0027700690552592278,0.004644891247153282,0.0008476117509417236,7.812295370968059e-05,0.0016151150921359658,0.00026723911287263036,0.00017766904784366488,0.0010517326882109046,2.3553488063043915e-05,5.757662438554689e-05
members/member_337.png,0.02086128666996956,0.015522518195211887,0.009364169090986252,0.009099052287638187,0.0038361912593245506,0.0015014547389000654,0.0138309421017766,0.013603373430669308,0.005628115031868219,0.004546111915260553,0.006148891523480415,0.0008877504151314497,0.002232877304777503,0.0019706154707819223,0.00040976388845592737,0.0006578019820153713,0.0001891466963570565,3.369890691828914e-05
members/member_338.png,0.014176194556057453,0.0098867267370224,0.0028446500655263662,0.006332540884613991,0.002414385322481394,0.0002696691663004458,0.009083893150091171,0.004134718328714371,0.0011138515546917915,0.0034798786509782076,0.0008940740954130888,0.00011329145490890369,0.0018199050100520253,0.00020170050265733153,0.00010338370339013636,0.0009100692113861442,2.721380951697938e-05,4.5621498429682106e-05
members/member_339.png,0.021048670634627342,0.01696769706904888,0.010296720080077648,0.008013091050088406,0.0019309979397803545,0.0007468903204426169,0.01485498808324337,0.006921915803104639,0.003960139583796263,0.005188169423490763,0.0006626511458307505,0.00021821570408064872,0.003198516322299838,0.000340841623255983,0.00022889499086886644,0.0013806303031742573,3.05440989905037e-05,5.427104770205915e-05
members/member_340.png,0.016373297199606895,0.02605399675667286,0.008450153283774853,0.006592638324946165,0.004739310126751661,0.0005251980619505048,0.011114692315459251,0.013679951429367065,0.0031839192379266024,0.0050398544408380985,0.0016433539567515254,0.00010966537956846878,0.0017942760605365038,0.0007306800689548254,0.0001945111871464178,0.0009556525037623942,4.204767174087465e-05,5.8027770137414336e-05
members/member_341.png,0.024111051112413406,0.012460185214877129,0.00252738269045949,0.008695906028151512,0.0020310101099312305,0.00026712470571510494,0.017508959397673607,0.005303561221808195,0.0009547890513204038,0.005177571903914213,0.0007680378621444106,8.626939234090969e-05,0.0024665584787726402,0.0002499421825632453,9.213181328959763e-05,0.0009031799272634089,2.7971653253189288e-05,3.163135261274874e-05
members/member_342.png,0.014195254072546959,0.015093517489731312,0.01000848039984703,0.005109149497002363,0.0027703174855560064,0.0005679848254658282,0.010574462823569775,0.0068083577789366245,0.003877192037180066,0.006296821869909763,0.0007102983072400093,0.00010653475328581408,0.001511310925707221,0.00034569259150885046,0.00022569902648683637,0.0010151801398023963,3.349363396409899e-05,5.977529872325249e-05
members/member_343.png,0.013831510208547115,0.012572329491376877,0.004353658761829138,0.005273886956274509,0.001876134192571044,0.00022599386284127831,0.010664607398211956,0.005580213852226734,0.0016018226742744446,0.00449824333190918,0.0006083101616241038,9.37413060455583e-05,0.0020729503594338894,0.000278549239737913,0.00011720040492946282,0.000782220799010247,2.5505087251076475e-05,2.8950196792720817e-05
members/member_344.png,0.015763038769364357,0.022172747179865837,0.012241363525390625,0.005790264345705509,0.002745863748714328,0.0006104196072556078,0.01250897441059351,0.011508233845233917,0.004698733799159527,0.005110627040266991,0.0016133185708895326,0.0001493688323535025,0.0019916745368391275,0.0006308903684839606,0.0002604850451461971,0.0008548055193386972,4.445860395208001e-05,5.801375300507061e-05
members/member_345.png,0.010118826292455196,0.008183825761079788,0.0031638359650969505,0.005330088548362255,0.0020464551635086536,0.00024300123914144933,0.007753150537610054,0.004120002966374159,0.0012549051316455007,0.004379293881356716,0.000716172915417701,8.533152868039906e-05,0.0034641434904187918,0.0002629585796967149,0.00013053626753389835,0.002435889095067978,4.568661825032905e-05,5.9168029110878706e-05
members/member_346.png,0.01622912660241127,0.017201745882630348,0.004627090413123369,0.006332363002002239,0.0028814058750867844,0.00046950721298344433,0.013183598406612873,0.008763331919908524,0.0017010975861921906,0.0060447147116065025,0.0015223274240270257,0.00013408088125288486,0.0027760344091802835,0.00044256856199353933,0.0001349781668977812,0.0008312523132190108,3.442046363488771e-05,5.7686189393280074e-05
members/member_347.png,0.013686017133295536,0.01400062907487154,0.005343201104551554,0.005527577828615904,0.001787535846233368,0.0002336014003958553,0.010247350670397282,0.005940543487668037,0.002004032488912344,0.004113144241273403,0.0006494864937849343,9.401630086358637e-05,0.0013421174371615052,0.0002936428936664015,0.00014612879022024572,0.0008730411645956337,3.336743247928098e-05,4.50542320322711e-05
members/member_348.png,0.015382963232696056,0.016164705157279968,0.004410991445183754,0.005656518042087555,0.00292936060577631,0.0003780020051635802,0.01330906618386507,0.008771264925599098,0.001794243697077036,0.007018744479864836,0.0013116748305037618,0.00014378427295014262,0.0033613380510360003,0.0005019467789679766,0.00014269835082814097,0.0018357031513005495,4.62792013422586e-05,4.280710345483385e-05
members/member_349.png,0.019248956814408302,0.01984388194978237,0.004840906709432602,0.007450696546584368,0.0038080045487731695,0.0004362455802038312,0.014921429567039013,0.009875694289803505,0.001880232710391283,0.005933304317295551,0.0013904189690947533,0.00014155796088743955,0.0033935364335775375,0.000564564426895231,0.00014898006338626146,0.0008719480247236788,4.290349897928536e-05,5.820160731673241e-05
members/member_350.png,0.018903274089097977,0.02377365529537201,0.010338852182030678,0.006048365496098995,0.00419613067060709,0.001018380280584097,0.0163477323949337,0.012227402068674564,0.004061571788042784,0.006916615646332502,0.0016227271407842636,0.00019247793534304947,0.002830113284289837,0.0006010675569996238,0.00022679705580230802,0.0009626892278902233,2.8771650249836966e-05,3.63047729479149e-05
members/member_351.png,0.011961366981267929,0.006446829065680504,0.0014080991968512535,0.008277404122054577,0.0018569447565823793,0.00018169217219110578,0.009577569551765919,0.002981427824124694,0.0005356356268748641,0.006143253296613693,0.0007822442566975951,6.31179500487633e-05,0.0014095891965553164,0.00017955149814952165,9.309434972237796e-05,0.000843368994537741,3.4602526284288615e-05,5.750051059294492e-05
members/member_352.png,0.013275125063955784,0.012104537338018417,0.00454302690923214,0.005802149884402752,0.002852140460163355,0.0003619648050516844,0.011205521412193775,0.00708005903288722,0.0016966952243819833,0.004911500494927168,0.0016723996959626675,0.00011032434849767014,0.0018284555990248919,0.0005149921053089201,0.0001281838776776567,0.0006368757458403707,5.566328763961792e-05,4.181671829428524e-05
members/member_353.png,0.016822585836052895,0.017121868208050728,0.006203455850481987,0.004941887687891722,0.0022391448728740215,0.0004108462017029524,0.011907637119293213,0.007728827651590109,0.0023583373986184597,0.0051881251856684685,0.0008034966303966939,0.00010946498514385894,0.0015603561187162995,0.00039304717211052775,0.00016954033344518393,0.000766573881264776,2.8957225367776118e-05,5.3360996389528736e-05
members/member_354.png,0.010629729367792606,0.008462163619697094,0.0040128896944224834,0.005097756162285805,0.0012185432715341449,0.00023944757413119078,0.008926117792725563,0.0034207082353532314,0.0015082722529768944,0.0056817359291017056,0.00035564068821258843,8.383129170397297e-05,0.0010101182851940393,0.00017468872829340398,0.00011746016389224678,0.0009137296583503485,2.2931302737561055e-05,3.5677148844115436e-05
members/member_355.png,0.020827582105994225,0.01857735589146614,0.008592035621404648,0.00698477728292346,0.0031817012932151556,0.0005299640470184386,0.017166495323181152,0.00875608529895544,0.003242278704419732,0.007781908381730318,0.0014038842637091875,0.0001363987976219505,0.004488609731197357,0.0004921160289086401,0.0001978404470719397,0.0013805640628561378,4.719226490124129e-05,4.1317249269923195e-05
members/member_356.png,0.018962465226650238,0.019094664603471756,0.006190416403114796,0.0057723987847566605,0.003610055660828948,0.0004965872503817081,0.013450243510305882,0.01075853779911995,0.0022055688314139843,0.003077128902077675,0.002432285575196147,9.946409409167245e-05,0.0014883396215736866,0.00073301448719576,0.00014985131565481424,0.0008227992220781744,8.349516429007053e-05,4.4518630602397025e-05
members/member_357.png,0.016588885337114334,0.02278200164437294,0.008352582342922688,0.006190078798681498,0.003652193583548069,0.0005814264877699316,0.010684476234018803,0.011985071934759617,0.0031038823071867228,0.004438942763954401,0.00234609586186707,0.00012546477955766022,0.001730873016640544,0.0008147722692228854,0.00020555320952553302,0.0006201995420269668,9.418756235390902e-05,6.098907033447176e-05
members/member_358.png,0.010347995907068253,0.010303727351129055,0.002723085694015026,0.005582260433584452,0.0019370110239833593,0.00018640329653862864,0.007548381108790636,0.004671071656048298,0.0010254435474053025,0.005586944054812193,0.0007355186389759183,6.092302646720782e-05,0.0016162117244675756,0.00027088235947303474,0.00010605077841319144,0.0010098968632519245,3.1851534004090354e-05,4.599275052896701e-05
members/member_359.png,0.015772217884659767,0.0181451253592968,0.007988674566149712,0.0057723200879991055,0.0029348854441195726,0.00035578833194449544,0.01083507388830185,0.007870636880397797,0.002967549953609705,0.0037057623267173767,0.0009541400359012187,0.00010788166400743648,0.0023387190885841846,0.00037146962131373584,0.00017196752014569938,0.0014794967137277126,3.1782034056959674e-05,4.2223713535349816e-05
members/member_360.png,0.011584923602640629,0.00363873690366745,0.0008868476143106818,0.0065597305074334145,0.0009525127825327218,8.87671994860284e-05,0.010454218834638596,0.0015559014864265919,0.00037931848783046007,0.006472379434853792,0.0004781561146955937,7.223401189548895e-05,0.0014706067740917206,8.11577556305565e-05,7.743219612166286e-05,0.0007465684902854264,2.6149602490477264e-05,4.4774100388167426e-05
members/member_361.png,0.014512784779071808,0.02070840820670128,0.01615775376558304,0.006766983307898045,0.0030397623777389526,0.0007060834905132651,0.009653872810304165,0.012428002431988716,0.006344282999634743,0.004112574737519026,0.00209439336322248,0.00019157095812261105,0.0037627569399774075,0.0008301640045829117,0.0003242625971324742,0.0022448620293289423,7.206689042504877e-05,4.904323577648029e-05
members/member_362.png,0.013985825702548027,0.01659957692027092,0.008854896761476994,0.00636602658778429,0.0032752989791333675,0.0006775358342565596,0.014016224071383476,0.008174039423465729,0.003436512313783169,0.0055403984151780605,0.0012745235580950975,0.00018484228348825127,0.002956473734229803,0.0004472977598197758,0.00021148001542314887,0.0013698943657800555,3.148027462884784e-05,5.517936733667739e-05
members/member_363.png,0.016489028930664062,0.0173222366720438,0.007969057187438011,0.00545749394223094,0.002485891804099083,0.000330269627738744,0.014598555862903595,0.00825425237417221,0.003029372775927186,0.005564183462411165,0.001131999073550105,0.0001308656355831772,0.0018659201450645924,0.00041951012099161744,0.0001830255496315658,0.0007424685754813254,3.237002601963468e-05,4.926806650473736e-05
members/member_364.png,0.018409691751003265,0.006571275182068348,0.0027630648110061884,0.00907817017287016,0.0016277168178930879,0.00026649225037544966,0.010327055118978024,0.002627488924190402,0.0010204947320744395,0.004026944749057293,0.0007960815564729273,7.454620936186984e-05,0.0017532177735120058,0.00011691238614730537,0.00010336560808354989,0.0011953047942370176,3.264374390710145e-05,4.937959965900518e-05
members/member_365.png,0.018216736614704132,0.01823958195745945,0.005353826098144054,0.006294569466263056,0.0025839884765446186,0.00031246771686710417,0.011799324303865433,0.008205770514905453,0.0019722706638276577,0.0048850178718566895,0.000938589102588594,9.055141708813608e-05,0.001327600795775652,0.0003879062132909894,0.00014172980445437133,0.0007196507067419589,2.94509172817925e-05,3.35021031787619e-05
members/member_366.png,0.012416682206094265,0.010907210409641266,0.0033727092668414116,0.004191542509943247,0.002488530706614256,0.00022518193873111159,0.008232692256569862,0.004977229982614517,0.0012326014693826437,0.003922760020941496,0.000655711512081325,6.359858525684103e-05,0.0011144822929054499,0.00024946662597358227,0.00010850416583707556,0.0006399853155016899,2.474973189237062e-05,3.567954627214931e-05
members/member_367.png,0.012667560949921608,0.008284942246973515,0.0030191459227353334,0.005077432841062546,0.00156368687748909,0.00018686162366066128,0.009584604762494564,0.0033947769552469254,0.0011261021718382835,0.005479592364281416,0.0004897025064565241,5.888514351681806e-05,0.0009439582354389131,0.00016692937060724944,0.00010881494381465018,0.000613347627222538,2.6871268346440047e-05,4.136010102229193e-05
members/member_368.png,0.011330063454806805,0.008804842829704285,0.004575246479362249,0.0053207953460514545,0.003176726633682847,0.0005391695303842425,0.006964883301407099,0.004262762144207954,0.0018128737574443221,0.003571778768673539,0.001207288820296526,0.00013847177615389228,0.0047808801755309105,0.00036685916711576283,0.00013420372852124274,0.0032431010622531176,6.173107249196619e-05,3.907683276338503e-05
members/member_369.png,0.016567125916481018,0.02074376866221428,0.00782693363726139,0.005468134768307209,0.003028573701158166,0.0004590869357343763,0.011764314025640488,0.009667089208960533,0.0029640751890838146,0.004412367008626461,0.0013234688667580485,0.00013998712529428303,0.0031962115317583084,0.000484200834762305,0.00018199544865638018,0.0011455921921879053,3.500794991850853e-05,3.889344588969834e-05
members/member_370.png,0.016176607459783554,0.017356494441628456,0.007450920529663563,0.005750096868723631,0.002431747503578663,0.00039721521898172796,0.011611496098339558,0.008402632549405098,0.0027902594301849604,0.005530996713787317,0.0013879801845178008,8.558098488720134e-05,0.0014525556471198797,0.0004549058503471315,0.0001925074466271326,0.0007041249773465097,4.577511208481155e-05,6.817626854171976e-05
members/member_371.png,0.011549873277544975,0.006621524225920439,0.0018548890948295593,0.005227638408541679,0.0021173281129449606,0.00018167019879911095,0.008721413090825081,0.003549633314833045,0.0007369470549747348,0.004487654194235802,0.000805706309620291,7.082935917424038e-05,0.0016422874759882689,0.00023604831949342042,9.050272637978196e-05,0.000989751541055739,4.153713962296024e-05,3.8847072573844343e-05
members/member_372.png,0.010961253196001053,0.007796471007168293,0.004153812304139137,0.0040381052531301975,0.001330994302406907,0.00014608865603804588,0.006696735508739948,0.0031228119041770697,0.0015154278371483088,0.003059839364141226,0.0005910517065785825,5.554304880206473e-05,0.0018573689740151167,0.00015845727466512471,0.00012468452041503042,0.0011642664903774858,2.778528505587019e-05,3.82304351660423e-05
members/member_373.png,0.02651296555995941,0.017385177314281464,0.0030869776383042336,0.009016520343720913,0.0029523817356675863,0.0002462619449943304,0.02059335447847843,0.008160782046616077,0.0011232722317799926,0.005608202889561653,0.0009836993413046002,0.00010424872016301379,0.0028401524759829044,0.00041510851588100195,9.886008047033101e-05,0.0008502661949023604,3.6271190765546635e-05,3.465034387772903e-05
members/member_374.png,0.014899048022925854,0.009935780428349972,0.0032043999526649714,0.005228538066148758,0.0017878747312352061,0.00023693266848567873,0.01308536995202303,0.004365758970379829,0.001210168469697237,0.005743018817156553,0.0007220180705189705,0.00010971316078212112,0.0019259899854660034,0.00021864754671696573,0.00011040264507755637,0.0008706327062100172,2.8164387913420796e-05,3.604522498790175e-05
members/member_375.png,0.016172736883163452,0.014996328391134739,0.004502368159592152,0.006219539325684309,0.0014663098845630884,0.0001992001198232174,0.010283278301358223,0.005818523932248354,0.0016582292737439275,0.005151416640728712,0.0004614976642187685,8.402718231081963e-05,0.0014077136293053627,0.0002971544163301587,0.00013010008842684329,0.0006491401582024992,3.218323035980575e-05,4.0797101974021643e-05
members/member_376.png,0.021846992895007133,0.02126389928162098,0.005021332297474146,0.008317789994180202,0.0026451055891811848,0.0003138616739306599,0.013620215468108654,0.009438302367925644,0.0018805881263688207,0.005230768583714962,0.0009178650798276067,8.963916479842737e-05,0.0017055771313607693,0.0004729288921225816,0.00013813211990054697,0.00059098209021613,2.721580494835507e-05,4.278279811842367e-05
members/member_377.png,0.012538875453174114,0.010536545887589455,0.0071228742599487305,0.004437322728335857,0.0016031907871365547,0.0005586218903772533,0.009940394200384617,0.004761766642332077,0.002761594019830227,0.0050439066253602505,0.0009672505548223853,0.00012767485168296844,0.001444548019208014,0.0002600037551019341,0.00017781261703930795,0.0006807364406995475,3.800744525506161e-05,5.024814163334668e-05
members/member_378.png,0.013676750473678112,0.018004927784204483,0.004609428346157074,0.006768848747014999,0.002847422147169709,0.0002454361820127815,0.00989801250398159,0.007814121432602406,0.0017375719035044312,0.005696011241525412,0.0009754704078659415,0.0001081023074220866,0.0013225460425019264,0.00040067563531920314,0.0001418866595486179,0.0006861234433017671,3.673012906801887e-05,5.892924309591763e-05
members/member_379.png,0.022007010877132416,0.02254360355436802,0.008950193412601948,0.007328100968152285,0.004433194175362587,0.0005639141891151667,0.014748983085155487,0.01227605901658535,0.0033030109480023384,0.004771570209413767,0.0022870271932333708,0.00014441502571571618,0.0023420965299010277,0.0009569635149091482,0.00018916334374807775,0.0006522186449728906,8.898432133719325e-05,6.665001274086535e-05
members/member_380.png,0.016488173976540565,0.014692814089357853,0.006490177009254694,0.00747557170689106,0.0032070311717689037,0.00037097290623933077,0.014056882821023464,0.006368967238813639,0.002452854998409748,0.006763092707842588,0.0012155475560575724,9.358973329653963e-05,0.003932047635316849,0.0003777426609303802,0.00015203603834379464,0.00199261330999434,5.7759127230383456e-05,3.3739281207090244e-05
members/member_381.png,0.016662277281284332,0.011143602430820465,0.0034297851379960775,0.006834362167865038,0.0015744250267744064,0.00016433380369562656,0.011595647782087326,0.004619725979864597,0.0013136875350028276,0.0053548566065728664,0.0005428712465800345,7.04622725606896e-05,0.001454584184102714,0.0002234076091554016,0.00010679172555683181,0.0006831452483311296,3.243447281420231e-05,3.1097039027372375e-05
members/member_382.png,0.011431882157921791,0.003994464408606291,0.0015910833608359098,0.0049448199570178986,0.0009596407762728631,0.0001476530742365867,0.008185179904103279,0.0014869165606796741,0.0006048793438822031,0.004019476473331451,0.00042917628888972104,6.0773210861952975e-05,0.0026370470877736807,9.258644422516227e-05,8.965052984422073e-05,0.001423584297299385,2.418406256765593e-05,4.26861661253497e-05
members/member_383.png,0.014897572807967663,0.0191141776740551,0.00963020883500576,0.005018514581024647,0.0017221692251041532,0.0004549655131995678,0.008735733106732368,0.007814585231244564,0.003609331324696541,0.004121274687349796,0.0006024162867106497,0.00011118307884316891,0.001426835311576724,0.0003804644802585244,0.0002117099065799266,0.0006750981556251645,3.2724987249821424e-05,4.543817340163514e-05
members/member_384.png,0.012251460924744606,0.0050547681748867035,0.0017152164364233613,0.005099993199110031,0.001360141672194004,0.00020834214228671044,0.009441765025258064,0.0029375464655458927,0.0006276672938838601,0.004993358626961708,0.0009583698702044785,6.600140477530658e-05,0.0054781269282102585,0.00019424399943090975,9.136393782682717e-05,0.00280084484256804,3.164432564517483e-05,5.155763210495934e-05
members/member_385.png,0.016879018396139145,0.026240671053528786,0.010441401042044163,0.005491620860993862,0.004994810558855534,0.0006330697797238827,0.012550069019198418,0.016159646213054657,0.003969130571931601,0.004653450101613998,0.002396184019744396,0.00012916426931042224,0.0022550057619810104,0.0009669389692135155,0.0002236045547761023,0.0006431721849367023,4.82991999888327e-05,3.5811885027214885e-05
members/member_386.png,0.011972474865615368,0.010160715319216251,0.004769455641508102,0.0050317104905843735,0.0019224404823035002,0.00021802613628096879,0.008139577694237232,0.003891767468303442,0.0017545175505802035,0.004096461459994316,0.00057902344269678,7.721940346527845e-05,0.003250597743317485,0.0001962825481314212,0.0001412729761796072,0.0018258754862472415,3.390540950931609e-05,5.6793283874867484e-05
members/member_387.png,0.013495776802301407,0.02006707899272442,0.008823079988360405,0.004497805144637823,0.0026010191068053246,0.0004275242972653359,0.0097530297935009,0.00878492183983326,0.0034236074425280094,0.004091456066817045,0.0007436121813952923,0.00012367399176582694,0.0043013449758291245,0.00040333866490982473,0.00019234079809393734,0.0023483221884816885,2.5376128178322688e-05,2.8465447030612268e-05
members/member_388.png,0.019739991053938866,0.02121584676206112,0.01753491908311844,0.009647333063185215,0.003067449200898409,0.0010197212686762214,0.014331174083054066,0.009261961095035076,0.0067214155569672585,0.005487893708050251,0.0010960983345285058,0.00017743122589308769,0.003010193817317486,0.00045343584497459233,0.0003396023821551353,0.0016317226691171527,4.086718035978265e-05,5.462008630274795e-05
members/member_389.png,0.02166457660496235,0.02060770057141781,0.01170230284333229,0.007211777847260237,0.002355181844905019,0.00038323618355207145,0.016458656638860703,0.009487684816122055,0.004407449159771204,0.006055179517716169,0.0009209268027916551,0.00012987037189304829,0.0018495280528441072,0.0004479307390283793,0.0002393700706306845,0.000948845234233886,2.8808257411583327e-05,4.778922811965458e-05
members/member_390.png,0.020107483491301537,0.014391479082405567,0.003616976086050272,0.007407237309962511,0.0032811628188937902,0.0002192112006014213,0.014634022489190102,0.006330646108835936,0.0013633549679070711,0.005992396268993616,0.0012507684295997024,9.664787648944184e-05,0.0032354621216654778,0.00031186125124804676,0.0001137074432335794,0.001740334671922028,3.8515430787811056e-05,3.114733408438042e-05
members/member_391.png,0.022275900468230247,0.027923261746764183,0.010363842360675335,0.005619370378553867,0.002951045986264944,0.0008506474550813437,0.016983553767204285,0.01333289872854948,0.0038637700490653515,0.005614073947072029,0.0018809173488989472,0.00019739849085453898,0.001912783831357956,0.0008581978036090732,0.00022133970924187452,0.0007136138738133013,8.941270061768591e-05,5.1610135415103287e-05
members/member_392.png,0.018344659358263016,0.015812385827302933,0.004330403637140989,0.006268931552767754,0.0018758159130811691,0.0002837972133420408,0.011695902794599533,0.006578864995390177,0.0016101510263979435,0.004560450557619333,0.0006748425657860935,0.0001041128853103146,0.0019244152354076505,0.0003473659744486213,0.00013184576528146863,0.0009703145478852093,3.751786789507605e-05,4.284727401682176e-05
members/member_393.png,0.01627560704946518,0.01614268124103546,0.009647317230701447,0.008581760339438915,0.0034146138932555914,0.0006727054715156555,0.011524970643222332,0.008538457565009594,0.0035743301268666983,0.004916065372526646,0.0020141007844358683,0.00014996617392171174,0.0017282123444601893,0.0005662814364768565,0.00021073587413411587,0.0009473286336287856,7.221742998808622e-05,5.150961078470573e-05
members/member_394.png,0.01612165756523609,0.012727265246212482,0.005717916414141655,0.006388920824974775,0.0019847790244966745,0.0002245997020509094,0.01022588275372982,0.005143417045474052,0.002111848909407854,0.0049753752537071705,0.0008185977931134403,8.805334800854325e-05,0.001361090806312859,0.00025933608412742615,0.00014618343266192824,0.0005731304991059005,3.1453269912162796e-05,3.6951842048438266e-05
members/member_395.png,0.013070005923509598,0.007684178184717894,0.0023244270123541355,0.005261562764644623,0.0019456265727058053,0.00034772141952998936,0.009797103703022003,0.0030878472607582808,0.0008504273137077689,0.0036395585630089045,0.0007135870982892811,7.782610919093713e-05,0.001478899153880775,0.0001686509494902566,9.614535520086065e-05,0.000954258197452873,2.7323680114932358e-05,4.898826955468394e-05
members/member_396.png,0.020615916699171066,0.01286952942609787,0.004034233279526234,0.006693961564451456,0.0024856962263584137,0.00030377774965018034,0.015570261515676975,0.006348717026412487,0.001513966592028737,0.004552079830318689,0.0014586176257580519,0.00011409544822527096,0.0021810305770486593,0.00037182989763095975,0.00012202418292872608,0.0006965174688957632,4.929720307700336e-05,3.6376768548507243e-05
members/member_397.png,0.023870153352618217,0.02847086265683174,0.013964155688881874,0.0076953573152422905,0.004853846505284309,0.0006931895622983575,0.018580079078674316,0.016514601185917854,0.005438038147985935,0.005510131362825632,0.0022568015847355127,0.00020563777070492506,0.0035729354713112116,0.0009548408561386168,0.0003063878102693707,0.001108687836676836,6.485855556093156e-05,6.534194108098745e-05
members/member_398.png,0.021786879748106003,0.01377429161220789,0.003159373300150037,0.006480633281171322,0.0019454072462394834,0.0002556754043325782,0.015008680522441864,0.005941121373325586,0.0012030868092551827,0.00506971962749958,0.0012357702944427729,9.154494910035282e-05,0.002189989434555173,0.00025924897636286914,0.00010714180825743824,0.0007960174698382616,2.4222606953117065e-05,2.906203008024022e-05
members/member_399.png,0.01270198542624712,0.0068437145091593266,0.001980072818696499,0.006077080965042114,0.001205151784233749,0.00012752984184771776,0.008261514827609062,0.00276391813531518,0.0007578281802125275,0.0043281749822199345,0.0007361528114415705,7.038390322122723e-05,0.0008613480604253709,0.00014604436000809073,0.00010790772648761049,0.000456807465525344,3.7198031350271776e-05,7.196746446425095e-05
members/member_400.png,0.0205741785466671,0.02428126521408558,0.011822666972875595,0.00891173630952835,0.00358546432107687,0.0006390449125319719,0.014861431904137135,0.01128365471959114,0.004628645721822977,0.005476520396769047,0.0009644513484090567,0.00017836177721619606,0.002844570204615593,0.0005860380479134619,0.00025340195861645043,0.0015421219868585467,4.1971983591793105e-05,4.421076300786808e-05
members/member_401.png,0.014698632061481476,0.006730784196406603,0.0024013372603803873,0.005852802190929651,0.0019136430928483605,0.00021084061881992966,0.013656595721840858,0.00359177403151989,0.0009189234697259963,0.006065549328923225,0.0009056744165718555,7.317405834328383e-05,0.002441032323986292,0.0002489002072252333,0.00010500803909962997,0.0010998776415362954,4.27711675001774e-05,5.011383109376766e-05
members/member_402.png,0.019184749573469162,0.020537877455353737,0.012214192189276218,0.00646845530718565,0.0026001143269240856,0.00041196882375516,0.01393816713243723,0.009092018939554691,0.004566265735775232,0.005546362139284611,0.001087315147742629,0.00013096978364046663,0.0016656778752803802,0.00043333997018635273,0.00024398922687396407,0.0009394790395163,3.1320087146013975e-05,3.530284811859019e-05
members/member_403.png,0.018090326339006424,0.018085017800331116,0.008406441658735275,0.005182245746254921,0.001989339478313923,0.00044685916509479284,0.011892938986420631,0.008242187090218067,0.0031286708544939756,0.004309362731873989,0.0011538497637957335,0.00010642976121744141,0.0022672475315630436,0.0004310358199290931,0.00017966673476621509,0.0009685837430879474,4.492586958804168e-05,3.35957229253836e-05
members/member_404.png,0.017548715695738792,0.01609044522047043,0.005681423004716635,0.006904657930135727,0.0019689754117280245,0.0002535376406740397,0.011772499419748783,0.0069792079739272594,0.0020736560691148043,0.007126746233552694,0.0010740231955423951,8.79670333233662e-05,0.0016322231385856867,0.0003518789599183947,0.00014448152796830982,0.000664985622279346,3.0051514841034077e-05,3.646116238087416e-05
members/member_405.png,0.015286969020962715,0.008123683743178844,0.0028752312064170837,0.006111536640673876,0.0015054509276524186,0.00021985512285027653,0.011060381308197975,0.003573706140741706,0.0010366697097197175,0.005138044245541096,0.0010081351501867175,5.4720265325158834e-05,0.0017546009039506316,0.00021950695372652262,0.00012649780546780676,0.0008469608728773892,5.271282134344801e-05,8.321509085362777e-05
members/member_406.png,0.016772732138633728,0.01624303311109543,0.004682749975472689,0.006920201238244772,0.002694865921512246,0.0002825605042744428,0.011394335888326168,0.006837641820311546,0.001716425409540534,0.003943794406950474,0.0008064261055551469,7.282881415449083e-05,0.0017974990187212825,0.0003438923740759492,0.00012919022992718965,0.0007820809842087328,2.7667421818478033e-05,3.6712819564854726e-05
members/member_407.png,0.019888807088136673,0.021996334195137024,0.012522535398602486,0.007313296664506197,0.0037363602314144373,0.0004962666425853968,0.015089878812432289,0.012505969032645226,0.004818373825401068,0.0054412283934652805,0.00248540285974741,0.00018677301704883575,0.001956064021214843,0.0008303234935738146,0.0002769197162706405,0.0010649687610566616,8.844050898915157e-05,6.737396324751899e-05
members/member_408.png,0.013329722918570042,0.0076327258720994,0.004468765575438738,0.004691894631832838,0.0011205776827409863,0.00017093433416448534,0.00886543933302164,0.0030298209749162197,0.0016701662680134177,0.004143888596445322,0.0004820744215976447,6.533094710903242e-05,0.0015318043297156692,0.0001492017472628504,0.00012945775233674794,0.0008074785582721233,2.765243516478222e-05,4.9892601964529604e-05
members/member_409.png,0.02096097730100155,0.013037880882620811,0.0024398795794695616,0.007272813003510237,0.0026684829499572515,0.0002113569062203169,0.016195125877857208,0.006130848545581102,0.0009120678878389299,0.00863003358244896,0.0008391760056838393,6.706453859806061e-05,0.004477312788367271,0.0003206940018571913,0.0001088512217393145,0.0017170892097055912,5.0532504246803e-05,8.019297092687339e-05
members/member_410.png,0.014943903312087059,0.023106029257178307,0.013644926249980927,0.004288885276764631,0.004450412932783365,0.000914535135962069,0.012424210086464882,0.014519117772579193,0.00541211711242795,0.0057659330777823925,0.002926179673522711,0.0002315808815183118,0.002172288950532675,0.0012124234344810247,0.0002795109467115253,0.000828394724521786,0.00010360553278587759,2.7671028874465264e-05
members/member_411.png,0.012078531086444855,0.015499276109039783,0.005615852307528257,0.0049407510086894035,0.0024277593474835157,0.0006623234949074686,0.01143663376569748,0.008398070000112057,0.002269001677632332,0.0069093783386051655,0.0016002038028091192,0.00016608198347967118,0.004311813041567802,0.0004351813404355198,0.0001629203325137496,0.002385560190305114,3.593283690861426e-05,4.22694647568278e-05
members/member_412.png,0.016190119087696075,0.020886393263936043,0.007019588258117437,0.005904761608690023,0.0036244159564375877,0.0005344217643141747,0.012370053678750992,0.010662895627319813,0.002623695647343993,0.005371048580855131,0.0015174626605585217,0.00013975668116472661,0.001535890274681151,0.0005790537688881159,0.00016599972150288522,0.0006816942477598786,3.444037793087773e-05,3.589353946154006e-05
members/member_413.png,0.01526185404509306,0.019564379006624222,0.008458763360977173,0.006194529589265585,0.0034232093021273613,0.0009843172738328576,0.011371967382729053,0.01005590334534645,0.0034746360033750534,0.0048300400376319885,0.0013267048634588718,0.00023343769134953618,0.002306719310581684,0.0005321651115082204,0.00020739901810884476,0.0012588377576321363,5.188061550143175e-05,6.13922966294922e-05
members/member_414.png,0.019338354468345642,0.011653262190520763,0.003002292476594448,0.006679325830191374,0.0018756003119051456,0.0002471069456078112,0.013378137722611427,0.005139882676303387,0.0011009189765900373,0.006876913830637932,0.000792752078268677,9.046997001860291e-05,0.001078663277439773,0.0002331739233341068,9.4403418188449e-05,0.0005452603218145669,1.5519739463343285e-05,1.7787064280128106e-05
members/member_415.png,0.023689722642302513,0.017367225140333176,0.006903396919369698,0.00808763224631548,0.002986544044688344,0.00040901408647187054,0.01920979842543602,0.00852633360773325,0.0026680848095566034,0.006901310291141272,0.0011253869161009789,0.00011904523125849664,0.002872996963560581,0.00044150330359116197,0.00016579795919824392,0.0008372825104743242,3.361446215421893e-05,3.29149879689794e-05
members/member_416.png,0.013923359103500843,0.018963418900966644,0.006736141629517078,0.005384664982557297,0.0029096659272909164,0.0002813170722220093,0.010582013055682182,0.00837433710694313,0.002477686619386077,0.0039076111279428005,0.0010560642695054412,0.00011132020881632343,0.002075157593935728,0.0004323127504903823,0.00017126269813161343,0.0007096022600308061,4.3656884372467175e-05,6.425895844586194e-05
members/member_417.png,0.01755361258983612,0.02255728468298912,0.005466213915497065,0.005121826194226742,0.005196087993681431,0.0004917994374409318,0.011793620884418488,0.013682720251381397,0.0021319445222616196,0.0038831401616334915,0.0026514604687690735,0.00011914528295164928,0.0024427021853625774,0.0009175913291983306,0.00014818871568422765,0.0008858449291437864,5.543883526115678e-05,4.72491119580809e-05
members/member_418.png,0.02161599136888981,0.0234359223395586,0.013024252839386463,0.007097130641341209,0.003291334258392453,0.000965672661550343,0.016056470572948456,0.013688053004443645,0.005253119394183159,0.0059534721076488495,0.002677661133930087,0.0003001416043844074,0.0017259103478863835,0.0009696815395727754,0.0002845064736902714,0.0005459007224999368,8.35975370137021e-05,3.424318856559694e-05
members/member_419.png,0.01961064524948597,0.018779845908284187,0.005554783158004284,0.005672199185937643,0.0031101417262107134,0.0004927350673824549,0.012784646824002266,0.008694788441061974,0.002016064478084445,0.004408457316458225,0.0014187516644597054,0.00011646292841760442,0.001320964191108942,0.00048059268738143146,0.00012889847857877612,0.0005535394884645939,3.381343049113639e-05,3.126191222690977e-05
members/member_420.png,0.012109687551856041,0.012307844124734402,0.002848285948857665,0.005134979262948036,0.003616731846705079,0.0003124299109913409,0.009072140790522099,0.006373581942170858,0.0010765668703243136,0.005457626655697823,0.001642261864617467,8.645977504784241e-05,0.0014085907023400068,0.00047307662316598,0.00010977862984873354,0.0008932407363317907,6.423748709494248e-05,3.860698780044913e-05
members/member_421.png,0.01585650071501732,0.019673865288496017,0.006504955235868692,0.005984086077660322,0.0030785840936005116,0.0003852093650493771,0.011621342040598392,0.00994725339114666,0.0025224280543625355,0.005022659432142973,0.0013211799087002873,0.00011229781375732273,0.0019357684068381786,0.0005443482077680528,0.00016572153253946453,0.000656336429528892,4.027696559205651e-05,5.409566074376926e-05
members/member_422.png,0.01397765427827835,0.0169678907841444,0.009099496528506279,0.005215604789555073,0.0031182034872472286,0.0007510335417464375,0.011094246059656143,0.010346733033657074,0.0037559885531663895,0.0058204298838973045,0.002143079647794366,0.00020985283481422812,0.003031083382666111,0.0007038758485578001,0.00021705811377614737,0.0014750574482604861,5.186022099223919e-05,2.6558316676528193e-05
members/member_423.png,0.019741959869861603,0.014719800092279911,0.003100155619904399,0.006193434353917837,0.0019428952364251018,0.0002003703120863065,0.012420001439750195,0.005903211422264576,0.0011899912497028708,0.004688596352934837,0.0006721651297993958,0.00010328344069421291,0.001270995126105845,0.00030121655436232686,0.00012365715519990772,0.0008968531619757414,3.2875042961677536e-05,5.03006849612575e-05
members/member_424.png,0.016379043459892273,0.019106486812233925,0.008536753244698048,0.006435028742998838,0.002506728284060955,0.0004750669759232551,0.011883565224707127,0.008681690320372581,0.003229900961741805,0.004136079456657171,0.0010259296977892518,0.00010970045696012676,0.001987283583730459,0.00045779848005622625,0.00019230980251450092,0.0007284306921064854,4.121550591662526e-05,4.424564031069167e-05
members/member_425.png,0.02045806497335434,0.019283276051282883,0.006192624568939209,0.006316692568361759,0.0029431572183966637,0.0003970426332671195,0.014427503570914268,0.009027405641973019,0.002306913258507848,0.004257079679518938,0.0012703659012913704,0.0001204211002914235,0.0021773239132016897,0.0004974162438884377,0.00014610083599109203,0.000690509274136275,3.488443326205015e-05,3.131439370918088e-05
members/member_426.png,0.02224786952137947,0.02096462994813919,0.003236767603084445,0.0064268955029547215,0.004641953855752945,0.00026602548314258456,0.014834702014923096,0.011702235788106918,0.001211404800415039,0.006490434519946575,0.0016677901148796082,0.00010026721429312602,0.0021592669654637575,0.0008252143743447959,0.00011024800187442452,0.0011217502178624272,6.510492676170543e-05,3.475239282124676e-05
members/member_427.png,0.015436982735991478,0.017224766314029694,0.008274514228105545,0.005933935288339853,0.0036757655907422304,0.0006503890035673976,0.013109121471643448,0.00970674492418766,0.0032809963449835777,0.00596839701756835,0.0017660032026469707,0.00015819008694961667,0.002318136626854539,0.000577143975533545,0.00018738137441687286,0.0009447452030144632,4.196410736767575e-05,2.5928940885933116e-05
members/member_428.png,0.014688191004097462,0.013147947378456593,0.008263937197625637,0.005782450083643198,0.0024077421985566616,0.0004006241215392947,0.009516396559774876,0.005658225622028112,0.003125388640910387,0.003776378696784377,0.0009253328316845,9.052638779394329e-05,0.0011821057414636016,0.0002935720549430698,0.00019872953998856246,0.0006402090657502413,3.792568531935103e-05,5.3930009016767144e-05
members/member_429.png,0.013385665602982044,0.010145196691155434,0.0036969343200325966,0.005678044632077217,0.0015454749809578061,0.00030176565633155406,0.00901790615171194,0.0045809936709702015,0.0014054705388844013,0.004458907525986433,0.0007042422657832503,8.092539792414755e-05,0.0012131319381296635,0.00021720584481954575,0.00011639911826932803,0.0009878529235720634,2.6002286176662892e-05,3.52600181940943e-05
members/member_430.png,0.02296365797519684,0.02062138542532921,0.014350760728120804,0.006763950921595097,0.003725934075191617,0.0004965291009284556,0.01627257838845253,0.009463177993893623,0.005319167859852314,0.006772543303668499,0.0013424278004094958,0.00010627390292938799,0.0023478365037590265,0.0004700265417341143,0.00027301808586344123,0.0006366482120938599,3.935006679967046e-05,4.30423860962037e-05
members/member_431.png,0.01670999452471733,0.027967706322669983,0.015179143287241459,0.005349097307771444,0.0038153622299432755,0.0007884123479016125,0.014056707732379436,0.014391247183084488,0.005744665861129761,0.006610904820263386,0.0021911112125962973,0.00021349216694943607,0.0027115538250654936,0.0007940922514535487,0.0003094053245149553,0.0009202882647514343,6.391594797605649e-05,5.5640601203776896e-05
members/member_432.png,0.016927674412727356,0.02270897664129734,0.008336124010384083,0.00878225453197956,0.0034221720416098833,0.0005467458395287395,0.011762759648263454,0.011125138029456139,0.0031577032059431076,0.004711284302175045,0.0011986588360741735,0.00011920183169422671,0.0024683596566319466,0.0005659540183842182,0.00018098011787515134,0.0009247321868315339,3.1966188544174656e-05,3.023543831659481e-05
members/member_433.png,0.015411486849188805,0.010048873722553253,0.003523376304656267,0.00566356536000967,0.0017277072183787823,0.00018651396385394037,0.013061723671853542,0.004703755956143141,0.001315196161158383,0.005504940636456013,0.0008477229857817292,8.600422006566077e-05,0.002471617888659239,0.00022379742586053908,0.00011712808918673545,0.001201558276079595,2.9024009563727304e-05,3.833607479464263e-05
members/member_434.png,0.017045078799128532,0.021331418305635452,0.011566942557692528,0.004985370207577944,0.0036391334142535925,0.0008150740759447217,0.011530110612511635,0.011079776100814342,0.004653656855225563,0.004417001269757748,0.0018723189132288098,0.0001687227631919086,0.001960574882104993,0.0006526392535306513,0.0002621132298372686,0.001137543236836791,5.168404459254816e-05,4.261688081896864e-05
members/member_435.png,0.01619238406419754,0.013132639229297638,0.00923587754368782,0.006658367346972227,0.0027548212092369795,0.0006913301185704768,0.012823343276977539,0.007340842857956886,0.0035367317032068968,0.0056759449653327465,0.0017400698270648718,0.00016382666944991797,0.002534040017053485,0.0004981653182767332,0.00021109016961418092,0.0009841735009104013,6.054760524420999e-05,4.267487383913249e-05
members/member_436.png,0.021519765257835388,0.02703537978231907,0.0070580122992396355,0.007228294853121042,0.003726458642631769,0.000408436288125813,0.012506060302257538,0.014995422214269638,0.0027182961348444223,0.0042740460485219955,0.002010695869103074,0.0001250993664143607,0.002280909800902009,0.0008101755520328879,0.00016070521087385714,0.0009459010907448828,5.2125946240266785e-05,2.5146693587885238e-05
members/member_437.png,0.01354196760803461,0.0077811176888644695,0.004242968279868364,0.006776878610253334,0.001573127112351358,0.00032281415769830346,0.012936563231050968,0.0033329278230667114,0.0016039630863815546,0.0064453487284481525,0.0007553281611762941,8.165626059053466e-05,0.0035133869387209415,0.00017429694707971066,0.00013081013457849622,0.0023519950918853283,4.998794975108467e-05,4.7057295887498185e-05
members/member_438.png,0.014416231773793697,0.010209731757640839,0.0036397359799593687,0.005440322682261467,0.002288764575496316,0.00026235191035084426,0.00974209699779749,0.004554607439786196,0.001367461052723229,0.003312340471893549,0.0009004624444060028,7.678025576751679e-05,0.0018046429613605142,0.0002170486404793337,0.0001303584431298077,0.0009642778895795345,2.7710935682989657e-05,5.7314744481118396e-05
members/member_439.png,0.01661224663257599,0.018809817731380463,0.007148562464863062,0.007330606691539288,0.003190631978213787,0.0004422009806148708,0.010873462073504925,0.008398369885981083,0.002625239547342062,0.005511558149009943,0.0009178014006465673,0.00017916328215505928,0.0013256880920380354,0.00044303329195827246,0.00016518551274202764,0.0007364435587078333,3.880087024299428e-05,4.3711323087336496e-05
members/member_440.png,0.013864748179912567,0.009321696124970913,0.004565950483083725,0.006453151814639568,0.0013234911020845175,0.00012818693357985467,0.008635199628770351,0.0034850072115659714,0.0016883951611816883,0.004089606925845146,0.0005074830842204392,7.48228922020644e-05,0.0018121727043762803,0.00017207488417625427,0.00013606884749606252,0.0012305182171985507,2.9456999982357956e-05,5.1458126108627766e-05
members/member_441.png,0.01868410035967827,0.021947454661130905,0.008473103865981102,0.006136690266430378,0.004018181003630161,0.0005783747183158994,0.013757683336734772,0.014022243209183216,0.003519458696246147,0.004770810250192881,0.0027335775084793568,0.00016857933951541781,0.003850964829325676,0.000996924820356071,0.00021631253184750676,0.0014960584230720997,4.5114713429939e-05,4.5559791033156216e-05
members/member_442.png,0.017116881906986237,0.0040041133761405945,0.0017114669317379594,0.008638289757072926,0.0011442413087934256,0.00012972437252756208,0.012712440453469753,0.0016071345889940858,0.0006348304450511932,0.0037604114040732384,0.0005320231430232525,4.839553730562329e-05,0.0023016820196062326,7.319862197618932e-05,8.009085286175832e-05,0.0011589302448555827,1.7227654097951017e-05,2.7045574825024232e-05
members/member_443.png,0.014344785362482071,0.015180318616330624,0.004354167263954878,0.005141237284988165,0.0019344225293025374,0.00019633257761597633,0.010467685759067535,0.006507524289190769,0.0016214734641835093,0.0037349031772464514,0.0006796196103096008,9.201582724926993e-05,0.0019448772072792053,0.00033732273732312024,0.00013096777547616512,0.0013508157571777701,2.9385231755441055e-05,4.3388205085648224e-05
members/member_444.png,0.015588514506816864,0.012936401180922985,0.006672956980764866,0.007251236122101545,0.0021196387242525816,0.0003869615320581943,0.010443245992064476,0.00577507633715868,0.0025104456581175327,0.004151882603764534,0.0007790062227286398,9.203354420606047e-05,0.0031479508616030216,0.00031252141343429685,0.00017116944945883006,0.0015363581478595734,3.697800639201887e-05,5.2903204050380737e-05
members/member_445.png,0.01676344685256481,0.016591768711805344,0.0055142976343631744,0.005845184903591871,0.0026419982314109802,0.0003511987451929599,0.012867276556789875,0.008157596923410892,0.0021097881253808737,0.005559327080845833,0.0010272276122123003,8.773893205216154e-05,0.001503273844718933,0.00039008038584142923,0.0001629981561563909,0.000692047004122287,2.6958174203173257e-05,5.5368618632201105e-05
members/member_446.png,0.012187263928353786,0.00954701192677021,0.004089868161827326,0.003980877809226513,0.0019327448680996895,0.0003942788753192872,0.009630363434553146,0.005203740671277046,0.0016231429763138294,0.003980717621743679,0.0010904038790613413,0.00011861594975925982,0.0023163023870438337,0.00032030261354520917,0.00012166865053586662,0.0013948112027719617,3.41889972332865e-05,2.9142427592887543e-05
members/member_447.png,0.012962684966623783,0.01500792894512415,0.003923778422176838,0.004706837702542543,0.003839705139398575,0.00032095189089886844,0.011010530404746532,0.009187163785099983,0.001602374715730548,0.0038231092039495707,0.001964542781934142,9.740622044773772e-05,0.0032698207069188356,0.0006297765648923814,0.00012219139898661524,0.001543642720207572,5.409315417637117e-05,3.358632966410369e-05
members/member_448.png,0.016698112711310387,0.012650650925934315,0.003993915393948555,0.005280251614749432,0.001176711986772716,0.00016458409663755447,0.013135058805346489,0.005109959747642279,0.0014867379795759916,0.005067871417850256,0.0005752916331402957,8.539488044334576e-05,0.0027400380931794643,0.0002299304906046018,0.00011320208432152867,0.0012207510881125927,1.9648539819172584e-05,2.6809784685610794e-05
members/member_449.png,0.019414547830820084,0.02935532107949257,0.008096879348158836,0.0068840631283819675,0.0036767409183084965,0.000659300247207284,0.013701658695936203,0.014243626967072487,0.003130260156467557,0.005391016602516174,0.0019166197162121534,0.00015164000797085464,0.004214907996356487,0.0007087002159096301,0.00020043818221893162,0.0020998104009777308,5.3036928875371814e-05,5.0937665946548805e-05
members/member_450.png,0.013339698314666748,0.02750028856098652,0.03152810409665108,0.0051844376139342785,0.003839862532913685,0.0026778224855661392,0.010610236786305904,0.016010498628020287,0.013787692412734032,0.005171515513211489,0.001814584480598569,0.0007237815298140049,0.0022091069258749485,0.0008703634375706315,0.0006566518568433821,0.001307942089624703,5.9385572967585176e-05,3.6287565308157355e-05
members/member_451.png,0.024058999493718147,0.023319335654377937,0.0077680544927716255,0.007825666107237339,0.0029072188772261143,0.00025293970247730613,0.020301179960370064,0.010744158178567886,0.0028406959027051926,0.0065065170638263226,0.0013777309795841575,7.253100193338469e-05,0.0034248135052621365,0.0005045062862336636,0.00018703170644585043,0.0015279721701517701,3.5724548069993034e-05,7.236764940898865e-05
members/member_452.png,0.014726906083524227,0.008217810653150082,0.003095759777352214,0.0054120938293635845,0.001489983987994492,0.00016003407654352486,0.010918033309280872,0.0033568034414201975,0.0011713021667674184,0.0057753100991249084,0.0005743754445575178,7.221771375043318e-05,0.0014867940917611122,0.00016457859601359814,0.00010978928185068071,0.0008675926364958286,2.4015209419303574e-05,3.829794150078669e-05
members/member_453.png,0.023414134979248047,0.01375062670558691,0.004877079278230667,0.006643278058618307,0.0020708355586975813,0.00039042116259224713,0.013660084456205368,0.005736704915761948,0.0018462223233655095,0.004022597800940275,0.0009630451677367091,0.00011112888023490086,0.0018271011067554355,0.00026865125983022153,0.0001466393587179482,0.000938509707339108,2.6659259674488567e-05,5.046640944783576e-05
members/member_454.png,0.014229808002710342,0.012998609803617,0.005372682586312294,0.005790211725980043,0.0017527365125715733,0.00033120994339697063,0.010865271091461182,0.005078232381492853,0.002006084192544222,0.005121936555951834,0.0007131180027499795,9.635111928218976e-05,0.0019839510787278414,0.00023402515216730535,0.00014657063002232462,0.0012627608375623822,2.641579158080276e-05,4.2477659008000046e-05
members/member_455.png,0.025531793013215065,0.024715056642889977,0.008774525485932827,0.007505679968744516,0.0026103390846401453,0.0003986204683315009,0.019519686698913574,0.011630021035671234,0.0032494841143488884,0.006507126614451408,0.0012567366939038038,8.766453538555652e-05,0.0025680852122604847,0.0005936603411100805,0.00018858331895899028,0.0006864542956463993,4.0090828406391665e-05,4.8934522055787966e-05
members/member_456.png,0.015801027417182922,0.02203807607293129,0.011158385314047337,0.005925627890974283,0.0040166378021240234,0.001051917439326644,0.012561444193124771,0.013863726519048214,0.004755242262035608,0.005917910020798445,0.002679194090887904,0.0002610590017866343,0.0023262519389390945,0.0009728949517011642,0.00026431967853568494,0.0009138422319665551,8.464145503239706e-05,4.7256438847398385e-05
members/member_457.png,0.01599731855094433,0.01205097883939743,0.0037802481092512608,0.006559804081916809,0.001929597812704742,0.00022557532065548003,0.014175104908645153,0.005228383932262659,0.0013860309263691306,0.008093771524727345,0.0007408530218526721,8.879155211616307e-05,0.0029060733504593372,0.00027353508630767465,0.00012897055421490222,0.0013144091935828328,3.55427255271934e-05,4.9458976718597114e-05
members/member_458.png,0.021477067843079567,0.019802503287792206,0.007700704503804445,0.006978445686399937,0.002953776391223073,0.00042549881618469954,0.016493981704115868,0.009595924988389015,0.0028859656304121017,0.006051267497241497,0.0017717609880492091,8.430011075688526e-05,0.0027549746446311474,0.0005559658748097718,0.00017614623357076198,0.0007803005282767117,5.007555228075944e-05,4.195218934910372e-05
members/member_459.png,0.01620914787054062,0.025907645002007484,0.020182151347398758,0.0076581076718866825,0.0038650846108794212,0.0023815431632101536,0.013464045710861683,0.013385023921728134,0.009780129417777061,0.006008363328874111,0.001351532875560224,0.0005038478411734104,0.002034994540736079,0.0007049624109640718,0.0004825966898351908,0.0007772357203066349,5.319608681020327e-05,3.997093881480396e-05
members/member_460.png,0.022943072021007538,0.026432031765580177,0.012759221717715263,0.005886977072805166,0.0041741919703781605,0.0005026661092415452,0.018244199454784393,0.013362693600356579,0.00479550939053297,0.006119157187640667,0.0017742605414241552,0.00011389139399398118,0.0028697564266622066,0.0007360907038673759,0.00025240692775696516,0.0010288000339642167,5.12518709001597e-05,4.737473136628978e-05
members/member_461.png,0.020252255722880363,0.026750894263386726,0.010066100396215916,0.005914322100579739,0.00480545312166214,0.0007271250360645354,0.017179928719997406,0.014367282390594482,0.003902393626049161,0.005652646534144878,0.0020882650278508663,0.0002475267101544887,0.004064863547682762,0.0012689598370343447,0.00022150654694996774,0.0011407561833038926,0.0001140256499638781,5.437732033897191e-05
members/member_462.png,0.016672581434249878,0.00787753239274025,0.0028272501658648252,0.006791591178625822,0.00246851472184062,0.000386430969228968,0.012305113486945629,0.0037715507205575705,0.0011710735270753503,0.0047506182454526424,0.0009158795583061874,0.00010063867375720292,0.0022764771711081266,0.000201699513127096,0.00010246740566799417,0.000916884106118232,2.6118188543478027e-05,4.4238338887225837e-05
members/member_463.png,0.017842037603259087,0.013790338300168514,0.004792464431375265,0.006214077118784189,0.0025768429040908813,0.00033112798701040447,0.013964925892651081,0.007022642530500889,0.0018676917534321547,0.005824260413646698,0.0016329672653228045,0.00011765970702981576,0.004238267429172993,0.0003948005323763937,0.00014238808944355696,0.001962898997589946,3.49155961885117e-05,4.4097003410570323e-05
members/member_464.png,0.019671570509672165,0.010054592974483967,0.0023278186563402414,0.005099135916680098,0.001885791658423841,0.0001559995871502906,0.012951760552823544,0.004180389456450939,0.0009285979904234409,0.0051840622909367085,0.0008108139736577868,9.150756523013115e-05,0.0016859039897099137,0.0002198013971792534,9.375076479045674e-05,0.0009509272058494389,3.2757998269516975e-05,4.170336978859268e-05
members/member_465.png,0.014850364997982979,0.01450358610600233,0.004622956737875938,0.005895526148378849,0.0020822130609303713,0.00025678472593426704,0.011583607643842697,0.006529288832098246,0.0017435871995985508,0.00492832250893116,0.0007877291063778102,9.389193292008713e-05,0.00231096800416708,0.00032669829670339823,0.00013246489106677473,0.0008588054333813488,3.773138450924307e-05,5.376324770622887e-05
members/member_466.png,0.016483914107084274,0.020935697481036186,0.007983151823282242,0.004994537215679884,0.0027550526428967714,0.00043391992221586406,0.011090724729001522,0.009215852245688438,0.0029587657190859318,0.004561434034258127,0.0010721884900704026,0.00010427856614114717,0.0013517155312001705,0.00048125526518560946,0.0001885073579614982,0.0006029909127391875,3.785288208746351e-05,5.651660467265174e-05
members/member_467.png,0.025491924956440926,0.014561990275979042,0.004110261797904968,0.006567374337464571,0.0028379918076097965,0.0003297278599347919,0.018368255347013474,0.007557947654277086,0.0016016124282032251,0.005637696944177151,0.0007669264450669289,9.900321310851723e-05,0.002282853238284588,0.00040678412187844515,0.0001227308966917917,0.0007453195285052061,3.30222028424032e-05,3.870925138471648e-05
members/member_468.png,0.014188490808010101,0.012536134570837021,0.005417725071310997,0.005091942381113768,0.002195528009906411,0.000340244296239689,0.010982961393892765,0.0053816246800124645,0.002011570381000638,0.005602240562438965,0.0006983069470152259,9.823990694712847e-05,0.002498362446203828,0.000300410611089319,0.0001464884408051148,0.001418835367076099,3.647209450718947e-05,4.1123934352071956e-05
members/member_469.png,0.020935053005814552,0.022564826533198357,0.011778492480516434,0.006950272247195244,0.0027879944536834955,0.0013012151466682553,0.012223894707858562,0.012313335202634335,0.005300724413245916,0.0050086211413145065,0.0022965450771152973,0.00042424220009706914,0.001561644021421671,0.0008091508643701673,0.00029631072538904846,0.0007813501870259643,9.279606456402689e-05,4.314301986596547e-05
members/member_470.png,0.013506301678717136,0.011152687482535839,0.004837195388972759,0.005114428233355284,0.0019510200945660472,0.00021172645210754126,0.00746182631701231,0.005133166443556547,0.001760147511959076,0.0040994021110236645,0.000928412307985127,8.412473107455298e-05,0.001614089123904705,0.00025799564900808036,0.00012972659897059202,0.0013181600952520967,2.289366784680169e-05,2.5907593226293102e-05
members/member_471.png,0.01594231091439724,0.01413809135556221,0.006580936256796122,0.006268187891691923,0.0022970151621848345,0.0004211993655189872,0.013776483945548534,0.0067651476711034775,0.0024861334823071957,0.005531231872737408,0.0010928047122433782,0.00012350649922154844,0.002532806945964694,0.00033498898847028613,0.0001645246520638466,0.0011233579134568572,2.7971160307060927e-05,4.980791709385812e-05
members/member_472.png,0.018607337027788162,0.015234292484819889,0.002968928776681423,0.006520857568830252,0.002227170392870903,0.00030203169444575906,0.012704052962362766,0.0068624597042799,0.0011094361543655396,0.005860792938619852,0.0008432524045929313,8.291564154205844e-05,0.0014452080940827727,0.00035130337346345186,0.00011325260857120156,0.0007239266997203231,4.511947190621868e-05,5.761631837231107e-05
members/member_473.png,0.01789011061191559,0.016052300110459328,0.007686871103942394,0.005640301387757063,0.002939404919743538,0.0006342111737467349,0.015399397350847721,0.00845686998218298,0.002968041691929102,0.004442090168595314,0.001892521628178656,0.00018113321857526898,0.0025943387299776077,0.0005604703328572214,0.00017897397628985345,0.0005660466849803925,4.969943984178826e-05,3.059782466152683e-05
members/member_474.png,0.015358713455498219,0.016319172456860542,0.003454554593190551,0.007135242689400911,0.003610113635659218,0.00036394959897734225,0.010904919356107712,0.008823595941066742,0.0012326431460678577,0.004224847536534071,0.0019434817368164659,0.00011847296264022589,0.002255802508443594,0.0006391817587427795,0.00011826025001937523,0.0013867816887795925,8.200007141567767e-05,4.725598046206869e-05
members/member_475.png,0.02274862490594387,0.02031334675848484,0.01017543114721775,0.005809894297271967,0.002394242212176323,0.0005229047383181751,0.013860613107681274,0.008739023469388485,0.0038444516249001026,0.004465071018785238,0.0011323409853503108,0.00015791384794283658,0.002008631592616439,0.00046393476077355444,0.00021470144565682858,0.0012270597508177161,4.652060670196079e-05,3.380683847353794e-05
members/member_476.png,0.01652892306447029,0.011333536356687546,0.005776955280452967,0.007163770031183958,0.0020041055977344513,0.0003087448130827397,0.011904111132025719,0.005093803629279137,0.002114631934091449,0.004923446569591761,0.0007045119418762624,7.77321620262228e-05,0.002070285612717271,0.0003027615020982921,0.00015332302427850664,0.0013959738425910473,4.599014937411994e-05,4.512701343628578e-05
members/member_477.png,0.013537495397031307,0.017860040068626404,0.008145746774971485,0.006690927315503359,0.0024627314414829016,0.00035329736419953406,0.010329701006412506,0.00830029509961605,0.0030222914647310972,0.003872535191476345,0.0014587071491405368,0.00012001711002085358,0.0024932799860835075,0.00039813490002416074,0.0001991613389691338,0.0008482025004923344,4.426044688443653e-05,6.433873932110146e-05
members/member_478.png,0.021389799192547798,0.026473771780729294,0.01234637014567852,0.005345191340893507,0.002714503323659301,0.0005875038332305849,0.012860136106610298,0.011797279119491577,0.004628890193998814,0.004170597065240145,0.0017194857355207205,0.00012263303506188095,0.0014494789065793157,0.0006050006486475468,0.0002416174247628078,0.0006070921663194895,4.640840779757127e-05,3.220411963411607e-05
members/member_479.png,0.011536786332726479,0.008840152993798256,0.0024187054950743914,0.005075628869235516,0.0018617393216118217,0.00017793475126381963,0.009443890303373337,0.0045298985205590725,0.0009066459606401622,0.0049436879344284534,0.0007091675070114434,0.00010073933663079515,0.00184360530693084,0.00022715498926118016,0.00011123024160042405,0.001089475816115737,2.6007921405835077e-05,5.1161390729248524e-05
members/member_480.png,0.016974816098809242,0.016409512609243393,0.0053977263160049915,0.005953197367489338,0.0028087403625249863,0.0003616511239670217,0.012991270050406456,0.007971215061843395,0.0020277779549360275,0.0054412828758358955,0.001241964870132506,0.0001252817310160026,0.002099578035995364,0.00043214645120315254,0.0001338106521870941,0.0009858824778348207,3.403936716495082e-05,3.916969944839366e-05
members/member_481.png,0.013752260245382786,0.009705042466521263,0.004644619766622782,0.005330270156264305,0.0018051759107038379,0.00021944293985143304,0.010604237206280231,0.003899291390553117,0.0017481916584074497,0.004788873251527548,0.0007498472114093602,8.24569069663994e-05,0.001499613281339407,0.0002188518992625177,0.0001426044327672571,0.0009568864479660988,4.30009349656757e-05,4.894734229310416e-05
members/member_482.png,0.01787843182682991,0.015383802354335785,0.005735499318689108,0.006908397655934095,0.0021400863770395517,0.0004252993385307491,0.0123617397621274,0.007116744294762611,0.0021596590522676706,0.004980050027370453,0.0017279086168855429,0.00013143493561074138,0.002008962444961071,0.00033542735036462545,0.0001503071835031733,0.0008275307482108474,3.0193919883458875e-05,4.096691554877907e-05
members/member_483.png,0.025475427508354187,0.012119024060666561,0.0022391676902770996,0.007103394251316786,0.0021485581528395414,0.00020046942518092692,0.018183238804340363,0.005409780889749527,0.0008354285382665694,0.004310403019189835,0.0009522187174297869,6.493012915598229e-05,0.0019440274918451905,0.0002519909758120775,8.997054828796536e-05,0.0006292276666499674,2.9105663998052478e-05,2.7247298930888064e-05
members/member_484.png,0.01714366488158703,0.015294061042368412,0.005915318615734577,0.0053246114403009415,0.003568413434550166,0.0004114195180591196,0.014293747954070568,0.007853609509766102,0.0023288631346076727,0.0035568522289395332,0.0011530565097928047,8.408962457906455e-05,0.001827868865802884,0.0004821339389309287,0.0001575727219460532,0.0005656597786583006,4.13774250773713e-05,4.911701398668811e-05
members/member_485.png,0.013537721708416939,0.01613183505833149,0.009262745268642902,0.006032195407897234,0.0030179887544363737,0.0007032174034975469,0.010422523133456707,0.008829464204609394,0.0037770832423120737,0.0049581024795770645,0.0017785197123885155,0.00018878646369557828,0.0057892147451639175,0.0005942261777818203,0.0002273816935485229,0.002666590502485633,4.5965272875037044e-05,4.0587136027170345e-05
members/member_486.png,0.017041336745023727,0.023080797865986824,0.012903530150651932,0.0065103555098176,0.0032331172842532396,0.0008652583346702158,0.012280735187232494,0.013679788447916508,0.005105684511363506,0.005057086236774921,0.0027075388934463263,0.0002257611049572006,0.0015129870735108852,0.0011242817854508758,0.00027933402452617884,0.0006740380194969475,9.028666681842878e-05,4.975837509846315e-05
members/member_487.png,0.016879195347428322,0.02122664451599121,0.008996106684207916,0.006409248802810907,0.004353890661150217,0.0006100079044699669,0.013299615122377872,0.012955231592059135,0.0034154027234762907,0.004916856996715069,0.002753258217126131,0.000142522607347928,0.0015418155817314982,0.0008649765513837337,0.00021189398830756545,0.0007305896142497659,8.386009722016752e-05,6.17474943283014e-05
members/member_488.png,0.0164746455848217,0.015246403403580189,0.00949291605502367,0.0052338531240820885,0.002645140513777733,0.0003245640255045146,0.012637256644666195,0.006632344797253609,0.0034460669849067926,0.004525905940681696,0.000756939931306988,9.101191244553775e-05,0.0038875979371368885,0.0003346762096043676,0.000193589658010751,0.0018177117453888059,3.1612260499969125e-05,3.494095290079713e-05
members/member_489.png,0.014598815701901913,0.009994512423872948,0.003001674311235547,0.0057480125688016415,0.0030871289782226086,0.00019206783326808363,0.009426670148968697,0.005503102671355009,0.0011216719867661595,0.004158456344157457,0.0012754451017826796,6.275455962168053e-05,0.0016818883595988154,0.00030582741601392627,0.00010345762711949646,0.0013463058276101947,4.025487578473985e-05,3.314525747555308e-05
members/member_490.png,0.01882336474955082,0.022929029539227486,0.012023184448480606,0.006190977990627289,0.0025987818371504545,0.0009251203737221658,0.015373984351754189,0.010653547011315823,0.004784853663295507,0.007723620161414146,0.001059642992913723,0.00022326073667500168,0.001945709576830268,0.0005594444810412824,0.00025855665444396436,0.0005837728385813534,3.8006426620995626e-05,5.6725133617874235e-05
members/member_491.png,0.017103513702750206,0.019124053418636322,0.0047987401485443115,0.007121292408555746,0.0033539372961968184,0.00024037944967858493,0.011855598539113998,0.009462794288992882,0.0018037138506770134,0.0038965889252722263,0.001560577074997127,0.00010904563532676548,0.0016743435990065336,0.0005413520848378539,0.00014042932889424264,0.0008574055973440409,4.651795097743161e-05,5.708300159312785e-05
members/member_492.png,0.014338841661810875,0.018789878115057945,0.010346217080950737,0.005898694973438978,0.002212050138041377,0.0004681327845901251,0.010176417417824268,0.00837847962975502,0.003969901707023382,0.004174431320279837,0.0009103608317673206,0.0001338733418378979,0.0032486380077898502,0.00041382471681572497,0.00021962694881949574,0.0011943280696868896,3.783378269872628e-05,4.2550738726276904e-05
members/member_493.png,0.020076332613825798,0.023455284535884857,0.007853773422539234,0.005859860684722662,0.003089893376454711,0.0005455309874378145,0.01423080638051033,0.012565989047288895,0.0029961979016661644,0.004304992500692606,0.0017521633999422193,0.00013846832734998316,0.002387436106801033,0.0007500046631321311,0.00018505664775148034,0.0008944752626121044,6.759466486983001e-05,4.667347457143478e-05
members/member_494.png,0.012338967062532902,0.012136245146393776,0.0031170847360044718,0.004889624658972025,0.0021822366397827864,0.0005328083061613142,0.00978588592261076,0.005491442512720823,0.001161225838586688,0.0038863131776452065,0.0009572085691615939,0.00013587204739451408,0.002978051081299782,0.0003073107509408146,0.00012136793520767242,0.0013985410332679749,5.276750380289741e-05,5.2788149332627654e-05
members/member_495.png,0.014406731352210045,0.012146725319325924,0.004067582543939352,0.0059764087200164795,0.001422855188138783,0.00027195250731892884,0.009923454374074936,0.005100538954138756,0.0015359189128503203,0.00403467146679759,0.0006960195023566484,9.16598437470384e-05,0.0014025900745764375,0.0002552873338572681,0.00011445803829701617,0.00046658352948725224,3.2730979000916705e-05,3.135205406579189e-05
members/member_496.png,0.01645720563828945,0.01856062561273575,0.006093988195061684,0.006194180343300104,0.002923358231782913,0.00031187606509774923,0.010382764041423798,0.007848613895475864,0.0022205794230103493,0.0036049492191523314,0.0011612788075581193,9.841480641625822e-05,0.001675411476753652,0.0004024188965559006,0.00015103435725905,0.0012419711565598845,5.0550050218589604e-05,3.626933539635502e-05
members/member_497.png,0.013243296183645725,0.009932111017405987,0.0028138626366853714,0.005661370698362589,0.0025909559335559607,0.0004195028741378337,0.012203285470604897,0.005669078323990107,0.0010560560040175915,0.006031262222677469,0.0012663829838857055,0.00010557786299614236,0.002435300499200821,0.00036318451748229563,9.335689537692815e-05,0.0017945029539987445,4.512708983384073e-05,2.3833796149119735e-05
members/member_498.png,0.009513032622635365,0.004833641927689314,0.0020191229414194822,0.005350334569811821,0.0008614662801846862,0.00011516010272316635,0.006067786365747452,0.002071576425805688,0.0007494990713894367,0.0034472665283828974,0.0004336934944149107,5.459171370603144e-05,0.0008423876715824008,0.0001171677649836056,9.652970038587227e-05,0.0006237377529032528,2.653818046383094e-05,5.638860602630302e-05
members/member_499.png,0.01867535151541233,0.021845607087016106,0.008977202698588371,0.006182258483022451,0.0046693203039467335,0.0006018482963554561,0.015232968144118786,0.013633400201797485,0.0036016982048749924,0.004255008418112993,0.0021031585056334734,0.00013900492922402918,0.0016677086241543293,0.0007860735058784485,0.0002176829002564773,0.0005357484915293753,4.6159049816196784e-05,4.926298788632266e-05
members/member_500.png,0.014942276291549206,0.02013290859758854,0.003126435913145542,0.004721313249319792,0.003452131524682045,0.0002878120285458863,0.011695089749991894,0.010074440389871597,0.0011496027000248432,0.005738334730267525,0.0015353753697127104,6.875569670228288e-05,0.0014347070828080177,0.000566426373552531,0.00011861298116855323,0.00121764512732625,4.393419294501655e-05,5.322246579453349e-05
members/member_501.png,0.01799538917839527,0.02106401138007641,0.009410073980689049,0.005646345671266317,0.0036673557478934526,0.00041066319681704044,0.01275976374745369,0.009662173688411713,0.00346288550645113,0.0048166303895413876,0.0015271042939275503,0.00011591229122132063,0.0016730157658457756,0.0005011329776607454,0.00020594926900230348,0.0006368985632434487,3.9298807678278536e-05,4.5230368414195254e-05
members/member_502.png,0.025459010154008865,0.019847756251692772,0.006753821857273579,0.007948382757604122,0.004986821673810482,0.0007271421491168439,0.018077677115797997,0.010421818122267723,0.0028610185254365206,0.005339411552995443,0.0017589610069990158,0.00019954935123678297,0.0023772013373672962,0.0007201877306215465,0.00018529914086684585,0.0006457156268879771,8.154233364621177e-05,5.2152216085232794e-05
members/member_503.png,0.014553227461874485,0.010851465165615082,0.0033299678470939398,0.0055346074514091015,0.0018687937408685684,0.0002829967997968197,0.010588494129478931,0.00519109470769763,0.0012435000389814377,0.004038197919726372,0.0009688153513707221,0.00011512202036101371,0.0031567097175866365,0.00024358872906304896,0.00011926950537599623,0.0015113994013518095,2.7265290555078536e-05,4.207025995128788e-05
members/member_504.png,0.012401661835610867,0.013611492700874805,0.004490843042731285,0.005405164323747158,0.002390065463259816,0.0003014485992025584,0.010318598710000515,0.0068368129432201385,0.001732759759761393,0.0036903247237205505,0.0011831627925857902,0.00011431890743551776,0.0018538844306021929,0.0003786144370678812,0.00014239457959774882,0.0008913889178074896,5.193133983993903e-05,5.972357030259445e-05
members/member_505.png,0.015546274371445179,0.014690881595015526,0.005753760226070881,0.006830189842730761,0.0026557391975075006,0.0003686936979647726,0.014160688035190105,0.006913140881806612,0.002205492462962866,0.005559504497796297,0.0010594609193503857,0.00011617450218182057,0.0026403411757200956,0.00037450194940902293,0.00015193334547802806,0.0015819503460079432,4.686700049205683e-05,5.368167694541626e-05
members/member_506.png,0.012477004900574684,0.012739387340843678,0.005961882881820202,0.004215557128190994,0.0025380642618983984,0.0005326488171704113,0.008836712688207626,0.006638797931373119,0.002367311157286167,0.0043462845496833324,0.0013355121482163668,0.00012728881847579032,0.004729395266622305,0.0004111852904316038,0.0001545557752251625,0.0025604008696973324,3.8073474570410326e-05,3.606040991144255e-05
members/member_507.png,0.016537442803382874,0.02136552520096302,0.004819412715733051,0.007647672202438116,0.003118226071819663,0.0003915159613825381,0.011701775714755058,0.010416210629045963,0.0018310536397621036,0.0047143432311713696,0.001758499420247972,9.877428237814456e-05,0.0032419657800346613,0.0005720583721995354,0.00013578934886027128,0.0008692736737430096,5.126835822011344e-05,4.118046126677655e-05
members/member_508.png,0.022577814757823944,0.01643131487071514,0.0046897754073143005,0.006217530462890863,0.0036378204822540283,0.0002977491240017116,0.01508244127035141,0.008501834236085415,0.0017281705513596535,0.004761894699186087,0.0015370323089882731,6.186082464409992e-05,0.0021876513492316008,0.0005501190316863358,0.00013533201126847416,0.0010275833774358034,5.6329936342081055e-05,3.638526686700061e-05
members/member_509.png,0.01876530610024929,0.01964178867638111,0.008064618334174156,0.004900048486888409,0.002653677947819233,0.00034044747008010745,0.011453229933977127,0.008815336972475052,0.0029474825132638216,0.003695656778290868,0.0009150835685431957,0.00011079896648880094,0.0016013376880437136,0.00043969639227725565,0.0001772173709468916,0.0009004742023535073,3.874117464874871e-05,3.6802572140004486e-05
members/member_510.png,0.014703145250678062,0.036085765808820724,0.011929787695407867,0.005210449919104576,0.006088475231081247,0.0008877831278368831,0.010432817041873932,0.018780574202537537,0.004765794146806002,0.003796309232711792,0.0020041067618876696,0.0001885683013824746,0.0011605571489781141,0.0009608833352103829,0.00025113800074905157,0.0006493991240859032,4.170882311882451e-05,4.867251846008003e-05
members/member_511.png,0.0175454244017601,0.012591201812028885,0.0036556560080498457,0.00589886587113142,0.0025547111872583628,0.00026229157811030746,0.013588395901024342,0.005450791213661432,0.0013256319798529148,0.004630734212696552,0.0010343451285734773,8.523289579898119e-05,0.002161270473152399,0.00027006820891983807,0.00011198312131455168,0.00044250552309677005,2.6607200197759084e-05,4.3097996240248904e-05
members/member_512.png,0.013701217249035835,0.008223713375627995,0.0023484081029891968,0.005891265347599983,0.001410959055647254,0.00014831556472927332,0.00972713716328144,0.0037770215421915054,0.000914451782591641,0.005375472828745842,0.0007035065209493041,6.449498323490843e-05,0.0017291920958086848,0.00020178189151920378,0.0001092708480427973,0.0011770226992666721,2.725536069192458e-05,4.9273443437414244e-05
members/member_513.png,0.018067754805088043,0.019880471751093864,0.005358817521482706,0.007250562775880098,0.003179974853992462,0.0003232200688216835,0.015271998941898346,0.00875886995345354,0.002023120177909732,0.005204489454627037,0.0010184143902733922,0.00010558860230958089,0.0037468161899596453,0.0004097250057384372,0.00013621481775771827,0.0017152880318462849,3.0910217901691794e-05,3.317950904602185e-05
members/member_514.png,0.022005286067724228,0.03469576686620712,0.016596365720033646,0.00609874352812767,0.0054621887393295765,0.0009213483426719904,0.0145487729460001,0.019956035539507866,0.006425242871046066,0.005769588053226471,0.0021122668404132128,0.0002022358967224136,0.0011810912983492017,0.0010664807632565498,0.00031586975092068315,0.0003872957604471594,5.323389996192418e-05,4.1072886233450845e-05
members/member_515.png,0.02576027624309063,0.02316138707101345,0.008459712378680706,0.0073647890239953995,0.0025171840097755194,0.0003154215810354799,0.018441814929246902,0.009740442968904972,0.0031133166048675776,0.00557213369756937,0.0011063074925914407,7.850844849599525e-05,0.001621575327590108,0.0004743324243463576,0.00019527942640706897,0.0009623311925679445,3.761634434340522e-05,4.905300374957733e-05
members/member_516.png,0.014105651527643204,0.009036106057465076,0.0017333412542939186,0.00560098048299551,0.0014662775211036205,0.0001448808325221762,0.008021228015422821,0.0036213193088769913,0.0006408669287338853,0.004040487576276064,0.0005458875093609095,5.7427889259997755e-05,0.002154479967430234,0.00019285273447167128,9.548671368975192e-05,0.0013476167805492878,3.046408346563112e-05,6.326762377284467e-05
members/member_517.png,0.016666386276483536,0.02745177038013935,0.008933880366384983,0.005634894594550133,0.0027716457843780518,0.0008481288678012788,0.012402277439832687,0.013090883381664753,0.003584990743547678,0.005337108392268419,0.0014199985889717937,0.00020965847943443805,0.0017440203810110688,0.0008345702080987394,0.00020718661835417151,0.0006335368962027133,5.259525278233923e-05,3.1751311325933784e-05
members/member_518.png,0.02084955945611,0.012153487652540207,0.0026730757672339678,0.00618172250688076,0.0016687215538695455,0.0001563422119943425,0.011675842106342316,0.005391397513449192,0.0009953296976163983,0.003722917987033725,0.0007402651244774461,6.240270158741623e-05,0.002393938833847642,0.0002790283760987222,0.00011093629291281104,0.0013450328260660172,3.573947469703853e-05,5.6871176639106125e-05
members/member_519.png,0.014204873703420162,0.018329741433262825,0.009371726773679256,0.004680135287344456,0.0026717206928879023,0.0007066560792736709,0.010851459577679634,0.008212029002606869,0.0035710567608475685,0.005717500578612089,0.0011091094929724932,0.00018836498202290386,0.0018143932102248073,0.00042866822332143784,0.00021369224123191088,0.0013113407185301185,4.2116276745218784e-05,4.8754907766124234e-05
members/member_520.png,0.016060184687376022,0.018410760909318924,0.003687320975586772,0.005753010977059603,0.0032559209503233433,0.0003859656862914562,0.012756573036313057,0.009173599071800709,0.0013857063604518771,0.005026348400861025,0.0015812988858669996,8.688314846949652e-05,0.0020847234409302473,0.000497528410051018,0.00012391299242153764,0.001056885696016252,3.91554603993427e-05,4.6256856876425445e-05
members/member_521.png,0.010477801784873009,0.028471341356635094,0.008778991177678108,0.004630848299711943,0.003993775229901075,0.00036192507832311094,0.0072080777026712894,0.013276457786560059,0.0032225444447249174,0.0036447772290557623,0.0014918205561116338,0.0001310614461544901,0.0016677018720656633,0.0006578025058843195,0.0001920685899676755,0.00122434354852885,5.597647759714164e-05,3.787844252656214e-05
members/member_522.png,0.022840876132249832,0.03233541175723076,0.012980835512280464,0.0072519294917583466,0.004067095462232828,0.0006693023024126887,0.018387647345662117,0.015207108110189438,0.004957938101142645,0.0055154492147266865,0.0014835771871730685,0.00017823850794229656,0.0032849234994500875,0.0007679747650399804,0.00025351031217724085,0.0011606777552515268,4.633958815247752e-05,3.1148127163760364e-05
members/member_523.png,0.017317544668912888,0.024463843554258347,0.013513946905732155,0.007013343274593353,0.00267728790640831,0.0006084514898248017,0.011638584546744823,0.011462526395916939,0.005084201227873564,0.005209328141063452,0.0010684747248888016,0.00013849965762346983,0.001363293849863112,0.0005890149623155594,0.00027292576851323247,0.0004468520055525005,3.431794903008267e-05,4.522399831330404e-05
members/member_524.png,0.010812647640705109,0.0025543547235429287,0.0006018633139319718,0.005216926336288452,0.0007699367124587297,9.116571163758636e-05,0.00703055365011096,0.0011027237633243203,0.0002419414813630283,0.0034066035877913237,0.0004571265308186412,5.487483213073574e-05,0.0010874654399231076,7.043251389404759e-05,7.336965791182593e-05,0.001043197582475841,2.78224815701833e-05,4.408101085573435e-05
members/member_525.png,0.012090000323951244,0.01130043063312769,0.0026664328761398792,0.0056858728639781475,0.0027507790364325047,0.00029175946838222444,0.006960556376725435,0.005391363985836506,0.0010002350900322199,0.0028687797021120787,0.0013893080176785588,0.00011354350135661662,0.0020958352833986282,0.0003649699210654944,9.688299178378657e-05,0.00134554214309901,5.1184480980737135e-05,3.33069110638462e-05
members/member_526.png,0.015395858325064182,0.007457308005541563,0.0030778967775404453,0.0066459146328270435,0.000921508064493537,0.00014996375830378383,0.008842835202813148,0.003100678324699402,0.0011508956085890532,0.004067091271281242,0.0003668944991659373,7.442283822456375e-05,0.004225027747452259,0.00017222682072315365,0.00011322664067847654,0.0021169749088585377,3.539522003848106e-05,5.2006096666445956e-05
members/member_527.png,0.015171903185546398,0.016071131452918053,0.005307406187057495,0.005599974654614925,0.002836822299286723,0.00033476532553322613,0.012571411207318306,0.007103782147169113,0.0019681998528540134,0.0042733135633170605,0.001202683779411018,0.0001224640873260796,0.003173018805682659,0.00032693613320589066,0.0001417464081896469,0.0008772389264777303,3.588078106986359e-05,3.56559430656489e-05
members/member_528.png,0.01617475599050522,0.023868750780820847,0.00973218772560358,0.004523302428424358,0.0041099973022937775,0.0005082383868284523,0.012308912351727486,0.013997431844472885,0.0037563377991318703,0.004844995681196451,0.0017406374681741,0.0001412303390679881,0.003326881444081664,0.0008648266084492207,0.0002186018245993182,0.0012969289673492312,4.018782055936754e-05,4.621959669748321e-05
members/member_529.png,0.015387576073408127,0.013683292083442211,0.004407003987580538,0.006257713306695223,0.002264410490170121,0.0002511223137844354,0.012939834967255592,0.005918500013649464,0.001633218489587307,0.0053363386541605,0.0008972985087893903,0.00010418924648547545,0.0021080898586660624,0.0002754349843598902,0.00013780307199340314,0.0011360577773302794,3.681768066599034e-05,8.926761074690148e-05
members/member_530.png,0.014401953667402267,0.016466908156871796,0.005986070726066828,0.0049421112053096294,0.0025949496775865555,0.00041068869177252054,0.009945478290319443,0.007810370530933142,0.0022911911364644766,0.0032297398429363966,0.0008502143318764865,0.0001286645419895649,0.003192830365151167,0.0004033004806842655,0.00015546439681202173,0.0018994980491697788,3.671397644211538e-05,3.683965405798517e-05
members/member_531.png,0.01656050980091095,0.019518613815307617,0.007948923856019974,0.0063845012336969376,0.0037719241809099913,0.0007674368098378181,0.014127492904663086,0.011719558387994766,0.003281222190707922,0.006196729373186827,0.0016089135315269232,0.00016617077926639467,0.0020421298686414957,0.0006332963821478188,0.0002023098204517737,0.0008270721882581711,4.548079596133903e-05,4.6730372559977695e-05
members/member_532.png,0.014556501060724258,0.019921058788895607,0.0071508013643324375,0.006415063980966806,0.003461553482338786,0.0006914703408256173,0.009462177753448486,0.008557531982660294,0.00281618838198483,0.0037749928887933493,0.001068002195097506,0.0001375228603137657,0.002843150170519948,0.00040975521551445127,0.00017772721184883267,0.001031357329338789,2.8515452868305147e-05,4.187675949651748e-05
members/member_533.png,0.013682262971997261,0.017244230955839157,0.01179942861199379,0.004610505886375904,0.0021572785917669535,0.0003849116910714656,0.009530513547360897,0.007408344652503729,0.0043008397333323956,0.005048040300607681,0.0009314556373283267,0.00010762365855043754,0.0014007395366206765,0.00040364862070418894,0.00023498648079112172,0.0010958757484331727,3.1073435820871964e-05,3.9636037399759516e-05
members/member_534.png,0.01355697587132454,0.010216760449111462,0.011265413835644722,0.004990473389625549,0.0015129433013498783,0.0004852416168432683,0.011187141761183739,0.0046244412660598755,0.0042429398745298386,0.005102233961224556,0.0009246873087249696,9.430108912056312e-05,0.0029230755753815174,0.00021608220413327217,0.00022905041987542063,0.0013677888782694936,3.398827902856283e-05,4.278617416275665e-05
members/member_535.png,0.016023969277739525,0.005147191230207682,0.0007586475694552064,0.0070557016879320145,0.0013574358308687806,0.00011934684152947739,0.016930272802710533,0.002337727230042219,0.00029764260398223996,0.007473476231098175,0.0007980872760526836,6.688116991426796e-05,0.0031602978706359863,0.00010826822108356282,7.316224946407601e-05,0.0012366259470582008,2.43951944867149e-05,3.406674659345299e-05
members/member_536.png,0.022967850789427757,0.014603660441935062,0.00296604516915977,0.00768481707200408,0.0024130474776029587,0.0001392789708916098,0.020877432078123093,0.007175021339207888,0.0011164828902110457,0.007480476051568985,0.0007694170344620943,5.7514214859111235e-05,0.004281855653971434,0.0003672858001664281,0.00010464848310220987,0.0009477207786403596,2.7071877411799505e-05,4.5295902964426205e-05
members/member_537.png,0.020962867885828018,0.016491437330842018,0.0068040695041418076,0.00915725901722908,0.0020208971109241247,0.0003226944536436349,0.012942483648657799,0.00717260641977191,0.002515682252123952,0.004234230145812035,0.0007389698876067996,0.00010404675413155928,0.0017433437751606107,0.0003761728876270354,0.0001552285102661699,0.0007037429604679346,3.762409323826432e-05,3.523119448800571e-05
members/member_538.png,0.014998252503573895,0.01702188327908516,0.007483441848307848,0.005647995043545961,0.0024976797867566347,0.0006563332281075418,0.011155366897583008,0.00859376322478056,0.003067375160753727,0.004649067763239145,0.0010156159987673163,0.00015668998821638525,0.0019530855352059007,0.0005036348011344671,0.00018151549738831818,0.0011238767765462399,5.0177040975540876e-05,3.362372808624059e-05
members/member_539.png,0.016576215624809265,0.014384359121322632,0.0074934763833880424,0.005935012362897396,0.0018698072526603937,0.0002759044000413269,0.010908091440796852,0.005716292653232813,0.0027502707671374083,0.005437776446342468,0.0007709182100370526,9.730459714774042e-05,0.0015926891937851906,0.00027893035439774394,0.00018709443975239992,0.000721932970918715,3.9243856008397415e-05,5.3043331718072295e-05
members/member_540.png,0.016407346352934837,0.014656893908977509,0.0073972358368337154,0.00560436537489295,0.0024531646631658077,0.00022116398031357676,0.010913841426372528,0.006488173734396696,0.0027020254638046026,0.005286306608468294,0.0009395524393767118,8.616378181613982e-05,0.0013831333490088582,0.0003592578286770731,0.0001750318770064041,0.0009214070159941912,4.185716898064129e-05,4.8691235861042514e-05
members/member_541.png,0.01400794181972742,0.013195483945310116,0.007026589475572109,0.006279119290411472,0.0024984851479530334,0.000576179416384548,0.013194875791668892,0.006928185001015663,0.002834334969520569,0.006211329251527786,0.0014425060944631696,0.0001604234566912055,0.0018752777250483632,0.00047307409113273025,0.0001837315212469548,0.0005607111379504204,3.668450517579913e-05,4.761694435728714e-05
members/member_542.png,0.014488876797258854,0.02611655555665493,0.010519771836698055,0.005408050958067179,0.004512314684689045,0.0010949464049190283,0.011506768874824047,0.01591700129210949,0.004565020091831684,0.005451118107885122,0.0031998034100979567,0.00039643366471864283,0.002880960702896118,0.0014443981926888227,0.0002681635378394276,0.0014108672039583325,0.0001451476418878883,4.8107100155903026e-05
members/member_543.png,0.018913738429546356,0.03093590773642063,0.007545337546616793,0.007818959653377533,0.005554613191634417,0.0006602523499168456,0.015191839076578617,0.017145873978734016,0.002828829688951373,0.007109053432941437,0.0019430321408435702,0.00013361216406337917,0.0028786519542336464,0.0009397945832461119,0.00016992825840134174,0.0015358601231127977,3.7924357457086444e-05,3.415510946069844e-05
members/member_544.png,0.016470178961753845,0.01962142065167427,0.006456953939050436,0.0050789956003427505,0.003569026244804263,0.0004686219326686114,0.013706984929740429,0.009727347642183304,0.002424146281555295,0.005731153767555952,0.0012574153952300549,0.00012941549357492477,0.0018861159915104508,0.0004925817484036088,0.0001634439395274967,0.0006207603728398681,4.414669456309639e-05,5.30327670276165e-05
members/member_545.png,0.012617988511919975,0.015094321221113205,0.006080863997340202,0.004261251538991928,0.002825818955898285,0.0003986829542554915,0.009371967986226082,0.008709936402738094,0.0023631297517567873,0.004421797581017017,0.001731624361127615,0.0001271824148716405,0.004315756261348724,0.0006720013916492462,0.00015261428779922426,0.0022071106359362602,5.5578733736183494e-05,3.690467565320432e-05
members/member_546.png,0.0193052776157856,0.027488145977258682,0.011514170095324516,0.005906709004193544,0.0030262935906648636,0.0006531542749144137,0.01461789570748806,0.013256646692752838,0.004354110453277826,0.004975748248398304,0.001399880275130272,0.00016642424452584237,0.0026766592636704445,0.0007155953207984567,0.0002362630912102759,0.0014648556243628263,4.943328531226143e-05,4.296862971386872e-05
members/member_547.png,0.013038212433457375,0.01343829371035099,0.007484728470444679,0.005769145675003529,0.0011516237864270806,0.0002960662532132119,0.009241962805390358,0.005509523209184408,0.002779063768684864,0.00493568554520607,0.0006629401468671858,8.781853102846071e-05,0.0014406101545318961,0.00025184961850754917,0.0001707365590846166,0.0008380429353564978,2.7501804652274586e-05,3.9901991840451956e-05
members/member_548.png,0.013063259422779083,0.010994698852300644,0.0037422252353280783,0.005181002430617809,0.002299861516803503,0.0003307625884190202,0.00952600222080946,0.005532925948500633,0.0013902942882850766,0.0033614961430430412,0.0009417253895662725,6.472525274148211e-05,0.002670177724212408,0.00027605987270362675,0.0001264730526600033,0.0016205996507778764,2.892477459681686e-05,5.865627099410631e-05
members/member_549.png,0.016354503110051155,0.016051964834332466,0.0053210873156785965,0.005059166345745325,0.0028206724673509598,0.0005135437240824103,0.012903733178973198,0.008296709507703781,0.0020562238059937954,0.0042011793702840805,0.0018334205960854888,0.00015053506649564952,0.0026807121466845274,0.0005216686986386776,0.00014813378220424056,0.001166346250101924,5.256633085082285e-05,4.1052921005757526e-05
members/member_550.png,0.018761062994599342,0.015465852804481983,0.004088164772838354,0.005613304208964109,0.004331057425588369,0.0004866449162364006,0.016573166474699974,0.009915763512253761,0.001538358279503882,0.006551714148372412,0.0036704586818814278,0.00012941924796905369,0.003046632744371891,0.001092557213269174,0.00013477710308507085,0.0007981454837135971,0.00011240103049203753,4.836256630369462e-05
members/member_551.png,0.010371873155236244,0.014636235311627388,0.006319170817732811,0.00456656701862812,0.003536790609359741,0.0005406436393968761,0.008527870289981365,0.00865121092647314,0.0025563626550137997,0.005005108658224344,0.0016644560964778066,0.00012719632650259882,0.0030288822017610073,0.0006191031425260007,0.00016974698519334197,0.0020655905827879906,5.9654292272171006e-05,4.9247333663515747e-05
members/member_552.png,0.01577048934996128,0.01645692065358162,0.012842352502048016,0.0061271036975085735,0.0021903994493186474,0.0005360820796340704,0.011491057462990284,0.008190066553652287,0.004877777770161629,0.00535257114097476,0.0016936068423092365,0.00015817243547644466,0.003210045164451003,0.00041361074545420706,0.000275532656814903,0.0019579483196139336,4.2372983443783596e-05,5.803978274343535e-05
members/member_553.png,0.016444168984889984,0.01654413528740406,0.005418772809207439,0.005570775829255581,0.002256241161376238,0.000422443903516978,0.012555453926324844,0.008085694164037704,0.002072451636195183,0.003917629364877939,0.0008771802531555295,0.00010203562851529568,0.0019012466073036194,0.0004109104338567704,0.00014704187924508005,0.0007268252084031701,3.178814586135559e-05,4.478115442907438e-05
members/member_554.png,0.020447812974452972,0.013512776233255863,0.005238914862275124,0.006926004309207201,0.002624137094244361,0.00029946971335448325,0.01420772634446621,0.006302997935563326,0.0019703202415257692,0.004530117381364107,0.0009895112598314881,0.00011079759860876948,0.0026807335671037436,0.0003427620977163315,0.00013676314847543836,0.0012126641813665628,3.614719753386453e-05,3.4722925192909315e-05
members/member_555.png,0.023821158334612846,0.02023378759622574,0.0045945243909955025,0.008360642939805984,0.003975268453359604,0.00038532589678652585,0.01620999164879322,0.010408253408968449,0.001732820295728743,0.0046472917310893536,0.0017957856180146337,7.913856825325638e-05,0.003914396278560162,0.0006598075269721448,0.00013293989468365908,0.001774985226802528,6.410303467418998e-05,3.207738700439222e-05
members/member_556.png,0.01448239665478468,0.03131009265780449,0.014855792745947838,0.006099083926528692,0.004197998903691769,0.0009897431591525674,0.009569142013788223,0.014184994623064995,0.005655371118336916,0.0032543556299060583,0.0009976509027183056,0.00017154894885607064,0.0016794069670140743,0.0007113832398317754,0.0002862768014892936,0.000906054163351655,4.156017166678794e-05,3.205762186553329e-05
members/member_557.png,0.022942185401916504,0.03488737717270851,0.017483267933130264,0.0073451390489935875,0.004150534514337778,0.0007696179090999067,0.013975901529192924,0.016867592930793762,0.006762051489204168,0.003221207996830344,0.0019415514543652534,0.00021643175568897277,0.001279734424315393,0.0008929379400797188,0.00034021949977613986,0.000527009426150471,4.816308864974417e-05,4.525974509306252e-05
members/member_558.png,0.015304923057556152,0.015667062252759933,0.006387001369148493,0.00536710862070322,0.0025519602932035923,0.0002487517485860735,0.011101973243057728,0.006884791888296604,0.0024304762482643127,0.0042504798620939255,0.0012080429587513208,7.495773752452806e-05,0.0018046345794573426,0.00035196178941987455,0.0001666389434831217,0.0012235399335622787,4.804608033737168e-05,4.8062782298075035e-05
members/member_559.png,0.025001119822263718,0.01530530583113432,0.005483509972691536,0.008696462027728558,0.002023514127358794,0.0002744888770394027,0.018509896472096443,0.007046015467494726,0.0020717305596917868,0.0059664007276296616,0.0013134194305166602,0.00011970116611337289,0.0035543995909392834,0.00037938609602861106,0.0001391781261190772,0.0009398194379173219,3.426491093705408e-05,2.765700082818512e-05
members/member_560.png,0.01290811039507389,0.013600371778011322,0.004822276066988707,0.0051139649003744125,0.0033349303994327784,0.00042464883881621063,0.01060759648680687,0.006596506107598543,0.001832557492889464,0.004257706925272942,0.0012623124057427049,0.00010512652079341933,0.0013865274377167225,0.00034177766065113246,0.00013280112762004137,0.0005154692917130888,3.846495019388385e-05,3.471693707979284e-05
members/member_561.png,0.014828676357865334,0.03263246640563011,0.01620565727353096,0.004653346724808216,0.004424240905791521,0.0010642159031704068,0.013303070329129696,0.022089486941695213,0.006954933516681194,0.005933824460953474,0.0033387814182788134,0.00036522868322208524,0.0023009320721030235,0.0015592924319207668,0.0003841975994873792,0.0011577756376937032,7.752134843030944e-05,3.981373811257072e-05
members/member_562.png,0.017440393567085266,0.025576457381248474,0.016573777422308922,0.0060613760724663734,0.003765010042116046,0.0010784217156469822,0.015347281470894814,0.013208837248384953,0.006742126774042845,0.005963671486824751,0.0016696061939001083,0.00025930398260243237,0.0017585430759936571,0.0007637981907464564,0.000339147518388927,0.0008447038126178086,4.0179817005991936e-05,3.795323209487833e-05
members/member_563.png,0.01346216443926096,0.012377534061670303,0.0038966434076428413,0.00675438717007637,0.002450843108817935,0.00022107180848252028,0.008262385614216328,0.005655694752931595,0.0014612966915592551,0.003335912711918354,0.0008645804482512176,9.128898818744346e-05,0.0012351773912087083,0.00028495732112787664,0.0001240520505234599,0.0005402935785241425,3.3238506148336455e-05,4.8331839934689924e-05
members/member_564.png,0.012944478541612625,0.02440262958407402,0.010030621662735939,0.0056051407009363174,0.0040845321491360664,0.0008079868857748806,0.01038338802754879,0.014813769608736038,0.0042022764682769775,0.00436453428119421,0.00264875590801239,0.00023058765509631485,0.00419933907687664,0.0009041120065376163,0.00023572311329189688,0.0022491805721074343,5.1156697736587375e-05,5.0402006309013814e-05
members/member_565.png,0.014289302751421928,0.007492951583117247,0.001963097369298339,0.00794863048940897,0.0022342922165989876,0.00024315842892974615,0.011037924326956272,0.004097608383744955,0.0007814848213456571,0.004133365582674742,0.001204663421958685,6.809886690462008e-05,0.0021137832663953304,0.00021548502263613045,8.668150985613465e-05,0.001279702759347856,2.5931341951945797e-05,2.9757609809166752e-05
members/member_566.png,0.011700834147632122,0.021129030734300613,0.011047162115573883,0.005357181187719107,0.003917854279279709,0.0006175587768666446,0.01095479354262352,0.011783127672970295,0.004166650585830212,0.0058795795775949955,0.001463841530494392,0.0001803825725801289,0.004738812334835529,0.0006296440260484815,0.0002349786227568984,0.002356091747060418,3.915767592843622e-05,4.609872121363878e-05
members/member_567.png,0.014625570736825466,0.016263136640191078,0.006421700585633516,0.005335702560842037,0.00219687819480896,0.0004085050895810127,0.012770731002092361,0.007882069796323776,0.002328595146536827,0.005767391994595528,0.0013178414665162563,0.00010697550169425085,0.003179905703291297,0.0004394526476971805,0.00016100685752462596,0.0009414597880095243,3.2382878998760134e-05,5.0462684157537296e-05
members/member_568.png,0.014217427931725979,0.010246903635561466,0.003566322848200798,0.005586639512330294,0.001994077581912279,0.00022541683574672788,0.010689990594983101,0.004653252195566893,0.0013295094249770045,0.0042002336122095585,0.0007177001680247486,9.424375457456335e-05,0.0016704914160072803,0.0002151961380150169,0.0001120989109040238,0.0008385790861211717,2.3184336896520108e-05,3.572119021555409e-05
members/member_569.png,0.014097542501986027,0.005247762426733971,0.0024879146367311478,0.005916832946240902,0.001355472719296813,0.0002800634829327464,0.009777357801795006,0.0024790624156594276,0.0009379622060805559,0.003964687697589397,0.0007261944119818509,8.601690933573991e-05,0.004398055840283632,0.00017989073239732534,9.749752643983811e-05,0.0024483697488904,3.697155261761509e-05,2.8310814741416834e-05
members/member_570.png,0.013917705975472927,0.008068698458373547,0.0019426335347816348,0.003932901192456484,0.0015855857636779547,0.00019221595721319318,0.01094499696046114,0.0031160626094788313,0.0007124123512767255,0.004880101419985294,0.0006779258255846798,5.7168213970726356e-05,0.0014923826092854142,0.0001426007365807891,9.69262546277605e-05,0.0005292478599585593,2.7625275833997875e-05,4.680330312112346e-05
members/member_571.png,0.02075701765716076,0.020353766158223152,0.01081711146980524,0.007954533211886883,0.0018727987771853805,0.0005420955130830407,0.013233032077550888,0.008338438346982002,0.004025769419968128,0.0042579458095133305,0.0008939362014643848,0.00012343810521997511,0.0016302488511428237,0.0003774625074584037,0.00022199250815901905,0.001000022399239242,3.696597559610382e-05,4.459501360543072e-05
members/member_572.png,0.012928550131618977,0.015135704539716244,0.004641118459403515,0.00459190784022212,0.0018676531035453081,0.0002515528758522123,0.009791132062673569,0.0064492011442780495,0.001754062483087182,0.004113175440579653,0.0007424133946187794,0.00010408878733869642,0.0017438471550121903,0.0002970955683849752,0.00013428232341539115,0.0013320102589204907,3.2024981919676065e-05,4.227193494443782e-05
members/member_573.png,0.014336164109408855,0.019529810175299644,0.0083869444206357,0.0059592630714178085,0.004268511664122343,0.000687871128320694,0.01212061196565628,0.010795059613883495,0.003235847922042012,0.005160889588296413,0.003637673333287239,0.00021499081049114466,0.0021198682952672243,0.0011158428387716413,0.00018286064732819796,0.0009030785295180976,0.00011934016947634518,4.138869189773686e-05
members/member_574.png,0.011331885121762753,0.009851680137217045,0.005774680525064468,0.005535203497856855,0.001885042292997241,0.0005207175272516906,0.008193723857402802,0.004513456951826811,0.0023829794954508543,0.0041758958250284195,0.0007871442940086126,0.00013344813487492502,0.001663664006628096,0.00024225823290180415,0.00017469999147579074,0.0007944239769130945,4.3910291424253955e-05,8.719255856703967e-05
members/member_575.png,0.013325600884854794,0.012689177878201008,0.0028789150528609753,0.004948229528963566,0.0022329390048980713,0.00024343703989870846,0.010905047878623009,0.006644816603511572,0.0011137917172163725,0.004897594451904297,0.001361598027870059,7.864623330533504e-05,0.0019494141452014446,0.0003607301914598793,0.00010602371912682429,0.0011303690262138844,3.5634868254419416e-05,4.3509753595571965e-05
members/member_576.png,0.01532371062785387,0.01904052309691906,0.009076732210814953,0.008493686094880104,0.002362324856221676,0.00034720145049504936,0.009717958979308605,0.008313825353980064,0.003386997850611806,0.0051126377657055855,0.0006922002648934722,0.000105666731542442,0.00106611882802099,0.0004073977761436254,0.0001985854032682255,0.0005551126087084413,3.238930003135465e-05,3.171920980094001e-05
members/member_577.png,0.012928327545523643,0.018959933891892433,0.008472824469208717,0.004966248758137226,0.0036056891549378633,0.0004189827886875719,0.009559276513755322,0.00882144644856453,0.003219557460397482,0.004949371796101332,0.0019830891396850348,0.0001327409117948264,0.0015361583791673183,0.0006594638689421117,0.0002028563612839207,0.0007817685254849494,7.158520020311698e-05,5.883533594897017e-05
members/member_578.png,0.020798129960894585,0.011579182930290699,0.003256318625062704,0.009709765203297138,0.002111375331878662,0.00023872964084148407,0.016726559028029442,0.005599610041826963,0.0011763973161578178,0.005501549690961838,0.0009130901889875531,8.106986933853477e-05,0.004277212079614401,0.00036263131187297404,0.00011280814942438155,0.0015654719900339842,5.3419051255332306e-05,4.430871194927022e-05
members/member_579.png,0.014144591055810452,0.020986327901482582,0.007619895972311497,0.007022792007774115,0.0032331172842532396,0.0004172952612861991,0.009995335713028908,0.010600442066788673,0.0029526979196816683,0.005912623833864927,0.001388735487125814,0.00011831099982373416,0.0015939214499667287,0.0005392343737185001,0.00019462524505797774,0.0008870280580595136,4.2101954022655264e-05,5.343074008123949e-05
members/member_580.png,0.013974429108202457,0.01338567491620779,0.004338799510151148,0.005170970689505339,0.0019383302424103022,0.00032937599462457,0.009893142618238926,0.005912044085562229,0.0016935467720031738,0.003881688229739666,0.0008968799957074225,0.00011238930892432109,0.0016692995559424162,0.0003167445247527212,0.00013627209409605712,0.0008744616061449051,3.9826489228289574e-05,6.327982555376366e-05
members/member_581.png,0.017657630145549774,0.018769312649965286,0.015099580399692059,0.006535284221172333,0.002789729740470648,0.0005978487897664309,0.012147724628448486,0.008109352551400661,0.005671849939972162,0.004434593021869659,0.0009040149161592126,0.00015980542229954153,0.0014717248268425465,0.0004090476722922176,0.0002915839431807399,0.0008851589518599212,3.555916919140145e-05,3.4971028071595356e-05
members/member_582.png,0.014933853410184383,0.011801059357821941,0.006602783687412739,0.006046629045158625,0.003266553860157728,0.0008421784732490778,0.013730154372751713,0.011690624058246613,0.0032516128849238157,0.0069888378493487835,0.005941941402852535,0.00040035764686763287,0.0021203341893851757,0.0017939030658453703,0.00021922055748291314,0.0013816278660669923,0.00015099506708793342,5.445920396596193e-05
members/member_583.png,0.014570720493793488,0.011565598659217358,0.003188768634572625,0.007053393870592117,0.0025479767937213182,0.00035098654916509986,0.010081645101308823,0.0055824099108576775,0.0012279088841751218,0.005783528089523315,0.0013124434044584632,0.00010598936205497012,0.00457029091194272,0.00027309232973493636,0.00011035128409275785,0.0024598517920821905,3.4642154787434265e-05,4.115231058676727e-05
members/member_584.png,0.014893493615090847,0.019003987312316895,0.015124063938856125,0.004616440739482641,0.002061690902337432,0.0007776079582981765,0.009361482225358486,0.008234829641878605,0.005759110674262047,0.0038977041840553284,0.0005463346606120467,0.00017924036365002394,0.0011588440975174308,0.0003877746930811554,0.0002962721628136933,0.0006528723752126098,3.251158705097623e-05,4.554366023512557e-05
members/member_585.png,0.012791636399924755,0.01266864500939846,0.004909911192953587,0.005828217603266239,0.003232173388823867,0.0004384529311209917,0.008413048461079597,0.007581257726997137,0.00200198614038527,0.0030356314964592457,0.0012784656137228012,9.772758494364098e-05,0.003545930376276374,0.00041774011333473027,0.0001508473651483655,0.0019051412818953395,3.10694522340782e-05,5.594495451077819e-05
members/member_586.png,0.014242419973015785,0.021444160491228104,0.008009991608560085,0.005952328443527222,0.004232829436659813,0.0006123192142695189,0.014918677508831024,0.011752801947295666,0.003060471499338746,0.007874988950788975,0.002109858440235257,0.00017961673438549042,0.002765967743471265,0.0008989755879156291,0.0001876786700449884,0.0010858008172363043,6.440294237108901e-05,3.754955105250701e-05
members/member_587.png,0.020468706265091896,0.020845523104071617,0.008673514239490032,0.006377268582582474,0.0017824165988713503,0.0003446312330197543,0.013333717361092567,0.008761443197727203,0.003203472588211298,0.004164380487054586,0.000780697853770107,8.374690514756367e-05,0.002395713236182928,0.0004314006946515292,0.00021067765192128718,0.001494044903665781,3.462940367171541e-05,6.487649807240814e-05
members/member_588.png,0.015949856489896774,0.02315589413046837,0.007186246104538441,0.006573618855327368,0.0028381349984556437,0.0006439251592382789,0.012511969543993473,0.010694826953113079,0.002768600592389703,0.005302556324750185,0.001000428106635809,0.00013099076750222594,0.0017344588413834572,0.0005297607276588678,0.00018821883713826537,0.0007406130898743868,4.57333771919366e-05,6.0515161749208346e-05
members/member_589.png,0.013489036820828915,0.007410690188407898,0.0033460576087236404,0.005082498770207167,0.0013357506832107902,0.00023358978796750307,0.011236827820539474,0.0032667997293174267,0.0012201718054711819,0.004520879592746496,0.0005342044751159847,6.492634565802291e-05,0.002383796963840723,0.00017747568199411035,0.00011726032244041562,0.0010582413524389267,3.505768472678028e-05,5.766027243225835e-05
members/member_590.png,0.014246046543121338,0.006613241974264383,0.0014092755736783147,0.00575823662802577,0.0013039932819083333,0.00011594917305046692,0.009985745884478092,0.0027386241126805544,0.0005263022612780333,0.004049638286232948,0.0006032983073964715,6.594857404707e-05,0.002886747708544135,0.0001584805577294901,7.796833961037919e-05,0.0013956429902464151,2.2344360331771895e-05,3.3345822885166854e-05
members/member_591.png,0.02049589902162552,0.014756397344172001,0.004633854143321514,0.005765324458479881,0.00250054569914937,0.000425598380388692,0.013333604671061039,0.007842407561838627,0.001749852322973311,0.004779841285198927,0.0016379947774112225,0.00012534607958514243,0.00432615214958787,0.000579926127102226,0.00014497492520604283,0.0022553931921720505,6.0674166888929904e-05,5.1218416047049686e-05
members/member_592.png,0.016132645308971405,0.025075126439332962,0.009546482935547829,0.007089392282068729,0.004372245632112026,0.0006857233238406479,0.014457703568041325,0.016195058822631836,0.0038969130255281925,0.004337359219789505,0.003134680911898613,0.0002659727178979665,0.002425778890028596,0.0011441971873864532,0.00022947657271288335,0.0005800535436719656,7.43290365790017e-05,5.7004570408025756e-05
members/member_593.png,0.013366762548685074,0.00864291563630104,0.0032613433431833982,0.00480608968064189,0.0011466966243460774,0.00016444353968836367,0.00906766764819622,0.0037450301460921764,0.0012002155417576432,0.004170350730419159,0.0005084783188067377,7.58892492740415e-05,0.001786799170076847,0.00019606943533290178,0.00010578240471659228,0.00091402797261253,3.5513745388016105e-05,3.163181463605724e-05
members/member_594.png,0.018717380240559578,0.006860477849841118,0.003383349161595106,0.009103951044380665,0.0010497454786673188,0.00014991089119575918,0.014827122911810875,0.002624476794153452,0.0012628519907593727,0.0063245403580367565,0.00041272572707384825,6.928729271749035e-05,0.0028135681059211493,0.00014057861699257046,0.00012849301856476814,0.0012181925121694803,3.026773629244417e-05,6.477303395513445e-05
members/member_595.png,0.014534072950482368,0.010462143458425999,0.004920467268675566,0.005291059613227844,0.0015224542003124952,0.00022297842951957136,0.008282185532152653,0.004285799339413643,0.0018429942429065704,0.0031574538443237543,0.0007960592047311366,8.712215640116483e-05,0.0010678018443286419,0.00020234491967130452,0.00014711276162415743,0.0006043113535270095,3.037796705029905e-05,7.182376430137083e-05
members/member_596.png,0.012267258018255234,0.011094854213297367,0.004465979523956776,0.005502038635313511,0.0024235376622527838,0.00047045748215168715,0.01184612512588501,0.0052746357396245,0.0016841645119711757,0.006611972581595182,0.0008829787257127464,0.00013020087499171495,0.0020421231165528297,0.0003136451996397227,0.00013114124885760248,0.0012213406153023243,4.685868043452501e-05,4.315084152040072e-05
members/member_597.png,0.02248379960656166,0.012336930260062218,0.004869936499744654,0.008074475452303886,0.0018471417715772986,0.00025978355552069843,0.018933095037937164,0.005047966260462999,0.0017958495300263166,0.006945925299078226,0.0007722516893409193,8.027518197195604e-05,0.0037007885985076427,0.00022104877280071378,0.00013728320482186973,0.001035224413499236,3.245574771426618e-05,6.267929711611941e-05
members/member_598.png,0.014274757355451584,0.010480742901563644,0.0022611538879573345,0.005356591194868088,0.0022441197652369738,0.0002365594991715625,0.010609108954668045,0.004683177452534437,0.0008443954866379499,0.004974388983100653,0.0009892003145068884,7.881008787080646e-05,0.0015780082903802395,0.0002166913473047316,0.00010849868704099208,0.0007963002426549792,3.840529825538397e-05,5.836958735017106e-05
members/member_599.png,0.01593540422618389,0.015352819114923477,0.004174100235104561,0.0070936065167188644,0.0022515952587127686,0.0003843644808512181,0.011023960076272488,0.0074487775564193726,0.0015564783243462443,0.004485803190618753,0.0012179156765341759,0.00010976092744385824,0.0017015439225360751,0.00039301998913288116,0.00011820245708804578,0.0010307144839316607,4.917897604173049e-05,3.643858872237615e-05
members/member_600.png,0.017446359619498253,0.015671029686927795,0.005493699107319117,0.005252431612461805,0.0033945327159017324,0.00042385177221149206,0.014790525659918785,0.007506000343710184,0.0021428437903523445,0.006364903878420591,0.0015672012232244015,0.0001323357573710382,0.0031149140559136868,0.0003449789364822209,0.00014426511188503355,0.0021175008732825518,3.915703564416617e-05,3.5686320188688114e-05
members/member_601.png,0.013173375278711319,0.02014816924929619,0.0049296109937131405,0.005401894450187683,0.00447379145771265,0.0006004300084896386,0.01263879518955946,0.013810895383358002,0.0022640505339950323,0.00607702462002635,0.0022190494928508997,0.00021060350991319865,0.005162898916751146,0.0009759595850482583,0.00016107145347632468,0.0024400001857429743,6.532546103699133e-05,3.581012424547225e-05
members/member_602.png,0.015268677845597267,0.012124624103307724,0.0029944046400487423,0.004796290770173073,0.002090633846819401,0.00015573293785564601,0.00984576903283596,0.005489043425768614,0.0011010108282789588,0.0031413089018315077,0.001139062806032598,7.18220035196282e-05,0.002805094700306654,0.00027002659044228494,0.00010976716293953359,0.0015324484556913376,3.2753694540588185e-05,4.632382479030639e-05
members/member_603.png,0.019750196486711502,0.02063625305891037,0.005233656615018845,0.0058640604838728905,0.0028091734275221825,0.00044616046943701804,0.013761517591774464,0.010366021655499935,0.0020150772761553526,0.00525205722078681,0.0015246772672981024,0.00011114816879853606,0.0027944548055529594,0.0006364159053191543,0.00014577378169633448,0.0013571465387940407,5.496857556863688e-05,4.6095865400275216e-05
members/member_604.png,0.015134833753108978,0.012784776277840137,0.004090722184628248,0.00599069707095623,0.0014367034891620278,0.0002707568637561053,0.010947494767606258,0.005307270213961601,0.001489019370637834,0.0038544952403753996,0.0007971960585564375,7.510597788495943e-05,0.0016255449736490846,0.0002703603240661323,0.00011893003829754889,0.000858097046148032,2.9489357984857634e-05,4.317916318541393e-05
members/member_605.png,0.013123232871294022,0.01039011962711811,0.0027285246178507805,0.005909963510930538,0.002263252856209874,0.0002097477117786184,0.007637124042958021,0.0044561270624399185,0.0010503176599740982,0.003679957939311862,0.00069357396569103,7.831196853658184e-05,0.003478651400655508,0.00024050232605077326,9.699216025182977e-05,0.0020309637766331434,2.754830893536564e-05,2.2908581740921363e-05
members/member_606.png,0.016158927232027054,0.024966657161712646,0.009813673794269562,0.005662592593580484,0.004225711803883314,0.00064956268761307,0.01197425089776516,0.01513948105275631,0.00397679815068841,0.0051665110513567924,0.002552978228777647,0.00021359433594625443,0.0014338063774630427,0.0010526578407734632,0.00022559001808986068,0.000612504780292511,5.1178612920921296e-05,5.051985863246955e-05
members/member_607.png,0.017480365931987762,0.009141474030911922,0.0033029138576239347,0.006536311935633421,0.0012996047735214233,0.00019486891687847674,0.013910183683037758,0.004014208447188139,0.0011954044457525015,0.006096037104725838,0.0008910151082091033,8.377664926229045e-05,0.002679672557860613,0.0001810608373489231,0.00010426074004499242,0.0015257797203958035,2.998218587890733e-05,3.448531060712412e-05
members/member_608.png,0.024604568257927895,0.019095266237854958,0.00826506968587637,0.006059048231691122,0.003068974707275629,0.00038938006036914885,0.019334429875016212,0.008872483856976032,0.002932474249973893,0.005979855544865131,0.0013834560522809625,8.014738705242053e-05,0.003598394338041544,0.0004256433167029172,0.00017831027798820287,0.0013678264804184437,3.9936003304319456e-05,4.1963514377130195e-05
members/member_609.png,0.012306291610002518,0.006564643234014511,0.0017921793041750789,0.004871968645602465,0.0014621092705056071,0.00017090365872718394,0.007855778560042381,0.002876616083085537,0.0006739273085258901,0.004579372704029083,0.0005644982447847724,7.724370516370982e-05,0.0029514222405850887,0.00015645206440240145,8.999994315672666e-05,0.0012797372182831168,3.088634184678085e-05,5.4941410780884326e-05
members/member_610.png,0.016604222357273102,0.02248809114098549,0.010340563021600246,0.005899058189243078,0.0032905861735343933,0.0007323980680666864,0.012657332234084606,0.011113450862467289,0.004042004235088825,0.0043463255278766155,0.001649240730330348,0.00020775805751327425,0.0015075026312842965,0.0005724162328988314,0.00023375271121039987,0.000503221875987947,4.314974648877978e-05,6.751723412889987e-05
members/member_611.png,0.01302872784435749,0.011901842430233955,0.005974550265818834,0.005184921436011791,0.0012174915755167603,0.0001616981317056343,0.008008227683603764,0.004754503257572651,0.002185785211622715,0.0037873045075684786,0.0004405663348734379,8.330293348990381e-05,0.0023173808585852385,0.0002393129252595827,0.00015009785420261323,0.001337350346148014,3.0977451388025656e-05,4.7240690037142485e-05
members/member_612.png,0.016907690092921257,0.01306391041725874,0.00298253889195621,0.0071099903434515,0.002539432607591152,0.00020425704133231193,0.012125415727496147,0.005042454227805138,0.001075865002349019,0.006126313470304012,0.0008738746400922537,0.0001010222767945379,0.002044167136773467,0.00024223577929660678,0.00010699059930630028,0.0009433928644284606,4.0953789721243083e-05,4.75492088298779e-05
members/member_613.png,0.016412382945418358,0.014682476408779621,0.0037455176934599876,0.006683137733489275,0.0039814370684325695,0.00033684750087559223,0.01187495980411768,0.008555703796446323,0.0013788428623229265,0.0038969318848103285,0.0018575695576146245,8.672527474118397e-05,0.001337710884399712,0.0005052553024142981,0.00012019872519886121,0.0004356925201136619,6.419628334697336e-05,4.995637937099673e-05
members/member_614.png,0.021273909136652946,0.022566648200154305,0.00745729822665453,0.007977650500833988,0.004224236588925123,0.000565399241168052,0.01644323021173477,0.011655130423605442,0.002858478808775544,0.0053773680701851845,0.0015018905978649855,0.0001257661497220397,0.0029359899926930666,0.0007207634043879807,0.00017429544823244214,0.0010876957094296813,6.016942279529758e-05,4.2419655073899776e-05
members/member_615.png,0.020651783794164658,0.012165664695203304,0.004441677592694759,0.00538031617179513,0.0018665813840925694,0.0003104129864368588,0.014826536178588867,0.005485047120600939,0.0017032235627993941,0.006111214403063059,0.00092926254728809,0.00010255197412334383,0.00232058297842741,0.0002529078919906169,0.00012173055438324809,0.0015448536723852158,2.8315309464232996e-05,3.9477450627600774e-05
members/member_616.png,0.01714123785495758,0.0128385154530406,0.00280270935036242,0.008723021484911442,0.002533883089199662,0.00026610703207552433,0.012611370533704758,0.0064377314411103725,0.0010497185867279768,0.005320882424712181,0.0008429032750427723,6.647385453106835e-05,0.0025021762121468782,0.00035203935112804174,9.939452866092324e-05,0.001533522387035191,3.7065474316477776e-05,4.1782797779887915e-05
members/member_617.png,0.015482778660953045,0.015364421531558037,0.008547288365662098,0.004634694196283817,0.002997178817167878,0.0005836948985233903,0.010880869813263416,0.007536730729043484,0.0033063997980207205,0.005160029977560043,0.001981271430850029,0.00012672031880356371,0.00186069100163877,0.0005665962235070765,0.00020359369227662683,0.0006812666542828083,7.506911060772836e-05,4.018176696263254e-05
members/member_618.png,0.018570564687252045,0.014683735556900501,0.01009956281632185,0.007073112763464451,0.002215940272435546,0.0008563558221794665,0.01600567065179348,0.006131903734058142,0.003947112709283829,0.006599017418920994,0.0008486475562676787,0.00017964855942409486,0.002676650183275342,0.00029700290178880095,0.00022666642325930297,0.0009587275562807918,2.914776086981874e-05,4.56806446891278e-05
members/member_619.png,0.014643187634646893,0.022777453064918518,0.007379261311143637,0.005434492602944374,0.0034769754856824875,0.0005458677769638598,0.011089247651398182,0.013070838525891304,0.003064836375415325,0.004581604152917862,0.0020913321059197187,0.0001395163417328149,0.003098077140748501,0.0008115122327581048,0.00019274288206361234,0.0015202348586171865,5.753668665420264e-05,5.026845610700548e-05
members/member_620.png,0.02013951539993286,0.011275235563516617,0.0036743925884366035,0.006959271151572466,0.001665079384110868,0.0002711192355491221,0.014279390685260296,0.004827488213777542,0.001392807113006711,0.004535340704023838,0.000592747877817601,0.00010245306475553662,0.0017747585661709309,0.00023365352535620332,0.00012108575901947916,0.0005999724962748587,2.74712892860407e-05,4.1689105273690075e-05
members/member_621.png,0.016651920974254608,0.009410989470779896,0.0029415052849799395,0.006548762321472168,0.0017506227595731616,0.00020966414012946188,0.011967017315328121,0.004015396349132061,0.0010799143929034472,0.004072617739439011,0.0010325971525162458,7.167217700043693e-05,0.0013207613956183195,0.00017286617367062718,9.688647696748376e-05,0.0005522909923456609,2.397133721387945e-05,3.7381527363322675e-05
members/member_622.png,0.020143575966358185,0.013444858603179455,0.007378267124295235,0.007887428626418114,0.002141686389222741,0.0005082007846795022,0.012469252571463585,0.005765465088188648,0.0028205132111907005,0.0046521807089447975,0.0009600928169675171,0.00018167380767408758,0.0025341880973428488,0.000305059744277969,0.00016504102677572519,0.001619210815988481,4.481985160964541e-05,3.022116288775578e-05
members/member_623.png,0.020138520747423172,0.024113163352012634,0.007847553119063377,0.006743782199919224,0.00396278640255332,0.00033154673292301595,0.01563134230673313,0.012810788117349148,0.0029336269944906235,0.005796987097710371,0.0013552478048950434,9.190358105115592e-05,0.0020142318680882454,0.0006821429706178606,0.00019061572675127536,0.000689116888679564,5.010114182368852e-05,5.084425356471911e-05
members/member_624.png,0.013763923197984695,0.021823987364768982,0.012954416684806347,0.006382728926837444,0.0032749648671597242,0.0010558241046965122,0.010833757929503918,0.012320000678300858,0.005474971141666174,0.00400952622294426,0.001376810483634472,0.0002843893598765135,0.002172430045902729,0.0007334832916967571,0.0002998470445163548,0.0007922851364128292,7.620852557010949e-05,5.680191679857671e-05
members/member_625.png,0.0162039827555418,0.027560362592339516,0.012086790055036545,0.006424897816032171,0.004596197046339512,0.0009641926153562963,0.013072744943201542,0.01640196144580841,0.0049320305697619915,0.005195959471166134,0.0025060060434043407,0.0001834061840781942,0.0025809509679675102,0.001048548612743616,0.0002652888942975551,0.0010412464616820216,6.255353946471587e-05,4.045422247145325e-05
members/member_626.png,0.015726393088698387,0.01217899564653635,0.0031886594370007515,0.006379303056746721,0.001984503585845232,0.00020181528816465288,0.010645948350429535,0.005201639141887426,0.0011881779646500945,0.004075382370501757,0.00046710463357158005,8.703012281330302e-05,0.0012143549975007772,0.0002745789533946663,0.00010992918396368623,0.0006982564809732139,2.6815501769306138e-05,5.09648525621742e-05
members/member_627.png,0.015100044198334217,0.011420588940382004,0.00338354310952127,0.0061838217079639435,0.0024774796329438686,0.00022349970822688192,0.010787373408675194,0.005129343830049038,0.0012554264394566417,0.00302512408234179,0.0012499643489718437,0.00013877802120987326,0.0010580027010291815,0.00029425040702335536,0.00011991745850536972,0.0005238616140559316,4.771068415720947e-05,5.5130749387899414e-05
members/member_628.png,0.014756965450942516,0.014262624084949493,0.006617822218686342,0.00678719487041235,0.0028835113625973463,0.0005091986968182027,0.013602247461676598,0.007109644822776318,0.0025537312030792236,0.005558195523917675,0.0017434973269701004,0.00014449123409576714,0.0022829920053482056,0.0003961196925956756,0.00016654575301799923,0.0006089606322348118,3.527473018039018e-05,4.247924152878113e-05
members/member_629.png,0.012343263253569603,0.012156839482486248,0.004361074883490801,0.005363254342228174,0.003124697133898735,0.00045032467460259795,0.008859056979417801,0.00798260048031807,0.0017876839265227318,0.0042817192152142525,0.002248151460662484,0.00012520526070147753,0.004080409649759531,0.0005912897759117186,0.00013372572720982134,0.0018645693780854344,4.9415655666962266e-05,4.328408613218926e-05
members/member_630.png,0.013197124004364014,0.02192620560526848,0.01638760045170784,0.0060922265984117985,0.004989737644791603,0.0014083180576562881,0.010978545062243938,0.011790642514824867,0.006949483882635832,0.005078188609331846,0.0017745252698659897,0.00029860661015845835,0.002771239960566163,0.0006821898859925568,0.0003636122855823487,0.0012873748783022165,5.379854701459408e-05,3.9956245018402115e-05
members/member_631.png,0.021717384457588196,0.02213028445839882,0.008867288008332253,0.00616723345592618,0.0022490289993584156,0.000528385688085109,0.01747717708349228,0.009722518734633923,0.0033864162396639585,0.006144064944237471,0.000912028830498457,0.00012887685443274677,0.0022129425778985023,0.00043385144090279937,0.0001955445040948689,0.0009263788815587759,2.4916083930293098e-05,2.75997408607509e-05
members/member_632.png,0.019777745008468628,0.028147738426923752,0.007498458493500948,0.008774942718446255,0.003533384995535016,0.0004951593582518399,0.0115311024710536,0.013668818399310112,0.0029606830794364214,0.004155408591032028,0.0013461668277159333,0.00014007146819494665,0.002087751869112253,0.0006875219405628741,0.00019590115698520094,0.0008591837831772864,4.1406001400901005e-05,5.64018300792668e-05
members/member_633.png,0.01608160324394703,0.021880319342017174,0.007446315139532089,0.005570828914642334,0.0032432114239782095,0.00046804590965621173,0.013216712512075901,0.009774379432201385,0.002824766095727682,0.005626507103443146,0.0012547863880172372,0.0001250298519153148,0.0017509821336716413,0.000510595622472465,0.00018023542361333966,0.0007721427245996892,4.464173980522901e-05,4.797677320311777e-05
members/member_634.png,0.01356683112680912,0.004931200761348009,0.0030178010929375887,0.0057329884730279446,0.0009727731812745333,0.00020501510880421847,0.008828368037939072,0.002012532437220216,0.0011346632381901145,0.004110833164304495,0.0004288230265956372,7.697716500842944e-05,0.0010165327694267035,0.00010322250454919413,0.00010973347525577992,0.000816596148069948,2.3667755158385262e-05,4.316625199862756e-05
members/member_635.png,0.01579321175813675,0.02117985300719738,0.008421696722507477,0.0046401917934417725,0.003448553616181016,0.0008430576999671757,0.015172078274190426,0.012141697108745575,0.0033766860142350197,0.005745724309235811,0.0021060968283563852,0.00023065715504344553,0.004601421765983105,0.0008764475351199508,0.00021795839711558074,0.0008989610360004008,5.4049705795478076e-05,5.318605690263212e-05
members/member_636.png,0.020115820690989494,0.009644728153944016,0.0033088219352066517,0.006541003473103046,0.001220096368342638,0.00012281913950573653,0.010325372219085693,0.003557592397555709,0.0012425846653059125,0.004568572621792555,0.0004692985094152391,7.10058884578757e-05,0.0019163313554599881,0.00018192612333223224,0.00011668253864627331,0.001236576004885137,2.212612707808148e-05,4.9282774853054434e-05
members/member_637.png,0.019388537853956223,0.016956275328993797,0.020161719992756844,0.007922079414129257,0.0033457179088145494,0.0007677522953599691,0.016520442441105843,0.009198249317705631,0.007684862706810236,0.007350468076765537,0.0022730370983481407,0.0002941913262475282,0.002826158655807376,0.0006341596599668264,0.00037676282227039337,0.0006909175426699221,7.566820568172261e-05,2.7321786546963267e-05
members/member_638.png,0.012750807218253613,0.013873814605176449,0.004408585838973522,0.006042830646038055,0.0020912098698318005,0.00033952799276448786,0.00982853677123785,0.006496236193925142,0.0016860670875757933,0.004037320613861084,0.0009239010396413505,0.00011117725080111995,0.0015355884097516537,0.00033080845605582,0.00014191771333571523,0.0007890805136412382,2.7230489649809897e-05,4.582620385917835e-05
members/member_639.png,0.020822076126933098,0.023264188319444656,0.008276527747511864,0.007566577754914761,0.003735702019184828,0.0005740132182836533,0.016195764765143394,0.013280384242534637,0.003262931713834405,0.007681416813284159,0.002820742316544056,0.00018844161240849644,0.003139724023640156,0.0009797115344554186,0.00019695529772434384,0.001628304598852992,9.413325460627675e-05,3.5094504710286856e-05
members/member_640.png,0.015318985097110271,0.010317261330783367,0.00372968427836895,0.005355777218937874,0.0016629151068627834,0.00022069408441893756,0.012877488508820534,0.005162334535270929,0.0013751296792179346,0.00496922479942441,0.0011764874216169119,8.961905405158177e-05,0.0018242112128064036,0.0003202087536919862,0.00012613594299182296,0.0007647824822925031,3.939595626434311e-05,5.518654143088497e-05
members/member_641.png,0.015197236090898514,0.010793379507958889,0.0030343635007739067,0.004680303391069174,0.0018929137149825692,0.0003702908579725772,0.01134524680674076,0.005217626690864563,0.0012354827485978603,0.005193536169826984,0.0009895901894196868,0.00013774738181382418,0.0013992928434163332,0.00027702050283551216,0.00011751811689464375,0.0007290968205779791,4.00396493205335e-05,4.3964242649963126e-05
members/member_642.png,0.014865261502563953,0.012551497668027878,0.004646358545869589,0.005724223330616951,0.0022046337835490704,0.0003955521679017693,0.013890054076910019,0.0066161989234387875,0.0018166420049965382,0.005836899392306805,0.001489854184910655,9.267339919460937e-05,0.0029347208328545094,0.00037337071262300014,0.0001328146900050342,0.0008707584929652512,3.954657950089313e-05,3.47831410181243e-05
members/member_643.png,0.01314795296639204,0.007744627073407173,0.0020487408619374037,0.00460929237306118,0.0014478181255981326,0.00017304066568613052,0.009104635566473007,0.0032282602041959763,0.0007784286281093955,0.00429881177842617,0.0004081506049260497,6.181735807331279e-05,0.004502213094383478,0.00017030455637723207,9.188893454847857e-05,0.0025676253717392683,3.0050701752770692e-05,4.7784233174752444e-05
members/member_644.png,0.01820402592420578,0.009496653452515602,0.003227110719308257,0.0058460780419409275,0.001192479394376278,0.0002524186566006392,0.013218982145190239,0.004080733750015497,0.001251760171726346,0.005213315598666668,0.0006167453248053789,9.246785339200869e-05,0.0013860325561836362,0.00020649470388889313,0.00011406226258259267,0.0008820104994811118,2.6844534659176134e-05,4.518730565905571e-05
members/member_645.png,0.01967047154903412,0.023244814947247505,0.007527476642280817,0.00631678756326437,0.003418018575757742,0.0004255514941178262,0.016365934163331985,0.010756738483905792,0.0027992408722639084,0.00550122233107686,0.002002404071390629,0.00014202519378159195,0.0028581065125763416,0.0005481995176523924,0.00018988495867233723,0.0008751265122555196,4.478174014366232e-05,5.075324952485971e-05
members/member_646.png,0.015879211947321892,0.01872747577726841,0.007631273940205574,0.005497379694133997,0.00263926456682384,0.000500379828736186,0.01224883459508419,0.008484415709972382,0.0028322315774858,0.004635416436940432,0.0014360115164890885,0.00014626911433879286,0.0015666275285184383,0.0004291259392630309,0.00018078694120049477,0.0006645554094575346,4.176300353719853e-05,3.795744851231575e-05
members/member_647.png,0.01898811385035515,0.022452786564826965,0.014477594755589962,0.0066929711028933525,0.0048734587617218494,0.001153238001279533,0.01582224667072296,0.01209577638655901,0.005812480580061674,0.007582063786685467,0.0018730697920545936,0.00025342684239149094,0.003144417889416218,0.0006453488604165614,0.0003161370987072587,0.0007581296958960593,4.2911837226711214e-05,7.111227751011029e-05
members/member_648.png,0.017684731632471085,0.019806992262601852,0.00707088690251112,0.006081758067011833,0.0042057824321091175,0.0003753092896658927,0.015607792884111404,0.011254524812102318,0.0027549350634217262,0.005292848218232393,0.001687882817350328,0.00011679891758831218,0.0016328784404322505,0.0006418856792151928,0.00016891145787667483,0.0006599121843464673,4.4831293052993715e-05,3.7334582884795964e-05
members/member_649.png,0.011222911067306995,0.005920816212892532,0.0016972324810922146,0.005790614057332277,0.0010966421104967594,0.00019549067656043917,0.008303237147629261,0.0022416485007852316,0.0006408340996131301,0.003469635033980012,0.000460066890809685,7.019686017883942e-05,0.002244169358164072,9.561167826177552e-05,7.572321192128584e-05,0.0011806957190856338,2.0825356841669418e-05,3.1225292332237586e-05
members/member_650.png,0.017006458714604378,0.030132483690977097,0.01621791161596775,0.0051405178382992744,0.003309410996735096,0.001027273596264422,0.012683205306529999,0.013986533507704735,0.0062985788099467754,0.005405334755778313,0.0010972988093271852,0.0002721834753174335,0.0017717257142066956,0.0006963160703890026,0.0003189903509337455,0.0010135278571397066,4.0641800296725705e-05,3.9048391045071185e-05
members/member_651.png,0.011928870342671871,0.012481499463319778,0.0032083916012197733,0.00475383922457695,0.003359421854838729,0.0005887594306841493,0.009465736337006092,0.008245444856584072,0.001352124847471714,0.004182058852165937,0.0021777437068521976,0.00013268891780171543,0.0035262885503470898,0.0005164154572412372,0.0001228898618137464,0.0022646202705800533,4.220685514155775e-05,4.7401332267327234e-05
members/member_652.png,0.012998975813388824,0.003238663077354431,0.0009895910043269396,0.005593159701675177,0.0014483077684417367,0.00014229788212105632,0.012186345644295216,0.0015942264581099153,0.00037956220330670476,0.006314228754490614,0.0007710271747782826,6.216138717718422e-05,0.0017097698291763663,9.110835526371375e-05,8.24921007733792e-05,0.0007705221651121974,2.5559427740518004e-05,5.176558261155151e-05
members/member_653.png,0.013447851873934269,0.017085643485188484,0.011099307797849178,0.005926351062953472,0.0016456828452646732,0.0003655332839116454,0.008535143919289112,0.006814832799136639,0.004068278707563877,0.004764847923070192,0.000660808989778161,7.016852032393217e-05,0.0017103153513744473,0.00033139094011858106,0.00022729624470230192,0.000995167065411806,3.294476118753664e-05,3.458639184827916e-05
members/member_654.png,0.01825767569243908,0.019297873601317406,0.007359085138887167,0.0077332197688519955,0.0035887788981199265,0.0004968332359567285,0.013224647380411625,0.009658651426434517,0.0028158354107290506,0.004516365937888622,0.001283173798583448,0.00011232866381760687,0.0017737511079758406,0.0005300358170643449,0.0001842007477534935,0.0008702155319042504,4.973576869815588e-05,4.4045165850548074e-05
members/member_655.png,0.015414636582136154,0.019360672682523727,0.009288674220442772,0.005675466265529394,0.0037276928778737783,0.0006243716925382614,0.013392294757068157,0.010640578344464302,0.003893099958077073,0.007097943685948849,0.0017054397612810135,0.00015526451170444489,0.0022632451727986336,0.0006742427358403802,0.00021718723291996866,0.0014016993809491396,4.90186175738927e-05,3.632523294072598e-05
members/member_656.png,0.012570786289870739,0.01797271892428398,0.006164955906569958,0.0056903176009655,0.0045152814127504826,0.00036393734626471996,0.007364511489868164,0.009984748438000679,0.0023769328836351633,0.002999022603034973,0.0022318221163004637,0.00010000796464737505,0.000985963037237525,0.0005971461650915444,0.00014948345778975636,0.000758857058826834,5.9096491895616055e-05,3.2472755265189335e-05
members/member_657.png,0.013891973532736301,0.0035519059747457504,0.0016600623494014144,0.006371479947119951,0.0008725972729735076,0.00011364415695425123,0.01182696782052517,0.0014825442340224981,0.0006458826828747988,0.005830604117363691,0.0005576816038228571,6.820041744504124e-05,0.002821209840476513,7.595059287268668e-05,8.319364133058116e-05,0.0013573123142123222,1.799582787498366e-05,2.7662730644806288e-05
members/member_658.png,0.01686173863708973,0.017932144924998283,0.006179096642881632,0.006196666043251753,0.002745889825746417,0.00044964722474105656,0.012374426238238811,0.007410004269331694,0.002281875116750598,0.004643848165869713,0.0011314821895211935,0.00010638268577167764,0.0024812640622258186,0.000394942908314988,0.00015246676048263907,0.0014498388627544045,3.9216349250636995e-05,5.17085863975808e-05
members/member_659.png,0.014042943716049194,0.009897353127598763,0.006197499111294746,0.005763322114944458,0.002022317610681057,0.00045399044756777585,0.011336280032992363,0.004155428614467382,0.0023538186214864254,0.005260528065264225,0.0010785387130454183,0.00014409166760742664,0.004416352137923241,0.0002027311857091263,0.00016739580314606428,0.002562187612056732,2.9061231543892063e-05,4.6594861487392336e-05
members/member_660.png,0.022101828828454018,0.018585121259093285,0.009266394190490246,0.00598452053964138,0.002396328840404749,0.000584638852160424,0.013424097560346127,0.008437967859208584,0.0035996316000819206,0.003299287287518382,0.0013568599242717028,0.0001515380572527647,0.0022961818613111973,0.000529150536749512,0.00021025385649409145,0.0008367738919332623,5.2727715228684247e-05,3.630662467912771e-05
members/member_661.png,0.01653963141143322,0.015211851336061954,0.010051518678665161,0.0070368279702961445,0.0027716774493455887,0.0003987200325354934,0.01234446745365858,0.0065406919457018375,0.003768366063013673,0.004023836925625801,0.0008531271596439183,0.00012451513612177223,0.0013741286238655448,0.00034258916275575757,0.0002225012140115723,0.0007616892107762396,4.324435576563701e-05,4.681118662119843e-05
members/member_662.png,0.01412881538271904,0.009194639511406422,0.0022725348826497793,0.007051668595522642,0.0018030995270237327,0.00019385454652365297,0.01098462101072073,0.0042394776828587055,0.0008977947290986776,0.0033663855865597725,0.0008453157497569919,9.027393389260396e-05,0.0018173039425164461,0.00022230378817766905,0.00010698888218030334,0.0007818345911800861,3.618923437898047e-05,6.412366928998381e-05
members/member_663.png,0.016308467835187912,0.0179104283452034,0.009352866560220718,0.00520126661285758,0.002809306839480996,0.0009599860059097409,0.013424433767795563,0.009974987246096134,0.003908532205969095,0.004862564150243998,0.0022360519506037235,0.000241916612139903,0.0020787387620657682,0.0006935160490684211,0.00022839155280962586,0.0006810974446125329,6.327359733404592e-05,4.6291432227008045e-05
members/member_664.png,0.01705934852361679,0.019804522395133972,0.010211625136435032,0.004130132962018251,0.002748267725110054,0.00043718228698708117,0.01356598176062107,0.008527961559593678,0.0037724010180681944,0.0046760221011936665,0.0012027533957734704,0.00012894805695395917,0.00215775310061872,0.00040612980956211686,0.00022074322623666376,0.001139876083470881,4.39078503404744e-05,4.83724579680711e-05
members/member_665.png,0.016179269179701805,0.019688135012984276,0.005010852124541998,0.007474938407540321,0.0031320599373430014,0.0006027729832567275,0.013899246230721474,0.011668386869132519,0.0019803671166300774,0.005113859660923481,0.002369373571127653,0.0001692924415692687,0.0026213594246655703,0.0010060950880870223,0.00014491830370388925,0.0007319196593016386,9.024254541145638e-05,3.542477134033106e-05
members/member_666.png,0.016831612214446068,0.008986561559140682,0.00228769239038229,0.00757889449596405,0.0017340260092169046,0.00021140904573258013,0.010979861952364445,0.0036516240797936916,0.0008433046750724316,0.005189206451177597,0.0005103329312987626,8.138104749377817e-05,0.0015271735610440373,0.00018248548440169543,9.205358946928754e-05,0.0008075117948465049,2.8149983336334117e-05,3.5550783650251105e-05
members/member_667.png,0.014403198845684528,0.02232588455080986,0.01102190837264061,0.005425984039902687,0.003076171735301614,0.0005113798542879522,0.011728635057806969,0.011156320571899414,0.00415079714730382,0.00463810795918107,0.0011826534755527973,0.00014980838750489056,0.0023560437839478254,0.0006047659553587437,0.00024024158483371139,0.0014133411459624767,4.0688308217795566e-05,3.858334093820304e-05
members/member_668.png,0.013362478464841843,0.010359943844377995,0.00354492268525064,0.005250259768217802,0.001986052840948105,0.00023924157721921802,0.009011476300656796,0.0038848111871629953,0.0013185238931328058,0.0049228002317249775,0.0006336720543913543,6.689543806714937e-05,0.002837491687387228,0.00018246339459437877,0.000118055751954671,0.0017623109742999077,2.3817368855816312e-05,4.7834688302828e-05
members/member_669.png,0.017032675445079803,0.019018886610865593,0.009308329783380032,0.006473170593380928,0.003496150253340602,0.000696333940140903,0.011553900316357613,0.010791472159326077,0.003914882428944111,0.004858698695898056,0.0031784293241798878,0.00024184062203858048,0.0021118412259966135,0.0013451159466058016,0.00023008216521702707,0.0008506553713232279,8.577072730986401e-05,3.9192469557747245e-05
members/member_670.png,0.015942702069878578,0.026436680927872658,0.011535091325640678,0.005108166951686144,0.004778100643306971,0.001143065863288939,0.011952901259064674,0.014518103562295437,0.004664604552090168,0.0036304201930761337,0.0017809083219617605,0.00023646630870644003,0.0016160032246261835,0.0007926985854282975,0.0002643115585669875,0.0007160460809245706,3.4827677154680714e-05,4.658505349652842e-05
members/member_671.png,0.015680519863963127,0.011700558476150036,0.007311301771551371,0.004910509567707777,0.0017876307247206569,0.00034799345303326845,0.012474075891077518,0.00520327128469944,0.0027220011688768864,0.006154436618089676,0.0010438724420964718,0.00010486432438483462,0.002702641999348998,0.0002200695307692513,0.00016590938321314752,0.0008264565840363503,2.545983443269506e-05,4.174456262262538e-05
members/member_672.png,0.01763327233493328,0.022145213559269905,0.01645001769065857,0.006219709757715464,0.003165649948641658,0.0008881991379894316,0.014947112649679184,0.010470341891050339,0.006396308541297913,0.005885142832994461,0.0012012994848191738,0.00020318219321779907,0.0022261887788772583,0.0005197468562982976,0.00033146599889732897,0.0008380567305721343,3.611655120039359e-05,2.91422002192121e-05
members/member_673.png,0.029093336313962936,0.02181156352162361,0.0074893273413181305,0.009528537280857563,0.002681564772501588,0.00037814825191162527,0.020652534440159798,0.00982283428311348,0.0027877334505319595,0.00583916250616312,0.0010075350292026997,0.00013267075701151043,0.0020165760070085526,0.00045329966815188527,0.00016863989003468305,0.0008506355807185173,2.7200549084227532e-05,4.385257852845825e-05
members/member_674.png,0.016073450446128845,0.018529366701841354,0.005821185186505318,0.005688099190592766,0.004630583804100752,0.0005022776895202696,0.012849932536482811,0.008548586629331112,0.0022689662873744965,0.005614354740828276,0.0016640020767226815,0.00014818883209954947,0.004426189232617617,0.0005553582450374961,0.00015278387581929564,0.0024686555843800306,7.522819214500487e-05,4.823038398171775e-05
members/member_675.png,0.014334773644804955,0.018115127459168434,0.008796922862529755,0.0060173338279128075,0.004436197225004435,0.0005869849119335413,0.00943717360496521,0.009958947077393532,0.003334814216941595,0.003805763553828001,0.0018507380736991763,0.00012707641872111708,0.0010919119231402874,0.0006266681011766195,0.00019069635891355574,0.00042544541065581143,5.1727667596424e-05,3.429690332268365e-05
members/member_676.png,0.014641506597399712,0.01483991276472807,0.0077018956653773785,0.007314539980143309,0.0019789545331150293,0.0002527385950088501,0.010248622857034206,0.006186839193105698,0.00283899437636137,0.0046036383137106895,0.0007067652186378837,8.604087634012103e-05,0.0043149469420313835,0.00031379141728393734,0.00018926506163552403,0.002378817880526185,4.194986104266718e-05,5.235803473624401e-05
members/member_677.png,0.014831652864813805,0.024106374010443687,0.016864897683262825,0.005818881094455719,0.0043432945385575294,0.0010079275816679,0.008596493862569332,0.011345298029482365,0.006593000143766403,0.003493512747809291,0.001819151104427874,0.00024667041725479066,0.0013697552494704723,0.000606846937444061,0.000345977779943496,0.0007290004286915064,6.640045467065647e-05,9.86217928584665e-05
members/member_678.png,0.01834889128804207,0.014041776768863201,0.006901864428073168,0.005902602802962065,0.0017511913320049644,0.00043050621752627194,0.013457229360938072,0.005837485659867525,0.0026250798255205154,0.004738734569400549,0.0005770544521510601,0.00015228659322019666,0.0015613855794072151,0.00028745265444740653,0.00016272268840111792,0.0006398826953954995,2.2507952962769195e-05,3.1279032555175945e-05
members/member_679.png,0.013674706220626831,0.010096652433276176,0.0039938404224812984,0.007289192173629999,0.0017244989285245538,0.00020016086637042463,0.010439855977892876,0.004425813909620047,0.0014579445123672485,0.004864421207457781,0.0009222519584000111,8.634697587694973e-05,0.0010845583165064454,0.00024831551127135754,0.00012840986892115325,0.0006110750255174935,4.278951382730156e-05,5.687937664333731e-05
members/member_680.png,0.017551101744174957,0.011433018371462822,0.004403732251375914,0.00572177255526185,0.0015794311184436083,0.0001720760337775573,0.012343809939920902,0.004856583196669817,0.0015918308636173606,0.005087956786155701,0.000633490621112287,6.107073568273336e-05,0.0021005584858357906,0.00026687292847782373,0.00013577047502622008,0.0007844587089493871,3.951853432226926e-05,6.0880112869199365e-05
members/member_681.png,0.013215756043791771,0.014888813719153404,0.0067610288970172405,0.00534029072150588,0.0031610343139618635,0.00063128030160442,0.009792144410312176,0.010478568263351917,0.0028161758091300726,0.0047661317512393,0.003758079372346401,0.00020303229393903166,0.0035728984512388706,0.001120041823014617,0.00018746333080343902,0.0012044451432302594,9.492934623267502e-05,4.231030834489502e-05
members/member_682.png,0.02221781201660633,0.03047957271337509,0.010326303541660309,0.0055222054943442345,0.00349842244759202,0.00064268265850842,0.016157958656549454,0.016037484630942345,0.004007130861282349,0.005018909461796284,0.0014181883307173848,0.00015506499039474875,0.0015417039394378662,0.0008075921214185655,0.00021906601614318788,0.0005861539975740016,3.8163201679708436e-05,4.2008749005617574e-05
members/member_683.png,0.016240378841757774,0.01302854809910059,0.004133213311433792,0.006001546513289213,0.002816899912431836,0.00023182113363873214,0.01309039443731308,0.005555620416998863,0.0015430923085659742,0.006122431717813015,0.0007691833889111876,6.37345583527349e-05,0.001747003523632884,0.0002786327968351543,0.00013025333464611322,0.0007510031573474407,2.3883787434897386e-05,5.061036063125357e-05
members/member_684.png,0.014620994217693806,0.009516148827970028,0.004185873549431562,0.006255764048546553,0.0019544807728379965,0.0002628839574754238,0.008661136962473392,0.0042547439225018024,0.001562065677717328,0.003422908252105117,0.0010177750373259187,9.957909787772223e-05,0.0014461874961853027,0.00024151762772817165,0.00013178274093661457,0.0005935571971349418,4.100233854842372e-05,5.760194835602306e-05
members/member_685.png,0.017616629600524902,0.014497232623398304,0.004788466729223728,0.007142164278775454,0.002138343174010515,0.000261035660514608,0.012069368734955788,0.006706767249852419,0.0017980784177780151,0.003772929310798645,0.0008969038026407361,9.069878433365375e-05,0.0016418584855273366,0.0003159880288876593,0.00012858177069574594,0.000603865715675056,3.087219374720007e-05,3.0416998924920335e-05
members/member_686.png,0.01703624427318573,0.016837777569890022,0.0032386528328061104,0.005441089626401663,0.002331624971702695,0.00022304712911136448,0.011683451943099499,0.008212917484343052,0.001193671370856464,0.005240565165877342,0.0009549157693982124,7.688959885854274e-05,0.0014883079566061497,0.0004315389378461987,0.00010814769484568387,0.0006771736079826951,3.894239853252657e-05,4.157131115789525e-05
members/member_687.png,0.014817681163549423,0.015108712017536163,0.004989910870790482,0.005357303656637669,0.002629900351166725,0.000309568626107648,0.010477250441908836,0.006749593187123537,0.0018761273240670562,0.003962819930166006,0.0010528392158448696,0.00010799337178468704,0.0009678050992079079,0.00036126223858445883,0.00014089098840486258,0.0005491379415616393,4.202371565042995e-05,5.237941149971448e-05
members/member_688.png,0.028815556317567825,0.01709524355828762,0.006486760452389717,0.008035358041524887,0.001984597882255912,0.0002639756421558559,0.02300732210278511,0.007746248040348291,0.0024818377569317818,0.007466179318726063,0.0009106397046707571,8.837159839458764e-05,0.003596964990720153,0.00039889500476419926,0.0001584911224199459,0.0010721274884417653,4.012496356153861e-05,3.7170600990066305e-05
members/member_689.png,0.015477069653570652,0.013983916491270065,0.006661446299403906,0.006307859439402819,0.0026231263764202595,0.0003588147519621998,0.012546339072287083,0.0059445761144161224,0.0025217588990926743,0.005189997609704733,0.0010582483373582363,0.00011370002903277054,0.0017955757211893797,0.0003010491782333702,0.00015916342090349644,0.0011806822149083018,3.214453317923471e-05,3.7481800973182544e-05
members/member_690.png,0.013874915428459644,0.01069324929267168,0.0030595301650464535,0.006025750655680895,0.0030778690706938505,0.0003868275962304324,0.012476043775677681,0.006336834281682968,0.0012220345670357347,0.004790189675986767,0.0017640208825469017,9.779987158253789e-05,0.0029280525632202625,0.0003983159258496016,0.00011506630835356191,0.0008346299291588366,3.5405479138717055e-05,4.4887532567372546e-05
members/member_691.png,0.019139986485242844,0.00952243059873581,0.004143009893596172,0.007354296278208494,0.0015663652447983623,0.000334171112626791,0.014582855626940727,0.004341027233749628,0.001580642769113183,0.0069569977931678295,0.0006398739642463624,8.268956298707053e-05,0.0025942784268409014,0.00021242651564534754,0.00012523533951025456,0.0011524141300469637,2.9206348699517548e-05,4.179574170848355e-05
members/member_692.png,0.018102478235960007,0.015254856087267399,0.004882365930825472,0.006200582254678011,0.0030828409362584352,0.0002595081168692559,0.012405420653522015,0.006961106788367033,0.0018194523872807622,0.005321783944964409,0.0011401730589568615,7.71799823269248e-05,0.0019889131654053926,0.0004034966987092048,0.00013863356434740126,0.0006667879060842097,5.124081508256495e-05,4.3142088543390855e-05
members/member_693.png,0.018908372148871422,0.01892889477312565,0.004533641505986452,0.006615864112973213,0.0037266844883561134,0.0003061947354581207,0.013498758897185326,0.009902937337756157,0.0017646552296355367,0.0055517940782010555,0.0016103246016427875,0.00012201625213492662,0.0032468694262206554,0.0005372408195398748,0.00012937515566591173,0.0015269228024408221,4.840117253479548e-05,3.292876863270067e-05
members/member_694.png,0.012133751064538956,0.012609994038939476,0.0063874381594359875,0.003515971824526787,0.001374272396788001,0.00021583928901236504,0.007420356851071119,0.00509665347635746,0.0023515725042670965,0.003239968791604042,0.0007003144710324705,9.105839853873476e-05,0.0020225944463163614,0.00025163625832647085,0.00015422677097376436,0.0017356377793475986,2.989140193676576e-05,4.234730658936314e-05
members/member_695.png,0.01650804653763771,0.019353605806827545,0.006428546737879515,0.006563517265021801,0.003250645473599434,0.00034677941584959626,0.012616368941962719,0.00917543563991785,0.0024371391627937555,0.005228764843195677,0.0015772967599332333,0.00010510944412089884,0.0018084074836224318,0.0005564182647503912,0.00016171755851246417,0.000996590475551784,5.641780808218755e-05,4.09862695960328e-05
members/member_696.png,0.014512930065393448,0.016062308102846146,0.006994117051362991,0.007053777575492859,0.002255465369671583,0.00048565634642727673,0.010346599854528904,0.007568584755063057,0.002598439808934927,0.004467197228223085,0.0009937301510944963,9.252850577468053e-05,0.0019293763907626271,0.00042390439193695784,0.00017578862025402486,0.001289642765186727,3.983351052738726e-05,5.563786544371396e-05
members/member_697.png,0.014794588088989258,0.026150761172175407,0.008949115872383118,0.006936090532690287,0.004147661384195089,0.0006226982804946601,0.01350049115717411,0.01301593892276287,0.0035973503254354,0.00534485699608922,0.0013807672075927258,0.0001526694104541093,0.0034371984656900167,0.0006586714298464358,0.00022236989752855152,0.0013785588089376688,3.944940908695571e-05,7.203669520094991e-05
members/member_698.png,0.0181885939091444,0.02506018616259098,0.01117025874555111,0.005256378557533026,0.004182663280516863,0.0006912548560649157,0.015763306990265846,0.014897208660840988,0.004560994450002909,0.006794310640543699,0.002208463381975889,0.0001720806467346847,0.002663680352270603,0.0009434901876375079,0.00024833553470671177,0.0006630434072576463,4.688367334892973e-05,3.465775080258027e-05
members/member_699.png,0.019503556191921234,0.023968201130628586,0.012342526577413082,0.006600591354072094,0.0029729241505265236,0.0005249155801720917,0.015069273300468922,0.010865529999136925,0.004629785194993019,0.005810968112200499,0.0012389706680551171,0.0001624948636163026,0.002011203672736883,0.0005110832280479372,0.000243368573137559,0.0004989459994249046,2.6789644834934734e-05,4.29103420174215e-05
members/member_700.png,0.013929283246397972,0.017606882378458977,0.0056013073772192,0.004969358444213867,0.0029644169844686985,0.000525048584677279,0.01196275744587183,0.010573183186352253,0.0024329819716513157,0.004664480220526457,0.002319008344784379,0.0001502731756772846,0.003113290062174201,0.0008016952779144049,0.00016939245688263327,0.0013744670432060957,5.98911356064491e-05,3.3658594475127757e-05
members/member_701.png,0.023356223478913307,0.023952316492795944,0.008113651536405087,0.0065461513586342335,0.0028704588767141104,0.0003755874640773982,0.014222132042050362,0.01035361085087061,0.0029712850227952003,0.003221892286092043,0.0008876176434569061,8.383024396607652e-05,0.0014103645225986838,0.0005021914257667959,0.00018222734797745943,0.0006724119884893298,3.665696203825064e-05,4.4182361307321116e-05
members/member_702.png,0.014917700551450253,0.01524193026125431,0.007814940996468067,0.006809421814978123,0.00538091454654932,0.0011005393462255597,0.01790553331375122,0.012023224495351315,0.003914108499884605,0.010087086819112301,0.002804524265229702,0.00039868050953373313,0.004417894873768091,0.0009215648751705885,0.00023173747467808425,0.0015871083596721292,5.5187992984429e-05,3.996799568994902e-05
members/member_703.png,0.014732603915035725,0.019333917647600174,0.010778432711958885,0.004850529599934816,0.0033825470600277185,0.0006556466105394065,0.009903202764689922,0.009637764655053616,0.004142720252275467,0.004244016483426094,0.0012115089921280742,0.00016526338004041463,0.0020183357410132885,0.0005072100320830941,0.00024078393471427262,0.0010645887814462185,3.9542657759739086e-05,5.132931255502626e-05
members/member_704.png,0.017249317839741707,0.007402298506349325,0.0031004028860479593,0.006206344813108444,0.0016457143938168883,0.00020365997625049204,0.009676283225417137,0.0032982793636620045,0.0011736097512766719,0.004402519669383764,0.0007038121111690998,0.00010342628957005218,0.0016005388461053371,0.0001767860521795228,0.00013063062215223908,0.0009904206963256001,3.417387051740661e-05,8.447496657026932e-05
members/member_705.png,0.014869659207761288,0.02147183008491993,0.004372702445834875,0.004835968371480703,0.003653038525953889,0.0002520125708542764,0.009053400717675686,0.010585264302790165,0.001630433020181954,0.0035842503421008587,0.001525985891930759,9.91244669421576e-05,0.0013429038226604462,0.0005847219144925475,0.0001435828162357211,0.0009698329376988113,5.928584505454637e-05,6.270767335081473e-05
members/member_706.png,0.013539818115532398,0.006820048205554485,0.0023583557922393084,0.006331644020974636,0.0020915179047733545,0.00023615173995494843,0.009302519261837006,0.0031362324953079224,0.0009181262576021254,0.004371368791908026,0.0007194082136265934,9.735471394378692e-05,0.0014587315963581204,0.0002138333220500499,0.00010963719250867143,0.0008811047882772982,4.132203685003333e-05,4.658231046050787e-05
members/member_707.png,0.025235483422875404,0.024182509630918503,0.010458847507834435,0.009455658495426178,0.0028298706747591496,0.00044046033872291446,0.02212042734026909,0.012069934979081154,0.0038996203802525997,0.00676377210766077,0.0011594672687351704,0.00011131766223115847,0.0022625597193837166,0.0006144308717921376,0.00021869824558962137,0.00114668277092278,3.452693636063486e-05,3.6295259633334354e-05
members/member_708.png,0.01581546850502491,0.01351731177419424,0.005396392196416855,0.005702293943613768,0.0020525315776467323,0.00035675379331223667,0.010215594433248043,0.00566203473135829,0.001993145328015089,0.004684261977672577,0.0006249886355362833,7.677933172089979e-05,0.0014332650462165475,0.0002962550497613847,0.00012630426499526948,0.0009880810976028442,3.6994748370489106e-05,2.1346739231375977e-05
members/member_709.png,0.02025383897125721,0.023471586406230927,0.006410742178559303,0.0067057847045362,0.0033249035477638245,0.0003954402927774936,0.01546607818454504,0.011369159445166588,0.002477566944435239,0.005468652583658695,0.0015950662782415748,0.00013651444169227034,0.002851972822099924,0.0005413508042693138,0.00016437444719485939,0.0011794660240411758,3.3735439501469955e-05,4.620383333531208e-05
members/member_710.png,0.017635101452469826,0.028655940666794777,0.012026176787912846,0.00567490654066205,0.0037632803432643414,0.0005669859237968922,0.014080960303544998,0.014873112551867962,0.0046638916246593,0.005787727888673544,0.0017199789872393012,0.00013394955021794885,0.002690116176381707,0.0007527369889430702,0.00024473786470480263,0.001256146701052785,4.834462743019685e-05,3.6562927562044933e-05
members/member_711.png,0.014539370313286781,0.017903819680213928,0.009886237792670727,0.006589123513549566,0.0036406656727194786,0.0008215234847739339,0.010112719610333443,0.010371429845690727,0.00425946619361639,0.0035683796741068363,0.0019185473211109638,0.00021897739497944713,0.0023097919765859842,0.0006555739673785865,0.00025120514328591526,0.0012696582125499845,5.5919692385941744e-05,4.600088868755847e-05
members/member_712.png,0.01528111845254898,0.026932939887046814,0.008324690163135529,0.006610726937651634,0.0038554291240870953,0.0007542000967077911,0.011306699365377426,0.015291676856577396,0.0033172345720231533,0.0038929444272071123,0.0022253196220844984,0.0001976365310838446,0.002298524137586355,0.0010794461704790592,0.0001954324106918648,0.0006751850014552474,8.12192156445235e-05,2.7484849852044135e-05
members/member_713.png,0.021576978266239166,0.014294973574578762,0.008579311892390251,0.007451527286320925,0.002128240652382374,0.0003513724950607866,0.014596686698496342,0.006781026255339384,0.0031594582833349705,0.004741200711578131,0.0010495405877009034,0.00011539703700691462,0.0015845741145312786,0.00034322828287258744,0.0001890611310955137,0.0005088533507660031,3.9574657421326265e-05,3.6660396290244535e-05
members/member_714.png,0.01357966661453247,0.012494039721786976,0.0058378661051392555,0.005995451007038355,0.0017568109324201941,0.00025996321346610785,0.009086454287171364,0.00508875772356987,0.002139958320185542,0.003921731375157833,0.0005722430068999529,7.707700569881126e-05,0.0015922272577881813,0.00024289597058668733,0.00014627804921474308,0.0008531604544259608,2.8486061637522653e-05,4.198924943921156e-05
members/member_715.png,0.012924236245453358,0.013760021887719631,0.007902178913354874,0.006019232794642448,0.0024981938768178225,0.0008561676950193942,0.01064923033118248,0.007890402339398861,0.0031250519677996635,0.005627388134598732,0.0020148581825196743,0.00018959847511723638,0.0021621184423565865,0.0005509424372576177,0.00020144459267612547,0.0014318674802780151,6.583473441423848e-05,4.410003384691663e-05
members/member_716.png,0.018061209470033646,0.014394278638064861,0.006166144739836454,0.0061646150425076485,0.00207691197283566,0.0003199749917257577,0.016546711325645447,0.006919208914041519,0.0023846649564802647,0.006768088787794113,0.00109272007830441,9.341225086245686e-05,0.00219900393858552,0.0003076100256294012,0.00016920914640650153,0.000778229848947376,3.251632733736187e-05,5.542923463508487e-05
members/member_717.png,0.014893434010446072,0.012903720140457153,0.005566492676734924,0.005629806313663721,0.0018278448842465878,0.00020863018289674073,0.011695767752826214,0.005461584776639938,0.0020237527787685394,0.004443825222551823,0.0009253265452571213,6.245209078770131e-05,0.0013780578738078475,0.00027379763196222484,0.00015180744230747223,0.0009623463847674429,3.090377867920324e-05,4.9415582907386124e-05
members/member_718.png,0.015607139095664024,0.009877664968371391,0.0034004223998636007,0.0066054933704435825,0.0018037897534668446,0.0003543591301422566,0.012468535453081131,0.004308684729039669,0.0012887187767773867,0.007183857727795839,0.0010708224726840854,0.00010826725338120013,0.00267080613411963,0.00021974935953039676,0.00012957728176843375,0.0012277954956516623,3.228767673135735e-05,6.374168151523918e-05
members/member_719.png,0.02294853702187538,0.018381159752607346,0.00781243434175849,0.007716821506619453,0.0019257160602137446,0.00021857583487872034,0.016206813976168633,0.007283133454620838,0.0028236988000571728,0.005442405119538307,0.0006297928048297763,7.866125088185072e-05,0.002507401630282402,0.00034352950751781464,0.00018818184616975486,0.000926918932236731,3.408080374356359e-05,5.2828916523139924e-05
members/member_720.png,0.015444030985236168,0.01976039446890354,0.008589399978518486,0.004598134197294712,0.00305467052385211,0.00042126988410018384,0.01149237435311079,0.009813983924686909,0.0032773094717413187,0.004071924835443497,0.0013523780507966876,0.00011136534158140421,0.0045953793451189995,0.0005247881053946912,0.00019172353495378047,0.002714924979954958,3.7349993363022804e-05,3.7211706512607634e-05
members/member_721.png,0.014262953773140907,0.021596848964691162,0.010346204042434692,0.004696213640272617,0.0028514345176517963,0.00035496149212121964,0.009919097647070885,0.009499745443463326,0.003783284919336438,0.004736327100545168,0.001078721252270043,9.111696272157133e-05,0.002287265146151185,0.00046592814032919705,0.00022016072762198746,0.00125299917999655,4.331325180828571e-05,5.360647992347367e-05
members/member_722.png,0.022830717265605927,0.017792291939258575,0.006558934226632118,0.007123900111764669,0.0023960070684552193,0.00044043376692570746,0.017343884333968163,0.008705244399607182,0.0025189281441271305,0.0052897734567523,0.001266089384444058,0.00010283222945872694,0.003085137577727437,0.00046925112837925553,0.0001551390450913459,0.0014045146526768804,3.6116205592406914e-05,3.0031100322958082e-05
members/member_723.png,0.016049429774284363,0.017799818888306618,0.005263905972242355,0.006811168044805527,0.003249219385907054,0.00038620628765784204,0.011446617543697357,0.009675431065261364,0.002031787997111678,0.004557592328637838,0.00199428154155612,0.00016530088032595813,0.003817486111074686,0.0007275209063664079,0.00016872766718734056,0.0011858177604153752,7.859335164539516e-05,5.320776836015284e-05
members/member_724.png,0.01684277132153511,0.01382709015160799,0.0036294686142355204,0.005491424817591906,0.0028770247008651495,0.00029494756017811596,0.014073114842176437,0.0063879359513521194,0.0013570934534072876,0.006676162127405405,0.001171483309008181,9.44935527513735e-05,0.002030289499089122,0.0003104723000433296,0.00012617652828339487,0.0007549574365839362,3.8105397834442556e-05,5.2791776397498325e-05
members/member_725.png,0.01595768891274929,0.015555202960968018,0.00593213876709342,0.0049912589602172375,0.0022804983891546726,0.0002451838809065521,0.01212039589881897,0.0071997023187577724,0.0021773953922092915,0.004468137864023447,0.0005791397416032851,8.855907071847469e-05,0.0027367230504751205,0.0003803135477937758,0.00014774189912714064,0.001374677987769246,3.397419641260058e-05,3.6487144825514406e-05
members/member_726.png,0.018231814727187157,0.020710116252303123,0.005978061351925135,0.005941220559179783,0.0028119285125285387,0.0003485739871393889,0.014113220386207104,0.009840116836130619,0.0022395781707018614,0.005921936593949795,0.0013478822074830532,0.00011110102059319615,0.002887515816837549,0.0005236248834989965,0.0001534896291559562,0.0015251714503392577,3.7068362871650606e-05,3.593661676859483e-05
members/member_727.png,0.018744099885225296,0.01940462738275528,0.014944290742278099,0.0076387361623346806,0.002109542954713106,0.0013449364341795444,0.012786520645022392,0.0092156445607543,0.005977960769087076,0.004302966874092817,0.001225656713359058,0.0002293572179041803,0.0019110837019979954,0.0004464734811335802,0.0003074374981224537,0.0011795626487582922,2.754838169494178e-05,3.3370226447004825e-05
members/member_728.png,0.012463681399822235,0.017303895205259323,0.006645439192652702,0.0048452639020979404,0.003102267626672983,0.0005347533733583987,0.010770583525300026,0.00867022480815649,0.0025539814960211515,0.004230374936014414,0.001515761367045343,0.00016547633276786655,0.0020555956289172173,0.0005316511378623545,0.00016139585932251066,0.0013728569028899074,4.124773113289848e-05,3.273536640335806e-05
members/member_729.png,0.016625873744487762,0.006182253826409578,0.001543796039186418,0.008249619975686073,0.0013526914408430457,0.00019581089145503938,0.011715301312506199,0.002764553762972355,0.0005931297782808542,0.005403261166065931,0.0008385428227484226,0.0001024077573674731,0.0026481994427740574,0.00014101347187533975,9.377852984471247e-05,0.0010795259149745107,2.6749072276288643e-05,5.4045642173150554e-05
members/member_730.png,0.01382856722921133,0.010020660236477852,0.0026987933088093996,0.0055747926235198975,0.0015008416958153248,0.0001935448672156781,0.01015931274741888,0.004405281040817499,0.0009930942906066775,0.004936029203236103,0.0007761072483845055,6.717762153130025e-05,0.0012376756640151143,0.00021471541549544781,0.00010218827810604125,0.000774786458350718,2.674242205102928e-05,3.4423934266669676e-05
members/member_731.png,0.013182208873331547,0.007401461713016033,0.001501988503150642,0.004744871519505978,0.0016104963142424822,0.0001422062050551176,0.007432348094880581,0.002929521258920431,0.0005655406275764108,0.0033258034382015467,0.0006419490091502666,6.824953015893698e-05,0.0014387703267857432,0.00013592703908216208,7.330974767683074e-05,0.0010457300813868642,2.0602656150003895e-05,2.316391146450769e-05
members/member_732.png,0.018483785912394524,0.02284843847155571,0.00893459003418684,0.007285457104444504,0.003356802510097623,0.0006522848270833492,0.011851811781525612,0.012279906310141087,0.0033874139189720154,0.0051307640969753265,0.0020915407221764326,0.00016404366760980338,0.0024278713390231133,0.0006329476018436253,0.00020536885131150484,0.0010708991903811693,3.87394247809425e-05,3.7912395782768726e-05
members/member_733.png,0.021358346566557884,0.021616186946630478,0.005671747960150242,0.0059393104165792465,0.0035071142483502626,0.0005103404982946813,0.016400765627622604,0.01133075263351202,0.0021025510504841805,0.007540708873420954,0.001489219255745411,0.00012937127030454576,0.002475348301231861,0.0005711429403163493,0.000144646386615932,0.0014906609430909157,3.725044007296674e-05,3.820535494014621e-05
members/member_734.png,0.014410487376153469,0.01319397334009409,0.005493436008691788,0.005834519397467375,0.0030277189798653126,0.00036000151885673404,0.011893137358129025,0.005929457955062389,0.0021282739471644163,0.0042363242246210575,0.0009319940581917763,0.00011566939792828634,0.0024145198985934258,0.0003092506085522473,0.00013894490257371217,0.0008699065074324608,3.225017280783504e-05,4.761111267725937e-05
members/member_735.png,0.015711313113570213,0.028375845402479172,0.010334164835512638,0.005257549695670605,0.005063969176262617,0.0005733707221224904,0.011227102018892765,0.01683127135038376,0.004272669553756714,0.004526349250227213,0.002001300686970353,0.00018798824748955667,0.002680016215890646,0.001001045573502779,0.0002398378710495308,0.0015615936135873199,4.509129576035775e-05,4.304950562072918e-05
members/member_736.png,0.01293808314949274,0.021584391593933105,0.011060907505452633,0.004425038583576679,0.004186692647635937,0.0009897074196487665,0.009807713329792023,0.012173410505056381,0.0045167626813054085,0.003662992035970092,0.002272490644827485,0.00027704102103598416,0.004312147386372089,0.0007316897972486913,0.00025245879078283906,0.002194743836298585,5.0472281145630404e-05,3.3665564842522144e-05
members/member_737.png,0.012944595888257027,0.008659164421260357,0.0018850452033802867,0.005661945790052414,0.0021866478491574526,0.00025771252694539726,0.009566756896674633,0.004418397322297096,0.0007497500628232956,0.004879157990217209,0.0011323170037940145,8.037089719437063e-05,0.0014987274771556258,0.00024113466497510672,8.818798960419372e-05,0.000886879744939506,3.7327878089854494e-05,3.337347516207956e-05
members/member_738.png,0.015669984742999077,0.02009017951786518,0.0069008697755634785,0.006285599432885647,0.002637040801346302,0.0004650972259696573,0.014275448396801949,0.010249882936477661,0.0025046304799616337,0.005944091361016035,0.0021205113735049963,0.00010566961282165721,0.0026363881770521402,0.0005269087268970907,0.00016936998872552067,0.0012235698522999883,3.889658546540886e-05,3.9976384869078174e-05
members/member_739.png,0.0166536383330822,0.007010741159319878,0.001336260000243783,0.005856077652424574,0.002012037206441164,0.00021115606068633497,0.013290809467434883,0.0026118012610822916,0.000512631144374609,0.0068556503392755985,0.0006596238818019629,6.999833567533642e-05,0.0027348885778337717,0.00014571752399206161,8.825398253975436e-05,0.0014439353253692389,4.582075780490413e-05,5.818373756483197e-05
members/member_740.png,0.015135790221393108,0.02561834268271923,0.010531344451010227,0.0060934750363230705,0.004221031907945871,0.0005378428031690419,0.011484401300549507,0.011798609048128128,0.00402497174218297,0.005509594921022654,0.00122429383918643,0.00017166744510177523,0.0014093833742663264,0.0006142242928035557,0.00022254310897551477,0.00088037847308442,4.4805998186348006e-05,4.059610000695102e-05
members/member_741.png,0.014107218943536282,0.014381222426891327,0.004048626869916916,0.0056623369455337524,0.0025266194716095924,0.00041188279283232987,0.01237595546990633,0.007298205513507128,0.0015042651211842895,0.0057539441622793674,0.0013382197357714176,0.00011431767052272335,0.005367068108171225,0.0004883449291810393,0.0001111172532546334,0.0028372840024530888,4.476518734009005e-05,3.1381307053379714e-05
members/member_742.png,0.016759924590587616,0.012870540842413902,0.0050960564985871315,0.007259488105773926,0.0019046260276809335,0.00033091596560552716,0.012950964272022247,0.005901865195482969,0.0019504536176100373,0.005413122940808535,0.0008733311551623046,0.00011689813254633918,0.0031640559900552034,0.00030645180959254503,0.00015286699635908008,0.0016559930518269539,3.898509021382779e-05,6.709012086503208e-05
members/member_743.png,0.015097414143383503,0.013904440216720104,0.005495666991919279,0.0065645696595311165,0.0027391372714191675,0.0004442129866220057,0.010790931060910225,0.007356780581176281,0.002089256886392832,0.004081845283508301,0.001398943131789565,0.00011838552018161863,0.001677949447184801,0.0004150728927925229,0.00014094921061769128,0.0007649511680938303,3.8059064536355436e-05,2.9871891456423327e-05
members/member_744.png,0.010730182752013206,0.013646002858877182,0.003406001254916191,0.005306698381900787,0.0017995696980506182,0.00026127012097276747,0.008708999492228031,0.006623503752052784,0.0013098131166771054,0.003311317414045334,0.000815237348433584,8.822229574434459e-05,0.0013699313858523965,0.0003407367330510169,0.00011719802569132298,0.0010556401684880257,3.097841909038834e-05,4.110585359740071e-05
members/member_745.png,0.015969393774867058,0.013672026805579662,0.0053635891526937485,0.006570243276655674,0.0020285574719309807,0.0002692858106456697,0.010586229152977467,0.006441292352974415,0.001975724706426263,0.0033017629757523537,0.0010925621027126908,6.616953760385513e-05,0.002118478761985898,0.00033268434344790876,0.00014808212290517986,0.0011638198047876358,4.290997458156198e-05,6.208999548107386e-05
members/member_746.png,0.020372362807393074,0.014118075370788574,0.005990201607346535,0.006428173743188381,0.0022766892798244953,0.000328981812344864,0.014153102412819862,0.005993051454424858,0.0022760445717722178,0.004983177408576012,0.0008374947938136756,0.00014218992146197706,0.0029131704941391945,0.00029256887501105666,0.0001502843078924343,0.0012428576592355967,2.976223549921997e-05,3.740157626452856e-05
members/member_747.png,0.018867677077651024,0.013239012099802494,0.0048525165766477585,0.005602284800261259,0.0017447439022362232,0.00017770990962162614,0.012387393973767757,0.005536549724638462,0.0017946866573765874,0.0035605814773589373,0.0006447660271078348,6.296878564171493e-05,0.0016680443659424782,0.000254823942668736,0.00013008872338104993,0.0008433000766672194,2.3718821466900408e-05,3.147485404042527e-05
members/member_748.png,0.012533687055110931,0.009112839587032795,0.005053623113781214,0.005464258138090372,0.0017078722594305873,0.0001880214549601078,0.009323694743216038,0.00425342284142971,0.001856755930930376,0.0032907596323639154,0.001048956299200654,8.7202679424081e-05,0.0013257910031825304,0.00022859986347611994,0.00013121188385412097,0.0006786131416447461,2.6755875296657905e-05,3.127130912616849e-05
members/member_749.png,0.016011040657758713,0.014736312441527843,0.0053884671069681644,0.006543833762407303,0.0037549256812781096,0.0006051953532733023,0.010959229432046413,0.007790397386997938,0.002028895542025566,0.0037764946464449167,0.002107080304995179,0.00013964151730760932,0.0023372319992631674,0.0007862400962039828,0.00014779201592318714,0.0008350972784683108,8.833784522721544e-05,5.4271979024633765e-05
members/member_750.png,0.018119312822818756,0.02703195996582508,0.009797347709536552,0.006575381383299828,0.0047833058051764965,0.0006975589785724878,0.017175735905766487,0.014170470647513866,0.003834173083305359,0.007378425914794207,0.0018962370231747627,0.00015589759277645499,0.002926969900727272,0.0007299163844436407,0.0002057820383924991,0.0011121766874566674,3.83856167900376e-05,2.3498141672462225e-05
members/member_751.png,0.013076087459921837,0.012522940523922443,0.004595945589244366,0.004936772398650646,0.002292474964633584,0.00037652766332030296,0.010935494676232338,0.006345205474644899,0.0017902208492159843,0.004825991112738848,0.0010009603574872017,8.352606528205797e-05,0.0022303720470517874,0.0003119781904388219,0.00014866262790746987,0.00145948666613549,3.4584427339723334e-05,4.8290534323314205e-05
members/member_752.png,0.014668609015643597,0.015553650446236134,0.006075116340070963,0.006301911547780037,0.0028059417381882668,0.0003338658425491303,0.010118436999619007,0.0072731440886855125,0.0023301809560507536,0.004884032998234034,0.0008169090724550188,0.00014410448784474283,0.0012963440967723727,0.00034883152693510056,0.00015678541967645288,0.0009083842160180211,3.460278094280511e-05,4.145233833696693e-05
members/member_753.png,0.017072705551981926,0.015555033460259438,0.008497398346662521,0.006943491753190756,0.0031496358569711447,0.0005241810576990247,0.012424163520336151,0.006515711545944214,0.0032442554365843534,0.004160165321081877,0.0009317665826529264,0.00014292898413259536,0.001872302033007145,0.00031904029310680926,0.00018969828670378774,0.0008202730678021908,2.5399815058335662e-05,2.8711454433505423e-05
members/member_754.png,0.014190150424838066,0.018999718129634857,0.006987937726080418,0.006368033587932587,0.0024135045241564512,0.00031561104697175324,0.010314700193703175,0.008240809664130211,0.0026123570278286934,0.005226039793342352,0.0009368301252834499,8.952176722232252e-05,0.0017459195805713534,0.0003984185168519616,0.00017670978559181094,0.0010650015901774168,3.778032260015607e-05,4.879671541857533e-05
members/member_755.png,0.014912332408130169,0.012678769417107105,0.002759674796834588,0.005567201878875494,0.0020013446919620037,0.0001846476225182414,0.010157189331948757,0.005678115412592888,0.001037821639329195,0.003978700377047062,0.0006985219661146402,5.798495840281248e-05,0.0024380304384976625,0.0002875634527299553,8.883314148988575e-05,0.0015626793028786778,2.4281058358610608e-05,2.2268915927270427e-05
members/member_756.png,0.016632167622447014,0.0163925439119339,0.00771372253075242,0.007624233607202768,0.002699956065043807,0.0005046201404184103,0.013414821587502956,0.0077057802118361,0.002905511064454913,0.005272440612316132,0.001218761783093214,0.00015114860434550792,0.001975825522094965,0.00046724133426323533,0.00018509529763832688,0.0009044398902915418,5.662194962496869e-05,3.697077409015037e-05
members/member_757.png,0.01931696943938732,0.019572563469409943,0.005890814121812582,0.0064221397042274475,0.0025983662344515324,0.0003780765982810408,0.015016782097518444,0.009028248488903046,0.002197560155764222,0.005617804359644651,0.0013281850842759013,0.00010119975922862068,0.0029287266079336405,0.0004921990912407637,0.00015138972958084196,0.0011863341787829995,4.831561091123149e-05,5.378794594435021e-05
members/member_758.png,0.01650277152657509,0.016669373959302902,0.0031970746349543333,0.006766635924577713,0.002909315750002861,0.00022562594676855952,0.014496413059532642,0.007646244019269943,0.001198386657051742,0.006515129469335079,0.0008142179576680064,8.248133235611022e-05,0.001422254485078156,0.00036531954538077116,0.0001205232911161147,0.001038589165546,3.465754707576707e-05,4.945664477418177e-05
members/member_759.png,0.016862232238054276,0.018846355378627777,0.006661685649305582,0.005326873157173395,0.0022536201868206263,0.00040041899774223566,0.011730636470019817,0.007608172949403524,0.0025041643530130386,0.004277915693819523,0.0007758699357509613,0.0001031424108077772,0.00162420142441988,0.0003456007980275899,0.00016114176833070815,0.0006303663249127567,2.8073018256691284e-05,3.6295608879299834e-05
members/member_760.png,0.014056547544896603,0.011375692673027515,0.007856830023229122,0.006618474144488573,0.0021191637497395277,0.0005204285262152553,0.011288940906524658,0.005559882149100304,0.003070959122851491,0.004755460657179356,0.000953398528508842,0.000230872756219469,0.0025428584776818752,0.00027074894751422107,0.00019297261314932257,0.0008291503181681037,2.0752160708070733e-05,4.6400662540690973e-05
members/member_761.png,0.013411706313490868,0.008252192288637161,0.00327629828825593,0.0050312974490225315,0.0019307072507217526,0.00023062489344738424,0.010630588978528976,0.004085954278707504,0.0012275592889636755,0.0044608404859900475,0.001214460702612996,9.620856872061267e-05,0.0017868358409032226,0.00026248887297697365,0.00010782461322378367,0.0007540476508438587,3.1036433938425034e-05,3.529150490066968e-05
members/member_762.png,0.019360853359103203,0.02135716751217842,0.011549732647836208,0.005788243375718594,0.00345465075224638,0.0005976550164632499,0.014740142039954662,0.011095914989709854,0.0044054812751710415,0.005932462867349386,0.0016709835035726428,0.0001380308240186423,0.0017676344141364098,0.0006385722663253546,0.00025066841044463217,0.0007179569220170379,6.322604167507961e-05,6.640615902142599e-05
members/member_763.png,0.01904956065118313,0.02224797010421753,0.007938261143863201,0.007422721479088068,0.0025157707277685404,0.000341378734447062,0.017834462225437164,0.009953832253813744,0.0029676207341253757,0.007833083160221577,0.001330503961071372,9.617132309358567e-05,0.0027961761225014925,0.0004661643470171839,0.00018150177493225783,0.000835865386761725,2.6082354452228174e-05,3.5246015613665804e-05
members/member_764.png,0.01523847971111536,0.014115593396127224,0.0024718851782381535,0.00544322095811367,0.003284199396148324,0.00037692379555664957,0.01284792460501194,0.006664802320301533,0.0009223844390362501,0.005076233297586441,0.0015534957638010383,0.00010889828990912065,0.0026902062818408012,0.00045479147229343653,9.931867680279538e-05,0.001206945744343102,6.178146577440202e-05,4.8264253564411774e-05
members/member_765.png,0.010927608236670494,0.00912094209343195,0.00673206290230155,0.0045579043217003345,0.0013289096532389522,0.00025095840101130307,0.009663746692240238,0.0034274840727448463,0.002466615056619048,0.005350786726921797,0.00046331292833201587,8.403715037275106e-05,0.0030976247508078814,0.00015868962509557605,0.00015670977882109582,0.0017675718991085887,2.5203153199981898e-05,3.8156515074661e-05
members/member_766.png,0.01629459671676159,0.007238146848976612,0.0023045181296765804,0.0062455893494188786,0.0013269719202071428,0.0001409545075148344,0.011223549023270607,0.0028300583362579346,0.000860180240124464,0.005570758134126663,0.00043429076322354376,6.595358718186617e-05,0.0017129016341641545,0.00016323750605806708,0.00010328291682526469,0.001004255493171513,2.8606353225768544e-05,4.993005495634861e-05
members/member_767.png,0.015272754244506359,0.018293431028723717,0.005819234997034073,0.007194861304014921,0.0029774040449410677,0.0004778354777954519,0.015249988995492458,0.01016348134726286,0.0021715378388762474,0.0065865651704370975,0.0013042730279266834,9.568749374011531e-05,0.003890954190865159,0.0005608602659776807,0.0001586528669577092,0.0016851742984727025,5.910546315135434e-05,5.6926051911432296e-05
members/member_768.png,0.014700726605951786,0.009003561921417713,0.002180884825065732,0.007593540474772453,0.0021714435424655676,0.00029185114544816315,0.008656102232635021,0.0038671260699629784,0.0008313052821904421,0.004136530216783285,0.0008490264881402254,6.419176497729495e-05,0.0010913158766925335,0.00022599574003834277,9.855923417489976e-05,0.0009529808885417879,3.6217414162820205e-05,3.7540416087722406e-05
members/member_769.png,0.016757775098085403,0.010885762982070446,0.0022764946334064007,0.006263262126594782,0.0017169720958918333,0.0002097243705065921,0.012014009989798069,0.004721403121948242,0.000854723621159792,0.004107137210667133,0.0007994503830559552,5.463122943183407e-05,0.004965056665241718,0.00024190411204472184,0.00011004052794305608,0.002598118968307972,2.9160479243728332e-05,4.918248669127934e-05
members/member_770.png,0.018320618197321892,0.024586675688624382,0.01011670846492052,0.0063359797932207584,0.004744920879602432,0.0008411082089878619,0.014797921292483807,0.013628240674734116,0.0041545904241502285,0.005638978444039822,0.001981439534574747,0.0002487463061697781,0.0028259449172765017,0.0008836238994263113,0.00024038857372943312,0.0007937097107060254,4.8568384954705834e-05,5.103299918118864e-05
members/member_771.png,0.022912945598363876,0.02665385976433754,0.009001947939395905,0.007300248369574547,0.0034283681306988,0.00047665732563473284,0.014830060303211212,0.012840700335800648,0.003394421422854066,0.004255904816091061,0.001357809640467167,0.0001122533722082153,0.0018333714688196778,0.0006794108194299042,0.00019661329861264676,0.0007818873273208737,4.723580786958337e-05,3.2861935324035585e-05
members/member_772.png,0.018096325919032097,0.015050392597913742,0.004405925050377846,0.007424092385917902,0.001543972990475595,0.00040738703683018684,0.01276925764977932,0.006631791125983,0.0017404346726834774,0.0040225740522146225,0.0007132017053663731,9.402558498550206e-05,0.002785942517220974,0.0002957356336992234,0.0001333014661213383,0.0013876474695280194,2.4942935851868242e-05,4.035881283925846e-05
members/member_773.png,0.01523297093808651,0.01642509549856186,0.004862991627305746,0.00511507224291563,0.002027257578447461,0.00032877418561838567,0.01127375103533268,0.007219366263598204,0.0018047988414764404,0.004599056672304869,0.0008509808103553951,9.50274188653566e-05,0.002710068831220269,0.000328936759615317,0.0001320752635365352,0.0012005736352875829,2.6242480089422315e-05,3.271264722570777e-05
members/member_774.png,0.015159516595304012,0.0074653346091508865,0.003130667144432664,0.006036502309143543,0.0009278785437345505,0.00017224771727342159,0.012872707098722458,0.0028754728846251965,0.0011469651944935322,0.005863473750650883,0.000404757825890556,7.269468187587336e-05,0.0023972047492861748,0.0001418340252712369,0.0001026491736411117,0.0009010924841277301,2.304315239598509e-05,4.1662849980639294e-05
members/member_775.png,0.015424349345266819,0.012574441730976105,0.004072146490216255,0.0062726764008402824,0.0025743681471794844,0.00034009478986263275,0.010493491776287556,0.005935506895184517,0.0015918080462142825,0.004094037692993879,0.0009798351675271988,7.982431998243555e-05,0.001413774793036282,0.00032114636269398034,0.0001147734365076758,0.0006772226188331842,3.201085200998932e-05,2.9404283850453794e-05
members/member_776.png,0.013926753774285316,0.011903217062354088,0.004675714764744043,0.0061063701286911964,0.0019914861768484116,0.00031175161711871624,0.008778518065810204,0.005215647164732218,0.0017024463741108775,0.0027491124346852303,0.0008561729337088764,9.85913720796816e-05,0.0011218292638659477,0.00027874117949977517,0.00014294180436991155,0.0007587482687085867,4.231906132190488e-05,6.386601307895035e-05
members/member_777.png,0.012085622176527977,0.007737083826214075,0.002839167369529605,0.004509917460381985,0.0013157462235540152,0.00015853159129619598,0.009998539462685585,0.003227910026907921,0.001079212874174118,0.004433176014572382,0.0005473470082506537,8.138304110616446e-05,0.0026075507048517466,0.00018778882804326713,0.00010390701936557889,0.0016069920966401696,4.169348540017381e-05,4.3772979552159086e-05
members/member_778.png,0.015810539945960045,0.013383732177317142,0.003873349167406559,0.006590670440346003,0.0016046955715864897,0.00020043403492309153,0.009379004128277302,0.0055459062568843365,0.0014216649578884244,0.003419232787564397,0.0009127923985943198,6.194882735144347e-05,0.001334706088528037,0.00025951844872906804,0.0001370271056657657,0.0008176068076863885,3.495419514365494e-05,5.8660727518144995e-05
members/member_779.png,0.00832236185669899,0.006563677918165922,0.003445100737735629,0.004377501085400581,0.0030021448619663715,0.0004152527544647455,0.009139795787632465,0.0038624792359769344,0.0014235597336664796,0.006031558383256197,0.0009173642029054463,0.0001007442842819728,0.005353183951228857,0.0003609039122238755,0.00012195413000881672,0.003172545460984111,5.4906449804548174e-05,4.530298610916361e-05
members/member_780.png,0.013432376086711884,0.01146701443940401,0.0030125135090202093,0.006127274129539728,0.0015427976613864303,0.0002813580213114619,0.010328555479645729,0.005151319317519665,0.001140448497608304,0.00490123825147748,0.0007846767548471689,7.091301085893065e-05,0.0012220073258504272,0.0002450213651172817,0.00011143526353407651,0.0006900217849761248,2.0006356862722896e-05,4.023141082143411e-05
members/member_781.png,0.01614191383123398,0.019117996096611023,0.008713203482329845,0.0062234848737716675,0.00285739335231483,0.000501498521771282,0.01199539378285408,0.00981784425675869,0.003319232491776347,0.0066802301444113255,0.0014070768374949694,0.000182958654477261,0.003221874125301838,0.0004630914772860706,0.00019739981507882476,0.002017141319811344,5.121240610606037e-05,4.139583688811399e-05
members/member_782.png,0.01491718553006649,0.017406059429049492,0.00585741875693202,0.005471130833029747,0.0028586992993950844,0.00048324442468583584,0.01063667144626379,0.008727986365556717,0.002323533408343792,0.005655201617628336,0.0011213257675990462,9.997365850722417e-05,0.0016550724394619465,0.0004106741107534617,0.00014584387827198952,0.0006560257752425969,2.8665563149843365e-05,2.4639668481540866e-05
members/member_783.png,0.017979180440306664,0.018942195922136307,0.00880005955696106,0.0061660646460950375,0.001872083405032754,0.0006812341162003577,0.015934985131025314,0.008356963284313679,0.003496945835649967,0.0057338024489581585,0.0007495945319533348,0.00013510700955521315,0.0017839903011918068,0.0004120927769690752,0.00020552059868350625,0.0008466620929539204,2.7300373403704725e-05,2.554456477810163e-05
members/member_784.png,0.014715965837240219,0.019985510036349297,0.007096072658896446,0.007041177712380886,0.003681445959955454,0.0005583588499575853,0.011728671379387379,0.01218318473547697,0.002866655820980668,0.0052842251025140285,0.0019203097326681018,0.00015855747915338725,0.004928211681544781,0.0007989800651557744,0.00018338148947805166,0.0029621196445077658,5.2401421271497384e-05,5.069177132099867e-05
members/member_785.png,0.012901514768600464,0.012750457972288132,0.008951224386692047,0.00510041881352663,0.0012151768896728754,0.0001991795579669997,0.008205002173781395,0.005185312125831842,0.0032565819565206766,0.003398193046450615,0.0005470977630466223,6.421572470571846e-05,0.002078853314742446,0.00024317817587871104,0.00021051928342785686,0.0015983160119503736,3.2601146813249215e-05,6.539270543726161e-05
members/member_786.png,0.01636999286711216,0.01570829562842846,0.007181125693023205,0.006509004160761833,0.0013418345479294658,0.0002301448112120852,0.00992586649954319,0.006570955738425255,0.0026533878408372402,0.0035053412429988384,0.000857649021781981,7.8584547736682e-05,0.0012353782076388597,0.0003083233314100653,0.00017173652304336429,0.0006708383443765342,2.4805882276268676e-05,5.789030547020957e-05
members/member_787.png,0.016887305304408073,0.01563194952905178,0.004782105330377817,0.007627092767506838,0.0030690066050738096,0.0006189106497913599,0.011072253808379173,0.008742737583816051,0.0018759333761408925,0.00503466697409749,0.0018743042601272464,0.00017820052744355053,0.0016789656365290284,0.0005464025889523327,0.0001373331033391878,0.0006569713004864752,5.005302227800712e-05,4.0493079723091796e-05
members/member_788.png,0.019833577796816826,0.013045381754636765,0.002885212888941169,0.0064440094865858555,0.0019056475721299648,0.00021855325030628592,0.013583684340119362,0.006006062030792236,0.001047023688443005,0.005358053371310234,0.001058614463545382,6.513972766697407e-05,0.0023284219205379486,0.00031175048206932843,0.00011095704394392669,0.0011712205596268177,4.012099816463888e-05,6.673779716948047e-05
members/member_789.png,0.017164647579193115,0.021141935139894485,0.005654341075569391,0.006202997174113989,0.002869674237444997,0.0003083435003645718,0.010484368540346622,0.01020844653248787,0.0021033885423094034,0.0039472756907343864,0.0010845211800187826,8.786160469753668e-05,0.0012241530930623412,0.0005008336156606674,0.00014629123324993998,0.0005542054423131049,4.385648571769707e-05,4.098734279978089e-05
members/member_790.png,0.01205089595168829,0.007656431756913662,0.0024363610427826643,0.005601114127784967,0.0016178657533600926,0.00032942264806479216,0.008552679792046547,0.003919436130672693,0.0009209535783156753,0.0050590066239237785,0.0010348395444452763,6.960659084143117e-05,0.0013746063923463225,0.00020373667939566076,0.00010483621736057103,0.0009561274200677872,3.992760321125388e-05,5.2521820180118084e-05
members/member_791.png,0.01429562084376812,0.017010720446705818,0.006620839238166809,0.005711842328310013,0.002836495405063033,0.00046581312199123204,0.009851093403995037,0.008940191008150578,0.002661107573658228,0.0034956559538841248,0.001697493833489716,0.000132318731630221,0.003334631212055683,0.0005544170853681862,0.0001786016655387357,0.0010378555161878467,4.590156095218845e-05,5.532676004804671e-05
members/member_792.png,0.01770498976111412,0.01669592410326004,0.00604130607098341,0.006876799277961254,0.003371236613020301,0.00042901679989881814,0.01679798774421215,0.007964776828885078,0.002356364391744137,0.007249440066516399,0.0013836476719006896,0.0001274126989301294,0.00255397311411798,0.00047839534818194807,0.00015597253513988107,0.0010587613796815276,6.92333051119931e-05,5.092015635455027e-05
members/member_793.png,0.018638230860233307,0.02122410386800766,0.011861559934914112,0.006438237614929676,0.0031512773130089045,0.0008697551675140858,0.014412561431527138,0.0105119738727808,0.004645517095923424,0.004887992050498724,0.0018763855332508683,0.00023759350006002933,0.0023997772950679064,0.0007567824213765562,0.0002633568365126848,0.0008752223802730441,7.948229904286563e-05,4.872227873420343e-05
members/member_794.png,0.024439863860607147,0.025825273245573044,0.008197233080863953,0.007685813121497631,0.004088316112756729,0.0003791851631831378,0.018904950469732285,0.013334439136087894,0.0030190320685505867,0.006154592148959637,0.0017167218029499054,0.00011317930329823866,0.0025670123286545277,0.0007997500943019986,0.00019851714023388922,0.001049449318088591,6.896243576193228e-05,4.958114368491806e-05
members/member_795.png,0.012917931191623211,0.024801120162010193,0.008919283747673035,0.004783518612384796,0.004690458066761494,0.0007048787665553391,0.009318343363702297,0.01398007944226265,0.0036208126693964005,0.0034376620315015316,0.0015646986430510879,0.00016062601935118437,0.0029407909605652094,0.0007534225005656481,0.00021358784579206258,0.0018821897683665156,5.2818570111412555e-05,4.874488149653189e-05
members/member_796.png,0.022370638325810432,0.023478174582123756,0.008148914203047752,0.005729281343519688,0.0023248007055372,0.0003627275873441249,0.013307030312716961,0.009936125949025154,0.0029911603778600693,0.0034474011044949293,0.0009041031589731574,0.0001197926394524984,0.0019895643927156925,0.0004643024003598839,0.00018419060506857932,0.0009932557586580515,3.4207856515422463e-05,4.45391888206359e-05
members/member_797.png,0.014782820828258991,0.012932064943015575,0.006892433390021324,0.006339484825730324,0.002141948090866208,0.00032859729253686965,0.012038817629218102,0.006734990514814854,0.0025245631113648415,0.005103326868265867,0.0015922386664897203,9.945342753781006e-05,0.0017693592235445976,0.0003529462846927345,0.00016823869373183697,0.0007077226182445884,5.914047505939379e-05,3.3562526368768886e-05
members/member_798.png,0.015727441757917404,0.01745922863483429,0.008610568940639496,0.006580230314284563,0.0028010765090584755,0.00032699407893233,0.011175325140357018,0.008197378367185593,0.003212597919628024,0.004651170689612627,0.0010556943016126752,0.00010284307063557208,0.0013276811223477125,0.0004394024144858122,0.00019407598301768303,0.0005521649145521224,3.286328865215182e-05,5.5324286222457886e-05
members/member_799.png,0.014820599928498268,0.021036243066191673,0.009818819351494312,0.0055595822632312775,0.0030029993504285812,0.0007405333453789353,0.011994695290923119,0.009903259575366974,0.003813281422480941,0.005796015728265047,0.0011020603124052286,0.00018869827908929437,0.00234736199490726,0.0004901567008346319,0.0002252691483590752,0.001331170555204153,3.680280860862695e-05,3.717426079674624e-05
members/member_800.png,0.013221867382526398,0.021057195961475372,0.009763591922819614,0.005301906727254391,0.0029101353138685226,0.00044031967991031706,0.008136995136737823,0.009759780019521713,0.003682951908558607,0.004219594411551952,0.0009286562562920153,0.00011035516945412382,0.0013859821483492851,0.0005476596998050809,0.00021050017676316202,0.0007928062113933265,4.1624207369750366e-05,4.1937259084079415e-05
members/member_801.png,0.02045666240155697,0.02412598580121994,0.013981444761157036,0.007970083504915237,0.003786189714446664,0.001035157823935151,0.01591918058693409,0.013326275162398815,0.005469960160553455,0.005571187008172274,0.00181088678073138,0.00023998961842153221,0.0019043731736019254,0.0008474824717268348,0.0002870657481253147,0.0009926795028150082,5.7079763791989535e-05,6.249633588595316e-05
members/member_802.png,0.01661698892712593,0.01657474786043167,0.0038656569086015224,0.006359717808663845,0.0031770167406648397,0.0003469886432867497,0.011622339487075806,0.00812387652695179,0.0014863054966554046,0.0054886131547391415,0.0011710668914020061,9.497962309978902e-05,0.00228203390724957,0.0004231316561345011,0.00012468041677493602,0.0008569672936573625,3.942516923416406e-05,5.528167821466923e-05
members/member_803.png,0.025213511660695076,0.01896173693239689,0.006434119772166014,0.006989902351051569,0.002537230961024761,0.0003942305047530681,0.019119732081890106,0.009065823629498482,0.002406852785497904,0.005985690280795097,0.0010655437363311648,0.00010276098328176886,0.002041473053395748,0.0004406592925079167,0.0001605388824827969,0.0008080062107183039,4.007743700640276e-05,5.420818706625141e-05
members/member_804.png,0.01499140728265047,0.011891010217368603,0.003997070714831352,0.006115545053035021,0.002796977525576949,0.0005653575644828379,0.010137660428881645,0.006328162737190723,0.0015889391070231795,0.004059965722262859,0.001504143700003624,0.0001073034800356254,0.0013184896670281887,0.0003550761321093887,0.00012668642739299685,0.00046129387919791043,4.822879418497905e-05,3.590970300137997e-05
members/member_805.png,0.020128965377807617,0.023793864995241165,0.012289613485336304,0.007115756161510944,0.0034156113397330046,0.0005202994798310101,0.012692910619080067,0.011036102660000324,0.004597865976393223,0.004706708248704672,0.0013644284335896373,0.00015170453116297722,0.001152674900367856,0.0005492838099598885,0.0002456892398186028,0.00040840517613105476,3.546520747477189e-05,3.294343696325086e-05
members/member_806.png,0.016266340389847755,0.015349557623267174,0.005784406792372465,0.005803621374070644,0.0026587725151330233,0.0004349992668721825,0.012216656468808651,0.007241177372634411,0.0022421586327254772,0.004587801638990641,0.0010162871330976486,0.00012232764856889844,0.0023035150952637196,0.00036960470606572926,0.0001407863455824554,0.0014158262638375163,3.0034560040803626e-05,2.5432473194086924e-05
members/member_807.png,0.01623535342514515,0.016035985201597214,0.0050420379266142845,0.005221623461693525,0.003021302865818143,0.0003414122329559177,0.012021232396364212,0.008257688954472542,0.001953932922333479,0.004505803342908621,0.0018219067715108395,0.0001176541845779866,0.0018708183197304606,0.0003973742132075131,0.00014635494153480977,0.0005645663477480412,3.96507020923309e-05,5.91232928854879e-05
members/member_808.png,0.014477597549557686,0.02132890187203884,0.012949427589774132,0.006286476738750935,0.0034549215342849493,0.0010195879731327295,0.011099669151008129,0.013055067509412766,0.005602242425084114,0.0050557334907352924,0.0027725452091544867,0.00037140940548852086,0.0038020575884729624,0.0011530834017321467,0.0002963505685329437,0.002027868991717696,0.0001133813348133117,4.3559426558203995e-05
members/member_809.png,0.01418170053511858,0.015120151452720165,0.003410408506169915,0.006441423669457436,0.003769800066947937,0.0004434403090272099,0.009581143036484718,0.006826585624366999,0.0012480797013267875,0.004932156763970852,0.0017408797284588218,0.00016199225501623005,0.0024988935329020023,0.0004013999132439494,0.0001022947471938096,0.0016218384262174368,5.1833474572049454e-05,4.293843812774867e-05
members/member_810.png,0.01702621951699257,0.01725638099014759,0.004055826459079981,0.005605173762887716,0.003824398620054126,0.00036336478660814464,0.01616349257528782,0.009531514719128609,0.0015876825200393796,0.006896460894495249,0.0017134402878582478,7.959328650031239e-05,0.003206895897164941,0.0005197955761104822,0.00012193777365610003,0.0011272431584075093,3.4932902053697035e-05,4.2538929847069085e-05
members/member_811.png,0.020881524309515953,0.028014786541461945,0.007908462546765804,0.006284972652792931,0.0039025486912578344,0.000499638554174453,0.013162300921976566,0.014187692664563656,0.00291272159665823,0.004058978520333767,0.002055584220215678,0.00011672411346808076,0.0016727152979001403,0.0008376362384296954,0.00019807516946457326,0.0005750770797021687,5.679211608367041e-05,5.5164720834000036e-05
members/member_812.png,0.015551571734249592,0.012771031819283962,0.006306811701506376,0.007026625331491232,0.0025323727168142796,0.0005854226765222847,0.013540343381464481,0.005898846313357353,0.0024737808853387833,0.008179351687431335,0.0010708605404943228,0.00016135687474161386,0.00373802799731493,0.000294496858259663,0.00018150225514546037,0.0014668572694063187,3.060411472688429e-05,5.147403498995118e-05
members/member_813.png,0.015308464877307415,0.015288544818758965,0.005877344403415918,0.0057604266330599785,0.0022357692942023277,0.0002758226473815739,0.01243840903043747,0.006426425650715828,0.002140945754945278,0.00665345648303628,0.000695953203830868,8.682101179147139e-05,0.0031380944419652224,0.00031479011522606015,0.00015018141129985452,0.0017986707389354706,2.86782014882192e-05,4.3973250285489485e-05
members/member_814.png,0.017039965838193893,0.01679157093167305,0.004248373210430145,0.006162517238408327,0.002632116200402379,0.0003920242888852954,0.012425116263329983,0.009246313944458961,0.0016088095726445317,0.004124767147004604,0.0022588572464883327,0.00011826535046566278,0.0023582084104418755,0.0006361989071592689,0.00012835607049055398,0.0010279449634253979,5.194745972403325e-05,5.3524865506915376e-05
members/member_815.png,0.01640455238521099,0.022331347689032555,0.00767414690926671,0.005357789807021618,0.004614241886883974,0.0010212258202955127,0.014403288252651691,0.01294378750026226,0.003662898438051343,0.005774024873971939,0.0026975292712450027,0.0004080148646607995,0.0028554757591336966,0.0008830428123474121,0.0001970189478015527,0.0009544850909151137,6.88327636453323e-05,2.9247965358081274e-05
members/member_816.png,0.0192642193287611,0.015585262328386307,0.007785136811435223,0.007632717024534941,0.004239199683070183,0.0008044732385315001,0.014944851398468018,0.009507302194833755,0.0030550342053174973,0.006855304352939129,0.001985567854717374,0.00016941303329076618,0.0021209940314292908,0.0005918780225329101,0.00019339419668540359,0.000785025127697736,5.369545760913752e-05,8.09913981356658e-05
members/member_817.png,0.017740648239850998,0.006635624915361404,0.002320009982213378,0.006780124735087156,0.0015241639921441674,0.0001914555177791044,0.013435695320367813,0.00305742840282619,0.000889906077645719,0.005624060984700918,0.0007824806380085647,8.071238698903471e-05,0.003652718150988221,0.00013938956544734538,0.00010263224976370111,0.000850830168928951,3.3184929634444416e-05,4.1200590203516185e-05
members/member_818.png,0.019024711102247238,0.02146713063120842,0.006993967108428478,0.008370828814804554,0.002691777190193534,0.0004131484602112323,0.013781500980257988,0.010520114563405514,0.002664227271452546,0.006663058884441853,0.0014870514860376716,0.00010398780432296917,0.0025171306915581226,0.0005362504161894321,0.00017252351972274482,0.0014918699162080884,3.6161785828880966e-05,4.295332473702729e-05
members/member_819.png,0.011394011788070202,0.016196507960557938,0.007604667916893959,0.005426742136478424,0.003350610379129648,0.0006498147849924862,0.00828713458031416,0.01027876976877451,0.0031875628046691418,0.004378507845103741,0.0016957642510533333,0.00017425153055228293,0.004748741164803505,0.0006787851452827454,0.00019805427291430533,0.0027422273997217417,5.535101081477478e-05,3.731179458554834e-05
members/member_820.png,0.017363030463457108,0.02241523750126362,0.018346844241023064,0.00587108451873064,0.003539537312462926,0.0016357885906472802,0.014515341259539127,0.011665642261505127,0.00757707841694355,0.005686863325536251,0.0017501969123259187,0.00044151520705781877,0.0020218498539179564,0.0007339229923672974,0.00037866143975406885,0.0005920027615502477,6.393620424205437e-05,4.340946179581806e-05
members/member_821.png,0.026081256568431854,0.010028230957686901,0.002361723454669118,0.007328045554459095,0.0018922972958534956,0.0001542651152703911,0.016671910881996155,0.004033111967146397,0.0008787688566371799,0.00538747850805521,0.0006301721441559494,6.163609941722825e-05,0.001761654857546091,0.0001808110682759434,9.923921606969088e-05,0.0006719436496496201,2.6987279852619395e-05,3.9597511204192415e-05
members/member_822.png,0.018298858776688576,0.023722246289253235,0.008545230142772198,0.007497744634747505,0.002944373292848468,0.000506261014379561,0.012014100328087807,0.010900859721004963,0.003291694214567542,0.0036251507699489594,0.001354409847408533,0.00014243887562770396,0.0017696564318612218,0.0005355223547667265,0.00019616492500063032,0.0007172180921770632,4.079391874256544e-05,4.234168227412738e-05
members/member_823.png,0.012912353500723839,0.019387951120734215,0.007855936884880066,0.004806885030120611,0.0029182445723563433,0.0007481423090212047,0.011115415953099728,0.01079337578266859,0.0032395434100180864,0.005407072603702545,0.0019259266555309296,0.00023953846539370716,0.0025212643668055534,0.0007890615379437804,0.0002009994350373745,0.0010101406369358301,5.986419637338258e-05,4.403703860589303e-05
members/member_824.png,0.01565834879875183,0.010768965817987919,0.0049313767813146114,0.005665257107466459,0.0022348291240632534,0.00022331095533445477,0.010212859138846397,0.0048780436627566814,0.001863032579421997,0.00436266278848052,0.0008221172029152513,8.622057066531852e-05,0.002918458078056574,0.0002716020098887384,0.00014869308506604284,0.001577835064381361,3.9688926335657015e-05,5.721887282561511e-05
members/member_825.png,0.016044165939092636,0.012220880016684532,0.004881960339844227,0.005365269258618355,0.0020020962692797184,0.0002755056193564087,0.01213759183883667,0.00521125691011548,0.0017968656029552221,0.005242001265287399,0.0007332403911277652,7.422783528454602e-05,0.0018878274131566286,0.00024464906891807914,0.00013319222489371896,0.0008068509632721543,1.9804623661912046e-05,3.344730430399068e-05
members/member_826.png,0.014781780540943146,0.010657298378646374,0.0032022609375417233,0.005813921336084604,0.002041573403403163,0.0002486642333678901,0.010948444716632366,0.004770219326019287,0.001189722097478807,0.00478739757090807,0.0007875334704294801,7.396164437523112e-05,0.0021847819443792105,0.00023997474636416882,0.00012489306391216815,0.0011037489166483283,2.9403734515653923e-05,4.9379068514099345e-05
members/member_827.png,0.011100590229034424,0.01180221326649189,0.006898161955177784,0.004665147978812456,0.0013527930714190006,0.00019222703122068197,0.008079622872173786,0.005017498042434454,0.0025441753678023815,0.005428422708064318,0.0006514305714517832,9.602920908946544e-05,0.00121521286200732,0.00024423719150945544,0.00016927189426496625,0.0006620761123485863,2.9764038117718883e-05,4.398365490487777e-05
members/member_828.png,0.012742435559630394,0.007726164534687996,0.003238965291529894,0.004904522560536861,0.0018498225836083293,0.00025011016987264156,0.010058100335299969,0.003486867528408766,0.0012017684057354927,0.00549492659047246,0.0007872163550928235,8.04572700872086e-05,0.0012871026992797852,0.0001827574014896527,0.00011830549919977784,0.0006539215100929141,3.0096676709945314e-05,6.272380414884537e-05
members/member_829.png,0.014086867682635784,0.019475560635328293,0.007676705252379179,0.007217884063720703,0.0032368407119065523,0.0004902317305095494,0.012093243189156055,0.011701288633048534,0.002949939575046301,0.005489859264343977,0.0019506496610119939,0.00014097057282924652,0.0030494106467813253,0.0007107117562554777,0.00017587401089258492,0.0016003692289814353,4.651222479878925e-05,3.479975930531509e-05
members/member_830.png,0.01669151708483696,0.02426622062921524,0.01351853832602501,0.006726921536028385,0.0025302034337073565,0.0009586619562469423,0.01039894949644804,0.010841881856322289,0.005249420180916786,0.0046804482117295265,0.0009718055371195078,0.00018666240794118494,0.0012871548533439636,0.0005555299576371908,0.00027870669146068394,0.0005225777858868241,4.795632412424311e-05,4.6250879677245393e-05
members/member_831.png,0.01525466050952673,0.008397537283599377,0.0035556303337216377,0.004759491886943579,0.0013122822856530547,0.0001934353931574151,0.010930826887488365,0.0033072212245315313,0.0013254126533865929,0.004188050981611013,0.0004860664193984121,6.930703239049762e-05,0.0016872900305315852,0.0001835697185015306,0.00012380644329823554,0.0009413306252099574,4.220832488499582e-05,6.267990102060139e-05
members/member_832.png,0.016711952164769173,0.011160614900290966,0.0026797265745699406,0.006220882758498192,0.0024937225971370935,0.00037650277954526246,0.013524758629500866,0.006454144604504108,0.001005426631309092,0.00462088268250227,0.0021940090227872133,0.00011929691390832886,0.0046999710611999035,0.0007187577430158854,0.00010330103395972401,0.0018790644826367497,8.7814471044112e-05,4.1867446270771325e-05
members/member_833.png,0.018565528094768524,0.01845810003578663,0.009640607982873917,0.006176904775202274,0.003316275542601943,0.0005913154454901814,0.015054592862725258,0.008065793663263321,0.003654909087345004,0.005813037045300007,0.0017053794581443071,0.00015143210475798696,0.003242598148062825,0.0003748543676920235,0.00020570812921505421,0.000860347063280642,3.722575638676062e-05,3.3564818295417354e-05
members/member_834.png,0.013498829677700996,0.019322197884321213,0.013150365091860294,0.006377010140568018,0.0032374991569668055,0.000769730017054826,0.012791149318218231,0.011566284112632275,0.005277328658849001,0.005272633861750364,0.0015015164390206337,0.00021531543461605906,0.006974444258958101,0.0006347681628540158,0.00029165216255933046,0.0030710874125361443,3.319586903671734e-05,5.854516348335892e-05
members/member_835.png,0.013972563669085503,0.018456649035215378,0.008509740233421326,0.0060167862102389336,0.004410428460687399,0.0005902716075070202,0.008572828024625778,0.00993548147380352,0.0033990186639130116,0.0035083480179309845,0.001863340032286942,0.00017247699724975973,0.0018452586373314261,0.0006666834815405309,0.00020296791626606137,0.0011524928268045187,6.836088869022205e-05,4.273595186532475e-05
members/member_836.png,0.020978381857275963,0.012240682728588581,0.0030090645886957645,0.005959502886980772,0.002191071631386876,0.00024044825113378465,0.013280029408633709,0.005829660687595606,0.0011156292166560888,0.003880211617797613,0.001105424016714096,6.395748641807586e-05,0.0015637826872989535,0.0003217118210159242,0.00011235664715059102,0.0010774049442261457,3.676886626635678e-05,5.424477785709314e-05
members/member_837.png,0.014698352664709091,0.02229621633887291,0.008405299857258797,0.005478153470903635,0.004692273214459419,0.0005396282649599016,0.011982844211161137,0.01342880167067051,0.003340386785566807,0.004447503015398979,0.0023108934983611107,0.00014751747949048877,0.00205607688985765,0.000843770569190383,0.0002047131711151451,0.0006739371456205845,3.2636133255437016e-05,4.9002857849700376e-05
members/member_838.png,0.01666577160358429,0.0174819678068161,0.011358019895851612,0.006805833894759417,0.0037462818436324596,0.0007879228214733303,0.01443187240511179,0.009684007614850998,0.004558484070003033,0.0068414052948355675,0.0016038771718740463,0.00020635241526179016,0.0024014159571379423,0.0005452719051390886,0.00024232093710452318,0.0007307174964807928,4.1394916479475796e-05,3.705237395479344e-05
members/member_839.png,0.016198445111513138,0.017287706956267357,0.008983447216451168,0.005545078776776791,0.002135094255208969,0.00037189596332609653,0.010321349836885929,0.007614727597683668,0.0033259170595556498,0.005137816537171602,0.000850246287882328,0.00011250435636611655,0.002029446652159095,0.00040730342152528465,0.0002115973038598895,0.001095307874493301,3.9704424125375226e-05,6.243478856049478e-05
members/member_840.png,0.017346294596791267,0.017862606793642044,0.006362521555274725,0.006367962807416916,0.002725942526012659,0.000528496690094471,0.012629887089133263,0.00811497587710619,0.002399012679234147,0.0044160764664411545,0.0013749160571023822,0.0001182275009341538,0.002133161760866642,0.00039661795017309487,0.00014650380762759596,0.0008098590769805014,2.699252581805922e-05,3.244061008444987e-05
members/member_841.png,0.015836266800761223,0.019417081028223038,0.006788593716919422,0.006338427308946848,0.003927208948880434,0.0003661460941657424,0.011405539698898792,0.009961908683180809,0.00244506704621017,0.005598357412964106,0.0023250626400113106,0.000105106650153175,0.0014892698964104056,0.0006673607276752591,0.00015222353977151215,0.0007042843499220908,6.990881229285151e-05,3.273886250099167e-05
members/member_842.png,0.013804852962493896,0.009801388718187809,0.0038780346512794495,0.004984172061085701,0.0011875996133312583,0.00017456745263189077,0.011801316402852535,0.0038758814334869385,0.001409988384693861,0.005985934287309647,0.0005948037141934037,5.96495192439761e-05,0.0024230817798525095,0.00018362786795478314,0.00012180393241578713,0.0014269956154748797,3.0277291443780996e-05,4.7183486458379775e-05
members/member_843.png,0.01863853633403778,0.016720116138458252,0.008203652687370777,0.0056099616922438145,0.0017181065632030368,0.0002247507800348103,0.012206175364553928,0.006889389827847481,0.0030285241082310677,0.0037675374187529087,0.0007332409149967134,7.594513590447605e-05,0.0030589401721954346,0.0003108683740720153,0.00018850209016818553,0.002254452323541045,3.351673512952402e-05,5.880737808183767e-05
members/member_844.png,0.01269563939422369,0.016699524596333504,0.004360356368124485,0.004907054360955954,0.004058376885950565,0.0004021712520625442,0.011070962063968182,0.009840164333581924,0.0016786399064585567,0.005139437969774008,0.0018884941237047315,0.00011203194299014285,0.0028991561848670244,0.0005827749846503139,0.00013479408517014235,0.001850200118497014,4.655914381146431e-05,4.134612754569389e-05
members/member_845.png,0.01487635262310505,0.018142158165574074,0.005006049294024706,0.005197825841605663,0.00271350028924644,0.00041818362660706043,0.01098842266947031,0.008263790979981422,0.0019481558119878173,0.004595605656504631,0.0009897552663460374,0.0001468653354095295,0.0020848531275987625,0.0003726953291334212,0.00013799667067360133,0.0009479099535383284,2.959294943138957e-05,4.0330600313609466e-05
members/member_846.png,0.01047032605856657,0.007170426193624735,0.002447928534820676,0.005303892306983471,0.0015465583419427276,0.00017009447037708014,0.007923455908894539,0.00313750933855772,0.0009201818611472845,0.003788396716117859,0.0005634167464450002,6.82541576679796e-05,0.0011193229584023356,0.00018315196211915463,0.00010458520409883931,0.0004463447257876396,3.619062772486359e-05,4.5863260311307386e-05
members/member_847.png,0.019102783873677254,0.013177999295294285,0.005898783914744854,0.0061185178346931934,0.0014036231441423297,0.0003139930486213416,0.013098087161779404,0.005185824818909168,0.0022369876969605684,0.004338494036346674,0.0007637780508957803,0.00011402141535654664,0.0020222789607942104,0.0002417852374492213,0.00015818268002476543,0.0011268631787970662,2.8249296519788913e-05,4.3576426833169535e-05
members/member_848.png,0.013850804418325424,0.014878081157803535,0.0070153758861124516,0.005063044372946024,0.0034099603071808815,0.00049500388558954,0.013515433296561241,0.007857043296098709,0.002858170308172703,0.00788542814552784,0.0015016463585197926,0.0001747074129525572,0.0035732965916395187,0.0004811006656382233,0.0001870039850473404,0.0009605656960047781,6.247007695492357e-05,4.5477983803721145e-05
members/member_849.png,0.015689406543970108,0.013678615912795067,0.006878661457449198,0.005340329371392727,0.0018505066400393844,0.0003991765552200377,0.009733541868627071,0.005571697372943163,0.0025089001283049583,0.004465922247618437,0.0009362344862893224,0.0001252556248800829,0.0016676686936989427,0.00026133880601264536,0.0001715185062494129,0.0007725766627117991,2.9875349355279468e-05,4.4980162783758715e-05
members/member_850.png,0.012205111794173717,0.0057687098160386086,0.0026052058674395084,0.004940238315612078,0.0014785052044317126,0.0002162730525014922,0.00975751131772995,0.0025882048066705465,0.0009762216359376907,0.004987737163901329,0.0006352720083668828,6.813465006416664e-05,0.0017052299808710814,0.00014443228428717703,0.00010198313975706697,0.0008684488129802048,3.168985131196678e-05,3.860719152726233e-05
members/member_851.png,0.014922641217708588,0.00819476880133152,0.0026126208249479532,0.006620809435844421,0.002171244937926531,0.00022004730999469757,0.010377369821071625,0.00327235646545887,0.0009575217845849693,0.003783060470595956,0.0007831265684217215,7.645689765922725e-05,0.0015956899151206017,0.00014831937733106315,9.494684491073713e-05,0.0005427774740383029,2.3697619326412678e-05,3.347806341480464e-05
members/member_852.png,0.01971789076924324,0.022877316921949387,0.009532574564218521,0.007511218078434467,0.003816749434918165,0.0007227507303468883,0.01923658326268196,0.014760086312890053,0.0038889707066118717,0.006561539601534605,0.0025806312914937735,0.0001854484435170889,0.002554041100665927,0.0010668422328308225,0.00022670452017337084,0.0006689364672638476,9.218444029102102e-05,4.3405703763710335e-05
members/member_853.png,0.01917697675526142,0.022723812609910965,0.005920744966715574,0.0060861120000481606,0.0035763776395469904,0.0004386428336147219,0.016377897933125496,0.012413649819791317,0.0021884157322347164,0.006471836008131504,0.0013311132788658142,0.00012169712863396853,0.002710373606532812,0.0006582436617463827,0.00014994530647527426,0.001344231772236526,3.6952493246644735e-05,4.6015633415663615e-05
members/member_854.png,0.014713220298290253,0.012475185096263885,0.005007751751691103,0.00631151394918561,0.0024244424421340227,0.00023797685571480542,0.010831956751644611,0.00551267247647047,0.0018535911804065108,0.004455748945474625,0.0007738547865301371,9.498844156041741e-05,0.0010138469515368342,0.00027395717916078866,0.00014241783355828375,0.00057751260465011,2.199979280703701e-05,4.516053377301432e-05
members/member_855.png,0.012125817127525806,0.009471181780099869,0.004302822519093752,0.004855263978242874,0.001623399555683136,0.00019606050045695156,0.008307090029120445,0.003977842163294554,0.001607488258741796,0.003519795136526227,0.0005587422638200223,8.778063784120604e-05,0.001851868350058794,0.00020536794909276068,0.00013986504927743226,0.0010837384033948183,3.245059269829653e-05,6.683082756353542e-05
members/member_856.png,0.01156421285122633,0.005589253734797239,0.0015255531761795282,0.006275591906160116,0.0012005058815702796,0.00011169446224812418,0.009647658094763756,0.0023111647460609674,0.000582750653848052,0.0064179315231740475,0.0006625574314966798,7.350973464781418e-05,0.001098632114008069,0.00011427824210841209,8.495045767631382e-05,0.0007113390020094812,2.6196039470960386e-05,3.554922659532167e-05
members/member_857.png,0.018898436799645424,0.01794176734983921,0.009024650789797306,0.005896576214581728,0.0020828593987971544,0.00031412270618602633,0.011352889239788055,0.007757889572530985,0.0033467221073806286,0.004441582132130861,0.0009485175833106041,0.00010338696301914752,0.0012546374928206205,0.0003782890853472054,0.00019622925901785493,0.0008704792708158493,3.5900211514672264e-05,3.8493104511871934e-05
members/member_858.png,0.01554846204817295,0.009739263914525509,0.005134932231158018,0.0062131453305482864,0.001590885454788804,0.00020444407709874213,0.009596433490514755,0.003785954089835286,0.001893964596092701,0.004016018006950617,0.0006403317674994469,9.017717093229294e-05,0.0016361572779715061,0.0001778455771273002,0.00015308934962376952,0.000758285284973681,2.6229450668324716e-05,4.542235910776071e-05
members/member_859.png,0.018152642995119095,0.02033807337284088,0.00938885286450386,0.006794877350330353,0.0039780717343091965,0.0006610797136090696,0.012067531235516071,0.009191797114908695,0.0037126592360436916,0.0047661601565778255,0.0014579532435163856,0.00019766396144405007,0.002101471647620201,0.0004656749661080539,0.0002193593536503613,0.0005972467479296029,2.720421616686508e-05,4.097282362636179e-05
members/member_860.png,0.020167872309684753,0.012104923836886883,0.007878679782152176,0.005494159180670977,0.003330921521410346,0.0012238476192578673,0.014850063249468803,0.008038411848247051,0.0034839422442018986,0.005989736877381802,0.0024683892261236906,0.00026727200020104647,0.004051909316331148,0.0007048295228742063,0.0002185619086958468,0.002008249517530203,7.83680152380839e-05,4.0249444282380864e-05
members/member_861.png,0.015583737753331661,0.01890653558075428,0.009426274336874485,0.004404318053275347,0.0022451721597462893,0.00031900970498099923,0.011400996707379818,0.00837505143135786,0.003524863626807928,0.0053760516457259655,0.0008274424471892416,8.556449029128999e-05,0.0014718304155394435,0.0004199451068416238,0.00020452820172067732,0.0008062988636083901,3.41847917297855e-05,4.3112966523040086e-05
members/member_862.png,0.015277480706572533,0.007479419931769371,0.0028670490719377995,0.0071961721405386925,0.0013253490906208754,0.00016769877402111888,0.01123396959155798,0.003509513335302472,0.0010554498294368386,0.004813684616237879,0.000944514584261924,7.788377843098715e-05,0.002083328552544117,0.00017240970919374377,0.00011219467705814168,0.0006185921956785023,2.8770635253749788e-05,3.785840453929268e-05
members/member_863.png,0.018909655511379242,0.01586356945335865,0.007734332233667374,0.0060442169196903706,0.001743924804031849,0.0002697471936699003,0.011149108409881592,0.006525036878883839,0.0028950690757483244,0.005617776419967413,0.0006932634278200567,0.00011907318548765033,0.0025035832077264786,0.00029127244488336146,0.00016688909090589732,0.0012699104845523834,2.964936356875114e-05,2.8593591196113266e-05
members/member_864.png,0.014550160616636276,0.02145634964108467,0.008527812547981739,0.006213706452399492,0.003153841709718108,0.0004951016744598746,0.012906146235764027,0.011590697802603245,0.003178240032866597,0.006332569755613804,0.0013232729397714138,0.00015240750508382916,0.003211347386240959,0.0007134696934372187,0.0001947161799762398,0.0011578175472095609,5.569199493038468e-05,4.830155739909969e-05
members/member_865.png,0.016630593687295914,0.015838375315070152,0.007290593348443508,0.005240240599960089,0.0012141844490543008,0.0002257138694403693,0.013592259027063847,0.006365706212818623,0.002701766788959503,0.0065124924294650555,0.0005316954920999706,7.719198038103059e-05,0.0017158385599032044,0.00028971408028155565,0.00017364915402140468,0.0007001222111284733,3.1433304684469476e-05,4.243232979206368e-05
members/member_866.png,0.014230728149414062,0.023197293281555176,0.011709518730640411,0.005018000956624746,0.006277276203036308,0.0009191377903334796,0.013855893164873123,0.017557542771100998,0.004624958615750074,0.0061623756773769855,0.0038237706758081913,0.0002467541489750147,0.002483068499714136,0.0014853030443191528,0.0002415457129245624,0.0010505510726943612,9.093528205994517e-05,3.400781861273572e-05
members/member_867.png,0.017378978431224823,0.016741150990128517,0.0038520449306815863,0.008052648976445198,0.0028533965814858675,0.000554292812012136,0.012736094184219837,0.007987705059349537,0.001501209568232298,0.005479857791215181,0.0011942973360419273,0.00012781414261553437,0.0023255031555891037,0.0004447897954378277,0.00012997252633795142,0.000695071357768029,4.2246192606398836e-05,3.9386621210724115e-05
members/member_868.png,0.017788106575608253,0.010709112510085106,0.00486409617587924,0.004885304719209671,0.001435843645595014,0.00019700096163433045,0.011910486966371536,0.004098177421838045,0.0017826524563133717,0.004392203409224749,0.0004926429246552289,7.418973109452054e-05,0.0015105190686881542,0.0001923490344779566,0.0001382501213811338,0.0006130713154561818,2.5061366613954306e-05,4.578530206345022e-05
members/member_869.png,0.012015211395919323,0.012470207177102566,0.005389649886637926,0.004998057149350643,0.0012964967172592878,0.00022596298367716372,0.007921221666038036,0.005007690750062466,0.0019841925241053104,0.0031910960096865892,0.0006335307261906564,8.880117820808664e-05,0.0014163905289024115,0.00024231098359450698,0.00014364936214406043,0.0005871232715435326,2.609341208881233e-05,4.445976810529828e-05
members/member_870.png,0.011638561263680458,0.006162202451378107,0.003178034210577607,0.005150782875716686,0.0010280515998601913,0.00017953575297724456,0.006919866893440485,0.0024122726172208786,0.0011813145829364657,0.002991609973832965,0.0004655278753489256,9.237810445483774e-05,0.001734292833134532,0.00012945220805704594,0.00012001382856396958,0.0010146144777536392,2.7858890462084673e-05,4.42527853010688e-05
members/member_871.png,0.019090082496404648,0.018616613000631332,0.010922756977379322,0.007373756729066372,0.0024295130278915167,0.0007775903213769197,0.013716036453843117,0.00857497937977314,0.004245492164045572,0.005094671156257391,0.001282564364373684,0.00020389884593896568,0.0021268301643431187,0.0004684027226176113,0.0002346965338801965,0.0010549300350248814,5.1063379942206666e-05,5.13057348143775e-05
members/member_872.png,0.013405856676399708,0.014692639000713825,0.006593851838260889,0.004653331357985735,0.0021704919636249542,0.0004100432270206511,0.01122367475181818,0.006577804684638977,0.002497631823644042,0.005060727708041668,0.0010593708138912916,0.0001072619779733941,0.0018680185312405229,0.0003342746931593865,0.0001569332234794274,0.0005853261682204902,3.26917834172491e-05,3.968594683101401e-05
members/member_873.png,0.016834380105137825,0.011661413125693798,0.0028263586573302746,0.008337074890732765,0.0022692105267196894,0.00022769178031012416,0.01619916781783104,0.00502033531665802,0.0010451532434672117,0.0056541720405220985,0.0005907485610805452,7.284463208634406e-05,0.0023617474362254143,0.00023051872267387807,9.559266618452966e-05,0.00082537712296471,2.440882963128388e-05,3.4542259527370334e-05
members/member_874.png,0.021893400698900223,0.029647670686244965,0.007652171887457371,0.006094188429415226,0.004066945053637028,0.0006096049910411239,0.013270905241370201,0.015002110041677952,0.0029643529560416937,0.005012582987546921,0.0016596249770373106,0.00011711973638739437,0.0012915361439809203,0.0007241179118864238,0.00017819333879742771,0.0006219506612978876,4.458517287275754e-05,4.6179036871762946e-05
members/member_875.png,0.015327291563153267,0.015290544368326664,0.0063815345056355,0.006537198554724455,0.0034816381521523,0.0005048197344876826,0.011519464664161205,0.009052371606230736,0.0023899595253169537,0.004939509090036154,0.0022462764754891396,0.00011612143862294033,0.0013352142414078116,0.0005857929354533553,0.00015728700964245945,0.0007569850422441959,5.834835610585287e-05,3.452725286479108e-05
members/member_876.png,0.019470272585749626,0.022420033812522888,0.009698588401079178,0.005331159569323063,0.004094562027603388,0.0004728826752398163,0.01464171800762415,0.011640575714409351,0.003623953089118004,0.005477823782712221,0.001753507531248033,0.00011673205153783783,0.0033788373693823814,0.0007213901844806969,0.00019349990179762244,0.0016733641969040036,6.38358760625124e-05,2.9570735932793468e-05
members/member_877.png,0.018565524369478226,0.01774289645254612,0.007039089221507311,0.005860488396137953,0.0028196037746965885,0.00042346774716861546,0.014514531008899212,0.008092198520898819,0.002606733236461878,0.0068314047530293465,0.0011360464850440621,9.772341581992805e-05,0.002272263402119279,0.0004533326718956232,0.00016505835810676217,0.0014166488545015454,4.462236029212363e-05,4.031932257930748e-05
members/member_878.png,0.014607496559619904,0.0175668653100729,0.007728195749223232,0.004336887039244175,0.0030844833236187696,0.00044171244371682405,0.010854636318981647,0.008317111991345882,0.0028122090734541416,0.004763355944305658,0.0011224282206967473,0.00014035633648745716,0.002574743703007698,0.00048151801456697285,0.00018634769367054105,0.001687964890152216,4.375896605779417e-05,6.64178587612696e-05
members/member_879.png,0.013241596519947052,0.011496962048113346,0.0043250154703855515,0.005748579744249582,0.002430433640256524,0.00020713296544272453,0.008871004916727543,0.005539784207940102,0.0015712970634922385,0.004071198403835297,0.001081128604710102,7.133392500691116e-05,0.0020970720797777176,0.0003048215003218502,0.00012105763744330034,0.001396134844981134,3.1895677238935605e-05,3.471502714091912e-05
members/member_880.png,0.014220988377928734,0.010294291190803051,0.0029982374981045723,0.005548323038965464,0.0023241580929607153,0.00023859825159888715,0.01122412458062172,0.00444870674982667,0.0011086079757660627,0.004983978345990181,0.0006360464030876756,6.115383439464495e-05,0.0012503789039328694,0.000222893911995925,0.00011683531192829832,0.0004464878293219954,3.0016813980182633e-05,5.377606794354506e-05
members/member_881.png,0.024268029257655144,0.023928100243210793,0.011505217291414738,0.007141894660890102,0.003269156673923135,0.0008920676191337407,0.0156631451100111,0.01180824264883995,0.004471863619983196,0.004818039480596781,0.0017116566887125373,0.00023479887749999762,0.0018144797068089247,0.0006675620097666979,0.00028196629136800766,0.0008529489859938622,6.420387217076495e-05,8.300836634589359e-05
members/member_882.png,0.017438767477869987,0.010795419104397297,0.004108647350221872,0.0059479763731360435,0.001501777907833457,0.00015235920727718621,0.01020586583763361,0.004085773602128029,0.001508721150457859,0.0036764824762940407,0.0004859417967963964,6.274909537751228e-05,0.001937932102009654,0.00019855014397762716,0.00012067134230164811,0.0008713636780157685,2.3268397853826173e-05,4.01173674617894e-05
members/member_883.png,0.014136220328509808,0.011738969944417477,0.003922407049685717,0.00600640382617712,0.0026557683013379574,0.0004826828953810036,0.011350028216838837,0.00839084479957819,0.0017406726256012917,0.0035395000595599413,0.00196208362467587,0.00011428190919104964,0.002789796097204089,0.00049832824151963,0.00013191338803153485,0.001141020213253796,4.218784306431189e-05,3.445819311309606e-05
members/member_884.png,0.014815133064985275,0.00783748459070921,0.003860758850350976,0.005153701640665531,0.0022261820267885923,0.000310519797494635,0.010649575851857662,0.0036398780066519976,0.001430834410712123,0.004273734055459499,0.0013020240003243089,8.15941093605943e-05,0.002220736350864172,0.00019019999308511615,0.00011861504754051566,0.001182987936772406,3.6740690120495856e-05,3.6130975786363706e-05
members/member_885.png,0.01902504824101925,0.02624862641096115,0.011401607654988766,0.006794761400669813,0.003330348525196314,0.0004979028017260134,0.014339514076709747,0.012781593948602676,0.004166216589510441,0.004561099223792553,0.0010591951431706548,0.0001029436316457577,0.0015983046032488346,0.0006113637355156243,0.00023223481548484415,0.0008427563589066267,4.1255781979998574e-05,5.247596345725469e-05
members/member_886.png,0.014233619906008244,0.009413090534508228,0.005507858004420996,0.006048923823982477,0.0015883188461884856,0.0002878712257370353,0.011600667610764503,0.003984292969107628,0.0020581588614732027,0.005523864179849625,0.000637462770100683,0.00010412503615953028,0.002149568870663643,0.00018720423395279795,0.00014660220767837018,0.0014241687022149563,3.167446993757039e-05,3.5837441828334704e-05
members/member_887.png,0.016716253012418747,0.0065915752202272415,0.002420073840767145,0.007119728252291679,0.0006851381040178239,9.663342643762007e-05,0.011537332087755203,0.002616262063384056,0.0009002399165183306,0.004027966875582933,0.0003345699515193701,7.233749056467786e-05,0.002053411677479744,0.00012131018593208864,9.307142317993566e-05,0.0007054360467009246,2.3599503037985414e-05,4.96852990181651e-05
members/member_888.png,0.015944942831993103,0.006707792170345783,0.0023647816851735115,0.006627894006669521,0.0016250797780230641,0.00023376141325570643,0.011188195087015629,0.0032310327515006065,0.0008830999722704291,0.004976568277925253,0.0009262047824449837,8.846928540151566e-05,0.0015558216255158186,0.0001841834164224565,9.93290013866499e-05,0.0007409577374346554,3.696440762723796e-05,4.458448165678419e-05
members/member_889.png,0.016932548955082893,0.021009115502238274,0.00792820192873478,0.0074873012490570545,0.0024402113631367683,0.0003238563076592982,0.010894875973463058,0.009147997945547104,0.002895623678341508,0.0033608493395149708,0.0006485551130026579,8.231279207393527e-05,0.0020753538701683283,0.00046536867739632726,0.00017277878941968083,0.001106708194129169,2.6134921427001245e-05,3.0446797609329224e-05
members/member_890.png,0.022978592664003372,0.02519362047314644,0.006600196473300457,0.00971361342817545,0.003615389112383127,0.00030803022673353553,0.016419101506471634,0.011152557097375393,0.00244497274979949,0.0060650985687971115,0.0013287041801959276,0.00010554199252510443,0.0030958461575210094,0.0005843202234245837,0.00015654329035896808,0.001216690638102591,4.4147738663014024e-05,2.929195761680603e-05
members/member_891.png,0.016720641404390335,0.023363856598734856,0.007698527071624994,0.004893096163868904,0.0030466720927506685,0.000608534028287977,0.012122059240937233,0.010768214240670204,0.002993248403072357,0.0045073386281728745,0.0010165077401325107,9.905787737807259e-05,0.0018538635922595859,0.0005072855856269598,0.00019981793593615294,0.0009268129360862076,4.7006946260808036e-05,7.076610199874267e-05
members/member_892.png,0.014044377952814102,0.020575441420078278,0.007970523089170456,0.0055857510305941105,0.003679086919873953,0.0005192195530980825,0.012422902509570122,0.012769479304552078,0.00316210207529366,0.004570453427731991,0.0023960666730999947,0.00013531754666473716,0.0029605012387037277,0.0008628676878288388,0.00019374895782675594,0.0012939616572111845,6.768098683096468e-05,4.977330536348745e-05
members/member_893.png,0.015439770184457302,0.020332811400294304,0.010449155233800411,0.0058326516300439835,0.004653812386095524,0.0007580702076666057,0.010740507394075394,0.011408128775656223,0.004154167138040066,0.004238060209900141,0.0022153183817863464,0.00022406005882658064,0.001239754376001656,0.0007971070590429008,0.00023830424470361322,0.000570787291508168,7.183819980127737e-05,3.7137302570044994e-05
members/member_894.png,0.01680845208466053,0.00865860190242529,0.002019725041463971,0.00570004153996706,0.0015997104346752167,0.00016046561358962208,0.011417260393500328,0.0035925654228776693,0.0007612110930494964,0.0049864607863128185,0.0006976759759709239,7.669701153645292e-05,0.001477916375733912,0.0001794824784155935,8.786658872850239e-05,0.000628264679107815,2.245982614113018e-05,3.533913695719093e-05
members/member_895.png,0.018412332981824875,0.0184711292386055,0.0045854621566832066,0.006434425711631775,0.002713779453188181,0.0002978554693982005,0.01262117363512516,0.009084300138056278,0.001682794070802629,0.005102554801851511,0.0013898636680096388,9.752360347192734e-05,0.0015897919656708837,0.00048278007307089865,0.00012733932817354798,0.0007091959123499691,4.4071759475627914e-05,3.2332816772395745e-05
members/member_896.png,0.02008792944252491,0.01315066684037447,0.0037408960051834583,0.006998859811574221,0.001599545474164188,0.0002434246416669339,0.01777070201933384,0.005582113284617662,0.0013531323056668043,0.007569416426122189,0.0007909676642157137,7.391227700281888e-05,0.003062531119212508,0.00027518629212863743,0.00012504804180935025,0.0009628075058571994,3.454790930845775e-05,4.65770426671952e-05
members/member_897.png,0.02871072106063366,0.027586448937654495,0.008385042659938335,0.006259087938815355,0.003757506376132369,0.000592552765738219,0.01742585562169552,0.013267254456877708,0.003209367161616683,0.004125311505049467,0.001988359959796071,0.0001561977551318705,0.0015358231030404568,0.0007328031933866441,0.00020090449834242463,0.00042125204345211387,6.082801701268181e-05,4.7650184569647536e-05
members/member_898.png,0.016237065196037292,0.011421462520956993,0.007904624566435814,0.00720628909766674,0.0018656764877960086,0.000326356414007023,0.01097767986357212,0.004990068729966879,0.002906001405790448,0.006142446305602789,0.0008712256676517427,9.087626676773652e-05,0.001703251851722598,0.00026385122328065336,0.00018209233530797064,0.0008256612927652895,3.214000753359869e-05,3.413599915802479e-05
members/member_899.png,0.011875237338244915,0.017304159700870514,0.006736951880156994,0.005797293037176132,0.0027280105277895927,0.0005143458838574588,0.009758474305272102,0.008326469920575619,0.002510595368221402,0.0046204510144889355,0.0016502587823197246,0.00011743478535208851,0.0025310826022177935,0.0004088004061486572,0.00016330080688931048,0.0012216831091791391,4.3631116568576545e-05,3.411484794924036e-05
members/member_900.png,0.016272878274321556,0.01931324601173401,0.008056684397161007,0.006311220116913319,0.004272258374840021,0.0005824888357892632,0.013751882128417492,0.010621880181133747,0.003101347479969263,0.00514643918722868,0.002004071371629834,0.00013868864334654063,0.002456867601722479,0.0006175232119858265,0.00018659440684132278,0.0009340500691905618,4.3866111809620634e-05,4.438801988726482e-05
members/member_901.png,0.016990208998322487,0.02224110998213291,0.012631919234991074,0.005473357159644365,0.0038431494031101465,0.0009105867356993258,0.014034663327038288,0.012014350853860378,0.004825429990887642,0.0047838944010436535,0.002142583020031452,0.0003094672574661672,0.0033557587303221226,0.0009136473527178168,0.00025766584440134466,0.0012134501012042165,6.562604539794847e-05,3.842416845145635e-05
members/member_902.png,0.017300259321928024,0.027353156358003616,0.02222590707242489,0.007239966653287411,0.004130339249968529,0.0021000923588871956,0.01221951749175787,0.014432063326239586,0.009299085475504398,0.005222577601671219,0.0016290814382955432,0.0004007962124887854,0.0027646285016089678,0.0007807838264852762,0.0004544417606666684,0.001143248868174851,6.0146434407215565e-05,4.572156467474997e-05
members/member_903.png,0.02145572192966938,0.023853495717048645,0.014420021325349808,0.008645961992442608,0.0035162405110895634,0.0006710780435241759,0.014332592487335205,0.01243116520345211,0.005509208422154188,0.004967173095792532,0.0018270299769937992,0.00021025611204095185,0.0027928806375712156,0.0006376777309924364,0.0002951457863673568,0.000992057379335165,4.8493140639038756e-05,7.942703814478591e-05
members/member_904.png,0.014275440946221352,0.02434094436466694,0.010082611814141273,0.006234241183847189,0.004685485735535622,0.0009013159433379769,0.010102130472660065,0.01449346262961626,0.004066335968673229,0.004681272432208061,0.002532878890633583,0.00018206016102340072,0.0011540338164195418,0.000905929075088352,0.00022638976224698126,0.0006713553448207676,6.291674071690068e-05,3.192060103174299e-05
members/member_905.png,0.015969661995768547,0.009025225415825844,0.001623394200578332,0.00610289117321372,0.0011778876651078463,0.0001275511458516121,0.011996107175946236,0.0038333297707140446,0.0006179605843499303,0.004446008242666721,0.0006011296063661575,6.407619366655126e-05,0.002281836699694395,0.00020164558372925967,0.00010134456533705816,0.0008910353644751012,3.176603058818728e-05,5.383287134463899e-05
members/member_906.png,0.023331839591264725,0.01704615168273449,0.005152789410203695,0.007496898528188467,0.002469215774908662,0.0003437188861425966,0.01741935685276985,0.007806268986314535,0.001968905096873641,0.0059599196538329124,0.0011824378743767738,9.780247637536377e-05,0.002395820803940296,0.0004097412165720016,0.00014830371947027743,0.0009329859749414027,3.826489410130307e-05,4.330249430495314e-05
members/member_907.png,0.01766827516257763,0.008967339992523193,0.0031005782075226307,0.0073961359448730946,0.001775938319042325,0.0002100903366226703,0.011751503683626652,0.0038935437332838774,0.001149947987869382,0.005074548069387674,0.0007903827936388552,6.482631579274312e-05,0.0012364418944343925,0.00019744675955735147,0.00011378791532479227,0.0005829647998325527,3.2204363378696144e-05,4.735487891593948e-05
members/member_908.png,0.02118825726211071,0.020579131320118904,0.004461403004825115,0.008251884952187538,0.0038171170745044947,0.0003499944577924907,0.015832072123885155,0.009579296223819256,0.0016362256137654185,0.0057621304877102375,0.0014646492199972272,0.00011786753020714968,0.0019439369207248092,0.00048577110283076763,0.00012889086792711169,0.0009964469354599714,2.9698128855670802e-05,4.549682853394188e-05
members/member_909.png,0.013487976044416428,0.013426351360976696,0.006959025748074055,0.005054275505244732,0.001863763784058392,0.0003459033614490181,0.00971328467130661,0.005991015583276749,0.0026160168927162886,0.00399869354441762,0.0008825638797134161,9.143178613157943e-05,0.0012477135751396418,0.00029461938538588583,0.0001651531783863902,0.0007755004917271435,3.5189797927159816e-05,3.641715011326596e-05
members/member_910.png,0.023793978616595268,0.025254761800169945,0.012033672071993351,0.006613421253859997,0.00205858051776886,0.00022077804896980524,0.01535298302769661,0.010207809507846832,0.004421845078468323,0.0042473264038562775,0.000851506891194731,0.00012109242379665375,0.0016851169057190418,0.00048312274157069623,0.00025347917107865214,0.0005667550140060484,3.6038247344549745e-05,5.6349301303271204e-05
members/member_911.png,0.015555612742900848,0.022829489782452583,0.0077274213545024395,0.0046227360144257545,0.004793577827513218,0.0005442794063128531,0.012487104162573814,0.013589423149824142,0.0029393192380666733,0.004887938499450684,0.002295210724696517,0.00012410810450091958,0.0018330472521483898,0.0008603957248851657,0.00018757442012429237,0.0007416431326419115,5.747619070461951e-05,4.4388885726220906e-05
members/member_912.png,0.01738021895289421,0.028976015746593475,0.012023955583572388,0.005372201558202505,0.004637936130166054,0.0009373181965202093,0.016702156513929367,0.016265567392110825,0.00482019642367959,0.006618354935199022,0.0017440450610592961,0.0002017088554566726,0.0021428954787552357,0.0008987589390017092,0.0002734451263677329,0.0010685012675821781,5.649929153150879e-05,6.436582043534145e-05
members/member_913.png,0.014514906331896782,0.01305361744016409,0.002629406051710248,0.006031703669577837,0.0019442124757915735,0.00020862367819063365,0.008736003190279007,0.005188150331377983,0.0009326724684797227,0.004157618153840303,0.000674713752232492,5.2093171689193696e-05,0.0010532480664551258,0.0002641294267959893,0.00010357869177823886,0.0005342716467566788,3.288768130005337e-05,5.185907502891496e-05
members/member_914.png,0.015650369226932526,0.0158024113625288,0.005681870970875025,0.005071406718343496,0.002356948098167777,0.0003332631604280323,0.010005888529121876,0.007483458146452904,0.002113961847499013,0.0052234698086977005,0.0009721096139401197,0.00012344503193162382,0.0008369410643354058,0.0003533985000103712,0.00014582384028472006,0.0005012548062950373,2.6507659640628844e-05,3.8303955079754815e-05
members/member_915.png,0.010694585740566254,0.011433419771492481,0.006939287297427654,0.005456200800836086,0.002131825312972069,0.00024328370636794716,0.008119054138660431,0.005063056945800781,0.002600336680188775,0.0033616707660257816,0.0008362306980416179,0.0001193388452520594,0.0010748009663075209,0.0002849166339728981,0.00016975434846244752,0.0007322349119931459,3.4610045986482874e-05,4.8852878535399213e-05
members/member_916.png,0.013937925919890404,0.02588009648025036,0.01775944232940674,0.006043288391083479,0.0038406229577958584,0.0010659939143806696,0.012511564418673515,0.014514723792672157,0.007157636806368828,0.0046269516460597515,0.0020205636974424124,0.00021772737090941519,0.001900472678244114,0.0009298844379372895,0.0003610967833083123,0.0008539961418136954,5.474174759001471e-05,3.8966893043834716e-05
members/member_917.png,0.012806070037186146,0.01602873019874096,0.006534105632454157,0.004741343669593334,0.00296500651165843,0.000351067865267396,0.008836688473820686,0.007399330846965313,0.0024958865251392126,0.0036830552853643894,0.0008249131496995687,9.786904411157593e-05,0.0031448411755263805,0.00037643458927050233,0.00016262703866232187,0.0019091644790023565,3.4296717785764486e-05,4.9953257985180244e-05
members/member_918.png,0.014583450742065907,0.007950330153107643,0.0011497564846649766,0.00568954786285758,0.002418434713035822,0.00030352777685038745,0.011760878376662731,0.0035951624158769846,0.0004198394017294049,0.007577186916023493,0.0010841421317309141,8.617386629339308e-05,0.001703942660242319,0.00013923717779107392,8.667087240610272e-05,0.0009595497394911945,2.85298956441693e-05,6.278492946876213e-05
members/member_919.png,0.01571183279156685,0.008560961112380028,0.001261151977814734,0.007154639810323715,0.001396870706230402,0.000161720032338053,0.012942902743816376,0.003553382819518447,0.0004968641442246735,0.006262700539082289,0.0005118733388371766,5.6263150327140465e-05,0.0028523097280412912,0.0001771518582245335,8.462928235530853e-05,0.0012338249944150448,2.7787964427261613e-05,4.4141845137346536e-05
members/member_920.png,0.014166092500090599,0.01940460503101349,0.011492736637592316,0.004781023133546114,0.0029560576658695936,0.0009216347825713456,0.01174917258322239,0.009999441914260387,0.004650101996958256,0.004505095537751913,0.0017432470340281725,0.00022431807883549482,0.003152325050905347,0.0008649580995552242,0.00026197510305792093,0.0020496132783591747,0.00010902569920290262,4.315356272854842e-05
members/member_921.png,0.0226762518286705,0.024596061557531357,0.011628027074038982,0.006367568392306566,0.003083864925429225,0.0004326434573158622,0.013916310854256153,0.011316218413412571,0.004390548914670944,0.004886984825134277,0.0011237476719543338,0.00012350764882285148,0.0018291192827746272,0.0005832540336996317,0.00023411624715663493,0.00046520441537722945,3.8799335015937686e-05,3.6262172216083854e-05
members/member_922.png,0.01854616403579712,0.016519742086529732,0.004805218894034624,0.005672159139066935,0.002639806130900979,0.0003204622189514339,0.012667762115597725,0.007181978784501553,0.0017928394954651594,0.005589507985860109,0.0010805808706209064,7.025190279819071e-05,0.0016645535361021757,0.0003589506377466023,0.00014205554907675833,0.00046226399717852473,3.159555126330815e-05,5.202677130000666e-05
members/member_923.png,0.0178131815046072,0.01742241531610489,0.01430623047053814,0.005897014867514372,0.0026866814587265253,0.000516077212523669,0.013880319893360138,0.00755933066830039,0.005340432748198509,0.006898091174662113,0.0010161735117435455,0.00010469295375514776,0.0025349396746605635,0.00039415486389771104,0.00028575072064995766,0.0015496991109102964,5.3132094762986526e-05,5.694607170880772e-05
members/member_924.png,0.019508715718984604,0.01999049261212349,0.006754666101187468,0.008339092135429382,0.003406575880944729,0.00031590391881763935,0.014716453850269318,0.008692885749042034,0.0025257342495024204,0.004909890238195658,0.001454852637834847,0.00013964179379399866,0.0021724391262978315,0.00044745433842763305,0.00017091997142415494,0.0007947676931507885,4.038622137159109e-05,6.0887781728524715e-05
members/member_925.png,0.014556484296917915,0.013169310055673122,0.003862630110234022,0.005046761129051447,0.002679678378626704,0.00045088696060702205,0.011269607581198215,0.005758967250585556,0.0014706675428897142,0.004344301298260689,0.001075247535482049,0.00011959984840359539,0.00241962936706841,0.00034259961103089154,0.00012719669030047953,0.0010624539572745562,4.040598287247121e-05,4.3089687096653506e-05
members/member_926.png,0.015599063597619534,0.015872910618782043,0.005793594289571047,0.006558259017765522,0.0030493440572172403,0.00041795626748353243,0.01031903550028801,0.007509852759540081,0.002192804357036948,0.004077722784131765,0.0008340654894709587,9.768933523446321e-05,0.0019118024501949549,0.0004047518887091428,0.00015513460675720125,0.000796136970166117,3.859271964756772e-05,4.8219833843177184e-05
members/member_927.png,0.015753092244267464,0.01042993739247322,0.0031435443088412285,0.005130537785589695,0.0022557873744517565,0.0001913523447001353,0.011590751819312572,0.004722855519503355,0.0011644213227555156,0.004882013890892267,0.0012293256586417556,8.721845370018855e-05,0.0023211464285850525,0.00021084962645545602,0.00010843972995644435,0.0012217165203765035,3.4141492506023496e-05,3.9825736166676506e-05
members/member_928.png,0.018437616527080536,0.01859315112233162,0.010655343532562256,0.006127697415649891,0.002859746338799596,0.0005134058883413672,0.011849245056509972,0.008670706301927567,0.004028662573546171,0.004214737098664045,0.0012781122932210565,0.00014791337889619172,0.0015423590084537864,0.0004945488763041794,0.0002414676418993622,0.000676288444083184,4.366529537946917e-05,5.155280086910352e-05
members/member_929.png,0.011839059181511402,0.014590715989470482,0.0035830435808748007,0.004160204902291298,0.0028457045555114746,0.0005360784125514328,0.011877970770001411,0.007004740182310343,0.0012418394908308983,0.006139490753412247,0.001739253755658865,8.773880108492449e-05,0.004373825155198574,0.0004413542046677321,0.0001128397198044695,0.0023291874676942825,6.774989742552862e-05,4.106558480998501e-05
members/member_930.png,0.013296391814947128,0.011793102137744427,0.006127823144197464,0.0051286485977470875,0.001639670692384243,0.0001810058020055294,0.007906487211585045,0.004917425569146872,0.0022522283252328634,0.003277722978964448,0.0006576906307600439,9.612805297365412e-05,0.002748937113210559,0.00025969219859689474,0.0001552993053337559,0.0018685127142816782,3.941081740777008e-05,4.5356871851254255e-05
members/member_931.png,0.01595352590084076,0.020126428455114365,0.005264551844447851,0.007045641075819731,0.004194573033601046,0.0004752808890771121,0.01246394868940115,0.011208551004529,0.001972820609807968,0.005740221124142408,0.0018465464236214757,9.858007979346439e-05,0.0027396627701818943,0.0006684750551357865,0.00016633306222502142,0.001092105288989842,5.895393405808136e-05,7.123491377569735e-05
members/member_932.png,0.014220720157027245,0.010882463306188583,0.004020014312118292,0.0066147902980446815,0.0016909516416490078,0.00029575530788861215,0.010677359998226166,0.005397312808781862,0.0015298760263249278,0.004382880870252848,0.0009539053426124156,7.425626245094463e-05,0.003972684033215046,0.00029141141567379236,0.00012167797103757039,0.0017653927206993103,2.930618211394176e-05,3.608796396292746e-05
members/member_933.png,0.011631626635789871,0.013546789065003395,0.005137273110449314,0.005465541034936905,0.0018046712502837181,0.0003015088150277734,0.009171170182526112,0.005864064674824476,0.0019307174952700734,0.006575216073542833,0.0009009630302898586,9.677952766651288e-05,0.0033592008985579014,0.0002998349955305457,0.0001405115326633677,0.001955099171027541,3.3736552722984925e-05,3.6524386814562604e-05
members/member_934.png,0.0158214308321476,0.012394568882882595,0.0067182802595198154,0.005350443534553051,0.001817887183278799,0.0002751246211118996,0.01115963701158762,0.004660754464566708,0.002514106221497059,0.004679141100496054,0.0004395068681333214,0.00010053618461824954,0.002140454715117812,0.0002289367257617414,0.00015970620734151453,0.0009595425799489021,2.9456507036229596e-05,3.508395093376748e-05
members/member_935.png,0.012560265138745308,0.008938758634030819,0.005205817986279726,0.005241249222308397,0.001845266204327345,0.00046612322330474854,0.011270072311162949,0.004750347696244717,0.0020394951570779085,0.0051109809428453445,0.0010029703844338655,0.00011197644926141948,0.0020390974823385477,0.00029128638561815023,0.00015135739522520453,0.0012055448023602366,3.524261774145998e-05,5.642592441290617e-05
members/member_936.png,0.016719408333301544,0.026358773931860924,0.014762554317712784,0.006023360416293144,0.0035934054758399725,0.0005459767417050898,0.012663977220654488,0.012905261479318142,0.0056124222464859486,0.004453548230230808,0.0011454084888100624,0.00014454562915489078,0.0018653630977496505,0.0006909765070304275,0.00028614976326934993,0.0006510796374641359,4.6239820221671835e-05,3.709637530846521e-05
members/member_937.png,0.015706293284893036,0.01380268856883049,0.005102823488414288,0.006669474765658379,0.0026242684107273817,0.000491357350256294,0.01073469128459692,0.0068118213675916195,0.002057253383100033,0.00484119076281786,0.0012602136703208089,0.00010163655679207295,0.0014229407534003258,0.00038197857793420553,0.00013642963313031942,0.0005956750828772783,5.045182115281932e-05,2.496801425877493e-05
members/member_938.png,0.02373366802930832,0.013905812054872513,0.007745055481791496,0.008333411067724228,0.0018524463521316648,0.0003064163029193878,0.01791202463209629,0.005522073712199926,0.0028432661201804876,0.00499369902536273,0.0005565331084653735,8.346833055838943e-05,0.002420278498902917,0.00027888419572263956,0.0001779405283741653,0.0010437576565891504,2.8091159038012847e-05,4.506187906372361e-05
members/member_939.png,0.011394024826586246,0.009538162499666214,0.002250923542305827,0.004068342503160238,0.0016634446801617742,0.00022304289450403303,0.009119891561567783,0.004315013997256756,0.0008402270032092929,0.0052383095026016235,0.0008192877867259085,6.265468255151063e-05,0.002159680472686887,0.00021573361300397664,9.60292381932959e-05,0.0013990080915391445,2.7593880076892674e-05,4.1820836486294866e-05
members/member_940.png,0.014294199645519257,0.02094060368835926,0.012444167397916317,0.004478785675019026,0.00391897140070796,0.0007427106029354036,0.010302606038749218,0.009862423874437809,0.004672157112509012,0.0044708410277962685,0.0018468014895915985,0.00016591379244346172,0.0010422969935461879,0.0005471133626997471,0.000249095814069733,0.0007106069824658334,5.359375063562766e-05,4.1591796616557986e-05
members/member_941.png,0.014370095916092396,0.010337753221392632,0.003384630661457777,0.005335201509296894,0.002783130155876279,0.0001543525286251679,0.01401029247790575,0.005232493858784437,0.0012630458222702146,0.005709587596356869,0.0014321423368528485,6.753202615072951e-05,0.0027984483167529106,0.0003705882409121841,0.00011804895621025935,0.001292238011956215,5.59552718186751e-05,4.61695744888857e-05
members/member_942.png,0.014117245562374592,0.014280066825449467,0.006775562651455402,0.006773943547159433,0.002749276114627719,0.00036141157033853233,0.011304313316941261,0.007189663127064705,0.0026494052726775408,0.0051346770487725735,0.0012774167116731405,0.00014158885460346937,0.0018964420305565,0.00038209601189009845,0.00017667074280325323,0.0008875658386386931,3.2964959245873615e-05,4.24060744990129e-05
members/member_943.png,0.015149159356951714,0.021804628893733025,0.00849141925573349,0.005319122690707445,0.0047135730274021626,0.0008746409439481795,0.012015162967145443,0.015946729108691216,0.003632511477917433,0.004609120078384876,0.002341385232284665,0.00017596878751646727,0.0017478783847764134,0.001085834694094956,0.00021651230053976178,0.0007445544470101595,8.052711928030476e-05,5.276229421724565e-05
members/member_944.png,0.018168026581406593,0.01280899066478014,0.004433955065906048,0.0067242723889648914,0.0028849984519183636,0.0002701383491512388,0.013175388798117638,0.006408762186765671,0.0016487917164340615,0.005298313219100237,0.0010683384025469422,8.401808008784428e-05,0.0022074601147323847,0.0003548768872860819,0.00012778119707945734,0.0009256264311261475,4.885984162683599e-05,3.583973375498317e-05
members/member_945.png,0.019831091165542603,0.028917236253619194,0.007096108049154282,0.007154738064855337,0.004030691459774971,0.00038120202952995896,0.014696755446493626,0.013790298253297806,0.0026220916770398617,0.004044251516461372,0.001589579856954515,0.00011509298929013312,0.0018673366867005825,0.0008494643843732774,0.00017689958622213453,0.00053277553524822,8.598792919656262e-05,4.550137236947194e-05
members/member_946.png,0.01808011159300804,0.016806887462735176,0.013928920030593872,0.006599063519388437,0.0023772551212459803,0.0004355073324404657,0.01277797669172287,0.00700008450075984,0.005147343501448631,0.0062821428291499615,0.000981873832643032,0.0001231640635523945,0.002619444625452161,0.00035409315023571253,0.000274872116278857,0.0011129457270726562,2.9232061933726072e-05,4.731024455395527e-05
members/member_947.png,0.013257143087685108,0.026492316275835037,0.010326347313821316,0.00529552111402154,0.004837680142372847,0.0005688868695870042,0.011433502659201622,0.015106132254004478,0.00401631835848093,0.0048418366350233555,0.002819250337779522,0.00014239357551559806,0.0019658543169498444,0.0009771930053830147,0.00022378936409950256,0.001451217452995479,7.574185292469338e-05,4.286156763555482e-05
members/member_948.png,0.024354945868253708,0.020947961136698723,0.006918751168996096,0.007485596928745508,0.0027509864885360003,0.0003025560872629285,0.01984464004635811,0.00974697433412075,0.0025910979602485895,0.0073505281470716,0.0014889424201101065,0.00010161391401197761,0.0028733450453728437,0.0005691246478818357,0.00016806395433377475,0.0008023340487852693,5.496853555087e-05,5.828787834616378e-05
members/member_949.png,0.014489569701254368,0.009455638006329536,0.0036675932351499796,0.006064840126782656,0.001663212664425373,0.00025599414948374033,0.013205173425376415,0.004415519069880247,0.001377756241708994,0.006135881878435612,0.0008306499221362174,8.975248783826828e-05,0.002414114074781537,0.00025721968268044293,0.00011409642320359126,0.0008576143882237375,3.638791531557217e-05,3.8166057493072e-05
members/member_950.png,0.014144775457680225,0.02280980534851551,0.011173725128173828,0.00519094942137599,0.00492969760671258,0.0008223425829783082,0.012083020061254501,0.013814438134431839,0.004498356021940708,0.005187155678868294,0.0027952890377491713,0.0002320680650882423,0.003166814101859927,0.0011920789256691933,0.00024670298444107175,0.0009517510770820081,8.056274964474142e-05,3.7923804484307766e-05
members/member_951.png,0.01901101879775524,0.020365433767437935,0.006973831448704004,0.00670241704210639,0.0026899012736976147,0.0005437935469672084,0.013839962892234325,0.011561422608792782,0.0028857376892119646,0.004879241343587637,0.001588016632013023,0.00014056400686968118,0.002847198164090514,0.0007360840681940317,0.00018903159070760012,0.0011590771609917283,5.3463034419110045e-05,5.768572009401396e-05
members/member_952.png,0.009841308929026127,0.011206450872123241,0.004964914172887802,0.004534604959189892,0.0035493008326739073,0.00066011818125844,0.009051875211298466,0.007477074861526489,0.0021958001889288425,0.0036140442825853825,0.0022942337673157454,0.00027777592185884714,0.003820013487711549,0.0009643916855566204,0.00017268031660933048,0.001693311845883727,9.270915325032547e-05,4.2145435145357624e-05
members/member_953.png,0.01597844995558262,0.013967194594442844,0.005307658109813929,0.005919338669627905,0.0021530508529394865,0.0003598224720917642,0.010827546939253807,0.0068664951249957085,0.0019829559605568647,0.004595471080392599,0.0011815766338258982,0.00010876861051656306,0.002103422535583377,0.00035098116495646536,0.00013682537246495485,0.0009322310797870159,3.340839975862764e-05,4.840768451686017e-05
members/member_954.png,0.02197166532278061,0.026919031515717506,0.005988122429698706,0.007577976211905479,0.0049933092668652534,0.000318279693601653,0.01480998657643795,0.014178549870848656,0.0021960025187581778,0.004193529020994902,0.001891166321001947,9.337698429590091e-05,0.0021316190250217915,0.0007702501025050879,0.00014083120913710445,0.0009043669560924172,4.868711403105408e-05,3.772845957428217e-05
members/member_955.png,0.015279668383300304,0.019423741847276688,0.009283263236284256,0.006520588882267475,0.0029647578485310078,0.00039779592771083117,0.008283223025500774,0.010027855634689331,0.0034159887582063675,0.0030797834042459726,0.0015953343827277422,0.0001270797656616196,0.0013651016633957624,0.0005238387966528535,0.00018991930119227618,0.0008632796816527843,3.805739834206179e-05,3.410634963074699e-05
members/member_956.png,0.01562737673521042,0.014919588342308998,0.013256876729428768,0.004349931608885527,0.002380689373239875,0.0006722973776049912,0.011674391105771065,0.0064736902713775635,0.005026277154684067,0.005181142129004002,0.0007922232616692781,0.0002257289015688002,0.0023535743821412325,0.0003005337784998119,0.0002615888661239296,0.001140244072303176,3.152502904413268e-05,3.3874064683914185e-05
members/member_957.png,0.01999826915562153,0.029208166524767876,0.014184295199811459,0.007117139175534248,0.004184690769761801,0.0008368779090233147,0.012350006029009819,0.01677745394408703,0.005630746018141508,0.004271394107490778,0.002505907556042075,0.00020313893037382513,0.0011829269351437688,0.0010095583274960518,0.000300235376926139,0.0005273669376038015,6.903408939251676e-05,5.693968341802247e-05
members/member_958.png,0.01746489480137825,0.014728410169482231,0.0034140218049287796,0.004623746499419212,0.002098893979564309,0.00027996706194244325,0.010888589546084404,0.006820913404226303,0.0012053188402205706,0.00518557894974947,0.0014603495365008712,6.625044625252485e-05,0.001704884460195899,0.00035710149677470326,0.00011164674651809037,0.0005874197231605649,3.4939479519380257e-05,4.77145476907026e-05
members/member_959.png,0.01811719313263893,0.012339391745626926,0.004187410697340965,0.0063450997695326805,0.0013104003155604005,0.00018461496802046895,0.010574808344244957,0.004984213039278984,0.0015235504833981395,0.004331532865762711,0.00048425784916616976,7.56122826715e-05,0.0009308850858360529,0.00023666124616283923,0.00012942362809553742,0.0005920313997194171,2.847089126589708e-05,4.3644937250064686e-05
members/member_960.png,0.014871426858007908,0.019452832639217377,0.011225227266550064,0.005734388250857592,0.0042454819194972515,0.001198535435833037,0.0115979528054595,0.010149686597287655,0.004847106523811817,0.004371061455458403,0.0013511523138731718,0.0002795929613057524,0.0020520573016256094,0.0005613347748294473,0.0002544873277656734,0.0009486578637734056,3.222522354917601e-05,3.579820622690022e-05
members/member_961.png,0.013258781284093857,0.015230623073875904,0.005964847281575203,0.004664177540689707,0.0023291006218641996,0.0003767696034628898,0.010481326840817928,0.006369280628859997,0.0022047387901693583,0.005389478523284197,0.0012183180078864098,0.00010540682706050575,0.0026766913942992687,0.00031111977295950055,0.0001602067641215399,0.0017575894016772509,3.326853402541019e-05,5.962840805295855e-05
members/member_962.png,0.0126383351162076,0.009760182350873947,0.002766640158370137,0.005306457635015249,0.0024307684507220984,0.00033068947959691286,0.008508332073688507,0.004588858690112829,0.0010743377497419715,0.004389945883303881,0.0011660365853458643,0.00011165890464326367,0.003520586993545294,0.00031801953446120024,0.00011174328392371535,0.0019231480546295643,4.0856579289538786e-05,4.933220043312758e-05
members/member_963.png,0.026861481368541718,0.029808731749653816,0.007274585776031017,0.007572888396680355,0.0041555557399988174,0.0004899462219327688,0.019087310880422592,0.01427113264799118,0.002605255227535963,0.004411527421325445,0.0015716601628810167,0.00011292729323031381,0.0023561418056488037,0.0007307229680009186,0.000161801915965043,0.0009608821710571647,4.524172254605219e-05,4.0756483940640464e-05
members/member_964.png,0.01784682087600231,0.01426946371793747,0.0068892561830580235,0.007045149337500334,0.0019311598734930158,0.0006266540149226785,0.013218446634709835,0.0059817517176270485,0.0026176965329796076,0.004259937908500433,0.0010079550556838512,0.0001520852674730122,0.001688737771473825,0.00029632452060468495,0.0001736027334118262,0.0007557093049399555,4.038756378577091e-05,3.174037192366086e-05
members/member_965.png,0.009616945870220661,0.009109672158956528,0.004176843911409378,0.005343698430806398,0.0024942972231656313,0.0004409247194416821,0.0069912089966237545,0.005325219593942165,0.0015926978085190058,0.0036735613830387592,0.0011439007939770818,0.00010801963071571663,0.002877735998481512,0.00033421709667891264,0.0001282957091461867,0.0018867062171921134,3.044183540623635e-05,3.955045758630149e-05
members/member_966.png,0.014301110059022903,0.014746734872460365,0.005975435487926006,0.006740374490618706,0.001996210077777505,0.0002195875276811421,0.009757519699633121,0.006159770302474499,0.002207913203164935,0.00405890354886651,0.0006159066106192768,8.734415314393118e-05,0.0009848609333857894,0.00029924424597993493,0.00015589964459650218,0.0006053925608284771,3.56213677150663e-05,5.204527042224072e-05
members/member_967.png,0.017498621717095375,0.020765824243426323,0.007484216708689928,0.005997726693749428,0.0036529679782688618,0.0006490315427072346,0.012836204841732979,0.010613913647830486,0.0030105209443718195,0.005188715178519487,0.0014374015154317021,0.00013333774404600263,0.0027740104123950005,0.0005796023760922253,0.00020039275113958865,0.0014195975381880999,4.938165147905238e-05,5.925095683778636e-05
members/member_968.png,0.011893571354448795,0.008436587639153004,0.006074775476008654,0.005117030348628759,0.0023282410111278296,0.0007511663134209812,0.01049476396292448,0.004311830271035433,0.002424571430310607,0.005849837325513363,0.0011884192936122417,0.00020403302914928645,0.0034664892591536045,0.00031601620139554143,0.00017503097478765994,0.002124246209859848,4.499583155848086e-05,5.575403702096082e-05
members/member_969.png,0.013114385306835175,0.009632774628698826,0.004030993208289146,0.005036631599068642,0.0015037446282804012,0.0002346191176911816,0.009583372622728348,0.004720465745776892,0.0015083436155691743,0.004266312345862389,0.0009647170663811266,8.77383936312981e-05,0.001548863248899579,0.00024308562569785863,0.00012389184848871082,0.000752346299123019,3.808535620919429e-05,3.9521080907434225e-05
members/member_970.png,0.012763666920363903,0.009278335608541965,0.003864206140860915,0.00639082957059145,0.002688298700377345,0.0003667145501822233,0.009920108132064342,0.00570286437869072,0.0015073700342327356,0.005740516819059849,0.0013524092501029372,9.264471009373665e-05,0.004545920994132757,0.00038478340138681233,0.0001294115063501522,0.002281792229041457,4.3294425267959014e-05,5.248048546491191e-05
members/member_971.png,0.014524374157190323,0.013245176523923874,0.0047434112057089806,0.006002481561154127,0.0015723765827715397,0.0001995261263800785,0.008868170902132988,0.0053724562749266624,0.0017607755726203322,0.0038464325480163097,0.0005298014730215073,6.867722549941391e-05,0.0012865286553278565,0.00025564880343154073,0.0001370071549899876,0.0007331217057071626,2.4838003810145892e-05,4.332525350037031e-05
members/member_972.png,0.02510722726583481,0.027466868981719017,0.011578273959457874,0.0072577535174787045,0.003671600017696619,0.0006921724416315556,0.019972890615463257,0.014000672847032547,0.004566793330013752,0.005792616400867701,0.0015668226405978203,0.00014916918007656932,0.0037672363687306643,0.0007382386829704046,0.0002471443440299481,0.0015319413505494595,5.018617957830429e-05,3.9891921915113926e-05
members/member_973.png,0.023465029895305634,0.017667198553681374,0.005782376043498516,0.010512175969779491,0.0018002912402153015,0.00023229961516335607,0.019737478345632553,0.007851814851164818,0.0021774291526526213,0.0075057013891637325,0.0008973135845735669,0.00010632120392983779,0.003738334169611335,0.00036576855927705765,0.00014546993770636618,0.000880157109349966,2.3144399165175855e-05,4.0948958485387266e-05
members/member_974.png,0.01762082614004612,0.008914344012737274,0.002282462315633893,0.006354022771120071,0.0017681698082014918,0.00020457063510548323,0.012318667955696583,0.003587365848943591,0.0008288305252790451,0.005611041095107794,0.0009606566745787859,5.918154784012586e-05,0.0033829226158559322,0.0001635102235013619,0.00010104876128025353,0.001231090514920652,3.0563369364244863e-05,5.812892413814552e-05
members/member_975.png,0.014264657162129879,0.018542390316724777,0.005253585986793041,0.00468894699588418,0.0026174450758844614,0.0002591386146377772,0.009397279471158981,0.009701186791062355,0.0019395601702854037,0.00395690742880106,0.0013084710808470845,7.085502875270322e-05,0.0023821573704481125,0.0005348155391402543,0.00015061932208482176,0.0014208470238372684,5.059512841398828e-05,4.942421583109535e-05
members/member_976.png,0.017634354531764984,0.019522685557603836,0.006871074438095093,0.005489918403327465,0.002703807782381773,0.00043325783917680383,0.012691791169345379,0.009970899671316147,0.0025086700916290283,0.005297928582876921,0.001458437298424542,0.0001337638677796349,0.0016116306651383638,0.0005502196727320552,0.00017187815683428198,0.0005040225805714726,4.6228647988755256e-05,5.6116045016096905e-05
members/member_977.png,0.014754912815988064,0.013083267956972122,0.005125528667122126,0.0052935280837118626,0.0035230645444244146,0.0004067493136972189,0.008999595418572426,0.00732033746317029,0.0020402753725647926,0.003696392523124814,0.0014225036138668656,0.00013664156722370535,0.0011522099375724792,0.00038800417678430676,0.00015184069343376905,0.0006085928762331605,4.8221609176835045e-05,4.219275069772266e-05
members/member_978.png,0.01838528923690319,0.020711617544293404,0.01044794823974371,0.006878083571791649,0.002440700074657798,0.0004853229329455644,0.013766098767518997,0.008596801199018955,0.0038924571126699448,0.005697203334420919,0.0007841808255761862,0.00010483744699740782,0.0014995619421824813,0.0003913399705197662,0.00021824402210768312,0.0005294483271427453,2.5762346922419965e-05,3.236694465158507e-05
members/member_979.png,0.015653373673558235,0.023169098421931267,0.008435501717031002,0.0067556798458099365,0.0030634549912065268,0.0007981878006830812,0.011862168088555336,0.01271454431116581,0.003318376839160919,0.004473558161407709,0.002194367116317153,0.00023850899015087634,0.0017193383537232876,0.0007531674345955253,0.00019180741219315678,0.0004304296162445098,6.213145388755947e-05,4.511027509579435e-05
members/member_980.png,0.018855366855859756,0.020289506763219833,0.010824931785464287,0.006599084008485079,0.00269862893037498,0.00039679225301370025,0.014957006089389324,0.009250667877495289,0.004004551563411951,0.006672978866845369,0.0011662316974252462,0.00012158080062363297,0.002257587853819132,0.0004649829934351146,0.00023047931608743966,0.0006897611310705543,3.067827128688805e-05,4.386675209389068e-05
members/member_981.png,0.00841042771935463,0.00728353438898921,0.0035931789316236973,0.005936345551162958,0.0019865836948156357,0.00042661887709982693,0.008091805502772331,0.0050866929814219475,0.0015511587262153625,0.005454148631542921,0.0016804801998659968,0.0001417530729668215,0.006892463192343712,0.0004886653041467071,0.00012670444266404957,0.0032645442988723516,4.111214366275817e-05,4.220722257741727e-05
members/member_982.png,0.01215309463441372,0.012092900462448597,0.007564540021121502,0.00561623414978385,0.003221048740670085,0.0004767022328451276,0.010539967566728592,0.008223730139434338,0.002961225574836135,0.004952952265739441,0.0020095743238925934,0.00016139938088599592,0.0037848162464797497,0.0006651793955825269,0.00017603837477508932,0.0018798854434862733,6.650637806160375e-05,2.628918991831597e-05
members/member_983.png,0.014794009737670422,0.01795535534620285,0.006266176700592041,0.006715693045407534,0.0033434764482080936,0.0003736271755769849,0.01134912483394146,0.00885054375976324,0.0023471086751669645,0.006336509715765715,0.0009292274480685592,7.989442383404821e-05,0.002407895401120186,0.0004826151707675308,0.0001722194574540481,0.0017295106081292033,4.116998388781212e-05,6.952087278477848e-05
members/member_984.png,0.01270289160311222,0.02823135443031788,0.015784546732902527,0.005154029466211796,0.005590180866420269,0.0011365012032911181,0.011655772104859352,0.019089631736278534,0.006843278184533119,0.005478529259562492,0.004364894703030586,0.00043932933476753533,0.0034279138781130314,0.0018271206645295024,0.00037882153992541134,0.00213517714291811,0.00016692595090717077,4.2664683860493824e-05
members/member_985.png,0.018131937831640244,0.029276326298713684,0.022420966997742653,0.005913824308663607,0.004314552526921034,0.001094490522518754,0.01589011400938034,0.017791569232940674,0.008974336087703705,0.005323955323547125,0.003780555445700884,0.00025913305580616,0.002371628303080797,0.0013788522919639945,0.0004451701825018972,0.0009475351544097066,0.00012422217696439475,6.801402196288109e-05
members/member_986.png,0.01675315946340561,0.01596692018210888,0.0036113387905061245,0.005873619578778744,0.0034216223284602165,0.0002525016025174409,0.012138299643993378,0.008285119198262691,0.0013633576454594731,0.005918970797210932,0.0018032827647402883,0.00010809650848386809,0.0015661343932151794,0.0005058142705820501,0.00011391505540814251,0.0007771987584419549,4.566360803437419e-05,3.8302154280245304e-05
members/member_987.png,0.017985358834266663,0.01797495223581791,0.009913381189107895,0.006388545967638493,0.0035509674344211817,0.0005809449357911944,0.014880926348268986,0.008742067031562328,0.0037917715962976217,0.006034433376044035,0.0017837091581895947,0.00018154451390728354,0.003097743960097432,0.0004946334520354867,0.00021661903883796185,0.0012044660979881883,4.136752977501601e-05,3.1769246561452746e-05
members/member_988.png,0.021759124472737312,0.035186268389225006,0.010269551537930965,0.006731304340064526,0.004433073569089174,0.0008400197839364409,0.013570968993008137,0.016648035496473312,0.0041051264852285385,0.004710582084953785,0.0015623739454895258,0.00022675601940136403,0.0017208122881129384,0.0008425632258877158,0.00023582129506394267,0.000897071382496506,3.752847624127753e-05,4.4249085476621985e-05
members/member_989.png,0.02037086896598339,0.010335061699151993,0.0031151622533798218,0.006323003210127354,0.0015596626326441765,0.00020019241492263973,0.016390614211559296,0.0042869048193097115,0.0011461027897894382,0.005417328793555498,0.0006215404137037694,6.662523082923144e-05,0.0029379064217209816,0.00021093017130624503,0.00011217854626011103,0.0007688457262702286,2.3389473426504992e-05,3.991195990238339e-05
members/member_990.png,0.014818556606769562,0.0074392082169651985,0.002744656288996339,0.006113237701356411,0.002053626114502549,0.00020790993585251272,0.009289813227951527,0.0033820525277405977,0.0010492546716704965,0.004400232806801796,0.001007608836516738,8.612214878667146e-05,0.0028736996464431286,0.00017279085295740515,0.00010037249012384564,0.0018110263627022505,2.7590627723839134e-05,3.646429468062706e-05
members/member_991.png,0.017129017040133476,0.025379762053489685,0.00992576964199543,0.005934018641710281,0.004428488202393055,0.0005611777305603027,0.011534116230905056,0.013519279658794403,0.003898785449564457,0.004206057172268629,0.0025098572950810194,0.00020046276040375233,0.0026764869689941406,0.0008918062667362392,0.00023237185087054968,0.001690966309979558,9.031414811033756e-05,4.9144113290822133e-05
members/member_992.png,0.018679281696677208,0.012531597167253494,0.0050044613890349865,0.0061941081658005714,0.0024939337745308876,0.00035216519609093666,0.01359701156616211,0.005019074771553278,0.0018950471421703696,0.0061484877951443195,0.0007582419784739614,9.021392907015979e-05,0.0015323399566113949,0.00021735159680247307,0.00013033175491727889,0.0004163087869528681,2.5092320356634445e-05,3.0502256777253933e-05
members/member_993.png,0.012219207361340523,0.0104367695748806,0.0031802994199097157,0.006300369743257761,0.0019675632938742638,0.00019741294090636075,0.009204658679664135,0.004845691844820976,0.0012191348941996694,0.004449200816452503,0.0009025995968841016,7.371732499450445e-05,0.0009099982562474906,0.00027060863794758916,0.00012984295608475804,0.0007183098932728171,3.365454904269427e-05,6.13264346611686e-05
members/member_994.png,0.01482770312577486,0.007209960371255875,0.0023237743880599737,0.00835136603564024,0.002144962316378951,0.0003902126627508551,0.01159342285245657,0.003273972310125828,0.00100230285897851,0.006472867447882891,0.001016237773001194,0.00010794507397804409,0.0024790398310869932,0.00016458082245662808,0.00011228236689930782,0.0014453600160777569,2.8765847673639655e-05,5.1187558710807934e-05
members/member_995.png,0.020428042858839035,0.02014162577688694,0.0045329551212489605,0.006579012144356966,0.0023807999677956104,0.0003069844387937337,0.012232179753482342,0.009111441671848297,0.0017194640822708607,0.00396318081766367,0.0010404225904494524,0.00010195175127591938,0.0020098299719393253,0.0004664039006456733,0.0001330331724602729,0.0007641600095666945,4.2635347199393436e-05,5.0621787522686645e-05
members/member_996.png,0.024469980970025063,0.015247020870447159,0.0035995340440422297,0.007976959459483624,0.002114499919116497,0.00035457481862977147,0.017070896923542023,0.006855226121842861,0.0013720958959311247,0.005511821713298559,0.0009002909646369517,7.254350202856585e-05,0.002351356204599142,0.0003403146693017334,0.00011726738011930138,0.001341005670838058,3.356318484293297e-05,4.289216303732246e-05
members/member_997.png,0.01690448820590973,0.00789548084139824,0.0038276594132184982,0.007418379187583923,0.0014017490902915597,0.0002826505806297064,0.010548983700573444,0.0030405553989112377,0.0014092609053477645,0.005032585468143225,0.0005767327384091914,9.496116399532184e-05,0.00225974153727293,0.00014358259795699269,0.00012189296103315428,0.00133742846082896,2.4122737158904783e-05,5.081334893475287e-05
members/member_998.png,0.01644531823694706,0.01649557426571846,0.004282379522919655,0.007525613997131586,0.0027986413333564997,0.0003348992031533271,0.013408234342932701,0.007679341826587915,0.0016160483937710524,0.006526582408696413,0.0011750546982511878,8.58288913150318e-05,0.002952334238216281,0.0003992484125774354,0.00012892061204183847,0.0015088594518601894,3.246130654588342e-05,4.151099346927367e-05
members/member_999.png,0.0160375889390707,0.016998503357172012,0.011344809085130692,0.005396370310336351,0.0025228667072951794,0.0005726659437641501,0.014819758012890816,0.008184262551367283,0.004260485526174307,0.005775436293333769,0.0014121816493570805,0.00016081836656667292,0.002643539337441325,0.0003980774781666696,0.00023570186749566346,0.0009913051035255194,4.004685251857154e-05,4.190820254734717e-05
nonmember_0.png,0.028533605858683586,0.017806805670261383,0.0066896406933665276,0.009108282625675201,0.0017219737637788057,0.00033088860800489783,0.018530339002609253,0.007332733366638422,0.002501511247828603,0.004656422417610884,0.000693183857947588,9.889491775538772e-05,0.001556570641696453,0.0003308667510282248,0.00015584926586598158,0.0006567701930180192,2.443068842694629e-05,3.657000343082473e-05
nonmember_1.png,0.015605374239385128,0.017736120149493217,0.010995813645422459,0.0048631965182721615,0.002586597576737404,0.0008690594113431871,0.013106876984238625,0.00826496072113514,0.004204235505312681,0.005926530808210373,0.0012285147095099092,0.0001312035892624408,0.0035020243376493454,0.00045337332994677126,0.0002323945809621364,0.0017956357914954424,3.9443038986064494e-05,4.381240069051273e-05
nonmember_2.png,0.016739945858716965,0.011640460230410099,0.0046755727380514145,0.005090468563139439,0.0026736767031252384,0.00029682694002985954,0.013181221671402454,0.004835136700421572,0.0017213597893714905,0.005618553142994642,0.001055487315170467,0.00010108861897606403,0.002298752311617136,0.00027603990747593343,0.00012319110101088881,0.0008477718802168965,4.100546721019782e-05,4.417010859469883e-05
nonmember_3.png,0.01428421214222908,0.014364681206643581,0.008521406911313534,0.005410552956163883,0.0037665667477995157,0.0006382776773534715,0.012087130919098854,0.006964848842471838,0.003257312811911106,0.0054672290571033955,0.0011102852877229452,0.00015474302927032113,0.002414506860077381,0.00037038602749817073,0.00019395850540604442,0.0012039566645398736,3.1557832699036226e-05,4.4794429413741454e-05
nonmember_4.png,0.016561416909098625,0.01419614627957344,0.006617255043238401,0.004800367169082165,0.0014405864058062434,0.00025926908710971475,0.01017529983073473,0.005645057186484337,0.0024552366230636835,0.004424334969371557,0.0005086086457595229,0.00010342596215195954,0.0014405357651412487,0.00025366194313392043,0.00015617194003425539,0.0005523914587683976,2.1528639990719967e-05,4.062029984197579e-05
nonmember_5.png,0.01750168390572071,0.011761537753045559,0.004172023385763168,0.006826641969382763,0.0020226563792675734,0.00020185639732517302,0.010677721351385117,0.004989789333194494,0.0015532833058387041,0.004872956778854132,0.0007587887230329216,9.95192167465575e-05,0.002129927044734359,0.00023985035659279674,0.0001300103176617995,0.001343243638984859,2.9598097171401605e-05,4.416524097905494e-05
nonmember_6.png,0.023949680849909782,0.023983830586075783,0.010986179113388062,0.007831089198589325,0.003113468876108527,0.0009579029283486307,0.019561581313610077,0.012251228094100952,0.0044065555557608604,0.005388923455029726,0.0013346466002985835,0.00020414764003362507,0.003221491351723671,0.0006146969390101731,0.0002444439160171896,0.0016944115050137043,3.7092118873260915e-05,4.858889224124141e-05
nonmember_7.png,0.01998024247586727,0.010092883370816708,0.002468406455591321,0.005630821455270052,0.002847466617822647,0.00020031380699947476,0.014190912246704102,0.0038377430755645037,0.0009060516022145748,0.005989976692944765,0.0007150149904191494,5.643073018291034e-05,0.0021877926774322987,0.00019239229732193053,0.00010403630585642532,0.000869015755597502,3.212443698430434e-05,5.666349534294568e-05
nonmember_8.png,0.018049929291009903,0.013771562837064266,0.0037494823336601257,0.007204002235084772,0.002122835023328662,0.00024400322581641376,0.013914154842495918,0.005951826460659504,0.0013954138848930597,0.007381496485322714,0.000796846579760313,8.005832205526531e-05,0.0025602681562304497,0.000279332249192521,0.00011734432337107137,0.0012467058841139078,2.5833873223746195e-05,4.0171511500375345e-05
nonmember_9.png,0.019086264073848724,0.01755748689174652,0.010760914534330368,0.008104454725980759,0.0033838499803096056,0.0009684791439212859,0.014818012714385986,0.008733677677810192,0.00418056920170784,0.004952427931129932,0.001468817237764597,0.00017726367514114827,0.0022221296094357967,0.0005188316572457552,0.0002433108602417633,0.0011841580271720886,3.856051625916734e-05,6.759272218914703e-05
nonmember_10.png,0.012708896771073341,0.009748915210366249,0.0028050607070326805,0.005871268920600414,0.0011745719239115715,0.00015850896306801587,0.011265622451901436,0.004113373812288046,0.0010806286009028554,0.005954953841865063,0.0005765738314948976,7.502746302634478e-05,0.001706406008452177,0.00020429372671060264,0.00011178432032465935,0.0009100149618461728,2.6070603780681267e-05,5.323954246705398e-05
nonmember_11.png,0.014499695040285587,0.024886690080165863,0.012682377360761166,0.004878962878137827,0.004202002193778753,0.0006414015660993755,0.010544829070568085,0.012897870503365993,0.004753402899950743,0.004747513681650162,0.0024086390621960163,0.0001774840202415362,0.001555334310978651,0.0008031631004996598,0.00026241110754199326,0.0009143396164290607,7.828649540897459e-05,4.54329201602377e-05
nonmember_12.png,0.01638462208211422,0.016719359904527664,0.004505189135670662,0.004900401458144188,0.00229949620552361,0.00023760144540574402,0.009594939649105072,0.0076439352706074715,0.0017174988752231002,0.0030216241721063852,0.0011744423536583781,0.00010564905824139714,0.0017101481789723039,0.00041382861672900617,0.00013485779345501214,0.0008208821527659893,4.7051093133632094e-05,3.642719457275234e-05
nonmember_13.png,0.012751473113894463,0.024574151262640953,0.01074990350753069,0.005022978410124779,0.0037000752054154873,0.0008200789452530444,0.008999694138765335,0.013495287857949734,0.004354081582278013,0.005070893093943596,0.002104330575093627,0.00019901417545042932,0.0025567987468093634,0.0008896791841834784,0.00023878563661128283,0.0013089663116261363,5.14617859153077e-05,4.0617847844259813e-05
nonmember_14.png,0.02227514423429966,0.022246412932872772,0.011125439777970314,0.005972159560769796,0.003310948144644499,0.0006266311975196004,0.013097182847559452,0.011684367433190346,0.004147482104599476,0.0035903893876820803,0.0013771832454949617,0.00013265410962048918,0.001277237432077527,0.0006395712262019515,0.00021357268269639462,0.0006387508474290371,4.720045399153605e-05,3.373307117726654e-05
nonmember_15.png,0.02399856597185135,0.02199232578277588,0.009627147577702999,0.007431942969560623,0.0024590555112808943,0.00040818206616677344,0.01807733252644539,0.009236588142812252,0.003605484962463379,0.004920310340821743,0.0009295272175222635,0.00014725908113177866,0.0021574527490884066,0.00043752315104939044,0.00021123567421454936,0.0008424848783761263,3.171397838741541e-05,4.2487718019401655e-05
nonmember_16.png,0.018996508792042732,0.024410391226410866,0.008586517535150051,0.006677404046058655,0.0030860770493745804,0.0005138422129675746,0.015429504215717316,0.012495401315391064,0.0032714582048356533,0.004515885375440121,0.0019799747969955206,0.00014785985695198178,0.0030964112374931574,0.0008741343044675887,0.00021555185958277434,0.0013332299422472715,7.238844409584999e-05,8.689616515766829e-05
nonmember_17.png,0.01867794059216976,0.020930375903844833,0.006641852669417858,0.006197662558406591,0.0035204915329813957,0.00044349965173751116,0.01406520139425993,0.009381115436553955,0.0024531171657145023,0.006984154228121042,0.0011839024955406785,0.00010356494749430567,0.0021235260646790266,0.0004627592861652374,0.00016398988373111933,0.0010806104401126504,3.0483661248581484e-05,4.385523425298743e-05
nonmember_18.png,0.013173694722354412,0.01510920561850071,0.00535567058250308,0.005831705406308174,0.002473587868735194,0.00040323223220184445,0.00838755164295435,0.006538189481943846,0.002056655939668417,0.003880201606079936,0.0011025357525795698,0.00011348269617883489,0.0031376027036458254,0.0003632119041867554,0.0001471678406232968,0.0015700635267421603,3.8963105907896534e-05,5.0007169193122536e-05
nonmember_19.png,0.017252255231142044,0.014402479864656925,0.006716637406498194,0.006655748933553696,0.002359190722927451,0.000223904091399163,0.012902587652206421,0.007444422692060471,0.0024929875507950783,0.0052884784527122974,0.0011322925565764308,7.129546429496258e-05,0.002029282506555319,0.00039099977584555745,0.0001572747278260067,0.0008809106075204909,4.044589149998501e-05,2.9118536986061372e-05
nonmember_20.png,0.016195259988307953,0.023755701258778572,0.009165110997855663,0.004998859949409962,0.003719179192557931,0.0005537917604669929,0.012675011530518532,0.014121310785412788,0.003637046320363879,0.004356221295893192,0.002074584597721696,0.00015484244795516133,0.0019085132516920567,0.000745606841519475,0.00022684935538563877,0.0007579544326290488,5.3613130148733035e-05,6.166538514662534e-05
nonmember_21.png,0.00877366866916418,0.010316667146980762,0.00695066386833787,0.004373497329652309,0.00402518967166543,0.0005820828373543918,0.008784418925642967,0.008622828871011734,0.0031042895279824734,0.005845378153026104,0.002525716321542859,0.00018785870634019375,0.006997616495937109,0.0008427569409832358,0.00019011371477972716,0.002827000804245472,8.84563269210048e-05,2.997324918396771e-05
nonmember_22.png,0.015089933760464191,0.004786266013979912,0.0011396959889680147,0.007280809339135885,0.0012332691112533212,0.00010399714665254578,0.013432662934064865,0.0022039904724806547,0.0004552205209620297,0.006209434475749731,0.0006189986597746611,6.681530066998675e-05,0.0021598676685243845,0.00010721785656642169,8.710708789294586e-05,0.0013603632105514407,2.0479985323618166e-05,4.504023672780022e-05
nonmember_23.png,0.020655402913689613,0.028826935216784477,0.017000719904899597,0.006180564407259226,0.004301989451050758,0.0008359085186384618,0.015479699708521366,0.014616584405303001,0.006447476800531149,0.004095619078725576,0.0016537199262529612,0.0001726058981148526,0.0017548444448038936,0.0008695286232978106,0.0003261669771745801,0.0009667907725088298,5.7505108998157084e-05,3.72246686310973e-05
nonmember_24.png,0.02117994800209999,0.016071710735559464,0.0038505413103848696,0.006313244346529245,0.002090288558974862,0.00020371575374156237,0.013492164202034473,0.006883679423481226,0.0014393660239875317,0.004384902771562338,0.0008571383659727871,6.546599615830928e-05,0.001873781206086278,0.0003438616404309869,0.0001243692822754383,0.0007912199944257736,4.445134982233867e-05,5.168647112441249e-05
nonmember_25.png,0.02317723073065281,0.01909073069691658,0.005110911093652248,0.007059699390083551,0.0033726191613823175,0.00028011397807858884,0.016152722761034966,0.009824873879551888,0.0018638733308762312,0.004689896013587713,0.0015850748168304563,6.43502498860471e-05,0.0018036507535725832,0.0005688021192327142,0.00013800166198052466,0.0007123034447431564,4.2787294660229236e-05,3.5883360396837816e-05
nonmember_26.png,0.014241095632314682,0.020777100697159767,0.004038100130856037,0.00627234997227788,0.0037380517460405827,0.0002759464259725064,0.010856492444872856,0.012156055308878422,0.0016075563617050648,0.005467024631798267,0.002447018399834633,0.0001306420745095238,0.001888126484118402,0.000671231304295361,0.00014848374121356755,0.0010119025828316808,5.1246552175143734e-05,8.452262409264222e-05
nonmember_27.png,0.01754656247794628,0.01599220745265484,0.004902796819806099,0.00623758090659976,0.0025657254736870527,0.0003220277139917016,0.011695710010826588,0.007223787251859903,0.001811031368561089,0.0054240236058831215,0.0010758463758975267,8.435934432782233e-05,0.0020627439953386784,0.0003727077564690262,0.0001359630550723523,0.0008354457677341998,3.631180516094901e-05,3.387286051292904e-05
nonmember_28.png,0.01679866947233677,0.029974784702062607,0.009441017173230648,0.005492509342730045,0.004834296181797981,0.0006207387777976692,0.012589466758072376,0.017144782468676567,0.0034784667659550905,0.004296158906072378,0.0026469645090401173,0.0001746342604747042,0.0017657044809311628,0.0009556511067785323,0.00019126977713312954,0.0005905942525714636,4.7262605221476406e-05,4.186715159448795e-05
nonmember_29.png,0.019647924229502678,0.011510858312249184,0.005758652463555336,0.00579810468479991,0.0014685780042782426,0.00015047880879137665,0.012597020715475082,0.004416210111230612,0.002130358014255762,0.003969254903495312,0.0004196347144898027,7.772692333674058e-05,0.0026151523925364017,0.00021519055007956922,0.00015771058679092675,0.0012349853059276938,3.123575879726559e-05,6.107739318395033e-05
nonmember_30.png,0.014097086153924465,0.009532579220831394,0.004070423077791929,0.005488608963787556,0.0009411746868863702,0.0001826175139285624,0.00792529433965683,0.0036949801724404097,0.0015110208187252283,0.0031931865960359573,0.0004077184130437672,7.790992822265252e-05,0.0029916679486632347,0.00018536213610786945,0.00012699267244897783,0.0016625953139737248,2.4150946046574973e-05,3.9655089494772255e-05
nonmember_31.png,0.014820831827819347,0.01355978474020958,0.001903805765323341,0.005562847945839167,0.002861929824575782,0.0001978053041966632,0.009971901774406433,0.0072509110905230045,0.0007390204700641334,0.005584333557635546,0.001462144311517477,8.976710523711517e-05,0.0011786570539698005,0.0004305352340452373,8.421413804171607e-05,0.0006672567687928677,6.267402932280675e-05,3.22658997902181e-05
nonmember_32.png,0.014218920841813087,0.009079384617507458,0.004073294345289469,0.005802973173558712,0.0014264110941439867,0.00019316154066473246,0.010206750594079494,0.004038440994918346,0.0014928149757906795,0.0059859235771000385,0.0006939738523215055,7.794119301252067e-05,0.0013531458098441362,0.00020564931037370116,0.000126572820590809,0.0006367696332745254,3.2862997613847256e-05,4.115825140615925e-05
nonmember_33.png,0.014563708566129208,0.015968380495905876,0.003827340668067336,0.005188672337681055,0.004056149162352085,0.0005318105686455965,0.012941475957632065,0.007726460229605436,0.0015443447045981884,0.006174096371978521,0.0019690613262355328,0.00014627484779339284,0.0029919298831373453,0.0005435573402792215,0.0001306407357333228,0.0008268789970315993,6.601621134905145e-05,5.577031333814375e-05
nonmember_34.png,0.01531172078102827,0.015611927956342697,0.0043822904117405415,0.006115658674389124,0.003140779212117195,0.0004983384860679507,0.011542289517819881,0.007427203003317118,0.00171013327781111,0.004787224344909191,0.00125443609431386,0.000101406556495931,0.002064200583845377,0.0004043448716402054,0.000137363575049676,0.0008585246978327632,3.801237835432403e-05,5.702017733710818e-05
nonmember_35.png,0.015613703988492489,0.015737414360046387,0.007319260388612747,0.005459090229123831,0.002358353929594159,0.00037648019497282803,0.013795565813779831,0.007030875887721777,0.0027136162389069796,0.004732073284685612,0.0011645613703876734,0.00012203451478853822,0.0022781803272664547,0.0003419974527787417,0.00017019142978824675,0.001038932241499424,3.6237292079022154e-05,4.1789753595367074e-05
nonmember_36.png,0.01564396731555462,0.010557731613516808,0.004559337627142668,0.00623431196436286,0.0013750280486419797,0.00021470912906806916,0.009085266850888729,0.004661062732338905,0.0017200922593474388,0.0038880128413438797,0.0006985118379816413,6.220863724593073e-05,0.0013357937568798661,0.00021932375966571271,0.00012877638801001012,0.0006255040061660111,3.115007348242216e-05,4.23211204179097e-05
nonmember_37.png,0.013340689241886139,0.023744232952594757,0.015422096475958824,0.005979526787996292,0.0037855382543057203,0.0011169079225510359,0.011173004284501076,0.015435775741934776,0.0063605038449168205,0.005670798942446709,0.003169878851622343,0.00037282556877471507,0.0020180612336844206,0.0011911620385944843,0.0003397097752895206,0.001193408970721066,9.433439117856324e-05,4.476477261050604e-05
nonmember_38.png,0.019708801060914993,0.02483876794576645,0.010558250360190868,0.006383863277733326,0.002731689251959324,0.00035022079828195274,0.012948639690876007,0.011227563954889774,0.0038545234128832817,0.0057600331492722034,0.0013053161092102528,0.00011055591312469915,0.0016016678418964148,0.0005977930850349367,0.0002254632127005607,0.0008745200466364622,4.829379395232536e-05,4.374493801151402e-05
nonmember_39.png,0.017483020201325417,0.017604313790798187,0.00440808292478323,0.007592478301376104,0.0028699857648462057,0.00026772974524647,0.013923381455242634,0.008845712058246136,0.001600227551534772,0.007612585090100765,0.0018387108575552702,7.621974509675056e-05,0.0017318454338237643,0.0005503073334693909,0.00012471916852518916,0.0007791849202476442,5.2722614782396704e-05,4.1790779505390674e-05
nonmember_40.png,0.018483726307749748,0.024664191529154778,0.012048852629959583,0.006503731478005648,0.004161622375249863,0.0007311594090424478,0.01373622752726078,0.01279746275395155,0.004555373918265104,0.0056715612299740314,0.0018785444553941488,0.00017403552192263305,0.0016461185878142715,0.0007030955166555941,0.000263319379882887,0.0008905216818675399,5.282114216242917e-05,6.176744500407949e-05
nonmember_41.png,0.013155510649085045,0.013480853289365768,0.0055604237131774426,0.0047612800262868404,0.0021311899181455374,0.00022596688359044492,0.008537933230400085,0.005604944191873074,0.0020496202632784843,0.003753979690372944,0.0008172932430170476,6.842422590125352e-05,0.0031221392564475536,0.0002968791523016989,0.00014450785238295794,0.001500062644481659,2.6468333089724183e-05,4.378095763968304e-05
nonmember_42.png,0.014810364693403244,0.02422572672367096,0.0058590807020664215,0.004086465574800968,0.004056497011333704,0.0004030120326206088,0.011217236518859863,0.013671603053808212,0.0021991461981087923,0.004752810113132,0.0023218700662255287,0.00010709794878493994,0.002035493263974786,0.0008257799781858921,0.00014972113422118127,0.001249391119927168,5.8522964536678046e-05,4.3784450099337846e-05
nonmember_43.png,0.014685144647955894,0.01179130282253027,0.004182027652859688,0.005470271687954664,0.002225406002253294,0.00028237103833816946,0.010478489100933075,0.006647281814366579,0.001563730533234775,0.003834634553641081,0.0011978552211076021,0.00010224150901194662,0.0021101743914186954,0.0003484058252070099,0.00012934027472510934,0.001019353629089892,3.407473923289217e-05,3.728698720806278e-05
nonmember_44.png,0.020205266773700714,0.01689976453781128,0.007625013589859009,0.007089126389473677,0.003151148557662964,0.00037015299312770367,0.01623433642089367,0.007578379474580288,0.002796419197693467,0.006311751436442137,0.0010652653872966766,9.456833504373208e-05,0.0037395721301436424,0.00038444905658252537,0.00018261518562212586,0.0013307721819728613,3.316219226690009e-05,5.0058093620464206e-05
nonmember_45.png,0.019192872568964958,0.021764684468507767,0.007945387624204159,0.006288325879722834,0.0035397165920585394,0.0006297766231000423,0.014229821972548962,0.011032556183636189,0.0031306028831750154,0.005030122119933367,0.0016318081179633737,0.00016327985213138163,0.002060509752482176,0.0006179436459206045,0.000189879909157753,0.0013294625096023083,5.980487185297534e-05,3.791692142840475e-05
nonmember_46.png,0.01828872412443161,0.01349940337240696,0.0030620740726590157,0.006898862309753895,0.002608932787552476,0.0002569530042819679,0.012116450816392899,0.006243939511477947,0.0011747090611606836,0.005429133307188749,0.0008030173485167325,7.909169653430581e-05,0.0019347616471350193,0.0003301713732071221,0.0001090605728677474,0.0006606205715797842,3.9031780033838004e-05,3.237870987504721e-05
nonmember_47.png,0.018069200217723846,0.020363682880997658,0.00839364156126976,0.006906092632561922,0.003106167074292898,0.00041766726644709706,0.011763710528612137,0.009458696469664574,0.0031039405148476362,0.005005457904189825,0.0011227981885895133,8.347025868715718e-05,0.001177425030618906,0.0005111689679324627,0.00018316922069061548,0.000723904580809176,4.1441526263952255e-05,4.720070865005255e-05
nonmember_48.png,0.014669409021735191,0.011072886176407337,0.004025918431580067,0.005894173868000507,0.0015009710332378745,0.00020765190129168332,0.011248736642301083,0.00472682761028409,0.001475155702792108,0.0045800646767020226,0.000660059682559222,8.968915790319443e-05,0.0015434384113177657,0.00023183837765827775,0.000120684111607261,0.0006887784693390131,2.8957987524336204e-05,5.047831655247137e-05
nonmember_49.png,0.013756654225289822,0.0059882462956011295,0.0020433247555047274,0.00474184425547719,0.0011783093214035034,0.0001479243946960196,0.009233837947249413,0.002432869281619787,0.0007476673927158117,0.004046551883220673,0.0006581962807103992,5.2694704208988696e-05,0.001789880101568997,0.00011731124686775729,8.737845200812444e-05,0.0009115369757637382,2.0146637325524352e-05,3.1058461900101975e-05
nonmember_50.png,0.01656961627304554,0.014519903808832169,0.006700639612972736,0.006151666399091482,0.002559591317549348,0.0006071036914363503,0.013577473349869251,0.007238961290568113,0.002543635433539748,0.004739853087812662,0.0012591578997671604,0.00013757501437794417,0.0026173493824899197,0.0004228382313158363,0.0001869697734946385,0.0007468505064025521,4.734658432425931e-05,7.38993039703928e-05
nonmember_51.png,0.016271226108074188,0.01198936253786087,0.005722028203308582,0.0060828495770692825,0.0017609174828976393,0.0003042386379092932,0.011552829295396805,0.005134169012308121,0.002133494708687067,0.004863761365413666,0.0005791171570308506,8.083565626293421e-05,0.0013907382963225245,0.0002639330632518977,0.00015148002421483397,0.0007352677639573812,2.9269849619595334e-05,4.076806362718344e-05
nonmember_52.png,0.012305276468396187,0.013301045633852482,0.005171000491827726,0.005055294372141361,0.0024434044025838375,0.0003052081447094679,0.009193191304802895,0.0069064185954630375,0.002025254536420107,0.0043525490909814835,0.0007452056161127985,7.918096525827423e-05,0.00221745646558702,0.0003357232781127095,0.00012906071788165718,0.0012560260947793722,2.2114463718025945e-05,2.4182281777029857e-05
nonmember_53.png,0.017397312447428703,0.015725240111351013,0.00580613361671567,0.006006624083966017,0.0024963426403701305,0.00029275575070641935,0.01182713732123375,0.007031984161585569,0.002109717344865203,0.00395929254591465,0.0009597861208021641,8.419224468525499e-05,0.0021974400151520967,0.00033430696930736303,0.00014687956718262285,0.0009927715873345733,3.6441862903302535e-05,4.870498742093332e-05
nonmember_54.png,0.0167334396392107,0.01300790999084711,0.008336838334798813,0.0058911950327456,0.0032668737694621086,0.0008197813876904547,0.01317798811942339,0.006128641776740551,0.0031988865230232477,0.00578319700434804,0.0013400056632235646,0.0001562777324579656,0.002912062220275402,0.0004091206064913422,0.00019651316688396037,0.0011274040443822742,5.190209049033001e-05,4.904931120108813e-05
nonmember_55.png,0.011555046774446964,0.0054212091490626335,0.001560855540446937,0.00566936144605279,0.001701502362266183,0.00013708349433727562,0.0074978601187467575,0.0025562169030308723,0.0006095333956182003,0.004175515379756689,0.0006955419667065144,6.176222086651251e-05,0.0013091672444716096,0.00015430680650752038,0.00010113084863405675,0.0007040734053589404,3.662514791358262e-05,6.0574042436201125e-05
nonmember_56.png,0.01807214692234993,0.025617236271500587,0.01444948185235262,0.006276370491832495,0.004192437045276165,0.0006478360737673938,0.011456816457211971,0.014539174735546112,0.005567347630858421,0.0038198085967451334,0.0022099134512245655,0.00018947184435091913,0.001885581063106656,0.00087792455451563,0.00029880073270760477,0.0009331986657343805,5.5920292652444914e-05,4.9620291974861175e-05
nonmember_57.png,0.016466975212097168,0.01855812966823578,0.005525035783648491,0.00579190906137228,0.0034077931195497513,0.0005836061318404973,0.011584172025322914,0.010125789791345596,0.002167335944250226,0.00449961144477129,0.0021995638962835073,0.00013271057105157524,0.003337888978421688,0.0006053793476894498,0.00013693537039216608,0.0021971797104924917,4.0784529119264334e-05,2.2215870558284223e-05
nonmember_58.png,0.015261099673807621,0.01414677407592535,0.006699617952108383,0.005780431441962719,0.0017228149808943272,0.00025368129718117416,0.00988704338669777,0.005747613962739706,0.0025025310460478067,0.0037803323939442635,0.0008699531317688525,0.00011699945025611669,0.0011563105508685112,0.0002715201408136636,0.00016785554180387408,0.0008438167278654873,3.0408386010094546e-05,5.227731526247226e-05
nonmember_59.png,0.012885318137705326,0.01895587518811226,0.004284439142793417,0.0050209928303956985,0.002205464756116271,0.00022517536126542836,0.01008598878979683,0.008524442091584206,0.0015751072205603123,0.004784445744007826,0.001409130054526031,6.642476364504546e-05,0.0012739698868244886,0.00041322538163512945,0.00012597799650393426,0.0008017855579964817,3.804582229349762e-05,4.023558722110465e-05
nonmember_60.png,0.01895522139966488,0.012852477841079235,0.007266411557793617,0.006344689521938562,0.0017280828906223178,0.00042895693331956863,0.014204174280166626,0.005576965864747763,0.0027795936912298203,0.005902004893869162,0.0007589415763504803,9.960466559277847e-05,0.0026761770714074373,0.0002822376263793558,0.00016666915325913578,0.0012000949354842305,2.6870184228755534e-05,3.4500815672799945e-05
nonmember_61.png,0.01868920959532261,0.015820903703570366,0.004493989050388336,0.006679893936961889,0.002108593238517642,0.000304011395201087,0.012554895132780075,0.006900137290358543,0.0016527626430615783,0.0043608746491372585,0.0008062426932156086,6.885494076414034e-05,0.002330607734620571,0.00033923517912626266,0.00013461301568895578,0.0009542829939164221,4.5242515625432134e-05,5.1139450079062954e-05
nonmember_62.png,0.01622188836336136,0.022883441299200058,0.007044675759971142,0.006935363169759512,0.00269386381842196,0.00038389963447116315,0.010628373362123966,0.011228851042687893,0.002627420471981168,0.0043373554944992065,0.0017261155880987644,0.00011543285654624924,0.003217951627448201,0.0007228006143122911,0.00016555516049265862,0.0017742004711180925,5.255059295450337e-05,3.87649197364226e-05
nonmember_63.png,0.02028592675924301,0.020108340308070183,0.0076307011768221855,0.006844014395028353,0.0031694560311734676,0.0004781342577189207,0.014621603302657604,0.012006995268166065,0.0028690288309007883,0.005580148193985224,0.0016775428084656596,0.00015354488277807832,0.00274213426746428,0.0006644933018833399,0.00017829559510573745,0.0013404889032244682,3.927311990992166e-05,3.392123107914813e-05
nonmember_64.png,0.012047729454934597,0.01571868360042572,0.006678764708340168,0.004614880308508873,0.001945379306562245,0.00035459743230603635,0.009147698991000652,0.006580968387424946,0.0025106624234467745,0.003916264045983553,0.0006844688323326409,6.928820221219212e-05,0.0011653021210804582,0.0003271701280027628,0.00017109568580053747,0.0005829979781992733,3.523968189256266e-05,4.820285539608449e-05
nonmember_65.png,0.01551966741681099,0.014597113244235516,0.010684018023312092,0.005492182448506355,0.0013699124101549387,0.0003139202017337084,0.010781650431454182,0.006092349998652935,0.003920428920537233,0.004433945752680302,0.0006450687069445848,7.904215453891084e-05,0.0018905882025137544,0.0002893306955229491,0.00021872766956221312,0.0010024344082921743,2.9159567930037156e-05,3.852301597362384e-05
nonmember_66.png,0.014868893660604954,0.017549768090248108,0.0075438860803842545,0.004320116713643074,0.0035092956386506557,0.00042352741002105176,0.011812086217105389,0.008959149941802025,0.0027716748882085085,0.005221389699727297,0.0019151621963828802,0.0001231561036547646,0.0013208657037466764,0.0005668937810696661,0.00017155992100015283,0.0005766725516878068,6.862601003376767e-05,5.66258022445254e-05
nonmember_67.png,0.025562860071659088,0.024503713473677635,0.010158942081034184,0.007420264650136232,0.0030241820495575666,0.00041997680091299117,0.019375041127204895,0.010647475719451904,0.003830607747659087,0.007207422982901335,0.0010003431234508753,0.0001443447545170784,0.004629678092896938,0.0005144236492924392,0.00023234114632941782,0.0017117226962000132,3.968291275668889e-05,6.036887498339638e-05
nonmember_68.png,0.018374400213360786,0.021715223789215088,0.008603517897427082,0.005515243858098984,0.0031773478258401155,0.0005180668667890131,0.014657985419034958,0.010330257005989552,0.0032494557090103626,0.005610799416899681,0.0011874608462676406,0.00011732629354810342,0.0024832847993820906,0.00051677948795259,0.0001915718021336943,0.0014436907367780805,4.3149204429937527e-05,4.025520320283249e-05
nonmember_69.png,0.014391305856406689,0.013381408527493477,0.006021903362125158,0.004187644459307194,0.0027477361727505922,0.00045369082363322377,0.010641076602041721,0.006495561450719833,0.0023260118905454874,0.004036196507513523,0.00107580644544214,0.00012290467566344887,0.00243560504168272,0.00037723418790847063,0.00014295124856289476,0.0008145017200149596,3.526592627167702e-05,2.2988215278019197e-05
nonmember_70.png,0.01220794953405857,0.006568233948200941,0.0020058657974004745,0.006962023675441742,0.0012393799843266606,0.00013811999815516174,0.008611190132796764,0.002795156789943576,0.0008032082114368677,0.005158660467714071,0.0006064387853257358,7.11278262315318e-05,0.0024478756822645664,0.00014825949619989842,0.00010527453559916466,0.0016614884370937943,3.164285226375796e-05,6.74221373628825e-05
nonmember_71.png,0.014952877536416054,0.013900578022003174,0.005775045603513718,0.003959796857088804,0.0021531146485358477,0.0004337567079346627,0.010699736885726452,0.006621991284191608,0.0022160541266202927,0.003970567137002945,0.0010467895772308111,0.00010263538570143282,0.0018647798569872975,0.00036077213007956743,0.00017086401931010187,0.0006730693276040256,3.5839741030940786e-05,5.249236346571706e-05
nonmember_72.png,0.012844800017774105,0.009064385667443275,0.004365203436464071,0.00603150250390172,0.002597970422357321,0.00029110233299434185,0.010374784469604492,0.004643720109015703,0.0016916909953579307,0.005717582069337368,0.0011913834605365992,0.00011023791012121364,0.0015836608363315463,0.00024834656505845487,0.00013421285257209092,0.0010205863509327173,4.229886690154672e-05,4.6359178668353707e-05
nonmember_73.png,0.01410466805100441,0.010982401669025421,0.0047546327114105225,0.005862553603947163,0.0025399927981197834,0.00038750929525122046,0.01064828410744667,0.005873861722648144,0.0018255618633702397,0.005225320812314749,0.0016288827173411846,0.00011339534830767661,0.0012381230480968952,0.00034633875475265086,0.00013930260320194066,0.0004897167673334479,5.081133349449374e-05,4.6252014726633206e-05
nonmember_74.png,0.013292521238327026,0.013396534137427807,0.007478308863937855,0.0065161483362317085,0.002972568618133664,0.00048460596008226275,0.008422870188951492,0.006839918438345194,0.0028983510565012693,0.0034685186110436916,0.00128170195966959,0.00014963415742386132,0.003016860457137227,0.0004772470856551081,0.00017943212878890336,0.001018049195408821,4.090052971150726e-05,4.5312928705243394e-05
nonmember_75.png,0.024891164153814316,0.014083095826208591,0.003024568548426032,0.007298294920474291,0.0019453538116067648,0.00014944530266802758,0.016203153878450394,0.005747848656028509,0.0011084153084084392,0.004738469608128071,0.0008320682100020349,7.084890239639208e-05,0.0021924874745309353,0.0002585198380984366,0.00011069992615375668,0.0010062800720334053,2.170229345210828e-05,4.4941949454369023e-05
nonmember_76.png,0.016007378697395325,0.020472059026360512,0.012941178865730762,0.006987204309552908,0.0037542462814599276,0.0006588825490325689,0.011413191445171833,0.010116861201822758,0.004974601790308952,0.004754122346639633,0.0013377309078350663,0.000165461067808792,0.0014950537588447332,0.0005261971964500844,0.00025512411957606673,0.0008742903592064977,4.592492405208759e-05,4.070261275046505e-05
nonmember_77.png,0.01569404825568199,0.01567867398262024,0.004979199264198542,0.00544425705447793,0.0024054422974586487,0.00031305180164054036,0.011826408095657825,0.006801677867770195,0.0018333927728235722,0.004231503698974848,0.0010055615566670895,0.00011022920079994947,0.0017816625768318772,0.00033069177879951894,0.00014148402260616422,0.0006279448280110955,2.651607064763084e-05,6.203736120369285e-05
nonmember_78.png,0.016474265605211258,0.015224700793623924,0.0037959793116897345,0.005095660220831633,0.0020045735873281956,0.0003274499031249434,0.012166786007583141,0.007077318616211414,0.0014863789547234774,0.004820882808417082,0.0009148251847364008,0.00010796497372211888,0.00259673991240561,0.00033665887895040214,0.00012394419172778726,0.0016309756319969893,2.4800643586786464e-05,3.8363134081009775e-05
nonmember_79.png,0.01214582845568657,0.011543303728103638,0.004489047918468714,0.004838342312723398,0.002250339835882187,0.0004986094427295029,0.009074863977730274,0.0066478801891207695,0.0017889855662360787,0.0038752779364585876,0.0018587724771350622,0.00014016777276992798,0.005261021666228771,0.00047422689385712147,0.0001475147728342563,0.002797805704176426,6.142315396573395e-05,5.1706381782423705e-05
nonmember_80.png,0.013777460902929306,0.008279746398329735,0.0035133587662130594,0.00617187051102519,0.002981986617669463,0.00028770300559699535,0.009715031832456589,0.003650192404165864,0.0013191296020522714,0.0044279820285737514,0.0011093299835920334,9.609045082470402e-05,0.002594007644802332,0.0002356155455345288,0.000125845821457915,0.0015646397368982434,5.106572280055843e-05,5.6829521781764925e-05
nonmember_81.png,0.01840546540915966,0.030503029003739357,0.010712428949773312,0.006055236328393221,0.004200824070721865,0.0005420174566097558,0.014153645373880863,0.014501681551337242,0.004055395256727934,0.004201867152005434,0.0013434470165520906,0.0001419312902726233,0.004061110783368349,0.0007288938504643738,0.00022180136875249445,0.002276889979839325,3.7865615013288334e-05,4.0398961573373526e-05
nonmember_82.png,0.029968218877911568,0.016512878239154816,0.006646337918937206,0.006683219689875841,0.0020592601504176855,0.0004674508236348629,0.019631128758192062,0.007218718528747559,0.0025328160263597965,0.004786757752299309,0.0010519889183342457,0.00010929074051091447,0.0022756243124604225,0.00034960207995027304,0.00017096199735533446,0.000940364261623472,3.3845542930066586e-05,5.161346052773297e-05
nonmember_83.png,0.01442638598382473,0.016636045649647713,0.00656659621745348,0.006605745758861303,0.0028758388943970203,0.0004387526132632047,0.01086547039449215,0.008526993915438652,0.00255262921564281,0.005099818576127291,0.0013119789073243737,0.00013662868877872825,0.003718848805874586,0.0004268514458090067,0.00016478123143315315,0.0019954123999923468,3.741896944120526e-05,2.9173681468819268e-05
nonmember_84.png,0.014164413325488567,0.011057612486183643,0.002985243685543537,0.005983948241919279,0.002060077153146267,0.00032421681680716574,0.012047290802001953,0.006041505374014378,0.0011353851296007633,0.005345371551811695,0.0016317012486979365,9.034836693899706e-05,0.004187575541436672,0.0003714931081049144,0.00011117554095108062,0.0024383212439715862,5.182841414352879e-05,4.8434510972583666e-05
nonmember_85.png,0.015667831525206566,0.019710106775164604,0.003262680722400546,0.005511753261089325,0.003277555573731661,0.00028769864002242684,0.012263625860214233,0.009677243418991566,0.0011712948326021433,0.004335925914347172,0.0015909274807199836,0.00011343076039338484,0.002092991955578327,0.0004820248868782073,0.00011012022150680423,0.0007990779704414308,5.313478322932497e-05,4.8266203521052375e-05
nonmember_86.png,0.022496817633509636,0.020066067576408386,0.008246763609349728,0.007776736747473478,0.0035711778327822685,0.0005630305386148393,0.016968699172139168,0.01016269065439701,0.00315032247453928,0.0069387443363666534,0.0014475464122369885,0.00013157057401258498,0.002153632929548621,0.0006397063843905926,0.0002056771918432787,0.0006975843571126461,5.200635496294126e-05,5.4611486120847985e-05
nonmember_87.png,0.013484686613082886,0.009826279245316982,0.003673016792163253,0.005205356515944004,0.0021466827020049095,0.0002965432358905673,0.009687534533441067,0.004843022674322128,0.0013714500237256289,0.004314383491873741,0.0009971450781449676,7.4505660450086e-05,0.0043935044668614864,0.0002672736009117216,0.00011798300693044439,0.002323589287698269,3.484471744741313e-05,3.1596660846844316e-05
nonmember_88.png,0.013710924424231052,0.016847826540470123,0.008302438072860241,0.004598737694323063,0.0035926199052482843,0.0005074851214885712,0.011323468759655952,0.009048650041222572,0.0031555539462715387,0.005316866096109152,0.0021844394505023956,0.00014133434160612524,0.00256455154158175,0.0006209842977114022,0.0001934814645210281,0.0009584853542037308,6.637760088779032e-05,4.117720163776539e-05
nonmember_89.png,0.014233889989554882,0.015489913523197174,0.008867418393492699,0.005208646412938833,0.002623843029141426,0.0004955721669830382,0.011404159478843212,0.007064628414809704,0.0033108072821050882,0.003947875462472439,0.0011090121697634459,0.00012073742254870012,0.0012696669436991215,0.0003603877266868949,0.00019687898748088628,0.0006875209510326385,4.2022005800390616e-05,4.2736082832561806e-05
nonmember_90.png,0.013656223192811012,0.017262443900108337,0.009876631200313568,0.0071846190840005875,0.0031952974386513233,0.0009599262848496437,0.011445118114352226,0.010552802123129368,0.004118374548852444,0.0051626889035105705,0.0026379271876066923,0.00021015781385358423,0.0013298174599185586,0.0006950233946554363,0.00023660768056288362,0.0009298817021772265,7.699355046497658e-05,4.1504048567730933e-05
nonmember_91.png,0.016174398362636566,0.013040533289313316,0.003298373892903328,0.006108347326517105,0.0020088739693164825,0.00024113887047860771,0.009270662441849709,0.0054237330332398415,0.0012183201033622026,0.0037706687580794096,0.0008112573414109647,9.552552364766598e-05,0.0017645849147811532,0.00028215255588293076,0.00011303163773845881,0.0008457530639134347,3.771085539483465e-05,4.957884084433317e-05
nonmember_92.png,0.018882721662521362,0.02340020425617695,0.006071721203625202,0.0070333234034478664,0.0034097807947546244,0.00042482346179895103,0.011675570160150528,0.01090396847575903,0.0022283410653471947,0.005653351079672575,0.0010815269779413939,0.00010036202729679644,0.0040597012266516685,0.000501355854794383,0.0001456119935028255,0.002165180863812566,2.9567583624157123e-05,3.287333674961701e-05
nonmember_93.png,0.02197612263262272,0.015089831314980984,0.005095421802252531,0.007222555112093687,0.0034261129330843687,0.0003603962832130492,0.015219930559396744,0.007354762405157089,0.0019314014352858067,0.0048364195972681046,0.0013643552083522081,8.729151886655018e-05,0.0024498198181390762,0.0003988237294834107,0.00013628244050778449,0.0011476809158921242,3.9496637327829376e-05,3.7342873838497326e-05
nonmember_94.png,0.01164948008954525,0.0051761772483587265,0.0017286869697272778,0.004084321204572916,0.000973468238953501,0.00014356155588757247,0.00875557865947485,0.002213656436651945,0.0006572140846401453,0.0032819905318319798,0.00046260139788500965,6.0652801039395854e-05,0.0013479315675795078,0.00011982049909420311,8.959133992902935e-05,0.0008161704172380269,2.2907515813130885e-05,3.868159546982497e-05
nonmember_95.png,0.01946142315864563,0.020168548449873924,0.010337650775909424,0.005113578401505947,0.0022799461148679256,0.00029797348543070257,0.011736657470464706,0.008691676892340183,0.0038147831801325083,0.004749644082039595,0.000861029140651226,0.0001000959164230153,0.001297804992645979,0.00041950904414989054,0.00021016009850427508,0.0007742178277112544,2.7472908186609857e-05,3.419434870011173e-05
nonmember_96.png,0.013662946410477161,0.016356945037841797,0.012134261429309845,0.0035305817145854235,0.001585169113241136,0.0002603943576104939,0.00854578148573637,0.006532866973429918,0.0044496916234493256,0.003837248543277383,0.0006191313732415438,9.913210669765249e-05,0.001337646972388029,0.00029182370053604245,0.00024606563965789974,0.0008208695217035711,2.6355322916060686e-05,6.270466838032007e-05
nonmember_97.png,0.012800177559256554,0.004232643637806177,0.0009064665646292269,0.006452666595578194,0.001200718223117292,0.00016562195378355682,0.00850252341479063,0.0020986413583159447,0.0003738931263796985,0.0034451880492269993,0.0007318591815419495,7.290967914741486e-05,0.0009375116205774248,0.0001053714586305432,7.582872058264911e-05,0.0005248975357972085,2.504332769603934e-05,3.536578151397407e-05
nonmember_98.png,0.013598749414086342,0.01973482221364975,0.012613837607204914,0.006174833979457617,0.0031334571540355682,0.0009576754528097808,0.011883523315191269,0.014703257009387016,0.005470348987728357,0.006067116744816303,0.0026225356850773096,0.0002144823520211503,0.006218609865754843,0.001088427845388651,0.00028445362113416195,0.003264445811510086,5.523056461242959e-05,3.182893851771951e-05
nonmember_99.png,0.016185864806175232,0.01608375459909439,0.0057118902914226055,0.006071319803595543,0.0032002385705709457,0.00041894603054970503,0.012895993888378143,0.008689404465258121,0.0022005026694387197,0.004927602130919695,0.0011983438162133098,0.0001105406554415822,0.00295708398334682,0.0004393247654661536,0.00014930785982869565,0.0012259595096111298,4.225452721584588e-05,3.3647051168372855e-05
nonmember_100.png,0.016071105375885963,0.008415404707193375,0.002829667879268527,0.008692712523043156,0.001582517521455884,0.0001832814305089414,0.012640428729355335,0.0033231060951948166,0.0010752117959782481,0.0044076573103666306,0.0006518205627799034,8.612901001470163e-05,0.0017558425897732377,0.00015970344247762114,9.95518421404995e-05,0.0010843923082575202,2.4372673578909598e-05,3.829316847259179e-05
nonmember_101.png,0.018431801348924637,0.013896151445806026,0.005235503427684307,0.00612261425703764,0.00236368365585804,0.00029875230393372476,0.014744281768798828,0.006324985064566135,0.00195185630582273,0.006066699046641588,0.0010081776417791843,0.00012306508142501116,0.00221447367221117,0.000321102881571278,0.00013772178499493748,0.0009773904457688332,4.1836297896225005e-05,4.3781376007245854e-05
nonmember_102.png,0.012045849114656448,0.015127033926546574,0.006496116518974304,0.0048157162964344025,0.0025701432023197412,0.0004513906314969063,0.008635456673800945,0.006876944098621607,0.002441931515932083,0.00412286352366209,0.0009841625578701496,0.0001384980569127947,0.003886368591338396,0.0003643276577349752,0.00015372653433587402,0.002282842295244336,2.5445693609071895e-05,2.9424374588415958e-05
nonmember_103.png,0.0187420304864645,0.020581906661391258,0.0060690236277878284,0.005878216587007046,0.0025501693598926067,0.0004836595035158098,0.015131213702261448,0.009781666100025177,0.0022478224709630013,0.006087558809667826,0.0012740669772028923,0.00013052133726887405,0.0035441191866993904,0.0004885841626673937,0.00015762240218464285,0.0007204836001619697,3.681804446387105e-05,5.6856639275792986e-05
nonmember_104.png,0.017417190596461296,0.024983985349535942,0.015377147123217583,0.008028434589505196,0.005091655533760786,0.0018826887244358659,0.010437960736453533,0.014947655610740185,0.006417783442884684,0.003830692498013377,0.0036686367820948362,0.0004318698192946613,0.001038585789501667,0.0010703015141189098,0.000340988946845755,0.0009016193798743188,8.805358083918691e-05,4.724548489321023e-05
nonmember_105.png,0.015454389154911041,0.018350310623645782,0.009631279855966568,0.005123053677380085,0.003039879957213998,0.0009533313568681479,0.011939000338315964,0.00977321993559599,0.004366313572973013,0.005550515837967396,0.001517653465270996,0.000549793301615864,0.0050260876305401325,0.0009803586872294545,0.0002725275990087539,0.0023688662331551313,0.00010227511666016653,3.3116106351371855e-05
nonmember_106.png,0.012779978103935719,0.015155804343521595,0.004451534245163202,0.004279232583940029,0.003250968409702182,0.0003000943979714066,0.009511182084679604,0.008525027893483639,0.001693529775366187,0.004451292101293802,0.001197337405756116,9.833914373302832e-05,0.0014466133434325457,0.0004691127978730947,0.0001287608902202919,0.00095604348462075,3.2288186048390344e-05,4.266476753400639e-05
nonmember_107.png,0.012485179118812084,0.012904825620353222,0.00526539096608758,0.00517862057313323,0.00252918666228652,0.000326295179547742,0.008068209514021873,0.00646880641579628,0.0019357253331691027,0.004407558590173721,0.001205523731186986,7.998061482794583e-05,0.002738452283665538,0.00036805192939937115,0.00013090432912576944,0.0016838094452396035,7.016585004748777e-05,2.9277278372319415e-05
nonmember_108.png,0.01948097161948681,0.0216862503439188,0.01130751147866249,0.00631248252466321,0.0030454439111053944,0.0005808211863040924,0.01628165692090988,0.011468956246972084,0.004259788431227207,0.006464087869971991,0.0019576502963900566,0.00012734644406009465,0.0023056890349835157,0.0006148661486804485,0.00022855791030451655,0.000920675287488848,5.754604353569448e-05,3.583462967071682e-05
nonmember_109.png,0.013737494125962257,0.01638699136674404,0.00660685496404767,0.005664730444550514,0.0028638162184506655,0.0004151529574301094,0.011985105462372303,0.009585014544427395,0.002726280363276601,0.004725038539618254,0.0018093904945999384,0.00015214388258755207,0.0036841505207121372,0.0007367354119196534,0.00017696038412395865,0.0007177121005952358,4.83412659377791e-05,4.956755583407357e-05
nonmember_110.png,0.017499277368187904,0.015077436342835426,0.005794149823486805,0.007722102105617523,0.001597499125637114,0.0002742870419751853,0.015721971169114113,0.006127053406089544,0.0021318087819963694,0.007145650684833527,0.0007565063424408436,8.686685760039836e-05,0.0035461350344121456,0.0002881961700040847,0.00014431642193812877,0.0011668279767036438,3.10132818412967e-05,3.5709759686142206e-05
nonmember_111.png,0.017231930047273636,0.026099245995283127,0.01862296089529991,0.008259364403784275,0.005522248800843954,0.0011392909800633788,0.01304684393107891,0.016846375539898872,0.00787889864295721,0.004372566007077694,0.003220988903194666,0.00032244788599200547,0.0026684673503041267,0.0011428561992943287,0.0004013538418803364,0.0008792600710876286,8.177087875083089e-05,4.4574244384421036e-05
nonmember_112.png,0.022694220766425133,0.011167863383889198,0.004497264511883259,0.009127415716648102,0.0022430906537920237,0.00022122346854303032,0.016565747559070587,0.004637422971427441,0.0016772621311247349,0.0062617831863462925,0.0006527694640681148,6.638591730734333e-05,0.003540743375197053,0.00024419656256213784,0.0001311955857090652,0.0009481299202889204,2.322468390048016e-05,3.605610618251376e-05
nonmember_113.png,0.01770905777812004,0.007615517359226942,0.0021252832375466824,0.006037124432623386,0.001648438279516995,0.0001458655169699341,0.011421539820730686,0.0032805013470351696,0.0007753728423267603,0.004075479228049517,0.0008109234622679651,6.662430678261444e-05,0.001085491618141532,0.00019225764845032245,9.545005741529167e-05,0.0005848722066730261,4.435751179698855e-05,3.841834040940739e-05
nonmember_114.png,0.01759767346084118,0.01616097055375576,0.006655341945588589,0.006043343339115381,0.001985168782994151,0.00022421666653826833,0.014992605894804,0.006852561607956886,0.0024593735579401255,0.0053817154839634895,0.0007371623651124537,8.709080429980531e-05,0.002033510711044073,0.00032510660821571946,0.00016258322284556925,0.001043954398483038,2.47144798777299e-05,4.451260610949248e-05
nonmember_115.png,0.014683871529996395,0.018466301262378693,0.0062060244381427765,0.005083408206701279,0.0047835661098361015,0.0006634318851865828,0.015035717748105526,0.012281110510230064,0.002583924448117614,0.005267350003123283,0.002314644865691662,0.00016737321857362986,0.001972103724256158,0.0008024050039239228,0.00017174251843243837,0.0007082571974024177,5.601778320851736e-05,6.085270069888793e-05
nonmember_116.png,0.015339476987719536,0.011476573534309864,0.0033728452399373055,0.005509701557457447,0.0024193681310862303,0.00027268269332125783,0.013467930257320404,0.005481040570884943,0.0013239309191703796,0.0061294203624129295,0.00113225809764117,8.448023436358199e-05,0.0017417639028280973,0.0003177846083417535,0.00012888811761513352,0.0009956685826182365,4.007881580037065e-05,3.895153713528998e-05
nonmember_117.png,0.01985073834657669,0.022178227081894875,0.008158685639500618,0.006117780692875385,0.004175662063062191,0.000550521188415587,0.011281993240118027,0.011993389576673508,0.003178505226969719,0.003596483962610364,0.0015135362045839429,0.00013169263547752053,0.0018393424106761813,0.0006928874645382166,0.0001860219199443236,0.000707948871422559,5.523457730305381e-05,3.474575714790262e-05
nonmember_118.png,0.011743390932679176,0.007378417067229748,0.0020871246233582497,0.004463642369955778,0.0011409446597099304,0.0001604374556336552,0.009052886627614498,0.003204543609172106,0.000791031401604414,0.0042783902026712894,0.0005901330150663853,4.896592508885078e-05,0.004964668303728104,0.00018303707474842668,8.855250780470669e-05,0.003201921470463276,3.3038060792023316e-05,3.56534801539965e-05
nonmember_119.png,0.019980985671281815,0.02080223150551319,0.011868429370224476,0.00530502712354064,0.002555287443101406,0.0005543913575820625,0.014497170224785805,0.010424536652863026,0.004555725958198309,0.005475478246808052,0.0010627342853695154,9.184417285723612e-05,0.002662143437191844,0.0005552824586629868,0.0002415282215224579,0.001163563458248973,4.617185550159775e-05,3.4647495340323076e-05
nonmember_120.png,0.01061815395951271,0.010553931817412376,0.0035966169089078903,0.004472340457141399,0.002418205142021179,0.00030198306194506586,0.008636165410280228,0.0047256313264369965,0.0013855986762791872,0.005109772551804781,0.000972922018263489,0.00011000789527315646,0.0017149702180176973,0.0002589943469502032,0.00011817859194707125,0.0012351867044344544,3.2924919651122764e-05,4.420315599418245e-05
nonmember_121.png,0.012327389791607857,0.008796334266662598,0.003354561049491167,0.005206134170293808,0.0014746097149327397,0.0002849151787813753,0.010356993414461613,0.0041178385727107525,0.0013154558837413788,0.004119336139410734,0.0006233424646779895,7.735744293313473e-05,0.00340293999761343,0.0002019401581492275,0.0001232489594258368,0.001671548350714147,3.2430638384539634e-05,6.26383553026244e-05
nonmember_122.png,0.016502944752573967,0.024812841787934303,0.009669928811490536,0.004843295086175203,0.0022589208092540503,0.00042563359602354467,0.010810022242367268,0.01060224324464798,0.003631114959716797,0.005293633788824081,0.0009312936454080045,0.00013507860421668738,0.0012169471010565758,0.0005265754298307002,0.00021281350927893072,0.0008588346536271274,4.074384560226463e-05,4.833342973142862e-05
nonmember_123.png,0.023934271186590195,0.008426683023571968,0.0030238584149628878,0.009362689219415188,0.001364033785648644,0.0002469455648679286,0.02158925123512745,0.004607802722603083,0.001188946538604796,0.00592559389770031,0.001120319007895887,9.59836834226735e-05,0.003240175312384963,0.0002490139740984887,9.895142284221947e-05,0.0006874598911963403,4.191481275483966e-05,2.362097984587308e-05
nonmember_124.png,0.015548591502010822,0.010927851311862469,0.0019297124817967415,0.005481871776282787,0.0021309233270585537,0.0002614423574414104,0.010374055244028568,0.005066018085926771,0.0007261662976816297,0.003883242141455412,0.0012874298263341188,9.297116048401222e-05,0.0023065009154379368,0.0003683177346829325,9.108248923439533e-05,0.0012765297433361411,5.691332626156509e-05,4.8380512453150004e-05
nonmember_125.png,0.021021133288741112,0.0197793897241354,0.006590528413653374,0.007392958737909794,0.001966175390407443,0.0002909980248659849,0.013246110640466213,0.008241474628448486,0.0024338297080248594,0.004752678796648979,0.0008200418669730425,7.713539525866508e-05,0.0013627278385683894,0.00041292922105640173,0.00016561873781029135,0.0007372609106823802,3.6757541238330305e-05,5.242535917204805e-05
nonmember_126.png,0.017465097829699516,0.010853618383407593,0.003123912028968334,0.006947721354663372,0.0016748036723583937,0.0003083038900513202,0.011731093749403954,0.004809853620827198,0.0011098829563707113,0.005058012902736664,0.0009858658304437995,8.211332897190005e-05,0.0016714563826099038,0.00024892427609302104,0.00011253537377342582,0.0010841658804565668,2.7301794034428895e-05,4.541765520116314e-05
nonmember_127.png,0.015237399376928806,0.022137856110930443,0.0051557146944105625,0.005800959188491106,0.00356797082349658,0.00037789432099089026,0.013175352476537228,0.011523106135427952,0.0019652971532195807,0.005859605502337217,0.0016556510236114264,9.953735570888966e-05,0.0018945368938148022,0.0005676219589076936,0.00014270853716880083,0.0008471180917695165,4.5272521674633026e-05,5.570601933868602e-05
nonmember_128.png,0.01935393549501896,0.01174354087561369,0.004651129711419344,0.0055130477994680405,0.002382841892540455,0.0002935079101007432,0.013764462433755398,0.004820068366825581,0.001683796988800168,0.004596819169819355,0.0009891589870676398,7.201444532256573e-05,0.0038391901180148125,0.000240930647123605,0.00014427860151045024,0.0009318250813521445,3.38588361046277e-05,7.673244545003399e-05
nonmember_129.png,0.01722714863717556,0.01258768793195486,0.0047466387040913105,0.005790504161268473,0.002351296367123723,0.00019370272639207542,0.012147248722612858,0.00588217144832015,0.001751611358486116,0.005689812824130058,0.0009254390024580061,0.00010391992691438645,0.0014644281473010778,0.00029049001750536263,0.00013114903413224965,0.0011026912834495306,2.5487686798442155e-05,3.594025838538073e-05
nonmember_130.png,0.018157880753278732,0.009124678559601307,0.004145488608628511,0.007056476082652807,0.0017171986401081085,0.00018115760758519173,0.013359311036765575,0.004343234933912754,0.0015561800682917237,0.005526653956621885,0.0008419642108492553,6.534936983371153e-05,0.002969705732539296,0.00026278820587322116,0.00012892039376311004,0.001520916703157127,4.769620863953605e-05,5.5090094974730164e-05
nonmember_131.png,0.013754592277109623,0.024434654042124748,0.016273370012640953,0.006679645273834467,0.004517912864685059,0.0008619996369816363,0.009543647058308125,0.012550613842904568,0.006567880976945162,0.0044289035722613335,0.0017488178564235568,0.000254851154750213,0.002757815644145012,0.0007612505578435957,0.000329090136801824,0.0014087872114032507,6.833672523498535e-05,3.4259130188729614e-05
nonmember_132.png,0.015218987129628658,0.02056855708360672,0.007217098493129015,0.006392675451934338,0.002930401125922799,0.000510605750605464,0.01249189954251051,0.009630195796489716,0.0026624344754964113,0.0047274562530219555,0.0013126709964126348,0.00013709715858567506,0.0017276916187256575,0.0005754275480285287,0.00016969973512459546,0.0011003074469044805,6.772313645342365e-05,4.8056539526442066e-05
nonmember_133.png,0.019019881263375282,0.02478206343948841,0.011884396895766258,0.005868275184184313,0.0032735976856201887,0.0007415592554025352,0.01705302484333515,0.012144558131694794,0.004868782591074705,0.004650766495615244,0.0014895081985741854,0.0002048044843832031,0.0031188803259283304,0.0007167001604102552,0.000256708066444844,0.0009472718229517341,4.0042930777417496e-05,2.7470330678625032e-05
nonmember_134.png,0.01794605329632759,0.017151962965726852,0.01019593607634306,0.004618667531758547,0.003445164067670703,0.0009207088151015341,0.014796086587011814,0.008092068135738373,0.0040199668146669865,0.005299604497849941,0.00198204698972404,0.00028333868249319494,0.0039135063998401165,0.0003990215191151947,0.0002278998144902289,0.0019428386585786939,4.3613290472421795e-05,6.650367140537128e-05
nonmember_135.png,0.0179891437292099,0.013517112471163273,0.00279047479853034,0.007610815577208996,0.0024780158419162035,0.00024410463811364025,0.013122284784913063,0.005909290164709091,0.0010465707164257765,0.00522015942260623,0.0007745406473986804,8.677235746290535e-05,0.0020231232047080994,0.0002884804562199861,0.00010166027641389519,0.0010041373316198587,2.6021230951300822e-05,3.28216738125775e-05
nonmember_136.png,0.016659699380397797,0.025056038051843643,0.012087447568774223,0.005636447574943304,0.004215647000819445,0.0009527858346700668,0.012165279127657413,0.01266314648091793,0.004866438452154398,0.00573755195364356,0.0020572245121002197,0.00023887860879767686,0.00215779896825552,0.000781453971285373,0.0002956379612442106,0.000716345151886344,7.739009743090719e-05,6.08780792390462e-05
nonmember_137.png,0.03078477457165718,0.018736857920885086,0.007459653541445732,0.007904901169240475,0.00257111550308764,0.000343774794600904,0.019781693816184998,0.007863507606089115,0.002755748573690653,0.005619144067168236,0.0010441816411912441,0.00011009907757397741,0.0020292887929826975,0.00038912505260668695,0.00016861932817846537,0.0008123680599965155,3.414377715671435e-05,3.164486406603828e-05
nonmember_138.png,0.013450933620333672,0.00857072975486517,0.0032789993565529585,0.005290482193231583,0.0012877312256023288,0.00016466180386487395,0.009294453077018261,0.0036093646194785833,0.0012348968302831054,0.004156069830060005,0.0006882945308461785,6.475554982898757e-05,0.0023257690481841564,0.0002040838880930096,0.00011345665552653372,0.0010995191987603903,2.6536843506619334e-05,4.707414336735383e-05
nonmember_139.png,0.01493990421295166,0.012940534390509129,0.005694946274161339,0.0056032706052064896,0.0027094781398773193,0.0005097772809676826,0.009195845574140549,0.006351877003908157,0.002192914253100753,0.0046262238174676895,0.0017671335954219103,0.00016675969527568668,0.001616790541447699,0.0003989318502135575,0.00014231698878575116,0.0009727802826091647,5.529408372240141e-05,4.082284067408182e-05
nonmember_140.png,0.01328147854655981,0.009636330418288708,0.0032515216153115034,0.005857652053236961,0.0019831079989671707,0.0001671396748861298,0.008755750954151154,0.003813353134319186,0.001201084814965725,0.0035783618222922087,0.000643084931652993,7.729624485364184e-05,0.0010916806058958173,0.00018227659165859222,0.00010836000728886575,0.0007836101576685905,3.0199827961041592e-05,6.232692976482213e-05
nonmember_141.png,0.02526789903640747,0.023688139393925667,0.00711812125518918,0.008411564864218235,0.004077847581356764,0.0006208511185832322,0.018182093277573586,0.013814713805913925,0.002727382117882371,0.004876213148236275,0.0018608440877869725,0.00012845468882005662,0.0024367868900299072,0.0007673997897654772,0.00016705651069059968,0.0008237624424509704,4.2825799027923495e-05,2.964858322229702e-05
nonmember_142.png,0.015758873894810677,0.013776492327451706,0.005671690683811903,0.006477231625467539,0.002421157667413354,0.0003734004858415574,0.012001541443169117,0.00736272195354104,0.002117471769452095,0.005017563700675964,0.0013566716806963086,0.00013140105875208974,0.004627229180186987,0.0004024426743853837,0.0001532264577690512,0.0022776706609874964,5.684056304744445e-05,5.267647793516517e-05
nonmember_143.png,0.01702743209898472,0.014193377457559109,0.005109804216772318,0.005291474983096123,0.0019366929773241282,0.0002204254997195676,0.012415152974426746,0.00655893562361598,0.001878668088465929,0.004251462407410145,0.0009810776682570577,0.0001137368381023407,0.0014234301634132862,0.0003373737563379109,0.00013537463382817805,0.0006398616242222488,3.400842979317531e-05,3.866323095280677e-05
nonmember_144.png,0.02098470740020275,0.01761753298342228,0.008863420225679874,0.00609130272641778,0.0036481667775660753,0.0007350053056143224,0.017793545499444008,0.009350549429655075,0.003621901385486126,0.006287847179919481,0.0021234278101474047,0.0002030221512541175,0.0038728693034499884,0.0005432324251160026,0.00021085477783344686,0.0010331764351576567,6.593868602067232e-05,5.280925324768759e-05
nonmember_145.png,0.016312258318066597,0.015109356492757797,0.0063498057425022125,0.007348048500716686,0.002568296156823635,0.0003542873600963503,0.013749156147241592,0.0071859885938465595,0.002377500757575035,0.004767564125359058,0.001440959982573986,0.00011890802124980837,0.002658853307366371,0.00034616008633747697,0.00015068298671394587,0.0010981637751683593,3.5290995583636686e-05,3.43572573910933e-05
nonmember_146.png,0.015308001078665257,0.01015501469373703,0.003586814971640706,0.006122203078120947,0.0016069916309788823,0.000229523386224173,0.009684663265943527,0.0043005915358662605,0.001343584037385881,0.004755231086164713,0.0009815525263547897,7.199233368737623e-05,0.003010727232322097,0.00020726598449982703,0.0001231570786330849,0.0016686867456883192,2.7723388484446332e-05,4.797971632797271e-05
nonmember_147.png,0.018675299361348152,0.023928480222821236,0.007237112615257502,0.007382198702543974,0.003815949195995927,0.0004696944379247725,0.014623616822063923,0.012364201247692108,0.0028638490475714207,0.005559090059250593,0.0015433086082339287,0.00014653094694949687,0.002763083903118968,0.0008201284217648208,0.00018122803885489702,0.0008087939932011068,5.3587173169944435e-05,2.9259519578772597e-05
nonmember_148.png,0.015012569725513458,0.028781889006495476,0.011578738689422607,0.005629656370729208,0.005305594298988581,0.0009381604613736272,0.012027076445519924,0.019733386114239693,0.004758285824209452,0.005312529858201742,0.0039146095514297485,0.0002700065087992698,0.0025913077406585217,0.0015498659340664744,0.0002590725489426404,0.0009357299422845244,7.170467142714188e-05,3.466851558187045e-05
nonmember_149.png,0.014883434399962425,0.020123757421970367,0.00575646897777915,0.0059188054874539375,0.0032062698155641556,0.00046015356201678514,0.011854841373860836,0.011252053081989288,0.002237059408798814,0.00542640034109354,0.0020118840038776398,0.00010736459080362692,0.0020856978371739388,0.0006846709293313324,0.00015871362120378762,0.001191773102618754,4.100707155885175e-05,4.4435833842726424e-05
nonmember_150.png,0.015311457216739655,0.02785082906484604,0.020736046135425568,0.006885326933115721,0.006572523154318333,0.001401381567120552,0.011354687623679638,0.020715557038784027,0.008813703432679176,0.004674785304814577,0.0041140117682516575,0.0003916979767382145,0.0018394258804619312,0.0012107674265280366,0.0004434131842572242,0.0009348298190161586,6.810799823142588e-05,6.892975943628699e-05
nonmember_151.png,0.01825573854148388,0.022575469687581062,0.00750015489757061,0.0055803656578063965,0.004719260148704052,0.0006140892510302365,0.015286404639482498,0.012658927589654922,0.0028510026168078184,0.006393256597220898,0.002393223810940981,0.00014179921709001064,0.002773161744698882,0.0007023008074611425,0.00018478685524314642,0.0004931854782626033,5.883111953153275e-05,4.5354605390457436e-05
nonmember_152.png,0.015791457146406174,0.01790669932961464,0.0055925482884049416,0.006004528608173132,0.002702980302274227,0.0002120328281307593,0.009940133430063725,0.007597088348120451,0.0020634843967854977,0.004572998266667128,0.0007501430809497833,8.682056068209931e-05,0.0016750235809013247,0.00039232344715856016,0.00015520845772698522,0.00120653270278126,3.7206962588243186e-05,6.950868555577472e-05
nonmember_153.png,0.015370246954262257,0.021402936428785324,0.011695794761180878,0.005469239316880703,0.004198507405817509,0.0006645590183325112,0.013442915864288807,0.012645864859223366,0.004529650788754225,0.004887094721198082,0.0023033549077808857,0.0001840623444877565,0.002638166304677725,0.0008241122704930604,0.00024354583001695573,0.0017057065851986408,9.519504965282977e-05,2.9595936211990193e-05
nonmember_154.png,0.017084533348679543,0.009476852603256702,0.00140369834844023,0.007756081409752369,0.0029248285572975874,0.0002606043708510697,0.01371237263083458,0.0040266551077365875,0.0005136728286743164,0.006882501300424337,0.0009383148280903697,7.482062937924638e-05,0.003255694406107068,0.0001987256109714508,8.865303243510425e-05,0.0007501676445826888,3.09582865156699e-05,4.6632139856228605e-05
nonmember_155.png,0.015489629469811916,0.014397147111594677,0.004281551111489534,0.0050425478257238865,0.0026763025671243668,0.0002866401628125459,0.010785317048430443,0.007843968458473682,0.0016622408293187618,0.004124717321246862,0.0015577279264107347,0.00010249954357277602,0.0016019758768379688,0.0004797414585482329,0.0001307354832533747,0.0007694183150306344,7.223057036753744e-05,3.8917922211112455e-05
nonmember_156.png,0.01537697296589613,0.008602139540016651,0.0020718551240861416,0.006887974217534065,0.001569964224472642,0.00015848042676225305,0.013454411178827286,0.0038309318479150534,0.0007822164334356785,0.005944095551967621,0.0009430182399228215,8.52270022733137e-05,0.0035448723938316107,0.00016966841940302402,8.703304774826393e-05,0.001844715909101069,2.4298276912304573e-05,2.9594983061542735e-05
nonmember_157.png,0.016926279291510582,0.01944216713309288,0.006800904870033264,0.005244211759418249,0.002542284084483981,0.0004043204535264522,0.01158078946173191,0.009512715972959995,0.002495835069566965,0.0042878566309809685,0.0011366883991286159,9.713709732750431e-05,0.002034418750554323,0.0005030218744650483,0.00016841903561726213,0.0011477031512185931,3.66108251910191e-05,5.474971840158105e-05
nonmember_158.png,0.02835291437804699,0.0139146838337183,0.003470299532637,0.010119489394128323,0.0021408163011074066,0.00015119176532607526,0.020613132044672966,0.005495079793035984,0.0012731380993500352,0.0051452722400426865,0.0007503583910875022,6.509740342153236e-05,0.001736242207698524,0.00024774204939603806,0.00010876537271542475,0.0006296014762483537,2.4269193090731278e-05,3.984227078035474e-05
nonmember_159.png,0.016305290162563324,0.009331715293228626,0.003366034710779786,0.00678026769310236,0.001719662337563932,0.0001906805846374482,0.011717386543750763,0.003627039259299636,0.0012534372508525848,0.00400288961827755,0.0007393926498480141,7.521198858739808e-05,0.0011253197444602847,0.00016270412015728652,0.00011424205877119675,0.00048376317135989666,2.0725323338410817e-05,4.6153108996804804e-05
nonmember_160.png,0.011912140995264053,0.011431184597313404,0.0035666651092469692,0.005726262461394072,0.0029717525467276573,0.00039384167757816613,0.009960959665477276,0.007103675045073032,0.0014482554979622364,0.003723364556208253,0.001498106517829001,0.00012197393516544253,0.002680207835510373,0.0004398008168209344,0.0001139420346589759,0.0014535948866978288,2.6389538106741384e-05,4.237295070197433e-05
nonmember_161.png,0.01255882065743208,0.012827103026211262,0.009324979968369007,0.0038456835318356752,0.0026403386145830154,0.0004389917594380677,0.011283017694950104,0.006521987728774548,0.0035492563620209694,0.006620412226766348,0.001245160005055368,0.0001333367108600214,0.002629511058330536,0.00044365815119817853,0.0002025812864303589,0.001450376003049314,5.508698814082891e-05,2.8114851374994032e-05
nonmember_162.png,0.01837434247136116,0.03334123268723488,0.011706280522048473,0.006211563479155302,0.004577261861413717,0.0011496517108753324,0.013731465674936771,0.016927305608987808,0.004635057412087917,0.005933636333793402,0.002194578992202878,0.0002901495900005102,0.0019210729515179992,0.0009639576310291886,0.00025628265575505793,0.001313903951086104,5.688693272531964e-05,3.981211193604395e-05
nonmember_163.png,0.015234505757689476,0.016660602763295174,0.006779759656637907,0.004998709075152874,0.0023008952848613262,0.00018818354874383658,0.010092407464981079,0.0074105774983763695,0.0024895353708416224,0.004386325366795063,0.0007321667508222163,5.1475388318067417e-05,0.002194096799939871,0.00037765741581097245,0.00016578426584601402,0.0012552792904898524,4.945987893734127e-05,4.726706902147271e-05
nonmember_164.png,0.0162160936743021,0.014980632811784744,0.00804461445659399,0.00616613170132041,0.0028047168161720037,0.00048814984620548785,0.014477790333330631,0.007436217740178108,0.0030182974878698587,0.007078667636960745,0.0012133658165112138,0.00010903209476964548,0.00352370273321867,0.00037947812234051526,0.00018354918574914336,0.001850455766543746,3.593027577153407e-05,4.003230424132198e-05
nonmember_165.png,0.01706021837890148,0.011768944561481476,0.004290387034416199,0.008194786496460438,0.0019896437879651785,0.0003088615194428712,0.014500883407890797,0.005236058030277491,0.0016234213253483176,0.0050705294124782085,0.0010287092300131917,8.99777005543001e-05,0.001984105911105871,0.00027817918453365564,0.00012861979485023767,0.0009661235380917788,3.1413466786034405e-05,4.027840623166412e-05
nonmember_166.png,0.016240587458014488,0.008292248472571373,0.002739564748480916,0.005551416892558336,0.002104326616972685,0.00024740860681049526,0.011443998664617538,0.0035584752913564444,0.001007201848551631,0.004972684197127819,0.0008316908497363329,9.450079232919961e-05,0.002337648067623377,0.00016162902466021478,0.00011107956379419193,0.0012904213508591056,3.14636854454875e-05,5.9421436162665486e-05
nonmember_167.png,0.009287786670029163,0.005727823358029127,0.002917765872552991,0.004990151152014732,0.0007592067122459412,0.00016723701264709234,0.005432412028312683,0.002391987480223179,0.0010690828785300255,0.003355372464284301,0.0004326264897827059,5.262129343464039e-05,0.0014369733398780227,0.00011774133599828929,0.00010108354763360694,0.0010338857537135482,1.6939198758336715e-05,3.419401036808267e-05
nonmember_168.png,0.0182952918112278,0.022085953503847122,0.005705852527171373,0.005127392243593931,0.0023793568834662437,0.00034394930116832256,0.012744498439133167,0.009746628813445568,0.0021069750655442476,0.0043451860547065735,0.0013653301866725087,0.00011071156768593937,0.0018553223926573992,0.0005041480180807412,0.00014847522834315896,0.0008233836852014065,3.884607212967239e-05,4.89644990011584e-05
nonmember_169.png,0.014163685031235218,0.010639037936925888,0.0038743431214243174,0.006142624653875828,0.0017934165662154555,0.0002827240386977792,0.009567094035446644,0.004844876937568188,0.0014662685571238399,0.004641786217689514,0.0006872735102660954,8.069151226663962e-05,0.0026419651694595814,0.0002296726161148399,0.00011527739115990698,0.0008057853556238115,2.6848556444747373e-05,3.5888664569938555e-05
nonmember_170.png,0.02101217769086361,0.0258127823472023,0.01242892723530531,0.008779562078416348,0.0029226981569081545,0.0006054361001588404,0.014780428260564804,0.013733949512243271,0.0047218818217515945,0.00437173992395401,0.0012207430554553866,0.00014793821901548654,0.00219209142960608,0.0006644529639743268,0.00026234329561702907,0.0011219311272725463,4.4501692173071206e-05,6.379811384249479e-05
nonmember_171.png,0.014308325946331024,0.02046850696206093,0.01399487629532814,0.005813355557620525,0.003138113534078002,0.0006930793169885874,0.009269428439438343,0.00991217140108347,0.005231269169598818,0.003867916064336896,0.0015146724181249738,0.0001288650673814118,0.0024490924552083015,0.0005857641808688641,0.00027248027618043125,0.0015194322913885117,4.798635563929565e-05,5.3940813813824207e-05
nonmember_172.png,0.012859243899583817,0.011807842180132866,0.003121017711237073,0.005602870136499405,0.002115394454449415,0.00023727433290332556,0.008794012479484081,0.005273735150694847,0.0011723148636519909,0.0052354964427649975,0.0007282252772711217,7.440888293785974e-05,0.0010544763645157218,0.00027790776221081614,0.00010735668183770031,0.0007241442799568176,3.933426705771126e-05,3.283708792878315e-05
nonmember_173.png,0.020319834351539612,0.01505959965288639,0.004969778470695019,0.006301195360720158,0.0031553180888295174,0.0004675575764849782,0.016428204253315926,0.006749735679477453,0.0019884235225617886,0.006145662162452936,0.0011211178498342633,0.00010425665823277086,0.001931235776282847,0.0003305397985968739,0.00015076609270181507,0.0008584314491599798,2.6595231247483753e-05,4.2123992898268625e-05
nonmember_174.png,0.01864304393529892,0.023498034104704857,0.011559326201677322,0.005462709814310074,0.002937134588137269,0.0004825839423574507,0.011464607901871204,0.012476027011871338,0.00429856963455677,0.004856974817812443,0.0016736891120672226,0.00014445644046645612,0.0014115630183368921,0.0006623005610890687,0.0002276180894114077,0.0009965263307094574,4.950218863086775e-05,4.306616392568685e-05
nonmember_175.png,0.016085609793663025,0.021714091300964355,0.008109481073915958,0.005249790847301483,0.004234396852552891,0.000682547630276531,0.014386976137757301,0.013151858933269978,0.0030793934129178524,0.004501721356064081,0.0028613710310310125,0.00020482626860029995,0.0024739555083215237,0.0011328838299959898,0.00018671166617423296,0.0009250658331438899,8.246455399785191e-05,3.967284283135086e-05
nonmember_176.png,0.03324069455265999,0.018605314195156097,0.0031693680211901665,0.010623034089803696,0.002209712518379092,0.0001810384710552171,0.02610011398792267,0.007597893010824919,0.001184584223665297,0.006684080697596073,0.0009802470449358225,6.8679430114571e-05,0.0034818300046026707,0.00033807323779910803,0.00011976382666034624,0.001050587510690093,3.490581366349943e-05,4.683450242737308e-05
nonmember_177.png,0.01488961186259985,0.016236798837780952,0.009242861531674862,0.004917292855679989,0.0019429214298725128,0.0004535401822067797,0.01092124730348587,0.00763446930795908,0.0033780215308070183,0.0041073402389883995,0.0011311001144349575,9.954929555533454e-05,0.0015455866232514381,0.0003708957810886204,0.00019285557209514081,0.000683140940964222,4.334077311796136e-05,4.239549525664188e-05
nonmember_178.png,0.02086847834289074,0.014015981927514076,0.0026948051527142525,0.006798429414629936,0.00218598754145205,0.00020428186689969152,0.012325700372457504,0.005983978509902954,0.0010046884417533875,0.003980355802923441,0.0010227058082818985,0.00010430122347315773,0.0011981704737991095,0.00029990857001394033,9.471537487115711e-05,0.0009884858736768365,3.768880924326368e-05,3.67983739124611e-05
nonmember_179.png,0.016663439571857452,0.02024921216070652,0.0073780459351837635,0.007514982484281063,0.003869730280712247,0.00044093155884183943,0.012929710559546947,0.011235857382416725,0.0027376648504287004,0.005348017439246178,0.001841184333898127,0.0001145749120041728,0.0020562701392918825,0.000646342639811337,0.00016681570559740067,0.0009618879994377494,4.651860217563808e-05,3.557962554623373e-05
nonmember_180.png,0.011981070041656494,0.012582332827150822,0.006187357474118471,0.0048386636190116405,0.003339580725878477,0.0006428136839531362,0.011822517029941082,0.00856922660022974,0.0026972764171659946,0.00520252576097846,0.002253721235319972,0.00020390041754581034,0.0034186900593340397,0.000674351176712662,0.00018108863150700927,0.002144083147868514,8.763036748860031e-05,4.4575470383279026e-05
nonmember_181.png,0.014386693015694618,0.022721000015735626,0.00827399455010891,0.006156771443784237,0.0040471781976521015,0.0007226210436783731,0.010188284330070019,0.013425872661173344,0.0032356411684304476,0.0049770912155508995,0.0030199196189641953,0.00019753100059460849,0.0036644921638071537,0.0010243261931464076,0.00022001651814207435,0.0021077462006360292,0.00010338363063056022,4.848813114222139e-05
nonmember_182.png,0.020025450736284256,0.019567955285310745,0.007005606312304735,0.005677675828337669,0.0026281001046299934,0.0003463461762294173,0.013757484033703804,0.008606694638729095,0.002674850169569254,0.006217618938535452,0.000930935493670404,0.0001031204083119519,0.00196084170602262,0.00042322211083956063,0.00017458805814385414,0.0008393762400373816,4.865114897256717e-05,4.79625268781092e-05
nonmember_183.png,0.011198299005627632,0.006092124152928591,0.0017069578170776367,0.005724458023905754,0.0013413953129202127,0.00014443584950640798,0.0069926124997437,0.0024851735215634108,0.0006476097623817623,0.005198759958148003,0.0005451202159747481,5.78626204514876e-05,0.0007576012867502868,0.00012591236736625433,8.424754196312279e-05,0.0005579719436354935,2.0404502720339224e-05,3.118837048532441e-05
nonmember_184.png,0.01622031442821026,0.012334153987467289,0.005282998085021973,0.005079098977148533,0.0023341444320976734,0.000415938557125628,0.012614698149263859,0.006077270023524761,0.002002586144953966,0.005748096387833357,0.0012610566336661577,0.00013161303650122136,0.003354546381160617,0.0003301722463220358,0.0001503819366917014,0.0016861630138009787,3.302317054476589e-05,5.553281880565919e-05
nonmember_185.png,0.015687352046370506,0.010800236836075783,0.005329529754817486,0.005707017611712217,0.0026076026260852814,0.0004412679118104279,0.011188587173819542,0.005256457254290581,0.0020720541942864656,0.005546247120946646,0.0014929670142009854,0.00010832912084879354,0.001829643500968814,0.0002902630076278001,0.00015085451013874263,0.0014624985633417964,3.364813528605737e-05,4.718813579529524e-05
nonmember_186.png,0.012644116766750813,0.012587359175086021,0.0035288287326693535,0.005139598157256842,0.001182915992103517,0.00021362738334573805,0.00891843531280756,0.005209876224398613,0.0013159667141735554,0.0037240900564938784,0.0006428679917007685,8.453043119516224e-05,0.0033990079537034035,0.00026356318267062306,0.00010636374645400792,0.002142398152500391,2.5998291675932705e-05,3.0444496587733738e-05
nonmember_187.png,0.01817060075700283,0.017315538600087166,0.004275251645594835,0.008140544407069683,0.0023990657646209,0.0005571029614657164,0.011362466029822826,0.00818523857742548,0.001574536319822073,0.00519107049331069,0.001301004085689783,0.00012848037295043468,0.0015483396127820015,0.0004620513936970383,0.0001200691403937526,0.0006666865665465593,5.1032722694799304e-05,4.6580451453337446e-05
nonmember_188.png,0.012744971551001072,0.01876724511384964,0.006920848973095417,0.005457767751067877,0.0033567629288882017,0.0006987403030507267,0.01212924625724554,0.012863240204751492,0.0031699889805167913,0.005211662035435438,0.0031159035861492157,0.00021745392587035894,0.004559052176773548,0.0009965517092496157,0.00020765149383805692,0.001730909338220954,7.205347355920821e-05,5.667869481840171e-05
nonmember_189.png,0.022124994546175003,0.011938746087253094,0.009500830434262753,0.007927360013127327,0.002913867589086294,0.0008065434521995485,0.01910676807165146,0.005839429330080748,0.0037094762083142996,0.008785045705735683,0.0009656194597482681,0.00022786224144510925,0.004749832209199667,0.00028544210363179445,0.0002147136692656204,0.0017798275221139193,3.8286656490527093e-05,4.7025623644003645e-05
nonmember_190.png,0.025664109736680984,0.02038959041237831,0.009992063976824284,0.00778146181255579,0.001955501502379775,0.00031966433743946254,0.021644679829478264,0.008530283346772194,0.003692126367241144,0.007155405357480049,0.0009828301845118403,9.478982246946543e-05,0.003937544301152229,0.0003907120262738317,0.00021141933393664658,0.0009779207175597548,2.3591330318595283e-05,4.176692891633138e-05
nonmember_191.png,0.017423756420612335,0.019049150869250298,0.008546466007828712,0.007869645953178406,0.003394024446606636,0.000521250709425658,0.013391250744462013,0.009196306578814983,0.0032901542726904154,0.005362843628972769,0.001727699302136898,0.0001714655663818121,0.001887188060209155,0.0005892159533686936,0.0001954896142706275,0.0011279165046289563,5.772923395852558e-05,2.962360485980753e-05
nonmember_192.png,0.019352758303284645,0.02976793237030506,0.011028598994016647,0.006131213158369064,0.00396618852391839,0.0007973891915753484,0.013365638442337513,0.015587286092340946,0.004367232788354158,0.004212146159261465,0.0015530494274571538,0.0002178325958084315,0.0017782858340069652,0.0008851992897689342,0.00023917666112538427,0.0006406158790923655,5.356366455089301e-05,3.594712688936852e-05
nonmember_193.png,0.015610022470355034,0.020683996379375458,0.010869947262108326,0.007082550786435604,0.003170529380440712,0.0005383056704886258,0.009556029923260212,0.010529398918151855,0.004131890367716551,0.0031697815284132957,0.001175770303234458,0.0001134935300797224,0.0017221638699993491,0.0005412619793787599,0.00021965036285109818,0.0011262547923251987,3.885634941980243e-05,2.260626388306264e-05
nonmember_194.png,0.017065899446606636,0.013404530473053455,0.005226334556937218,0.00701501639559865,0.00114015256986022,0.0001972875907085836,0.011685916222631931,0.005624083802103996,0.001932410872541368,0.00463764276355505,0.0008432839531451464,7.571111927973107e-05,0.00133695756085217,0.00024675249005667865,0.00014032261969987303,0.0007426931406371295,2.4353998014703393e-05,5.270825568004511e-05
nonmember_195.png,0.011541574262082577,0.008398479782044888,0.003585129277780652,0.005240746308118105,0.0012501144083216786,0.0002444711863063276,0.009246769361197948,0.00340073904953897,0.001324787037447095,0.005126530770212412,0.0005396842607297003,6.839823618065566e-05,0.001996920444071293,0.0001723143650451675,0.00011513076606206596,0.0013163337716832757,2.192958527302835e-05,3.996871237177402e-05
nonmember_196.png,0.015274643898010254,0.016433781012892723,0.0079182805493474,0.008641498163342476,0.00272559211589396,0.00047209320473484695,0.012580586597323418,0.00859465915709734,0.0032111196778714657,0.004301552660763264,0.0017665930790826678,0.00016565057740081102,0.002652126597240567,0.0006412220536731184,0.00019308310584165156,0.0010500141652300954,6.28394991508685e-05,3.0324090403155424e-05
nonmember_197.png,0.012417259626090527,0.005792215932160616,0.0021110803354531527,0.006328077521175146,0.0015778917586430907,0.00024243045481853187,0.012260964140295982,0.00253268051892519,0.0007916741305962205,0.0066969688050448895,0.0006822088616900146,6.76716590533033e-05,0.005521060433238745,0.00013754497922491282,9.647067781770602e-05,0.003003545105457306,3.316872243885882e-05,4.542243550531566e-05
nonmember_198.png,0.01626891829073429,0.016785630956292152,0.006287732161581516,0.0070612491108477116,0.0034075824078172445,0.0005815656622871757,0.016652261838316917,0.010219323448836803,0.002608183305710554,0.007828343659639359,0.0017070260364562273,0.00015977202565409243,0.0039681862108409405,0.0006885246839374304,0.00017124772421084344,0.001445869100280106,5.011335451854393e-05,4.069249189342372e-05
nonmember_199.png,0.016990136355161667,0.010500753298401833,0.004969258327037096,0.007320238742977381,0.001546376384794712,0.00024530160590074956,0.011800684966146946,0.004626438487321138,0.001837356248870492,0.005230938550084829,0.0008647987269796431,9.459874127060175e-05,0.001813588198274374,0.00020700700406450778,0.00014151050709187984,0.0008557865512557328,1.854526999522932e-05,3.850908251479268e-05
nonmember_200.png,0.017975950613617897,0.0165206640958786,0.0036540839355438948,0.006830080412328243,0.0024978904984891415,0.00035173757351003587,0.012539584189653397,0.008459269069135189,0.001387865748256445,0.0045539443381130695,0.0013046659296378493,0.00010229287727270275,0.002656906843185425,0.00046098511666059494,0.00011450831516413018,0.0006649248534813523,3.184375600540079e-05,4.452784560271539e-05
nonmember_201.png,0.01169605366885662,0.013102859258651733,0.0041361842304468155,0.006510685198009014,0.0036548718344420195,0.0005487478338181973,0.008636456914246082,0.008093733340501785,0.00151246995665133,0.004598146770149469,0.0019952617585659027,0.0001305331097682938,0.0024677130859345198,0.0005757116014137864,0.0001270703214686364,0.001536034164018929,5.129354394739494e-05,4.9981426855083555e-05
nonmember_202.png,0.015536418184638023,0.01235015969723463,0.006322153843939304,0.007243386935442686,0.0018552879337221384,0.00040832458762452006,0.011825824156403542,0.005529484245926142,0.0023992143105715513,0.005453942809253931,0.0011793829035013914,0.00011131128121633083,0.001604933408088982,0.00032117567025125027,0.0001739575673127547,0.0007104447577148676,3.174802623107098e-05,5.935159424552694e-05
nonmember_203.png,0.016825268045067787,0.03038988821208477,0.020116396248340607,0.006628328934311867,0.0049621425569057465,0.0011039196979254484,0.012972750701010227,0.019077293574810028,0.007975220680236816,0.004751486238092184,0.004483906552195549,0.00026114884531125426,0.0017754322616383433,0.0012679632054641843,0.0003992264100816101,0.001100681722164154,8.98397047421895e-05,3.5126602597301826e-05
nonmember_204.png,0.015785526484251022,0.018172487616539,0.006951300892978907,0.006018997635692358,0.0027987093199044466,0.0003156471357215196,0.010706722736358643,0.007995272986590862,0.002559961751103401,0.004309595562517643,0.0007473891600966454,8.594783139415085e-05,0.0017703245393931866,0.00038516963832080364,0.00016900595801416785,0.0011670375242829323,2.9119077225914225e-05,5.208518632571213e-05
nonmember_205.png,0.01779405027627945,0.017013389617204666,0.004335307516157627,0.005160273984074593,0.0015344968996942043,0.0001462560030631721,0.01393172051757574,0.006607911549508572,0.0015786802396178246,0.007162654772400856,0.0005620798328891397,6.61004742141813e-05,0.002763679251074791,0.0003330927575007081,0.00012912832607980818,0.0013708398910239339,3.5933022445533425e-05,5.170755321159959e-05
nonmember_206.png,0.014375852420926094,0.00782613642513752,0.004772367421537638,0.010059104301035404,0.0015896809054538608,0.0003420177672524005,0.011886099353432655,0.0037675800267606974,0.0018397928215563297,0.0058240219950675964,0.0007254127995111048,0.00011435061605880037,0.0020940795075148344,0.0002251024852739647,0.00014483198174275458,0.001099051209166646,2.8476742954808287e-05,4.8950398195302114e-05
nonmember_207.png,0.018985776230692863,0.014578726142644882,0.0053351144306361675,0.005849435459822416,0.001804888597689569,0.0003037425340153277,0.014467917382717133,0.006846930831670761,0.002024616114795208,0.006278811488300562,0.0009755308274179697,9.527077054372057e-05,0.002584937261417508,0.000367342378012836,0.00016203410632442683,0.0009547435911372304,4.324658584664576e-05,7.553069008281454e-05
nonmember_208.png,0.013951430097222328,0.019697412848472595,0.007697816472500563,0.004421882331371307,0.002264219569042325,0.000375912495655939,0.010438229888677597,0.009081829339265823,0.0028958905022591352,0.005275722127407789,0.0008334048907272518,0.0001356659340672195,0.0018137642182409763,0.0004503290983848274,0.00019354511459823698,0.0009060878655873239,3.8412908907048404e-05,6.497480353573337e-05
nonmember_209.png,0.015821611508727074,0.011466090567409992,0.00464677857235074,0.0057243783958256245,0.0016877359012141824,0.0003168962721247226,0.011615080758929253,0.005127734038978815,0.0016782094025984406,0.005124175921082497,0.0008818844798952341,8.712226554052904e-05,0.0023878077045083046,0.0002725495432969183,0.0001318004506174475,0.001132656936533749,2.9579130568890832e-05,4.9064841732615605e-05
nonmember_210.png,0.014842692762613297,0.0100628100335598,0.003650107653811574,0.004657165613025427,0.0016998115461319685,0.00019433935813140124,0.010567490942776203,0.004339267499744892,0.0013673689682036638,0.004665894899517298,0.0006323473644442856,8.037381485337391e-05,0.0012656927574425936,0.00019993289606645703,0.0001227199099957943,0.0006994390278123319,2.9335031285881996e-05,5.173034151084721e-05
nonmember_211.png,0.023780005052685738,0.032199036329984665,0.0047487602569162846,0.008641527965664864,0.006270274519920349,0.00045935530215501785,0.019133269786834717,0.018167691305279732,0.0017861974192783237,0.006271923892199993,0.0025031750556081533,0.00011437314242357388,0.0022659183014184237,0.000993775436654687,0.00012580859765876085,0.0008695378783158958,4.7579884267179295e-05,3.090982499998063e-05
nonmember_212.png,0.013370624743402004,0.01666116900742054,0.00642754090949893,0.0062806871719658375,0.0028088055551052094,0.00051403499674052,0.011138069443404675,0.011029979214072227,0.0025762347504496574,0.006498078815639019,0.0019140900112688541,0.00015914704999886453,0.004995387047529221,0.0007028236286714673,0.0001603397395228967,0.0030830460600554943,5.713850987376645e-05,4.5552100345958024e-05
nonmember_213.png,0.019675545394420624,0.018191898241639137,0.007560303900390863,0.007290660869330168,0.0024035952519625425,0.00037557113682851195,0.01302203070372343,0.008185668848454952,0.002805042313411832,0.004622609820216894,0.0010621368419378996,0.00010847123485291377,0.002159590134397149,0.0003732615732587874,0.00017696458962745965,0.0007721335277892649,2.929911352111958e-05,4.149778396822512e-05
nonmember_214.png,0.014316027984023094,0.01600331813097,0.006461125798523426,0.005645844619721174,0.002456055022776127,0.0003325548314023763,0.01178328413516283,0.00776713015511632,0.0024025999009609222,0.006174213718622923,0.0013844029745087028,9.09129303181544e-05,0.0017427498241886497,0.0004441378405317664,0.00016471417620778084,0.0008404802647419274,4.883358997176401e-05,4.213230204186402e-05
nonmember_215.png,0.010657751932740211,0.017259251326322556,0.005321157164871693,0.004341504070907831,0.003820550860837102,0.00047348884982056916,0.010789661668241024,0.010348434560000896,0.0020990557968616486,0.004188472405076027,0.0015510882949456573,0.00013982775271870196,0.007152133621275425,0.0006394161027856171,0.00015342053666245192,0.0033512539230287075,4.117559365113266e-05,5.1932831411249936e-05
nonmember_216.png,0.013394005596637726,0.02153564989566803,0.008840681053698063,0.005525979213416576,0.004670928232371807,0.0008163184393197298,0.013603596948087215,0.015588785521686077,0.0039145974442362785,0.005188940558582544,0.0028197658248245716,0.00024900404969230294,0.003891764674335718,0.0010818076552823186,0.0002258016902487725,0.002181354444473982,6.547247903654352e-05,3.9025111618684605e-05
nonmember_217.png,0.01678367145359516,0.016872284933924675,0.010412397794425488,0.006173073314130306,0.003204226028174162,0.0006195493624545634,0.012046008370816708,0.008094200864434242,0.004065308719873428,0.00479809008538723,0.0014463505940511823,0.00021576446306426078,0.002473303349688649,0.0005363175296224654,0.00022838980657979846,0.0010248454054817557,5.8566060033626854e-05,3.931729224859737e-05
nonmember_218.png,0.011735265143215656,0.00653382483869791,0.0026944726705551147,0.006139498203992844,0.0018509048968553543,0.0001951426238520071,0.010421288199722767,0.0027166896034032106,0.0009763473062776029,0.0065838308073580265,0.0005597690469585359,5.6360710004810244e-05,0.008173937909305096,0.00014654279220849276,0.00010307310003554448,0.005085358861833811,2.7211917767999694e-05,3.562620986485854e-05
nonmember_219.png,0.01857578195631504,0.017915260046720505,0.008300154469907284,0.007091891951858997,0.0021788575686514378,0.00038835412124171853,0.013638250529766083,0.008247362449765205,0.003043699311092496,0.004663442261517048,0.001263693906366825,0.00010895227023866028,0.002084119711071253,0.00045675679575651884,0.00018511000962462276,0.0006847328622825444,5.3223826398607343e-05,4.450754931895062e-05
nonmember_220.png,0.02391362376511097,0.019089650362730026,0.0077176522463560104,0.006480553187429905,0.002690919442102313,0.0008048353483900428,0.01579788140952587,0.009163891896605492,0.0031134251039475203,0.004543523769825697,0.0012345114955678582,0.00025652535259723663,0.002173476852476597,0.000501655216794461,0.00018044827447738498,0.0009485841146670282,3.175439269398339e-05,3.804034349741414e-05
nonmember_221.png,0.016481541097164154,0.012112257070839405,0.0033104955218732357,0.005765087436884642,0.0019828849472105503,0.00015504760085605085,0.012649361975491047,0.004962709732353687,0.001207086374051869,0.004870913457125425,0.000731489562895149,4.0687948057893664e-05,0.0018145059002563357,0.00027033264632336795,0.00011120680574094877,0.0011026381980627775,3.5400487831793725e-05,4.066707697347738e-05
nonmember_222.png,0.017636165022850037,0.028877729550004005,0.014848308637738228,0.006407399661839008,0.0046165697276592255,0.0006616307073272765,0.011940853670239449,0.015195727348327637,0.005656619090586901,0.004402277525514364,0.0018359544919803739,0.00019362375314813107,0.0016924510709941387,0.0008353389566764235,0.00029340910259634256,0.0008008264703676105,4.557396096060984e-05,6.641745858360082e-05
nonmember_223.png,0.013290136121213436,0.010976164601743221,0.0030067916959524155,0.0048327017575502396,0.0023037733044475317,0.0002618448343127966,0.009401010349392891,0.0056226253509521484,0.0012023100862279534,0.003927038051187992,0.0010142138926312327,0.00011574898235267028,0.0014221068704500794,0.0003113427374046296,0.00011021802492905408,0.0009204155066981912,3.3140247978735715e-05,5.300994962453842e-05
nonmember_224.png,0.014641561545431614,0.020663874223828316,0.0063039567321538925,0.005022243596613407,0.004591747652739286,0.00042669897084124386,0.011591864749789238,0.010697679594159126,0.002443796955049038,0.004109599161893129,0.0014464063569903374,0.00011328815162414685,0.001967564458027482,0.0005900760879740119,0.00016519054770469666,0.0008726141531951725,4.4202366552781314e-05,4.7014927986310795e-05
nonmember_225.png,0.01916169375181198,0.01773212105035782,0.008308887481689453,0.006132297217845917,0.0026008132845163345,0.0003933066036552191,0.014334475621581078,0.008137691766023636,0.0031776747200638056,0.004334378056228161,0.001285936334170401,0.00012875562242697924,0.0020576531533151865,0.00040800892747938633,0.0001874748559202999,0.0006464189500547945,3.427708361414261e-05,3.444708636379801e-05
nonmember_226.png,0.014953386969864368,0.008499755524098873,0.002911502728238702,0.005770341493189335,0.001957500586286187,0.00019687078020069748,0.010231392458081245,0.003640654031187296,0.0010457709431648254,0.0044461023062467575,0.000714160327333957,7.129386358428746e-05,0.002447467064484954,0.0001772489194991067,0.00011759301560232416,0.0011221026070415974,2.8669071980402805e-05,6.277289503486827e-05
nonmember_227.png,0.016743076965212822,0.013331737369298935,0.004321071319282055,0.008174555376172066,0.0021910269279032946,0.0002506320015527308,0.012328878976404667,0.006305701099336147,0.0016328133642673492,0.0064409454353153706,0.000986328232102096,9.749063610797748e-05,0.0025091234128922224,0.0003354260988999158,0.00012159544712631032,0.0015632947906851768,3.134285725536756e-05,4.5160391891840845e-05
nonmember_228.png,0.017390631139278412,0.014755530282855034,0.00374995986931026,0.006877996493130922,0.003319718176499009,0.0003483206673990935,0.015316672623157501,0.007160536013543606,0.001355211716145277,0.006944005377590656,0.0012114441487938166,7.020308112259954e-05,0.003933274652808905,0.0003162514476571232,0.000123523102956824,0.0019648661836981773,3.781913619604893e-05,4.8556688852841035e-05
nonmember_229.png,0.01712654158473015,0.023603932932019234,0.007292513735592365,0.006647119298577309,0.0031886904034763575,0.00046030571684241295,0.012804785743355751,0.011957993730902672,0.0027154951822012663,0.00595543859526515,0.0018006687751039863,0.00013302243314683437,0.00161226955242455,0.0007093434687703848,0.00018332507170271128,0.0006427773041650653,4.6330733312061056e-05,6.654755998170003e-05
nonmember_230.png,0.015614653006196022,0.022043371573090553,0.006863251328468323,0.005352410487830639,0.0033766264095902443,0.0007604732527397573,0.011597579345107079,0.013291941024363041,0.0029373676516115665,0.0043868510983884335,0.0021837404929101467,0.00021706440020352602,0.0032204343006014824,0.0007929843850433826,0.0001764204353094101,0.0014293539570644498,5.3963420214131474e-05,3.7010911910329014e-05
nonmember_231.png,0.01606537401676178,0.03271650895476341,0.030148588120937347,0.005084107164293528,0.004762596450746059,0.002243563998490572,0.014589049853384495,0.01675304025411606,0.012656314298510551,0.004267591517418623,0.0016454734141007066,0.0007416388252750039,0.0031111568678170443,0.001395356492139399,0.0006701825768686831,0.0009794700890779495,0.0001070902799256146,4.3030107917729765e-05
nonmember_232.png,0.015896456316113472,0.027444496750831604,0.008332304656505585,0.006341278087347746,0.004494918510317802,0.0006678549689240754,0.014113670215010643,0.017450939863920212,0.003327465383335948,0.004687392618507147,0.0023422464728355408,0.0001886710524559021,0.002697618678212166,0.0011529034236446023,0.00020210981892887503,0.0007657418609596789,5.138024062034674e-05,4.630432158592157e-05
nonmember_233.png,0.01250992901623249,0.011152569204568863,0.007704779040068388,0.006460577715188265,0.0020851455628871918,0.0003854811075143516,0.00989389605820179,0.004784921184182167,0.0028113361913710833,0.004604051820933819,0.0007797746220603585,9.607662650523707e-05,0.001967177726328373,0.0002249460230814293,0.0001738761056913063,0.0012029759818688035,2.6482117391424254e-05,3.928475780412555e-05
nonmember_234.png,0.013553925789892673,0.00922590121626854,0.0030021178536117077,0.0057565197348594666,0.0022277876269072294,0.00025722148711793125,0.011331787332892418,0.004329143092036247,0.0010811282554641366,0.007049384526908398,0.0010862345807254314,6.342167034745216e-05,0.0022927967365831137,0.0002455457579344511,9.859903366304934e-05,0.001125133247114718,3.777610618271865e-05,3.2142641430255026e-05
nonmember_235.png,0.010429417714476585,0.013390669599175453,0.006954577751457691,0.004451566841453314,0.0024700190406292677,0.0005916713271290064,0.011691019870340824,0.007291801739484072,0.0028504517395049334,0.006134171038866043,0.0008546080207452178,0.00012411599163897336,0.0027337188366800547,0.0003848919295705855,0.00018393313803244382,0.0009519331506453454,2.3531121769337915e-05,5.315754242474213e-05
nonmember_236.png,0.01040164940059185,0.004423322156071663,0.001270930515602231,0.004256755113601685,0.0009117387817241251,0.0001175718498416245,0.007919702678918839,0.001833681482821703,0.000491064740344882,0.0039656879380345345,0.0005104317679069936,4.6484470658469945e-05,0.0023204335011541843,0.00010563875548541546,8.996134420158342e-05,0.00144271831959486,2.6096702640643343e-05,5.828061330248602e-05
nonmember_237.png,0.014776958152651787,0.016375284641981125,0.006687790155410767,0.005290725268423557,0.002429061569273472,0.0004193135246168822,0.010042550973594189,0.007609788328409195,0.0025202957913279533,0.0036758105270564556,0.001567329280078411,0.00012380923726595938,0.003664361545816064,0.0004571792087517679,0.0001653564686421305,0.0010409883689135313,5.575384057010524e-05,5.174923353479244e-05
nonmember_238.png,0.014311961829662323,0.020032798871397972,0.006148619577288628,0.0063344817608594894,0.0029297133442014456,0.0005003931000828743,0.01367567665874958,0.010126989334821701,0.0024579674936830997,0.00601600669324398,0.0014540442498400807,9.401984425494447e-05,0.00543556222692132,0.0005249704699963331,0.00016637497174087912,0.002888741670176387,3.9190366805996746e-05,4.013216675957665e-05
nonmember_239.png,0.01470072753727436,0.023229550570249557,0.01009746640920639,0.00567232072353363,0.003734867786988616,0.0007376849534921348,0.013810861855745316,0.01240862999111414,0.004083350766450167,0.006385499611496925,0.0017542957793921232,0.00020424397371243685,0.0058740717358887196,0.000697384006343782,0.00024304789258167148,0.0035398737527430058,5.214843258727342e-05,3.74793671653606e-05
nonmember_240.png,0.015446760691702366,0.014675692655146122,0.009201936423778534,0.006766034290194511,0.0025077052414417267,0.0004523497191257775,0.01379360631108284,0.0060535091906785965,0.0034239976666867733,0.005767476744949818,0.000901648192666471,0.00015316317148972303,0.0024277553893625736,0.0002757263428065926,0.0002022284606937319,0.0013681858545169234,2.8321039280854166e-05,4.2385305278003216e-05
nonmember_241.png,0.020030146464705467,0.020899413153529167,0.006971042137593031,0.007131521124392748,0.0023023723624646664,0.00043192910379730165,0.010699253529310226,0.009168613702058792,0.0025828611105680466,0.0028621770907193422,0.0010039632907137275,0.00010495469177840278,0.0012275902554392815,0.00045727979158982635,0.00016277487156912684,0.0005232811090536416,4.5624252379639074e-05,3.771765477722511e-05
nonmember_242.png,0.013734498992562294,0.01412047166377306,0.005864807870239019,0.005494909361004829,0.0020239008590579033,0.00032244485919363797,0.007455536164343357,0.006129660177975893,0.002148420549929142,0.0036583482287824154,0.0008247894002124667,9.936915739672258e-05,0.0011915267677977681,0.0002794508764054626,0.00015161799092311412,0.0008183172903954983,3.253986869822256e-05,4.9742819101084024e-05
nonmember_243.png,0.015964090824127197,0.024314189329743385,0.007386371959000826,0.006635055411607027,0.004062251187860966,0.0003985549556091428,0.010940478183329105,0.012255492620170116,0.0027708380948752165,0.004527743440121412,0.0017663384787738323,0.00011224698391743004,0.001909748651087284,0.0006628496921621263,0.0001603094715392217,0.0008437018841505051,4.5300545025384054e-05,2.2695723600918427e-05
nonmember_244.png,0.02099757455289364,0.01192114595323801,0.0060266428627073765,0.006480829790234566,0.002796728163957596,0.00033357884967699647,0.019354451447725296,0.005441045388579369,0.002244632923975587,0.007655904162675142,0.001118723303079605,9.252437303075567e-05,0.0032752270344644785,0.0002891266776714474,0.0001547543506603688,0.0010637168306857347,2.7592912374529988e-05,4.607656228472479e-05
nonmember_245.png,0.014398548752069473,0.023413706570863724,0.007713363040238619,0.005686790682375431,0.004283565562218428,0.0007736634579487145,0.012417868711054325,0.016033513471484184,0.003186361398547888,0.0054259090684354305,0.0028747273609042168,0.00017995368398260325,0.003321646247059107,0.0011074423091486096,0.00020388139819260687,0.0016235668445006013,6.171895074658096e-05,8.056994556682184e-05
nonmember_246.png,0.018290091305971146,0.012867698445916176,0.005259539000689983,0.007077087182551622,0.0014451132155954838,0.0003083803749177605,0.011225773952901363,0.005646158941090107,0.001930666621774435,0.004438907839357853,0.0006619946216233075,9.21651953831315e-05,0.0016815528506413102,0.0002828852739185095,0.00013693752407561988,0.0006453063106164336,2.9554621505667455e-05,4.677980541600846e-05
nonmember_247.png,0.01202128641307354,0.010654688812792301,0.0019935055170208216,0.004735760390758514,0.0024707294069230556,0.00022382625320460647,0.009773536585271358,0.005446212366223335,0.0007552385213784873,0.005225390195846558,0.0009282612008973956,8.646579226478934e-05,0.0020211399532854557,0.0002865561400540173,0.00010435179865453392,0.0009114163112826645,4.071186049259268e-05,7.047003600746393e-05
nonmember_248.png,0.01756196655333042,0.018814072012901306,0.006967516150325537,0.005169331561774015,0.0015869352500885725,0.00021375932556111366,0.01151478011161089,0.007850949652493,0.00259546865709126,0.004168434534221888,0.0007006010855548084,7.837168232072145e-05,0.0013113931054249406,0.00035813255817629397,0.00015660061035305262,0.0006309288437478244,2.821632915583905e-05,2.6618117772159167e-05
nonmember_249.png,0.010747339576482773,0.012858540751039982,0.009387112222611904,0.0036197316367179155,0.003200364066287875,0.0009294174960814416,0.009353408589959145,0.008065886795520782,0.0038450693245977163,0.00443173898383975,0.001609930768609047,0.0001632893836358562,0.003686739830300212,0.0005841506063006818,0.0002226437209174037,0.0022303787991404533,6.540559115819633e-05,5.0756621931213886e-05
nonmember_250.png,0.01761768013238907,0.01741340383887291,0.004999709781259298,0.006153921131044626,0.0023454269394278526,0.00033189664827659726,0.01153109036386013,0.0076102507300674915,0.0018314119661226869,0.003764250548556447,0.0010596540523692966,9.700089867692441e-05,0.0014795305905863643,0.0003952727420255542,0.0001447478134650737,0.0009981499752029777,3.336200097692199e-05,5.48620882909745e-05
nonmember_251.png,0.015598849393427372,0.0172133632004261,0.006539645604789257,0.005060897674411535,0.0038032943848520517,0.0004483992815949023,0.012560072354972363,0.0091929966583848,0.0024955824483186007,0.006179704796522856,0.001765238237567246,0.00011198216088814661,0.0029187113977968693,0.0005426218267530203,0.00016651979240123183,0.0012430829228833318,4.3620697397273034e-05,4.948567584506236e-05
nonmember_252.png,0.021687356755137444,0.02922162227332592,0.014136364683508873,0.00552372308447957,0.003538031131029129,0.0010139292571693659,0.014363933354616165,0.015112515538930893,0.00556661793962121,0.0047555831260979176,0.0015455679967999458,0.00020339405455160886,0.0019488373072817922,0.0007912147557362914,0.0002960717538371682,0.0008852965547703207,3.6860863474430516e-05,4.8301066271960735e-05
nonmember_253.png,0.01942683756351471,0.012218321673572063,0.005119448993355036,0.006531745661050081,0.00133671669755131,0.00018723987159319222,0.013140039518475533,0.00485042342916131,0.0018687925767153502,0.004433288238942623,0.0005539923440665007,6.99160955264233e-05,0.002780150854960084,0.000225023744860664,0.00014907875447534025,0.001937406719662249,2.0553603462758474e-05,5.315324597177096e-05
nonmember_254.png,0.0193356703966856,0.010730531066656113,0.0028029761742800474,0.006195904221385717,0.0016407626681029797,0.00022767853806726635,0.01579725369811058,0.004110611043870449,0.0010415128199383616,0.005235005635768175,0.0004961112281307578,6.2017839809414e-05,0.0019272498320788145,0.00019714982772711664,0.00010439384641358629,0.0006852506194263697,2.6246712877764367e-05,4.062300286022946e-05
nonmember_255.png,0.015817327424883842,0.014304548501968384,0.0036730333231389523,0.0049856253899633884,0.0030125563498586416,0.00034792584483511746,0.01042912621051073,0.007341351360082626,0.0014190919464454055,0.0039606476202607155,0.0012575627770274878,0.00013098555791657418,0.0017806568648666143,0.00034306407906115055,0.00011157274275319651,0.0010052765719592571,3.0458011679002084e-05,2.7711914299288765e-05
nonmember_256.png,0.01888718642294407,0.016471777111291885,0.006600901484489441,0.0054784780368208885,0.0022848749067634344,0.0005185367190279067,0.011779241263866425,0.007066249847412109,0.0024943954776972532,0.004683942999690771,0.0009433039231225848,9.61587211349979e-05,0.001663294737227261,0.0003535518189892173,0.00017266739450860769,0.0011106261517852545,3.9510887290816754e-05,5.3124978876439855e-05
nonmember_257.png,0.011554236523807049,0.014503326267004013,0.009836385026574135,0.005485036876052618,0.003640532260760665,0.0012049388606101274,0.010150155983865261,0.011601276695728302,0.004658211953938007,0.005258843302726746,0.0025950144045054913,0.000550890457816422,0.004574952181428671,0.001218367018736899,0.0002968082553707063,0.0020435890182852745,9.157657041214406e-05,7.03716286807321e-05
nonmember_258.png,0.013881382532417774,0.015275516547262669,0.006327982991933823,0.00538943987339735,0.0027080904692411423,0.0005115747335366905,0.011045360937714577,0.007057468872517347,0.002530279103666544,0.004310342948883772,0.001164363115094602,0.00017328855756204575,0.0025751315988600254,0.00036278978222981095,0.00016915486776269972,0.001313367043621838,3.065885175601579e-05,5.1000322855543345e-05
nonmember_259.png,0.02565920539200306,0.03131427243351936,0.017719067633152008,0.008706810884177685,0.004253492224961519,0.00142947630956769,0.0176936537027359,0.016958685591816902,0.007605878170579672,0.005421352572739124,0.0026154855731874704,0.00038713603862561285,0.002197499619796872,0.0009696069173514843,0.00037593647721223533,0.0006421396392397583,7.053403533063829e-05,4.315207843319513e-05
nonmember_260.png,0.016254941001534462,0.015041041187942028,0.009522241540253162,0.006285849958658218,0.0024005346931517124,0.0005699167377315462,0.01207011565566063,0.006839611567556858,0.003568959189578891,0.0045331246219575405,0.00090178003301844,0.00015529587108176202,0.002290225587785244,0.00032431937870569527,0.00020631491497624665,0.001142812194302678,3.412598016439006e-05,4.488263948587701e-05
nonmember_261.png,0.016018234193325043,0.024868624284863472,0.019068147987127304,0.0045587592758238316,0.0033154147677123547,0.0018958804430440068,0.012912984006106853,0.011362884193658829,0.007905159145593643,0.006199791096150875,0.0014796180184930563,0.0004673763469327241,0.001652493723668158,0.0006197757902555168,0.0004104160179849714,0.0009456049301661551,4.727087070932612e-05,4.632705531548709e-05
nonmember_262.png,0.017105581238865852,0.010744281113147736,0.003104831324890256,0.006520019378513098,0.002679564291611314,0.00027542313910089433,0.012389915063977242,0.004655574914067984,0.0011503137648105621,0.005851943511515856,0.0007470936398021877,7.339745934586972e-05,0.0021603810600936413,0.00027435109950602055,0.00011501091648824513,0.001031306805089116,4.050061761518009e-05,4.813774648937397e-05
nonmember_263.png,0.0175422802567482,0.016134243458509445,0.006387276574969292,0.005439721513539553,0.002484287600964308,0.000369410146959126,0.010611397214233875,0.006763732526451349,0.0024172652047127485,0.004044027533382177,0.000777004286646843,0.00010567696153884754,0.0021724565885961056,0.0003325984871480614,0.0001558433286845684,0.001166653004474938,3.095927968388423e-05,3.698008003993891e-05
nonmember_264.png,0.013012710027396679,0.012893633916974068,0.006113579496741295,0.006178350653499365,0.002390617970377207,0.00038345323991961777,0.01080993376672268,0.007458770181983709,0.0023369796108454466,0.004114152397960424,0.0008995967800728977,0.00011810893192887306,0.0015539596788585186,0.00041739700827747583,0.00015799807442817837,0.0008534970111213624,3.4914399293484166e-05,4.117948265047744e-05
nonmember_265.png,0.01477481983602047,0.008134533651173115,0.002511635422706604,0.005677402950823307,0.0019016986479982734,0.0002840730012394488,0.012013393454253674,0.0038674769457429647,0.0009609523694962263,0.004221078474074602,0.0009715880732983351,8.607561176177114e-05,0.002804965479299426,0.00021489917708095163,0.00011022223043255508,0.001451177871786058,3.413852391531691e-05,4.64694676338695e-05
nonmember_266.png,0.01618214324116707,0.017086820676922798,0.004664986860007048,0.007043473422527313,0.0032571079209446907,0.00022461630578618497,0.013911349698901176,0.008427292108535767,0.0017180468421429396,0.0061650387942790985,0.0012658026535063982,8.167704800143838e-05,0.002139528514817357,0.00044844287913292646,0.0001328181242570281,0.0013108216226100922,4.512763553066179e-05,4.380894097266719e-05
nonmember_267.png,0.0132326390594244,0.01323032658547163,0.0037378959823399782,0.007038073614239693,0.0036704374942928553,0.0003304764686618,0.009853481315076351,0.007390385493636131,0.0013772854581475258,0.005224701948463917,0.001639055204577744,8.165376493707299e-05,0.0026271026581525803,0.0004436034068930894,0.00012686318950727582,0.0018660561181604862,4.177512164460495e-05,5.5993568821577355e-05
nonmember_268.png,0.015154476277530193,0.020494017750024796,0.008054276928305626,0.006040760315954685,0.00374551466666162,0.0004098942154087126,0.010566797107458115,0.010153732262551785,0.003040459705516696,0.004003066103905439,0.0016327834455296397,9.773961937753484e-05,0.0011550572235137224,0.000547446368727833,0.000189306796528399,0.000836744555272162,4.22829034505412e-05,4.4315784180071205e-05
nonmember_269.png,0.013534839265048504,0.006351497955620289,0.0015098225558176637,0.007303931284695864,0.001465075183659792,0.0001419535983586684,0.009807045571506023,0.002615872537717223,0.0005625011981464922,0.005688957870006561,0.0005497712409123778,7.023430953267962e-05,0.004367528948932886,0.00014163130254019052,9.951613174052909e-05,0.0022719353437423706,4.024486042908393e-05,6.474421388702467e-05
nonmember_270.png,0.015107558108866215,0.0135607635602355,0.0033262534998357296,0.0074433498084545135,0.0023199988063424826,0.00017262509209103882,0.009479385800659657,0.006017720326781273,0.0012606482487171888,0.00406557135283947,0.0011717111337929964,0.00012121674080844969,0.0016096692997962236,0.00032857077894732356,0.00011660694872261956,0.0009684761171229184,5.6944016250781715e-05,5.8584861108101904e-05
nonmember_271.png,0.02216481603682041,0.016667330637574196,0.004629547242075205,0.007525247521698475,0.0032989918254315853,0.0003469120420049876,0.01519483607262373,0.008493565954267979,0.0017752829007804394,0.005508875008672476,0.0018065562471747398,0.0001163119450211525,0.002714593196287751,0.0004666502063628286,0.00013941114593762904,0.0012273540487512946,5.7071494666161016e-05,5.5433967645512894e-05
nonmember_272.png,0.010878282599151134,0.01866067759692669,0.007064300589263439,0.005536389071494341,0.0025807626079767942,0.00027743098326027393,0.006401855498552322,0.00844879262149334,0.0026715875137597322,0.0027961330488324165,0.0011335466988384724,7.690391794312745e-05,0.0020594063680619,0.0004314898687880486,0.0001624309952603653,0.0011371348518878222,4.476815229281783e-05,3.756113437702879e-05
nonmember_273.png,0.012117445468902588,0.011400201357901096,0.003127290867269039,0.005603113677352667,0.002887638285756111,0.0004779054725077003,0.01020033285021782,0.006959372665733099,0.0014018910005688667,0.005545984487980604,0.0016332811210304499,0.00014766234380658716,0.004116937518119812,0.0005307761603035033,0.00011391241423552856,0.0019232191843912005,3.94076960219536e-05,3.901455784216523e-05
nonmember_274.png,0.016173776239156723,0.010106373578310013,0.003685243660584092,0.004941393155604601,0.002198296133428812,0.0003466370399110019,0.01186808105558157,0.004922637715935707,0.0013622763799503446,0.003870863700285554,0.0014141241554170847,0.00014888783334754407,0.0024287570267915726,0.00034410820808261633,0.00011656232527457178,0.0013480570632964373,5.330994463292882e-05,4.146600986132398e-05
nonmember_275.png,0.01724710874259472,0.01747901737689972,0.005471172276884317,0.006289494689553976,0.003061862662434578,0.0004853785503655672,0.013517355546355247,0.009212805889546871,0.002127374056726694,0.0041096084751188755,0.0015154696302488446,0.00011793193698395044,0.0028689992614090443,0.0005153646343387663,0.00015049328794702888,0.0015684032114222646,4.675312447943725e-05,3.687084972625598e-05
nonmember_276.png,0.016947012394666672,0.026661671698093414,0.03143981099128723,0.0065131476148962975,0.003946924116462469,0.002483223332092166,0.013918828219175339,0.013279300183057785,0.01305236667394638,0.0066137551330029964,0.001516062067821622,0.0004962311359122396,0.0029375741723924875,0.0006927236681804061,0.0006151231355033815,0.0009672898449935019,4.7425659431610256e-05,4.9951391702052206e-05
nonmember_277.png,0.02967512421309948,0.025777874514460564,0.007067211903631687,0.008215036243200302,0.0020772102288901806,0.00018186765373684466,0.021026592701673508,0.011081341654062271,0.002598631428554654,0.005436384119093418,0.0009310890454798937,8.126158354571089e-05,0.002519601257517934,0.0005503554129973054,0.0001699022250249982,0.0008323343354277313,3.7032990803709254e-05,4.8471003537997603e-05
nonmember_278.png,0.016248652711510658,0.014526642858982086,0.005473078694194555,0.0053460379131138325,0.0034238938242197037,0.0003723522531799972,0.012240281328558922,0.005789272952824831,0.0020413603633642197,0.004547672346234322,0.0008210425148718059,9.91121560218744e-05,0.0018328404985368252,0.0002660993777681142,0.0001385056384606287,0.0006687105051241815,2.4205384761444293e-05,3.815890522673726e-05
nonmember_279.png,0.017050858587026596,0.016480468213558197,0.009601060301065445,0.00582436379045248,0.003250325098633766,0.0005912542692385614,0.012253720313310623,0.008758582174777985,0.0037092906422913074,0.00525093637406826,0.001457082573324442,0.00017839342763181776,0.0027973942924290895,0.0004943309468217194,0.00022311520297080278,0.0016907992539927363,4.075785545865074e-05,5.705843068426475e-05
nonmember_280.png,0.021055156365036964,0.02950330823659897,0.01243922021239996,0.004925941117107868,0.0051230196841061115,0.0010292863007634878,0.014835882000625134,0.01623866707086563,0.005192228592932224,0.005735061597079039,0.0026311404071748257,0.0003111616533715278,0.0017105387523770332,0.0010294513776898384,0.0002857963554561138,0.0007624821737408638,6.873097299830988e-05,4.445426748134196e-05
nonmember_281.png,0.028766045346856117,0.02386019006371498,0.006808217149227858,0.006591454613953829,0.0016451957635581493,0.0002774996100924909,0.016435526311397552,0.0097884526476264,0.0024773406330496073,0.0038355858996510506,0.0007193656056188047,0.00010164599370909855,0.0018386079464107752,0.0004526570555754006,0.00016659902757965028,0.0009041985031217337,3.254939292673953e-05,4.424345388542861e-05
nonmember_282.png,0.013771598227322102,0.009641706012189388,0.003542011370882392,0.004170221276581287,0.0020344569347798824,0.0001759515580488369,0.010622167959809303,0.004094822332262993,0.0012910361401736736,0.005761993583291769,0.0009793846402317286,7.61402043281123e-05,0.0022445637732744217,0.00021268239652272314,0.00012464441533666104,0.001326811732724309,4.6319550165208057e-05,7.700492278672755e-05
nonmember_283.png,0.01302615087479353,0.016591640189290047,0.008754591457545757,0.004929851274937391,0.0030676089227199554,0.0009745666175149381,0.011493492871522903,0.009154879488050938,0.0032952791079878807,0.005337407346814871,0.0021126160863786936,0.00027101009618490934,0.004357701167464256,0.0008626177441328764,0.00020560555276460946,0.0018013535300269723,9.365982987219468e-05,4.412615089677274e-05
nonmember_284.png,0.011730088852345943,0.011518635787069798,0.006588864140212536,0.004869366064667702,0.0025811155792325735,0.0004276494146324694,0.011045137420296669,0.005090310703963041,0.002425105543807149,0.005198594648391008,0.0011827023699879646,0.00011225142952753231,0.003421817207708955,0.00026176893152296543,0.00016472424613311887,0.0019495345186442137,5.337012044037692e-05,6.207742262631655e-05
nonmember_285.png,0.018337586894631386,0.018967779353260994,0.0112946517765522,0.007289866916835308,0.002919853664934635,0.0006621956708841026,0.012802022509276867,0.009071850217878819,0.00424238620325923,0.004553270060569048,0.0008704217616468668,0.00017826174735091627,0.0011623281752690673,0.00047981381067074835,0.0002454927016515285,0.0006513145635835826,3.864226891892031e-05,5.932114800089039e-05
nonmember_286.png,0.020262310281395912,0.01726364530622959,0.009220408275723457,0.007435992360115051,0.0026403332594782114,0.0004372222756501287,0.016058558598160744,0.007430703844875097,0.003589692059904337,0.006739791948348284,0.0013095620088279247,0.00017972254136111587,0.0037091129925101995,0.00036205665674060583,0.0001978599902940914,0.0015963001642376184,4.808410085388459e-05,4.095410986337811e-05
nonmember_287.png,0.012764559127390385,0.007391836494207382,0.0013580352533608675,0.005738299805670977,0.0015991515247151256,0.0001922771625686437,0.008724665269255638,0.003139710985124111,0.0005291506531648338,0.003447766648605466,0.0004589908057823777,6.807459431001917e-05,0.0024473359808325768,0.00015740087837912142,8.448545122519135e-05,0.0017595330718904734,3.206559267709963e-05,4.618568709702231e-05
nonmember_288.png,0.012924063950777054,0.021641723811626434,0.014254473149776459,0.005475507117807865,0.004786257166415453,0.0013050184352323413,0.01013051625341177,0.013576698489487171,0.005941898096352816,0.005261306185275316,0.0025979052297770977,0.0002932444913312793,0.0015877127880230546,0.000962231308221817,0.00030282052466645837,0.0009810493793338537,7.036791794234887e-05,6.891359225846827e-05
nonmember_289.png,0.01348518393933773,0.01728680357336998,0.006714385002851486,0.0044569638557732105,0.0035916827619075775,0.0004830594116356224,0.009481905959546566,0.009259942919015884,0.0026005632244050503,0.0043010413646698,0.0013891372364014387,0.000130242042359896,0.00227533676661551,0.0005813607713207603,0.000161892399773933,0.0010930463904514909,3.729857780854218e-05,2.9962662665639073e-05
nonmember_290.png,0.017930274829268456,0.025065742433071136,0.015343347564339638,0.00693564722314477,0.003642653813585639,0.0007217703969217837,0.01349960919469595,0.012825868092477322,0.005912724882364273,0.0051872618496418,0.0012680415529757738,0.00014314809232018888,0.0016683746362105012,0.0006763974670320749,0.0003261229721829295,0.0007280752179212868,5.107040851726197e-05,9.826850146055222e-05
nonmember_291.png,0.010950649157166481,0.007088969927281141,0.0025261843111366034,0.0052034566178917885,0.0009314210619777441,0.00013917377509642392,0.008241981267929077,0.003008126048371196,0.0009614381706342101,0.004825269337743521,0.0005238724406808615,6.266217678785324e-05,0.0011687447549775243,0.00015973600966390222,9.241361840395257e-05,0.0007680542184971273,2.9793771318509243e-05,3.518526500556618e-05
nonmember_292.png,0.013164438307285309,0.011460304260253906,0.004858468193560839,0.0066891019232571125,0.0012099684681743383,0.0001640719419810921,0.008093461394309998,0.004514642525464296,0.0017934298375621438,0.0051465509459376335,0.0005443456466309726,7.142213871702552e-05,0.001731442753225565,0.00021155957074370235,0.00012839493865612894,0.0015008191112428904,3.63050312444102e-05,5.185132613405585e-05
nonmember_293.png,0.016319667920470238,0.017116686329245567,0.007956627756357193,0.0072423177771270275,0.003132709302008152,0.0005892152548767626,0.011147525161504745,0.008582311682403088,0.00308824609965086,0.004486034158617258,0.0019562351517379284,0.00015172034909483045,0.0018613470019772649,0.0004857874009758234,0.0002018496161326766,0.0010170855093747377,4.787929356098175e-05,5.226623761700466e-05
nonmember_294.png,0.015572397969663143,0.03263196349143982,0.008550142869353294,0.004805820062756538,0.005315460730344057,0.0006759358220733702,0.01381427887827158,0.021467234939336777,0.0033132159151136875,0.004924727603793144,0.00313018006272614,0.0001539303339086473,0.0019641451071947813,0.0013642837293446064,0.00020229209621902555,0.001048685167916119,8.220624295063317e-05,5.658926966134459e-05
nonmember_295.png,0.012710768729448318,0.005170877557247877,0.001749439281411469,0.006083879619836807,0.0012334982166066766,0.00014025952259544283,0.01037006638944149,0.0024009840562939644,0.0006790496408939362,0.004001703578978777,0.00044976745266467333,6.470429070759565e-05,0.0013977255439385772,0.00012999851605854928,9.197326289722696e-05,0.0007427721284329891,2.309887349838391e-05,3.517154618748464e-05
nonmember_296.png,0.015379674732685089,0.017346704378724098,0.01292975153774023,0.004956219345331192,0.0033118987921625376,0.001564451609738171,0.01177220419049263,0.009904231876134872,0.0060678813606500626,0.004722431767731905,0.0025233386550098658,0.0004560172965284437,0.0026859671343117952,0.0007332299719564617,0.00033628716482780874,0.0012958348961547017,9.4285023806151e-05,4.8390567826572806e-05
nonmember_297.png,0.024076364934444427,0.0100477309897542,0.0063998401165008545,0.010881946422159672,0.002448773942887783,0.0008018130320124328,0.020478224381804466,0.006886628922075033,0.002671757945790887,0.008111285977065563,0.0017397673800587654,0.00020748047973029315,0.006318220868706703,0.0007714221719652414,0.00017204553296323866,0.0024476442486047745,8.968987822299823e-05,4.848451499128714e-05
nonmember_298.png,0.022099824622273445,0.02545037306845188,0.010638506151735783,0.006327252835035324,0.003342259442433715,0.0004639396502170712,0.01675753854215145,0.011235389858484268,0.004064302891492844,0.006136844400316477,0.000993322697468102,0.00011851673480123281,0.0031535900197923183,0.0005439321976155043,0.0002204163174610585,0.0012100086314603686,3.484804619802162e-05,3.241626109229401e-05
nonmember_299.png,0.015112442895770073,0.01572132296860218,0.009279154241085052,0.0048960414715111256,0.001629779115319252,0.00033818441443145275,0.008236486464738846,0.00673495652154088,0.0034539238549768925,0.0031385745387524366,0.0005956714740023017,0.00012068726937286556,0.0014903461560606956,0.0003240412042941898,0.00020914198830723763,0.00084371876437217,3.268523505539633e-05,4.018766776425764e-05
nonmember_300.png,0.014637121930718422,0.015079972334206104,0.009208348579704762,0.006102470681071281,0.0018817601958289742,0.00048168771900236607,0.009752637706696987,0.006144655402749777,0.003371862228959799,0.004937324207276106,0.0007184916757978499,0.0001588254381204024,0.0024865134619176388,0.00031660619424656034,0.00020907614089082927,0.0011897701770067215,3.705833660205826e-05,5.32907506567426e-05
nonmember_301.png,0.014024877920746803,0.015258715488016605,0.0055428422056138515,0.00512999901548028,0.0018862735014408827,0.00026287970831617713,0.010308626107871532,0.007163637783378363,0.0020256219431757927,0.004668735899031162,0.0010184302227571607,0.00011541680578375235,0.0014816517941653728,0.00037261322722770274,0.0001332814572378993,0.0008715211297385395,4.257721229805611e-05,3.25904693454504e-05
nonmember_302.png,0.016436010599136353,0.014797969721257687,0.0038758039008826017,0.004945637192577124,0.0019328752532601357,0.00023779316688887775,0.012052047066390514,0.006570152007043362,0.0014429325237870216,0.0058715855702757835,0.0009488233481533825,7.595961506012827e-05,0.0014248909428715706,0.0003228050481993705,0.00011626145715126768,0.000732721877284348,2.897572994697839e-05,3.261611345806159e-05
nonmember_303.png,0.017648447304964066,0.020214660093188286,0.007069078274071217,0.00566498376429081,0.002878975123167038,0.0007500131032429636,0.014850207604467869,0.011365205980837345,0.002998078241944313,0.00530770979821682,0.0014461540849879384,0.00016340870934072882,0.002042861422523856,0.0007164283306337893,0.00017910095630213618,0.0010217762319371104,5.357678674045019e-05,3.637473128037527e-05
nonmember_304.png,0.011030350811779499,0.008514631539583206,0.0031539779156446457,0.0054048472084105015,0.0015919484430924058,0.00023196020629256964,0.007577825803309679,0.00401794258505106,0.0011863186955451965,0.004721906967461109,0.0007964334217831492,7.35936191631481e-05,0.0011298957979306579,0.00021507013298105448,0.00010599631787044927,0.0007208088063634932,3.439856300246902e-05,3.6986381019232795e-05
nonmember_305.png,0.011908318847417831,0.012207839637994766,0.007901139557361603,0.007096843793988228,0.0027431200724095106,0.0006728379521518946,0.009175307117402554,0.0067109111696481705,0.0030980652663856745,0.005468660965561867,0.0016944936942309141,0.00017597871192265302,0.003012029454112053,0.0005086548044346273,0.00018549157539382577,0.0015933405375108123,6.317640509223565e-05,4.0828221244737506e-05
nonmember_306.png,0.016580557450652122,0.018341287970542908,0.007946869358420372,0.0051280357874929905,0.0028509178664535284,0.0004926531109958887,0.012251791544258595,0.008139786310493946,0.0029500562231987715,0.004713708534836769,0.0013269836781546474,8.646643254905939e-05,0.001425023190677166,0.0003835609822999686,0.00018159570754505694,0.0006663669482804835,3.149053736706264e-05,3.7451904063345864e-05
nonmember_307.png,0.01659020222723484,0.01256667822599411,0.003262884682044387,0.006938077975064516,0.0020975146908313036,0.00021089232177473605,0.009635365568101406,0.005801436956971884,0.0011891080066561699,0.0034341004211455584,0.0009044656762853265,7.267819455591962e-05,0.002007079077884555,0.0003013870446011424,9.653112647356465e-05,0.0010705592576414347,3.0011715352884494e-05,2.7838565074489452e-05
nonmember_308.png,0.018858106806874275,0.02596963383257389,0.011506273411214352,0.00580966379493475,0.0037684659473598003,0.0004864805086981505,0.01221949327737093,0.01272680051624775,0.004323528613895178,0.0044700647704303265,0.001815139316022396,0.00012046802294207737,0.0014207352651283145,0.0007210584008134902,0.00023780275660101324,0.0005240578902885318,4.998450822313316e-05,5.480377876665443e-05
nonmember_309.png,0.009944290854036808,0.0029507814906537533,0.0006902271998114884,0.005538092460483313,0.0007427488453686237,0.00011208037176402286,0.007491859141737223,0.001293663983233273,0.00027327402494847775,0.0034483615309000015,0.0005197591381147504,5.726047675125301e-05,0.001456841710023582,7.217518577817827e-05,7.557056960649788e-05,0.0009876310359686613,1.7443271644879133e-05,3.567939711501822e-05
nonmember_310.png,0.014922295697033405,0.009241810068488121,0.003226452972739935,0.006273867562413216,0.001866179401986301,0.0002849247248377651,0.010478074662387371,0.004157502204179764,0.0011887208092957735,0.005207391921430826,0.0009634761372581124,7.269545312738046e-05,0.002098426455631852,0.00021746201673522592,0.00011241946049267426,0.001222462160512805,3.7995956517988816e-05,4.5609391236212105e-05
nonmember_311.png,0.011848716996610165,0.014756748452782631,0.01722034253180027,0.004668143577873707,0.0017066700384020805,0.0004386884393170476,0.009048212319612503,0.006570073310285807,0.0063681332394480705,0.005512828938663006,0.0007078780326992273,0.00011231571988901123,0.0012589475372806191,0.00031303969444707036,0.0003207059344276786,0.0008416082710027695,3.4050892281811684e-05,4.00277494918555e-05
nonmember_312.png,0.009325499646365643,0.0067799873650074005,0.002153639681637287,0.004421773366630077,0.0028411326929926872,0.00033098814310505986,0.007296358235180378,0.003380423877388239,0.0008332743309438229,0.00494607537984848,0.0009978885063901544,0.00010917735926341265,0.0016498933546245098,0.00023799262999091297,9.231721924152225e-05,0.0010196343064308167,4.4684147724183276e-05,4.828621604247019e-05
nonmember_313.png,0.011652114801108837,0.005179351661354303,0.001535518211312592,0.0055213370360434055,0.0014565218007192016,0.0001911771105369553,0.009859535843133926,0.0029565191362053156,0.0005940722767263651,0.005571222864091396,0.0008133904775604606,7.7151766163297e-05,0.006525533273816109,0.00015488133067265153,7.917575567262247e-05,0.003434383310377598,3.539829049259424e-05,2.8034000933985226e-05
nonmember_314.png,0.015324042178690434,0.0187362190335989,0.0042327516712248325,0.004492051433771849,0.003204615321010351,0.00033701432403177023,0.01235948596149683,0.008740259334445,0.0015534583944827318,0.005203546490520239,0.0009862246224656701,0.00011197872663615271,0.0014694168930873275,0.00047491260920651257,0.00011835141049232334,0.0007447688258253038,3.791727067437023e-05,4.1533443436492234e-05
nonmember_315.png,0.010747363790869713,0.013654802925884724,0.006544006057083607,0.005191574804484844,0.0035534314811229706,0.0007630198379047215,0.011609440669417381,0.011018923483788967,0.0029292386025190353,0.005041016265749931,0.0019103707745671272,0.0002326680114492774,0.002592911710962653,0.0007572777685709298,0.00019053820869885385,0.001035749213770032,5.090686317998916e-05,5.3559229854727164e-05
nonmember_316.png,0.01638850010931492,0.013376747258007526,0.003967474214732647,0.005956375040113926,0.0027017793618142605,0.0003019280848093331,0.013297874480485916,0.006486691068857908,0.0014440189115703106,0.005163831636309624,0.001380845787934959,9.271515591535717e-05,0.0016069978009909391,0.0003218750935047865,0.0001177128215203993,0.0006407212349586189,2.898539423767943e-05,3.946019205613993e-05
nonmember_317.png,0.01681188866496086,0.018370701000094414,0.0055679441429674625,0.0044397939927875996,0.0017547185998409986,0.0003404695016797632,0.010886501520872116,0.007395479828119278,0.0020953291095793247,0.005102962721139193,0.0006319513195194304,0.0001022374490275979,0.0013498686021193862,0.00035342067712917924,0.00013605810818262398,0.0006842009606771171,3.048495636903681e-05,3.1874136766418815e-05
nonmember_318.png,0.015328304842114449,0.014865891076624393,0.0046928757801651955,0.005428638309240341,0.0021999299060553312,0.0004103946266695857,0.010329212062060833,0.007127615623176098,0.0018022027797996998,0.0048070261254906654,0.000992709188722074,9.648340346757323e-05,0.0021477462723851204,0.0003602624638006091,0.0001332871470367536,0.0011139619164168835,2.1927027773926966e-05,3.4997548937099054e-05
nonmember_319.png,0.016852688044309616,0.015254804864525795,0.005262392573058605,0.005604946054518223,0.0021681992802768946,0.00024774804478511214,0.010059121064841747,0.006204850506037474,0.001978473039343953,0.0036404267884790897,0.0007735746912658215,6.77301359246485e-05,0.0012364109279587865,0.0003043507458642125,0.00014040802489034832,0.0007453805301338434,3.835614916170016e-05,4.832905324292369e-05
nonmember_320.png,0.015580705367028713,0.010081487707793713,0.0018855020171031356,0.005036276765167713,0.0015994661953300238,0.0002019328239839524,0.010580472648143768,0.004333390388637781,0.0006862251320853829,0.00446159765124321,0.0007161402609199286,7.031156565062702e-05,0.0015026654582470655,0.00019686282030306756,8.844101830618456e-05,0.0009241190855391324,2.3538868845207617e-05,4.065989196533337e-05
nonmember_321.png,0.016973799094557762,0.01976272650063038,0.004998913034796715,0.005464713089168072,0.003022805554792285,0.00036691103014163673,0.012253761291503906,0.010753504931926727,0.0018449794733896852,0.004519869107753038,0.0014597929548472166,0.00010230307816527784,0.0017355247400701046,0.0006785269360989332,0.00013941880024503917,0.0006875807885080576,6.414228118956089e-05,4.740345320897177e-05
nonmember_322.png,0.017337439581751823,0.013349298387765884,0.0038986767176538706,0.006222063675522804,0.0023838896304368973,0.00022645342687610537,0.011569466441869736,0.006456770468503237,0.001489941612817347,0.004219102207571268,0.0010622309055179358,7.476377504644915e-05,0.003980666399002075,0.00034000666346400976,0.00013384202611632645,0.0023041549138724804,4.101523882127367e-05,4.8799738578964025e-05
nonmember_323.png,0.015476210042834282,0.00772700784727931,0.0016926388489082456,0.00599810341373086,0.0014579800190404058,0.00011924598948098719,0.0111849932000041,0.0031890273094177246,0.0006578165921382606,0.004138248972594738,0.0005387149285525084,6.315125938272104e-05,0.002089392626658082,0.00016602421237621456,9.5662398962304e-05,0.000996210495941341,3.5148881579516456e-05,6.852643127785996e-05
nonmember_324.png,0.0200437530875206,0.022515229880809784,0.0067833890207111835,0.00661144033074379,0.002879335545003414,0.000421699631260708,0.015489314682781696,0.011527675203979015,0.0025567468255758286,0.005052259191870689,0.0013988279970362782,0.00011147943587275222,0.0023541534319519997,0.000624895270448178,0.00017138598195742816,0.0015097585273906589,5.2207109547453e-05,4.993687616661191e-05
nonmember_325.png,0.015976743772625923,0.02115732431411743,0.007461553439497948,0.0055104466155171394,0.002638912992551923,0.00039824412669986486,0.011622840538620949,0.009950976818799973,0.0028365133330225945,0.004448577295988798,0.001292723580263555,0.00011366787657607347,0.0016552152810618281,0.00048018296365626156,0.00018704285321291536,0.0007765641785226762,4.016422826680355e-05,4.8058118409244344e-05
nonmember_326.png,0.013569069094955921,0.00798261072486639,0.004306490533053875,0.005921803880482912,0.0011615040712058544,0.00020991454948671162,0.007556627970188856,0.0031584249809384346,0.0015719442162662745,0.0032989797182381153,0.0005141833680681884,8.098295074887574e-05,0.0008903873967938125,0.00015809897740837187,0.00013691310596186668,0.00040913981501944363,2.787995799735654e-05,4.9339039833284914e-05
nonmember_327.png,0.015193242579698563,0.013651280663907528,0.005737697705626488,0.004442762583494186,0.0017366891261190176,0.00040127040119841695,0.011516005732119083,0.00651497021317482,0.0021809961181133986,0.004926874302327633,0.0013094877358525991,0.00012838879774790257,0.0016281938878819346,0.00034063548082485795,0.00013853661948814988,0.0007227033493109047,3.698218279168941e-05,3.50461014022585e-05
nonmember_328.png,0.015935903415083885,0.017669212073087692,0.005321952514350414,0.004828249104321003,0.0026211279910057783,0.00030541789601556957,0.013164098374545574,0.008145684376358986,0.001966563519090414,0.005153337027877569,0.0016050494741648436,8.712390990694985e-05,0.0017276827711611986,0.0004086829430889338,0.00014217638818081468,0.0011727305827662349,4.364713458926417e-05,5.370407598093152e-05
nonmember_329.png,0.01940322481095791,0.01436528004705906,0.007493256125599146,0.005507787689566612,0.00172630965244025,0.0003121678892057389,0.014477669261395931,0.00603330135345459,0.002772514708340168,0.006131406873464584,0.0007465400267392397,0.00010548507998464629,0.0015575559809803963,0.0002959534467663616,0.00017292643315158784,0.0005125884199514985,3.0312334274640307e-05,4.96115317218937e-05
nonmember_330.png,0.02041453868150711,0.01630467176437378,0.008296661078929901,0.00689388532191515,0.004366112407296896,0.0010832047555595636,0.015517795458436012,0.011067318730056286,0.0036020034458488226,0.004088103771209717,0.0027210009284317493,0.0003229867434129119,0.0027652198914438486,0.0008062439155764878,0.00022632144100498408,0.0017251989338546991,6.339064566418529e-05,5.3939616918796673e-05
nonmember_331.png,0.013152160681784153,0.022421903908252716,0.011065373197197914,0.00423297518864274,0.0038299672305583954,0.0008951965719461441,0.013658978044986725,0.013593492098152637,0.0044081322848796844,0.006643819157034159,0.0031756090465933084,0.00022781714505981654,0.0035429152194410563,0.001170794595964253,0.00025346464826725423,0.0014038566732779145,9.821206913329661e-05,5.381786832003854e-05
nonmember_332.png,0.014879699796438217,0.013126511126756668,0.00409699697047472,0.005970126483589411,0.0021150188986212015,0.00031433498952537775,0.010333770886063576,0.0052208625711500645,0.0014870436862111092,0.003644530661404133,0.000577239494305104,0.00010260068665957078,0.0012223944067955017,0.0002471243205945939,0.00012556045840028673,0.0004486053658183664,3.7100351619301364e-05,5.23151975357905e-05
nonmember_333.png,0.014746592380106449,0.018085572868585587,0.0060272784903645515,0.005652477499097586,0.00252823019400239,0.00027534677064977586,0.009696424007415771,0.00829146709293127,0.00223841005936265,0.0030735754407942295,0.001221757847815752,7.973789615789428e-05,0.0023942727129906416,0.00043662209645844996,0.00015086287748999894,0.0012169192777946591,3.75335912394803e-05,4.345363413449377e-05
nonmember_334.png,0.015672720968723297,0.010181689634919167,0.007742487359791994,0.005363409873098135,0.001008103135973215,0.0002669077948667109,0.01214784849435091,0.004039805382490158,0.00284862844273448,0.005616520065814257,0.0006261350936256349,8.611220982857049e-05,0.001964196562767029,0.00018190823902841657,0.00017821384244598448,0.0008875433122739196,2.324497290828731e-05,4.650219125323929e-05
nonmember_335.png,0.020318621769547462,0.02564721181988716,0.008489743806421757,0.007058205548673868,0.0027602207846939564,0.00034365971805527806,0.01269606314599514,0.011537951417267323,0.0031184672843664885,0.0037697080988436937,0.001154684112407267,0.00010670424671843648,0.0017410858999937773,0.0005696678999811411,0.00018114157137461007,0.0009467045892961323,3.95602619391866e-05,4.1443152440479025e-05
nonmember_336.png,0.016102902591228485,0.01289034727960825,0.005398073699325323,0.005241433158516884,0.002158788498491049,0.00026675433036871254,0.01092909649014473,0.005416965577751398,0.00201746285893023,0.003892086911946535,0.0008852072060108185,7.54973734728992e-05,0.0012197375763207674,0.0002541273715905845,0.00014611953520216048,0.0004724663158413023,2.7735590265365317e-05,3.0038909244467504e-05
nonmember_337.png,0.014890850521624088,0.012786531820893288,0.004654556512832642,0.006985075771808624,0.0025814552791416645,0.0003653185849543661,0.010729820467531681,0.0062247891910374165,0.001780452555976808,0.005435030907392502,0.001035794848576188,9.280392259825021e-05,0.0018942606402561069,0.00035180404665879905,0.00013932220463175327,0.0009438990382477641,4.263537630322389e-05,4.542162059806287e-05
nonmember_338.png,0.013627085834741592,0.012814683839678764,0.004638988524675369,0.006721667945384979,0.003272386034950614,0.0004279554123058915,0.010982110165059566,0.006794769782572985,0.0017945802537724376,0.004952079150825739,0.0012785360449925065,0.00012002875882899389,0.0036903531290590763,0.00037620693910866976,0.00014747319801244885,0.0021745276171714067,3.9745569665683433e-05,6.113568088039756e-05
nonmember_339.png,0.023072073236107826,0.025852475315332413,0.018700990825891495,0.006985935848206282,0.0029729194939136505,0.0010492559522390366,0.016825208440423012,0.01199243776500225,0.0069762300699949265,0.005022387485951185,0.0011010795133188367,0.0002654087729752064,0.002860290464013815,0.0005998347187414765,0.0003523410123307258,0.0008036308572627604,5.131210127728991e-05,4.8464273277204484e-05
nonmember_340.png,0.014509531669318676,0.010247272439301014,0.009045763872563839,0.005260141100734472,0.001237926073372364,0.00020592902728822082,0.009765303693711758,0.004050256218761206,0.003278694348409772,0.0035538494121283293,0.0006971616530790925,9.265794506063685e-05,0.0018963622860610485,0.0001872068241937086,0.0002024280693149194,0.0010383266489952803,2.7635549486149102e-05,5.152010635356419e-05
nonmember_341.png,0.017560964450240135,0.021810004487633705,0.013370931148529053,0.0046529341489076614,0.0030674547888338566,0.0005272232228890061,0.013116799294948578,0.009701876901090145,0.005049943923950195,0.005699924658983946,0.0008793491870164871,0.000133560475660488,0.0015722598182037473,0.00048136498662643135,0.0002720339107327163,0.0006948540103621781,3.809796544373967e-05,5.1111765060340986e-05
nonmember_342.png,0.00974229909479618,0.005844798870384693,0.0015092304674908519,0.005029781721532345,0.0016140507068485022,0.00010632861085468903,0.009575119242072105,0.0025562674272805452,0.0005700670299120247,0.005717501975595951,0.0007707295008003712,7.228730100905523e-05,0.002523037139326334,0.00013843478518538177,7.581677346024662e-05,0.0017757260939106345,2.493462488928344e-05,3.168647162965499e-05
nonmember_343.png,0.018669407814741135,0.01850268431007862,0.007805533241480589,0.004984123632311821,0.002829396165907383,0.0003545358486007899,0.01431475393474102,0.008009601384401321,0.0028423296753317118,0.006099646911025047,0.0012332239421084523,9.805636364035308e-05,0.0013460813788697124,0.000378211319912225,0.00016197777586057782,0.0005509206093847752,3.5288107028463855e-05,2.1596812075586058e-05
nonmember_344.png,0.018703581765294075,0.011906520463526249,0.005140946712344885,0.005209347698837519,0.0018088675569742918,0.00016730329662095755,0.012254025787115097,0.005466883070766926,0.0019039999460801482,0.005020649638026953,0.0010751249501481652,6.622007640544325e-05,0.0018776810029521585,0.0002534266677685082,0.0001345757336821407,0.0011155809042975307,2.9192900910857134e-05,3.654738247860223e-05
nonmember_345.png,0.016084346920251846,0.01806412637233734,0.008205815218389034,0.005945384968072176,0.0027374797500669956,0.00043267395813018084,0.01199202612042427,0.008879028260707855,0.0031528198160231113,0.0044487835839390755,0.0013155698543414474,0.00012670452997554094,0.00215930980630219,0.0004927384434267879,0.0001929907884914428,0.0008710366091690958,3.5833414585795254e-05,4.29745705332607e-05
nonmember_346.png,0.018756642937660217,0.01912059262394905,0.004129374399781227,0.006997356191277504,0.003915204666554928,0.0006496650748886168,0.013750487938523293,0.010602512396872044,0.00167528772726655,0.0049788919277489185,0.0019603753462433815,0.0002584723406471312,0.002614610828459263,0.000661010795738548,0.00013877989840693772,0.0009882556041702628,6.59561192151159e-05,3.386425305507146e-05
nonmember_347.png,0.024883637204766273,0.009649252519011497,0.005536592565476894,0.0073817139491438866,0.0013376768911257386,0.00019262426940258592,0.01692311279475689,0.0037887459620833397,0.002008264884352684,0.005927974823862314,0.00039338544593192637,7.085182005539536e-05,0.0020514624193310738,0.00017326936358585954,0.00015284655091818422,0.0006308112642727792,2.2890893887961283e-05,5.2205839892849326e-05
nonmember_348.png,0.018769728019833565,0.019051197916269302,0.007921219803392887,0.008907981216907501,0.004088794346898794,0.0007449425756931305,0.01541948039084673,0.010432050563395023,0.002980421297252178,0.005828272085636854,0.002099181292578578,0.00016278591647278517,0.0029975806828588247,0.0006120182806625962,0.0001916990731842816,0.0006850778590887785,5.1015686040045694e-05,4.5660064643016085e-05
nonmember_349.png,0.01701313443481922,0.03138254955410957,0.018552137538790703,0.005631780717521906,0.004384833388030529,0.000657505530398339,0.012206966057419777,0.015095924958586693,0.006983676925301552,0.004552491009235382,0.0013763689203187823,0.00021681992802768946,0.0013838427839800715,0.0007733736420050263,0.0003463548782747239,0.000799230532720685,5.417197826318443e-05,5.108349796500988e-05
nonmember_350.png,0.017123615369200706,0.022839641198515892,0.008494586683809757,0.006198438815772533,0.003449701238423586,0.0004486916004680097,0.011237177066504955,0.010845127515494823,0.003159049665555358,0.00451037660241127,0.0012201368808746338,0.00010413589188829064,0.002270036842674017,0.0005492828204296529,0.0001886149839265272,0.0009626522660255432,3.62029968528077e-05,4.519195499597117e-05
nonmember_351.png,0.022008834406733513,0.016071829944849014,0.006085413508117199,0.005565993022173643,0.0018918383866548538,0.00044314321712590754,0.016043292358517647,0.007047982420772314,0.002254986669868231,0.004752276930958033,0.0008939566905610263,8.432933100266382e-05,0.0016293845837935805,0.00032354649738408625,0.00014385515532922,0.0009607742540538311,2.6658941351342946e-05,3.2378411560785025e-05
nonmember_352.png,0.011895810253918171,0.011788522824645042,0.0068359291180968285,0.005031384527683258,0.0027331188321113586,0.0005883515113964677,0.008738462813198566,0.0049047889187932014,0.0026309776585549116,0.0040343510918319225,0.0012908794451504946,0.0001433774159522727,0.0031205853447318077,0.0002662672195583582,0.0001658416585996747,0.0017105266451835632,3.363896030350588e-05,5.010276072425768e-05
nonmember_353.png,0.013217092491686344,0.015201983042061329,0.008800273761153221,0.007803772110491991,0.004450294654816389,0.0008109799236990511,0.012244638986885548,0.01097981259226799,0.0037606542464345694,0.005967364180833101,0.0020884089171886444,0.00020493133342824876,0.005661204922944307,0.0009171984856948256,0.00022646793513558805,0.002931492868810892,0.0001000530828605406,4.3381423893151805e-05
nonmember_354.png,0.0149500397965312,0.010677444748580456,0.007137086242437363,0.006390835158526897,0.0012349808821454644,0.0003038709983229637,0.009198020212352276,0.004433308728039265,0.0026641853619366884,0.004610562231391668,0.0005465204012580216,0.00010575453779892996,0.0016067741671577096,0.00023051675816532224,0.0001777749857865274,0.0010203320998698473,4.541566886473447e-05,6.025617039995268e-05
nonmember_355.png,0.02035914734005928,0.015980254858732224,0.007845728658139706,0.006577485240995884,0.0028142009396106005,0.0003457471029832959,0.01507693249732256,0.007396784611046314,0.0028548657428473234,0.0071266572922468185,0.0011501348344609141,9.147261152975261e-05,0.002729458501562476,0.00036997400457039475,0.00017418499919585884,0.0008853815961629152,2.489511825842783e-05,4.173104025539942e-05
nonmember_356.png,0.012283487245440483,0.005444579757750034,0.0015583554049953818,0.005392252001911402,0.0012716525234282017,0.00016358606808353215,0.009987989440560341,0.002433499088510871,0.0006115852156654,0.00588226318359375,0.0006591458222828805,7.348430517595261e-05,0.0018977576401084661,0.00012694514589384198,9.324977872893214e-05,0.0010816243011504412,3.609327904996462e-05,7.829321111785248e-05
nonmember_357.png,0.01577257178723812,0.012280973605811596,0.003476666286587715,0.004146772436797619,0.0016799469012767076,0.00021698157070204616,0.010923569090664387,0.005393594037741423,0.0012743686093017459,0.004737215116620064,0.000930087931919843,8.561819413444027e-05,0.0014333045110106468,0.00026038524811156094,0.0001098648936022073,0.0010348076466470957,2.7415908334660344e-05,4.150835229665972e-05
nonmember_358.png,0.01718183234333992,0.017986945807933807,0.009857007302343845,0.005573345813900232,0.004188184626400471,0.000543763570021838,0.01352689415216446,0.009949997998774052,0.0037774876691401005,0.004327528178691864,0.0018187055829912424,0.00014091399498283863,0.0015683673555031419,0.0005724549992009997,0.00022270303452387452,0.0005388953140936792,5.8102235925616696e-05,5.466195580083877e-05
nonmember_359.png,0.01338697224855423,0.007625898811966181,0.0047302539460361,0.005329906474798918,0.0019892826676368713,0.0002160967414965853,0.010036942549049854,0.0036959087010473013,0.0017433047760277987,0.003420989727601409,0.0007170135504566133,6.989292160142213e-05,0.002716988092288375,0.0001934736646944657,0.00013493080041371286,0.0008852699538692832,3.353244755999185e-05,4.7165198338916525e-05
nonmember_360.png,0.022222070023417473,0.014818617142736912,0.005772292613983154,0.006023768801242113,0.00137446285225451,0.00028698029927909374,0.012389050796627998,0.006197961047291756,0.0021765208803117275,0.002906688256189227,0.0005721779307350516,0.00010387474321760237,0.002188072307035327,0.0002742765937000513,0.0001466113026253879,0.0016098627820611,2.5698551326058805e-05,4.064546374138445e-05
nonmember_361.png,0.019514175131917,0.023662019520998,0.009376275353133678,0.006493391934782267,0.0034280666150152683,0.0009606591775082052,0.012773633934557438,0.012363740243017673,0.003947966732084751,0.004588813986629248,0.0014039736706763506,0.00021579567692242563,0.002168252132833004,0.0006253602914512157,0.0002177436981583014,0.0011625455226749182,4.511033330345526e-05,4.64274016849231e-05
nonmember_362.png,0.02048347145318985,0.01366808544844389,0.0072837104089558125,0.008112040348351002,0.0027861883863806725,0.0005092235514894128,0.013851255178451538,0.0070597208105027676,0.0027802311815321445,0.004648363683372736,0.0015254297759383917,0.00011094820365542546,0.0026655502151697874,0.00041960261296480894,0.00017410656437277794,0.0011840267106890678,3.976346124545671e-05,3.0920211429474875e-05
nonmember_363.png,0.019511988386511803,0.014761759899556637,0.008173434995114803,0.0073728784918785095,0.0021987163927406073,0.0005872902111150324,0.01578492671251297,0.006426958367228508,0.0031862719915807247,0.007684753742069006,0.0009049083455465734,0.00017848603602033108,0.0024124078918248415,0.00034435122506693006,0.00019315228564664721,0.0008562985458411276,3.5962453694082797e-05,3.927194848074578e-05
nonmember_364.png,0.021601593121886253,0.02131163328886032,0.011645558290183544,0.005850452929735184,0.003106694435700774,0.0007765438058413565,0.016907669603824615,0.011667702347040176,0.004686580505222082,0.0055390289053320885,0.0015269310679286718,0.00020907178986817598,0.0027696278411895037,0.000635179050732404,0.0002407624269835651,0.001540682278573513,3.602933429647237e-05,2.5590245058992878e-05
nonmember_365.png,0.015285279601812363,0.018616419285535812,0.008690261282026768,0.004790336824953556,0.0027024587616324425,0.0005546991596929729,0.014184718020260334,0.010125205852091312,0.0034884950146079063,0.005125993397086859,0.0015239305794239044,0.00015248480485752225,0.003590818727388978,0.0005527811008505523,0.00020357035100460052,0.0020940343383699656,3.854791430057958e-05,4.0884864574763924e-05
nonmember_366.png,0.02213612012565136,0.021026387810707092,0.012890837155282497,0.006865683943033218,0.003062386531382799,0.0005090204649604857,0.017181675881147385,0.009665565565228462,0.004707294516265392,0.005687266122549772,0.001252504880540073,0.00015677626652177423,0.0034140776842832565,0.0004931812873110175,0.00024318227951880544,0.0009153997525572777,3.718586958711967e-05,3.155980448354967e-05
nonmember_367.png,0.01660364679992199,0.019606752321124077,0.005666389595717192,0.005845455918461084,0.0025985538959503174,0.00042522858711890876,0.012583469972014427,0.00909188762307167,0.0021727944258600473,0.006198418792337179,0.0009264509426429868,0.00012828582839574665,0.0016440261388197541,0.00044549774611368775,0.00015756365610286593,0.0010522608645260334,4.38546558143571e-05,4.653736323234625e-05
nonmember_368.png,0.01780831068754196,0.01575370877981186,0.004967687651515007,0.007403985597193241,0.003745814086869359,0.0004073112504556775,0.014796886593103409,0.008466694504022598,0.0018550779204815626,0.0070688119158148766,0.0014294335851445794,0.00015239548520185053,0.0029602465219795704,0.00048246412188746035,0.00015121707110665739,0.0009102663607336581,5.719999535358511e-05,5.163000605534762e-05
nonmember_369.png,0.0174226313829422,0.021087536588311195,0.011213242076337337,0.0076551856473088264,0.003075775457546115,0.0007885703817009926,0.013875296339392662,0.01053027156740427,0.004335746634751558,0.005604210775345564,0.0016416216967627406,0.00019029494433198124,0.0015716936904937029,0.0005451341858133674,0.0002454849018249661,0.0005834255716763437,7.333121175179258e-05,4.2862826376222074e-05
nonmember_370.png,0.015345113351941109,0.016763441264629364,0.00514907855540514,0.005768956616520882,0.0037764315493404865,0.0007153932237997651,0.013042046688497066,0.008419892750680447,0.002275716746225953,0.005395227111876011,0.0009747635922394693,0.00016400348977185786,0.0020646285265684128,0.000443358498159796,0.00016050029080361128,0.0009216568432748318,4.618338425643742e-05,3.265077975811437e-05
nonmember_371.png,0.01496700756251812,0.02327432855963707,0.010337412357330322,0.006013327278196812,0.00436639878898859,0.0006838938570581377,0.011416581459343433,0.014991416595876217,0.004083473235368729,0.004595980513840914,0.0032975152134895325,0.0001920720678754151,0.0025827204808592796,0.0011731897247955203,0.0002392387978034094,0.0015348399756476283,7.165442366385832e-05,4.685668318415992e-05
nonmember_372.png,0.0159678403288126,0.019489681348204613,0.00955042615532875,0.005861314013600349,0.0029193866066634655,0.00047804584028199315,0.01238827034831047,0.0097136739641428,0.0036784547846764326,0.005021544639021158,0.0015469539212062955,0.0001500581856817007,0.0025805337354540825,0.0005370764993131161,0.00020317352027632296,0.0011248162481933832,4.44456709374208e-05,3.976755033363588e-05
nonmember_373.png,0.01281427126377821,0.011742008849978447,0.002857029438018799,0.005228670779615641,0.001744076143950224,0.0002083809085888788,0.009271111339330673,0.005195059347897768,0.001104203867726028,0.003874401794746518,0.000909256748855114,0.00010470833512954414,0.0014173012459650636,0.00027692553703673184,0.00011428853758843616,0.0007483440567739308,4.1891264118021354e-05,5.583783422480337e-05
nonmember_374.png,0.03525286540389061,0.022256121039390564,0.00875422079116106,0.009133894927799702,0.002306682523339987,0.0004110283625777811,0.026293067261576653,0.009396765381097794,0.0032371538691222668,0.007232756819576025,0.0006963597261346877,0.00010250986815663055,0.003910221625119448,0.00043299540993757546,0.00019346922636032104,0.001352765946649015,3.4282209526281804e-05,3.6333622119855136e-05
nonmember_375.png,0.014330186881124973,0.01801602728664875,0.005690387915819883,0.0055021741427481174,0.003226865315809846,0.00036616731085814536,0.010507293976843357,0.009175354614853859,0.002120003802701831,0.004032460041344166,0.0015895161777734756,0.00010699247650336474,0.0012225095415487885,0.0005184765323065221,0.00015478614659514278,0.0008325758972205222,4.218904359731823e-05,4.6884131734259427e-05
nonmember_376.png,0.01181640475988388,0.013647974468767643,0.007873822003602982,0.006263274699449539,0.004165471065789461,0.0009234852041117847,0.00978233851492405,0.009175258688628674,0.0032224615570157766,0.003883035620674491,0.0025178566575050354,0.00023566879099234939,0.004144599661231041,0.0008213045657612383,0.00020920544920954853,0.0016557739581912756,7.321847078856081e-05,4.037865801365115e-05
nonmember_377.png,0.013205618597567081,0.017016854137182236,0.004534220788627863,0.004962258040904999,0.0027255627792328596,0.00034097445313818753,0.010490410029888153,0.007812316529452801,0.0016720417188480496,0.0037196113262325525,0.0012793486239388585,8.73464741744101e-05,0.001408612122759223,0.00039580941665917635,0.00012721907114610076,0.0006602400098927319,4.391351103549823e-05,4.2348518036305904e-05
nonmember_378.png,0.01637408137321472,0.007670752238482237,0.0029264313634485006,0.0063137779943645,0.001818189863115549,0.0001816546282498166,0.009816605597734451,0.00317428819835186,0.0010916088940575719,0.004649277776479721,0.0006165446247905493,5.304195292410441e-05,0.001242476049810648,0.00015786031144671142,0.00011080488911829889,0.000574796402361244,2.4982067770906724e-05,5.1747436373261735e-05
nonmember_379.png,0.014122783206403255,0.02406478486955166,0.01031461637467146,0.005330318119376898,0.0034978340845555067,0.0003172967117279768,0.008009702898561954,0.01083214022219181,0.003821949940174818,0.0031616881024092436,0.0007743202731944621,0.00011148793419124559,0.0018404604634270072,0.0005078348331153393,0.00022484049259219319,0.0011189946671947837,3.2138512324308977e-05,5.6183642300311476e-05
nonmember_380.png,0.012385054491460323,0.01010431069880724,0.008255651220679283,0.008096634410321712,0.0009698141948319972,0.00016208503802772611,0.007548527792096138,0.0039783986285328865,0.0030366547871381044,0.003395156469196081,0.0004743232566397637,8.47099581733346e-05,0.0011262464104220271,0.00019346531189512461,0.0001960802765097469,0.0008003018447197974,3.11098265228793e-05,6.310293974820524e-05
nonmember_381.png,0.021363750100135803,0.014478831551969051,0.0043631745502352715,0.006472284439951181,0.0018809069879353046,0.00025869772071018815,0.013531711883842945,0.006177190691232681,0.0015400857664644718,0.005796824581921101,0.0009400395210832357,7.004743383731693e-05,0.002046361565589905,0.0002731473068706691,0.00012631586287170649,0.0006623335066251457,3.0052222427912056e-05,4.699865894508548e-05
nonmember_382.png,0.010633864440023899,0.01084927562624216,0.006332241930067539,0.005663842428475618,0.002934815362095833,0.0005929064354859293,0.010012962855398655,0.006200505420565605,0.0024982818868011236,0.00696553336456418,0.0016047481913119555,0.00017135980306193233,0.006240401417016983,0.0006392039358615875,0.0001626496814424172,0.003164878813549876,7.454582373611629e-05,4.00898716179654e-05
nonmember_383.png,0.014762830920517445,0.019499866291880608,0.009556703269481659,0.005144177004694939,0.0039004776626825333,0.0007961651426739991,0.011958736926317215,0.011040346696972847,0.003991090692579746,0.005384914111346006,0.001870475010946393,0.00021076359553262591,0.0026195088867098093,0.0006267321296036243,0.00022640485258307308,0.0014611807418987155,4.8682766646379605e-05,4.103019819012843e-05
nonmember_384.png,0.01672099530696869,0.012597355991601944,0.003996636718511581,0.00532494205981493,0.0018733561737462878,0.0002150640357285738,0.011613808572292328,0.005620343144983053,0.0014699313323944807,0.0041892495937645435,0.0009277815697714686,6.495749403256923e-05,0.002154388464987278,0.0002992998342961073,0.00013254724035505205,0.0009028746280819178,4.191867628833279e-05,6.014087557559833e-05
nonmember_385.png,0.009403839707374573,0.012457323260605335,0.010413198731839657,0.004011740908026695,0.002631866605952382,0.0005916066002100706,0.00869397260248661,0.0063067106530070305,0.004128033295273781,0.005071153864264488,0.0012846817262470722,0.00020380536443553865,0.007885167375206947,0.0003885151818394661,0.00023403365048579872,0.0036771665327250957,4.058359263581224e-05,4.5356096961768344e-05
nonmember_386.png,0.0172109417617321,0.017127690836787224,0.005495734047144651,0.005381654482334852,0.0021668269764631987,0.0003463557513896376,0.011631859466433525,0.00778149114921689,0.0020554596558213234,0.003777825739234686,0.0009313002810813487,0.0001008011749945581,0.0017947298474609852,0.0003620447823777795,0.00015213745064102113,0.000808736018370837,3.9409638702636585e-05,7.244094740599394e-05
nonmember_387.png,0.023203246295452118,0.014238256961107254,0.004121361766010523,0.008606935851275921,0.002883029170334339,0.000423375895479694,0.01759912818670273,0.007264154031872749,0.001728635746985674,0.005293498747050762,0.000848887488245964,0.00011240021558478475,0.0032205127645283937,0.00036634004209190607,0.00013795687118545175,0.0012790686450898647,3.0221699489629827e-05,5.43663372809533e-05
nonmember_388.png,0.019131975248456,0.017477774992585182,0.005267899017781019,0.0070172022096812725,0.003423078916966915,0.00045088690239936113,0.013810080476105213,0.009081634692847729,0.001981636742129922,0.005393489729613066,0.0017948569729924202,0.0001305982150370255,0.0025069033727049828,0.000502761744428426,0.00014082271081861109,0.0009486101334914565,3.857780757243745e-05,3.6509773053694516e-05
nonmember_389.png,0.016280435025691986,0.020447785034775734,0.006119972560554743,0.0054319691844284534,0.0025206883437931538,0.0004287334159016609,0.012607753276824951,0.008814139291644096,0.002318941755220294,0.003987958654761314,0.0011230686213821173,0.0001524010149296373,0.0017103084828704596,0.00039938921690918505,0.00016720306302886456,0.0008655598503537476,3.446597474976443e-05,4.322126187616959e-05
nonmember_390.png,0.022288355976343155,0.019195567816495895,0.008258876390755177,0.006900166627019644,0.0023142588324844837,0.00043732370249927044,0.01442762091755867,0.008284504525363445,0.0030211543198674917,0.005496076308190823,0.0007443751092068851,0.00012827830505557358,0.0014730404363945127,0.0004359814047347754,0.00019157207862008363,0.0012586185475811362,3.3858414099086076e-05,5.530980706680566e-05
nonmember_391.png,0.014423894695937634,0.01418802235275507,0.005013930611312389,0.006289000157266855,0.0022866087965667248,0.0003142452042084187,0.015977632254362106,0.006512821186333895,0.0018931434024125338,0.010660193860530853,0.000701485259924084,6.392053182935342e-05,0.004299347288906574,0.0003000509459525347,0.00013485296221915632,0.0013673407956957817,2.1752857719548047e-05,2.9586677555926144e-05
nonmember_392.png,0.024977248162031174,0.02281169220805168,0.011518643237650394,0.006779133807867765,0.0020545681472867727,0.00039092949009500444,0.017545705661177635,0.009674930945038795,0.00423278845846653,0.005351235158741474,0.0009057527640834451,0.00013009003305342048,0.0023399305064231157,0.00047252970398403704,0.00022940439521335065,0.0008335108868777752,3.567038947949186e-05,3.170851050526835e-05
nonmember_393.png,0.013704994693398476,0.013751865364611149,0.005981887690722942,0.005316467490047216,0.0027395072393119335,0.0003579897456802428,0.011002222076058388,0.00849938951432705,0.002340418752282858,0.004989774897694588,0.001453934470191598,0.00010659288091119379,0.0030890891794115305,0.0006675060139968991,0.00016155959747266024,0.0013322248123586178,6.548711098730564e-05,4.546209311229177e-05
nonmember_394.png,0.017751457169651985,0.0276494137942791,0.008498556911945343,0.005098360124975443,0.005232310388237238,0.0007701473659835756,0.011085741221904755,0.016312478110194206,0.003459787927567959,0.004125466104596853,0.0021772957406938076,0.0001855164155131206,0.0016612038016319275,0.0008720930200070143,0.0002164978941436857,0.0010761844459921122,4.0248465666081756e-05,5.74393015995156e-05
nonmember_395.png,0.015119538642466068,0.009939592331647873,0.006066609174013138,0.006342868786305189,0.0012050238437950611,0.0002115461538778618,0.010637184605002403,0.0038998269010335207,0.0022118904162198305,0.004798594396561384,0.0005806522094644606,6.793544889660552e-05,0.001776218763552606,0.00019245845032855868,0.00014431175077334046,0.0007038486655801535,2.888711060222704e-05,3.451518205110915e-05
nonmember_396.png,0.015567362308502197,0.016371462494134903,0.004313155543059111,0.006256762892007828,0.002580170752480626,0.00028956332243978977,0.012576155364513397,0.008174290880560875,0.001605744007974863,0.005406264215707779,0.0017281401669606566,0.00011141744471387938,0.001727191498503089,0.0004577618383336812,0.00012708241411019117,0.000633995165117085,3.4800945286406204e-05,3.7409874494187534e-05
nonmember_397.png,0.01994161307811737,0.018395408987998962,0.0044460599310696125,0.0055241365917027,0.002683059312403202,0.0003014275280293077,0.01554065477102995,0.008075091987848282,0.0016607173020020127,0.005190628580749035,0.0010383784538134933,9.4675000582356e-05,0.002113921567797661,0.00040085799992084503,0.00013604525884147733,0.0007881453493610024,3.8347086956491694e-05,4.691956928581931e-05
nonmember_398.png,0.017151691019535065,0.012221486307680607,0.004333317279815674,0.005010099150240421,0.0024326404090970755,0.00037038116715848446,0.012718761339783669,0.006292136386036873,0.001665918854996562,0.004338446538895369,0.0012694530887529254,9.296742064179853e-05,0.002383509883657098,0.0003420898283366114,0.00012659044296015054,0.0007961582741700113,3.6346493288874626e-05,2.943541585409548e-05
nonmember_399.png,0.019606728106737137,0.02117614820599556,0.009097881615161896,0.006372439209371805,0.0023308221716433764,0.00047326841740868986,0.014577510766685009,0.009764080867171288,0.0034179759677499533,0.006247525569051504,0.0015606603119522333,0.00016406649956479669,0.003911768086254597,0.0005601674783974886,0.00020955603395123035,0.002287444891408086,7.497787737520412e-05,4.1513678297633305e-05
nonmember_400.png,0.020169399678707123,0.026879949495196342,0.009003695100545883,0.007225041277706623,0.004907056223601103,0.000639667792711407,0.01594247668981552,0.015842784196138382,0.0035952425096184015,0.004921217914670706,0.0027976559940725565,0.00015775091014802456,0.00302630802616477,0.0012986373621970415,0.00020611930813174695,0.0010751226218417287,0.00012139564933022484,3.437460691202432e-05
nonmember_401.png,0.015938859432935715,0.018173355609178543,0.005783728789538145,0.006036147940903902,0.004591424949467182,0.0006256839842535555,0.012973291799426079,0.010872876271605492,0.0021295330952852964,0.004859200678765774,0.0022765074390918016,0.00013501435751095414,0.0023586717434227467,0.0008418777724727988,0.00014270750398281962,0.00101844547316432,7.469355477951467e-05,2.835019949998241e-05
nonmember_402.png,0.016380270943045616,0.023924745619297028,0.008853470906615257,0.005767173133790493,0.004163380246609449,0.0010045728413388133,0.013171322643756866,0.01380111649632454,0.003855220042169094,0.006780186668038368,0.0024834454525262117,0.0003896107664331794,0.00271920720115304,0.0009276992059312761,0.00025719558470882475,0.0013692768989130855,6.22697698418051e-05,5.317675822880119e-05
nonmember_403.png,0.015029174275696278,0.008436973206698895,0.003002629615366459,0.005065354984253645,0.0016230895416811109,0.000275527301710099,0.01131677906960249,0.004027719143778086,0.001133947167545557,0.004587341099977493,0.001130207208916545,8.535165397915989e-05,0.0021340956445783377,0.00024150665558408946,0.00011820420331787318,0.001355016604065895,2.9560957045760006e-05,5.368855272536166e-05
nonmember_404.png,0.015063028782606125,0.012131281197071075,0.0032948851585388184,0.0047758761793375015,0.0025130510330200195,0.0002666305808816105,0.010810334235429764,0.0063670044764876366,0.0012991342227905989,0.005619686562567949,0.0017050154274329543,9.580283949617296e-05,0.002390733454376459,0.0004205410077702254,0.0001070570942829363,0.0009585716179572046,4.32089036621619e-05,2.3594895537826233e-05
nonmember_405.png,0.01310476753860712,0.010064707137644291,0.004747981205582619,0.005295077338814735,0.0010967140551656485,0.00023818011686671525,0.0074869864620268345,0.004178978968411684,0.001733506447635591,0.003758960636332631,0.0005118002300150692,7.336431735893711e-05,0.002838501241058111,0.00020214584947098047,0.00013333643437363207,0.001836318988353014,2.3587273972225375e-05,4.029129195259884e-05
nonmember_406.png,0.02130737155675888,0.019427727907896042,0.007480120286345482,0.009973153471946716,0.002443949691951275,0.00035192782524973154,0.0193009190261364,0.008538302965462208,0.002799113281071186,0.008498630486428738,0.0009479813161306083,8.060563413891941e-05,0.0033734203316271305,0.00042223409400321543,0.00017560846754349768,0.0011452515609562397,4.020239430246875e-05,3.8527214201167226e-05
nonmember_407.png,0.01539995800703764,0.01901962235569954,0.007275064010173082,0.0061791702173650265,0.004687975160777569,0.0007605095161125064,0.013074918650090694,0.011755290441215038,0.0030137673020362854,0.0054826438426971436,0.0019689323380589485,0.00020601876894943416,0.0019575112964957952,0.0007383027696050704,0.00019916921155527234,0.0008488036692142487,7.659729453735054e-05,5.410085213952698e-05
nonmember_408.png,0.017268722876906395,0.008551239036023617,0.0063596321269869804,0.006642676889896393,0.00141414615791291,0.0002644341439008713,0.011154894717037678,0.003418182022869587,0.0023287483491003513,0.005334517452865839,0.0006062063621357083,6.970816320972517e-05,0.0029190373606979847,0.00016321144357789308,0.00015023384185042232,0.0019134830217808485,2.3446847990271635e-05,2.9459282814059407e-05
nonmember_409.png,0.01689237728714943,0.016887841746211052,0.0064238267950713634,0.005895975977182388,0.0030600950121879578,0.0004525172698777169,0.01419919729232788,0.008984849788248539,0.0025143814273178577,0.004956257063895464,0.0012180859921500087,0.00011298125173198059,0.0031353977974504232,0.00047155297943390906,0.00016610864258836955,0.0016454907599836588,3.2993240893119946e-05,4.66594283352606e-05
nonmember_410.png,0.02026725746691227,0.013546209782361984,0.004710816312581301,0.006862400099635124,0.0012961672618985176,0.00026296015130355954,0.013262348249554634,0.005512887611985207,0.0017461053794249892,0.005120081827044487,0.0007106653065420687,8.424968837061897e-05,0.0013491357676684856,0.0002581145381554961,0.00013415573630481958,0.000855213962495327,2.7499459974933416e-05,5.1284267101436853e-05
nonmember_411.png,0.019479524344205856,0.01055912021547556,0.009088199585676193,0.007053476292639971,0.002411985769867897,0.0010026156669482589,0.012157767079770565,0.004642185289412737,0.0036621636245399714,0.00545992748811841,0.0010040149791166186,0.0001956052437890321,0.003356252098456025,0.0002948059991467744,0.00021790192113257945,0.0020297509618103504,3.8838225009385496e-05,5.5549073294969276e-05
nonmember_412.png,0.015432008542120457,0.020433718338608742,0.007230544462800026,0.005385616794228554,0.0033041415736079216,0.00037178705679252744,0.013094744645059109,0.010369808413088322,0.002787242643535137,0.006896056700497866,0.0010306265903636813,9.870893700281158e-05,0.0017091630725190043,0.0005594776012003422,0.00017961299454327673,0.0010212818160653114,4.0333165088668466e-05,5.85572597628925e-05
nonmember_413.png,0.01165618933737278,0.009333954192698002,0.009905301965773106,0.005598064046353102,0.001077322755008936,0.00033934193197637796,0.007858051918447018,0.0039022970013320446,0.0036712607834488153,0.003438524901866913,0.000500791531521827,8.967550820671022e-05,0.001355507061816752,0.00019325746688991785,0.00020724676141981035,0.0005469800089485943,2.3992315618670546e-05,3.131053381366655e-05
nonmember_414.png,0.017224354669451714,0.027296319603919983,0.015072261914610863,0.00622930284589529,0.004564025439321995,0.0012089762603864074,0.015065700747072697,0.015692610293626785,0.006031743250787258,0.006976054981350899,0.0030268344562500715,0.0003008097119163722,0.003261653706431389,0.0012065008049830794,0.00032657012343406677,0.0008004201808944345,8.557399996789172e-05,5.608990613836795e-05
nonmember_415.png,0.015253087505698204,0.016355132684111595,0.008568222634494305,0.006577264051884413,0.004148334730416536,0.0009241962688975036,0.011457203887403011,0.008777106180787086,0.0034389966167509556,0.004978716839104891,0.001819464610889554,0.00022765541507396847,0.0025143795646727085,0.0007003096397966146,0.00021757246577180922,0.0009184725931845605,8.236599387601018e-05,4.237715620547533e-05
nonmember_416.png,0.012846388854086399,0.017308441922068596,0.004880835302174091,0.005423408932983875,0.0033250395208597183,0.000523765804246068,0.011642582714557648,0.010379002429544926,0.001888772938400507,0.006803634576499462,0.0016526887193322182,0.00011243055632803589,0.0026146993041038513,0.0006536003784276545,0.0001454722514608875,0.0012653091689571738,4.593854828272015e-05,4.2983250750694424e-05
nonmember_417.png,0.020718583837151527,0.026472168043255806,0.01581600122153759,0.005326959304511547,0.006083931308239698,0.002190131926909089,0.014246303588151932,0.022965874522924423,0.008860001340508461,0.005203182343393564,0.005430443212389946,0.0009758713422343135,0.0020681065507233143,0.002337545854970813,0.0005122936563566327,0.0010126951383426785,0.00015757537039462477,6.768610910512507e-05
nonmember_418.png,0.019794685766100883,0.014833278954029083,0.004356798715889454,0.0056206355802714825,0.00202758121304214,0.0002010590978898108,0.011658154428005219,0.006306776776909828,0.001584469573572278,0.005273798946291208,0.0006849857745692134,9.290831803809851e-05,0.001563000027090311,0.0003033850807696581,0.0001226785680046305,0.000924781255889684,2.650210626597982e-05,3.242513776058331e-05
nonmember_419.png,0.016238315030932426,0.015766730532050133,0.003730539930984378,0.00602152943611145,0.0020685510244220495,0.0002790140570141375,0.011383078061044216,0.00760226184502244,0.0013934896560385823,0.004597453400492668,0.0011164842871949077,7.616596849402413e-05,0.00245950766839087,0.0004019870248157531,0.00011523403372848406,0.001214062562212348,3.7038043956272304e-05,5.130702629685402e-05
nonmember_420.png,0.01166008971631527,0.009298240765929222,0.002483955817297101,0.003786831395700574,0.0019612840842455626,0.00025550025748088956,0.010419946163892746,0.004446121398359537,0.0008851423044689,0.005720620043575764,0.0011418836656957865,5.760216299677268e-05,0.004064253531396389,0.00027297207270748913,0.0001136296268668957,0.001636570319533348,3.446316623012535e-05,6.352549098664895e-05
nonmember_421.png,0.01885872147977352,0.018468786031007767,0.006470334716141224,0.006270211189985275,0.0023001229856163263,0.00037228697328828275,0.015080711804330349,0.007847966626286507,0.002411089139059186,0.006040368694812059,0.0008301284397020936,0.0001134648482548073,0.0025383741594851017,0.0003734490310307592,0.00014502661360893399,0.0010606908472254872,2.653619412740227e-05,2.7098127247882076e-05
nonmember_422.png,0.013714862056076527,0.012147869914770126,0.00641500111669302,0.0051793684251606464,0.001981963636353612,0.00030421666451729834,0.00982934795320034,0.006061438471078873,0.0024093722458928823,0.00506665138527751,0.0011540658306330442,0.00010210228356299922,0.0012599219335243106,0.00034180257353000343,0.00015184268704615533,0.0008121061837300658,3.8091162423370406e-05,3.4551991120679304e-05
nonmember_423.png,0.011133966036140919,0.017549848183989525,0.010120172053575516,0.004519082140177488,0.003268444910645485,0.0006977675366215408,0.008783903904259205,0.009569013491272926,0.004074075724929571,0.003537421580404043,0.0011213168036192656,0.00017050061433110386,0.003164401277899742,0.0005119695561006665,0.00023077576770447195,0.002016702201217413,3.9202150219352916e-05,4.599669046001509e-05
nonmember_424.png,0.010624893940985203,0.004319007508456707,0.0022924949880689383,0.004768188111484051,0.0009329945896752179,0.00011147755867568776,0.008040460757911205,0.0018037676345556974,0.0008523192373104393,0.00498963100835681,0.0005053847562521696,5.286833766149357e-05,0.0013633300550282001,9.427591430721804e-05,9.085636702366173e-05,0.0007640075054951012,2.4903338271542452e-05,3.5157350794179365e-05
nonmember_425.png,0.018142201006412506,0.018784858286380768,0.007301506586372852,0.007530520670115948,0.003284128149971366,0.0003959775494877249,0.012901959009468555,0.01038281712681055,0.002878568135201931,0.004663747735321522,0.0014608741039410233,0.0001602253905730322,0.0028042506892234087,0.000555665697902441,0.00016983284149318933,0.0011471780017018318,4.59652510471642e-05,3.830388959613629e-05
nonmember_426.png,0.01507594808936119,0.01613718643784523,0.005843820050358772,0.006325097288936377,0.00310784624889493,0.0003428171621635556,0.010385787114501,0.00809135939925909,0.0021456622052937746,0.004109261557459831,0.0015732406172901392,9.675781620899215e-05,0.0020403896924108267,0.0004935147590003908,0.00015972137043718249,0.0010159857338294387,5.313737710821442e-05,7.258332334458828e-05
nonmember_427.png,0.015397640876471996,0.017614485695958138,0.0058266110718250275,0.007077429909259081,0.00240069511346519,0.0002574481477495283,0.008389778435230255,0.0075545115396380424,0.0021247074473649263,0.0035252177622169256,0.0008726362721063197,8.088667527772486e-05,0.0011617507552728057,0.0003801370912697166,0.00014375495084095746,0.000592948345001787,3.229368303436786e-05,5.092937863082625e-05
nonmember_428.png,0.018214238807559013,0.021280331537127495,0.010294375009834766,0.005408777855336666,0.0026077437214553356,0.0004566241113934666,0.014374618418514729,0.010455872863531113,0.003835846669971943,0.005094795022159815,0.0013218116946518421,0.00014416055637411773,0.0018223831430077553,0.0006233870517462492,0.00021616622689180076,0.0005552661023102701,5.9757079725386575e-05,3.9928600017447025e-05
nonmember_429.png,0.012179393321275711,0.020906122401356697,0.011432263068854809,0.006992420647293329,0.0034461452160030603,0.0010844935895875096,0.010014345869421959,0.012343978509306908,0.0049859764985740185,0.0044687120243906975,0.0022947215475142,0.0003457065613474697,0.004308728501200676,0.000771594699472189,0.00024240482889581472,0.0019203692208975554,4.751821325044148e-05,3.168782495777123e-05
nonmember_430.png,0.014937315136194229,0.016809485852718353,0.004280005116015673,0.005495033692568541,0.00307773076929152,0.00025388464564457536,0.011277271434664726,0.00797400251030922,0.0015850376803427935,0.004601369146257639,0.000900666113011539,9.947425132850185e-05,0.0012557123554870486,0.0004091937735211104,0.00012813782086595893,0.0006258788052946329,3.7090307159814984e-05,4.4325177441351116e-05
nonmember_431.png,0.016984548419713974,0.015734773129224777,0.004364996682852507,0.00725660752505064,0.0029264199547469616,0.00025656569050624967,0.015356507152318954,0.0076042767614126205,0.0016428485978394747,0.005701967515051365,0.0011836473131552339,9.105234494199976e-05,0.004743621218949556,0.0003952781844418496,0.00013055847375653684,0.0021084288600832224,3.911869498551823e-05,4.884254667558707e-05
nonmember_432.png,0.012996234931051731,0.008298125118017197,0.004740320611745119,0.006856492720544338,0.0016287509351968765,0.0002065699954982847,0.009243295527994633,0.0037288740277290344,0.0017730735708028078,0.004165343940258026,0.0008033703779801726,7.356979767791927e-05,0.0009862505830824375,0.0001863326906459406,0.0001280621945625171,0.0005685660289600492,2.495516491762828e-05,3.781533450819552e-05
nonmember_433.png,0.015476882457733154,0.018390458077192307,0.007363078650087118,0.005809914320707321,0.0025273223873227835,0.00046250212471932173,0.011547466740012169,0.008390367031097412,0.002880025887861848,0.004559244029223919,0.0010692953364923596,0.00015449650527443737,0.0019761475268751383,0.0004086043918505311,0.00017379384371452034,0.0009939306182786822,2.306214446434751e-05,3.273921538493596e-05
nonmember_434.png,0.01593422144651413,0.027149520814418793,0.011771371588110924,0.006033721379935741,0.0031055863946676254,0.0007022243808023632,0.010370173491537571,0.012802734039723873,0.00449161184951663,0.004140243865549564,0.0009519719169475138,0.00013923464575782418,0.0011776234023272991,0.0006292152684181929,0.000236364925513044,0.0005300166667439044,3.902163007296622e-05,3.482135434751399e-05
nonmember_435.png,0.014491205103695393,0.016187310218811035,0.007033622823655605,0.005170860327780247,0.0020947379525750875,0.0003138977917842567,0.011182115413248539,0.007242830935865641,0.0026017853524535894,0.005660521797835827,0.000877502141520381,8.798061026027426e-05,0.0015838706167414784,0.0003179254708811641,0.00015418090333696455,0.000687427120283246,2.6165125746047124e-05,2.7311023586662486e-05
nonmember_436.png,0.015343309380114079,0.01415286771953106,0.006107081193476915,0.0054091038182377815,0.0019032118143513799,0.00026711737154982984,0.01152288168668747,0.005907752551138401,0.0022780545987188816,0.0036508089397102594,0.0008243895717896521,8.37364059407264e-05,0.0014500155812129378,0.00027801640680991113,0.00015754037303850055,0.00047993980115279555,2.2654030544799753e-05,3.886606282321736e-05
nonmember_437.png,0.015064566396176815,0.011240582913160324,0.0024017563555389643,0.004944046959280968,0.002384226769208908,0.0002130456705344841,0.009584943763911724,0.0056375907734036446,0.0008936548256315291,0.003988795448094606,0.0015040214639157057,6.96414863341488e-05,0.0020553944632411003,0.00032617367105558515,0.00011292991985101253,0.0011589952046051621,5.407888602348976e-05,6.1872458900325e-05
nonmember_438.png,0.020305341109633446,0.014315900392830372,0.004347800277173519,0.007656444795429707,0.0019884153734892607,0.0003176837635692209,0.013704938814043999,0.007008037529885769,0.0016160518862307072,0.004009113647043705,0.0011002186220139265,9.092233813134953e-05,0.0030225273221731186,0.0004032913129776716,0.00013343043974600732,0.001868931925855577,3.751595431822352e-05,5.0773120165104046e-05
nonmember_439.png,0.0183624979108572,0.023500356823205948,0.00805281475186348,0.006612397730350494,0.0034069675020873547,0.00027163696358911693,0.014424186199903488,0.010958627797663212,0.0029997488018125296,0.007066512946039438,0.0012408464681357145,7.890376582508907e-05,0.0032815730664879084,0.0006136093288660049,0.0001829355605877936,0.0008929765317589045,5.0474605814088136e-05,4.856618033954874e-05
nonmember_440.png,0.028905095532536507,0.025717582553625107,0.01063804142177105,0.006283175200223923,0.003722177352756262,0.0005670871469192207,0.019025281071662903,0.011163280345499516,0.004018569830805063,0.004813310224562883,0.0014715652214363217,0.00019344902830198407,0.00199005170725286,0.0006048025679774582,0.000229423341806978,0.0006986016524024308,5.161832450539805e-05,3.870024374919012e-05
nonmember_441.png,0.015158241614699364,0.007264974061399698,0.0020477324724197388,0.006437996868044138,0.0012682940578088164,0.0001235787640325725,0.010130833834409714,0.0032536012586206198,0.0007496395846828818,0.006782401353120804,0.0008740826742723584,3.523928899085149e-05,0.0015215143794193864,0.00015720140072517097,9.019955905387178e-05,0.0009749160963110626,2.337165096832905e-05,3.7366215110523626e-05
nonmember_442.png,0.013700444251298904,0.01729128323495388,0.005711985751986504,0.005887952633202076,0.0024505576584488153,0.0004525766707956791,0.011728630401194096,0.00815979577600956,0.0021467595361173153,0.00444343825802207,0.001003173878416419,0.00011175980762345716,0.002075924538075924,0.00044809310929849744,0.00015162934141699225,0.0007090047001838684,4.830307079828344e-05,4.2764229874592274e-05
nonmember_443.png,0.015607909299433231,0.014132635667920113,0.004387903027236462,0.005703208968043327,0.003108596196398139,0.0003566713130567223,0.011580782942473888,0.006768354214727879,0.0016543349483981729,0.004116997122764587,0.0013274129014462233,9.952546679414809e-05,0.0015060189180076122,0.00042868091259151697,0.0001296294794883579,0.0007520822109654546,4.6864708565408364e-05,4.2431576730450615e-05
nonmember_444.png,0.022852521389722824,0.015366516076028347,0.0055259279906749725,0.006108451634645462,0.0027903662994503975,0.00030000656261108816,0.01666172593832016,0.007635082583874464,0.0020233457908034325,0.005221760831773281,0.0012515021953731775,0.00010724169987952337,0.0029345827642828226,0.0003930391394533217,0.00014096393715590239,0.0008366801193915308,4.5521363063016906e-05,3.96834802813828e-05
nonmember_445.png,0.020339922979474068,0.020505011081695557,0.006620241329073906,0.005930711980909109,0.0025906995870172977,0.00033884606091305614,0.013828227296471596,0.009147805161774158,0.0024800491519272327,0.004688019398599863,0.0010827415389940143,8.607182826381177e-05,0.0017780107446014881,0.00047804281348362565,0.00016402994515374303,0.0006012255907990038,4.4792588596465066e-05,4.821723632630892e-05
nonmember_446.png,0.013682029210031033,0.008201315067708492,0.0020133971702307463,0.005834970157593489,0.0015727949794381857,0.00017073925118893385,0.008477319031953812,0.0032127657905220985,0.0007385300123132765,0.0036778466310352087,0.0007186504662968218,5.997214975650422e-05,0.0009470071527175605,0.00015872338553890586,9.694173786556348e-05,0.0006547705270349979,3.737668157555163e-05,4.224647273076698e-05
nonmember_447.png,0.00814808625727892,0.0048109544441103935,0.0031725785229355097,0.0044227116741240025,0.002069150097668171,0.0005116982501931489,0.008810303173959255,0.0023881257511675358,0.00127053027972579,0.007080377079546452,0.0006180942291393876,9.620901255402714e-05,0.005122925154864788,0.00017936945369001478,0.00011878052464453503,0.0021684695966541767,4.258500848663971e-05,5.1606246415758505e-05
nonmember_448.png,0.015591565519571304,0.008569463156163692,0.003150907112285495,0.009256478399038315,0.001331906532868743,0.00016752972442191094,0.011165766976773739,0.0035639109555631876,0.0011761891655623913,0.005502121057361364,0.0006838947301730514,6.123893399490044e-05,0.0019266143208369613,0.00017715479771140963,0.00010303141607437283,0.0009355060174129903,3.46526903740596e-05,3.23107342410367e-05
nonmember_449.png,0.012211761437356472,0.008464884012937546,0.0023207804188132286,0.0059308698400855064,0.0019971851725131273,0.00019122459343634546,0.00934787280857563,0.004452923312783241,0.0008796491310931742,0.005393825471401215,0.0008248424855992198,7.135527266655117e-05,0.002117508091032505,0.000244734255829826,0.00010901693167397752,0.001321848831139505,4.0190112486016005e-05,7.047610415611416e-05
nonmember_450.png,0.016722533851861954,0.013840444386005402,0.005052117630839348,0.005133118946105242,0.003188622882589698,0.0005176242557354271,0.013068110682070255,0.006916635204106569,0.0020805594976991415,0.004351204726845026,0.0013850209070369601,0.00019131165754515678,0.0022015131544321775,0.0004305224574636668,0.00015010811330284923,0.000673813046887517,5.382243762142025e-05,5.262385820969939e-05
nonmember_451.png,0.014417574740946293,0.017609715461730957,0.013463931158185005,0.005810386035591364,0.0031795066315680742,0.0007610032917000353,0.012146643362939358,0.00885965209454298,0.00525237200781703,0.005090188235044479,0.0014609931968152523,0.0002037167432717979,0.0023686145432293415,0.0005064974538981915,0.00028273212956264615,0.000837391649838537,4.929980786982924e-05,4.9648861022433266e-05
nonmember_452.png,0.01772994175553322,0.023053163662552834,0.006892738398164511,0.005610316060483456,0.004486456513404846,0.0004787487559951842,0.012439701706171036,0.013481676578521729,0.0026538746897131205,0.004061318933963776,0.0017167137702926993,0.0001303982426179573,0.0018260858487337828,0.0008315675077028573,0.00015790096949785948,0.001026499317958951,4.050727511639707e-05,2.8310005291132256e-05
nonmember_453.png,0.01981053128838539,0.013088601641356945,0.0033544213511049747,0.006076282821595669,0.0021063422318547964,0.0002437474759062752,0.013215665705502033,0.005596290808171034,0.0012498768046498299,0.005231829825788736,0.0006655485485680401,8.952472126111388e-05,0.0023346850648522377,0.000264443428022787,0.00011297468154225498,0.0012511855456978083,4.031045318697579e-05,8.064941357588395e-05
nonmember_454.png,0.014266541227698326,0.012931633740663528,0.0038121154066175222,0.00548885203897953,0.0028290762566030025,0.00048817278002388775,0.012581553310155869,0.007778174709528685,0.0015024570748209953,0.0066374666057527065,0.0018591851694509387,0.00013634224887937307,0.002523422008380294,0.0005248098750598729,0.0001305440382566303,0.001000629854388535,6.505476630991325e-05,4.348281800048426e-05
nonmember_455.png,0.03509003669023514,0.02654787339270115,0.010931695811450481,0.009704946540296078,0.003045650664716959,0.00037931118276901543,0.023132888600230217,0.011932611465454102,0.004085512366145849,0.006903041619807482,0.0011895180214196444,0.00016907628742046654,0.0033610451500862837,0.0006166677922010422,0.00022463132336270064,0.0012470753863453865,3.685369301820174e-05,3.95051138184499e-05
nonmember_456.png,0.014983739703893661,0.006565694231539965,0.00304659316316247,0.006188408005982637,0.0012279547518119216,0.00016602524556219578,0.011605360545217991,0.002842070534825325,0.001138216583058238,0.004839083645492792,0.0005007975269109011,5.697927190340124e-05,0.0019437457667663693,0.0001480138162150979,0.00010841129551408812,0.0008524052100256085,2.4816527002258226e-05,4.645595618057996e-05
nonmember_457.png,0.016205044463276863,0.019947463646531105,0.0069670421071350574,0.005973969120532274,0.002472819061949849,0.0004786498611792922,0.010642699897289276,0.00913181807845831,0.0026746047660708427,0.004087960347533226,0.0008208032231777906,0.00011862228711834177,0.0014516408555209637,0.0004493050219025463,0.00017914966156240553,0.0010634608333930373,2.962865801237058e-05,4.0599945350550115e-05
nonmember_458.png,0.013921811245381832,0.013143438845872879,0.005406863056123257,0.005259571596980095,0.0017792385770007968,0.00026153941871598363,0.00933841709047556,0.00549297034740448,0.0020044383127242327,0.003993168938905001,0.0006168363033793867,8.034837082959712e-05,0.002011822070926428,0.000263659399934113,0.0001541833480587229,0.0011043937411159277,2.3878190404502675e-05,4.928925045533106e-05
nonmember_459.png,0.014060399495065212,0.012179241515696049,0.004302300978451967,0.004710621200501919,0.002801951952278614,0.0003053395776078105,0.008828992955386639,0.006724988110363483,0.0015927653294056654,0.003942700568586588,0.0013074744492769241,9.429243073100224e-05,0.0017914287745952606,0.00041015155147761106,0.00013458247121889144,0.001130743883550167,4.6441327867796645e-05,4.8549922212259844e-05
nonmember_460.png,0.02336743287742138,0.018915481865406036,0.00866094883531332,0.009807362221181393,0.0033356668427586555,0.00045084350858815014,0.01637643575668335,0.010223417542874813,0.00343082076869905,0.005146414507180452,0.0014812209410592914,0.00014027101860847324,0.0033023653086274862,0.0005656770663335919,0.00020941255206707865,0.000994096975773573,4.461934804567136e-05,4.2634008423192427e-05
nonmember_461.png,0.014064890332520008,0.015192006714642048,0.005893613211810589,0.004426576197147369,0.002441929653286934,0.00028490263503044844,0.010147521272301674,0.006559242494404316,0.0021692756563425064,0.005213140044361353,0.0011954118963330984,7.834322605049238e-05,0.00141580356284976,0.0003166210663039237,0.00015952950343489647,0.0008276368607766926,3.568912507034838e-05,5.7403532991884276e-05
nonmember_462.png,0.018221326172351837,0.020052073523402214,0.012840352021157742,0.005988745484501123,0.003840790130198002,0.0007770734955556691,0.014944260939955711,0.011334512382745743,0.0051093995571136475,0.005899069365113974,0.001984713599085808,0.00016313970263581723,0.002203400479629636,0.0007042786455713212,0.00027725694235414267,0.0007785970228724182,5.1725772209465504e-05,3.755960278795101e-05
nonmember_463.png,0.012596909888088703,0.013649813830852509,0.0037444401532411575,0.005571203771978617,0.0017461732495576143,0.0002199989539803937,0.008040397427976131,0.005944530479609966,0.0014147961046546698,0.0035543437115848064,0.0006193307926878333,8.145655738189816e-05,0.0009568475652486086,0.00026363698998466134,0.00012657644401770085,0.0005358030321076512,2.412020694464445e-05,5.054134817328304e-05
nonmember_464.png,0.01567436382174492,0.013030285947024822,0.006334986537694931,0.0050730290822684765,0.00205380585975945,0.000420338794356212,0.010382276028394699,0.005480408668518066,0.0023427011910825968,0.0040803514420986176,0.0008321427158080041,0.00011925739818252623,0.0014203167520463467,0.00028127615223638713,0.0001578070077812299,0.0008941890555433929,2.7685659006237984e-05,4.058688864461146e-05
nonmember_465.png,0.017418833449482918,0.012422141619026661,0.0035463175736367702,0.007101830095052719,0.002033595461398363,0.00023577440879307687,0.013067755848169327,0.005719319451600313,0.0013112903106957674,0.004275211598724127,0.001039394992403686,0.00011289226677035913,0.002034706762060523,0.00029172853101044893,0.0001233592483913526,0.0006431936053559184,3.3993750548688695e-05,6.376372039085254e-05
nonmember_466.png,0.0175024401396513,0.018144957721233368,0.007587875239551067,0.005844442173838615,0.0030657900497317314,0.0006045880727469921,0.01509317196905613,0.010278302244842052,0.0030846833251416683,0.005977277178317308,0.0015650071436539292,0.0001414936123182997,0.0025946060195565224,0.0005816036718897521,0.0001859632320702076,0.0008028222946450114,4.010404518339783e-05,3.501620813040063e-05
nonmember_467.png,0.017672616988420486,0.015381586737930775,0.006405668333172798,0.006961894687265158,0.002664659172296524,0.00033895359956659377,0.013091628439724445,0.008590652607381344,0.002457517432048917,0.004814131185412407,0.001288110390305519,9.443447925150394e-05,0.0021124170161783695,0.0004406176449265331,0.0001724492758512497,0.0012226359685882926,3.96713221562095e-05,5.8702196838567033e-05
nonmember_468.png,0.021048078313469887,0.025828098878264427,0.007513424381613731,0.006776053924113512,0.00442897155880928,0.0005934665678068995,0.015857268124818802,0.01652722805738449,0.002965169493108988,0.005547719541937113,0.0027776320930570364,0.00016119751671794802,0.0025435546413064003,0.0009630160639062524,0.0001874332083389163,0.0011284579522907734,5.169583891984075e-05,5.037477603764273e-05
nonmember_469.png,0.01885395497083664,0.016794998198747635,0.007539747748523951,0.007661877200007439,0.0029071886092424393,0.0005409375298768282,0.013925112783908844,0.007538061123341322,0.002866749418899417,0.0052649034187197685,0.0011084666475653648,0.00011768038530135527,0.0016213215421885252,0.0003599741612561047,0.00018899221322499216,0.000681112112943083,2.7074307581642643e-05,4.961872400599532e-05
nonmember_470.png,0.012818203307688236,0.010177378542721272,0.0033690088894218206,0.004324810579419136,0.0015591051196679473,0.00022108224220573902,0.01086911279708147,0.004449245985597372,0.0012558125890791416,0.004367224406450987,0.0008235410787165165,7.893853762652725e-05,0.0020411014556884766,0.0001953814207809046,0.00010506023681955412,0.001191547722555697,2.0082141418242827e-05,3.313684283057228e-05
nonmember_471.png,0.01496737077832222,0.026752019301056862,0.012274567037820816,0.006093383301049471,0.0037790071219205856,0.001052748179063201,0.01152248028665781,0.012744583189487457,0.005046778824180365,0.0061427392065525055,0.0015525819035246968,0.00021532646496780217,0.0029696570709347725,0.0006226405967026949,0.000270767486654222,0.001283185789361596,4.8406855057692155e-05,4.625682777259499e-05
nonmember_472.png,0.01758689247071743,0.020566273480653763,0.01074577122926712,0.007728747557848692,0.004332430195063353,0.0012225075624883175,0.013577082194387913,0.014275319874286652,0.004712742753326893,0.004335375037044287,0.002862588269636035,0.0002797297202050686,0.002491421764716506,0.0009685294353403151,0.0002599078288767487,0.0011959701078012586,6.40086509520188e-05,3.749041206901893e-05
nonmember_473.png,0.01946127973496914,0.013578462414443493,0.004566661547869444,0.007115991786122322,0.0031139159109443426,0.00047240921412594616,0.013687078841030598,0.006555712781846523,0.0018594881985336542,0.006287164054811001,0.0011264209169894457,0.00015180354239419103,0.0015395373338833451,0.0003811728965956718,0.00013532039884012192,0.0008762920624576509,4.139665179536678e-05,3.894191104336642e-05
nonmember_474.png,0.020446250215172768,0.026146139949560165,0.009764386340975761,0.004930701106786728,0.003919098060578108,0.0007730009965598583,0.016060559079051018,0.013116861693561077,0.0036942989099770784,0.006592670455574989,0.0015826011076569557,0.00017229658260475844,0.003109504235908389,0.0007582203834317625,0.00021928916976321489,0.0007722859154455364,3.8214813685044646e-05,5.9042413340648636e-05
nonmember_475.png,0.017062189057469368,0.015012145042419434,0.004364890977740288,0.005107084289193153,0.002025684341788292,0.000259093678323552,0.011595513671636581,0.006473151035606861,0.0016306587494909763,0.004930971190333366,0.0010140087688341737,0.00010205998114543036,0.0016309262719005346,0.0003133693244308233,0.0001366671931464225,0.001068238401785493,2.5703531719045714e-05,5.5537715525133535e-05
nonmember_476.png,0.015438246540725231,0.010908043012022972,0.006229492370039225,0.005207740236073732,0.0014494871720671654,0.00024384059361182153,0.009976070374250412,0.004371273331344128,0.0022881431505084038,0.003859300632029772,0.00047252082731574774,7.492744771298021e-05,0.001509382389485836,0.00020621236762963235,0.00015497814456466585,0.0007291255169548094,2.8984022719669156e-05,3.924002521671355e-05
nonmember_477.png,0.01935286819934845,0.011626782827079296,0.0031400639563798904,0.0055956463329494,0.0018805902218446136,0.00024741317611187696,0.013925463892519474,0.005310791544616222,0.001162807340733707,0.0046699391677975655,0.0010834146523848176,7.590572931803763e-05,0.003092066617682576,0.0002826020063366741,0.00010170807217946276,0.0012746053980663419,3.732940967893228e-05,3.1067254894878715e-05
nonmember_478.png,0.017773592844605446,0.015012516640126705,0.0032813167199492455,0.007032177411019802,0.002501910086721182,0.0001989269076148048,0.012084398418664932,0.0076765944249928,0.0011971459025517106,0.006586744450032711,0.0013062353245913982,6.548689998453483e-05,0.001835053088143468,0.0004185540310572833,0.00010564045805949718,0.0007693596999160945,4.089735011802986e-05,4.199035174679011e-05
nonmember_479.png,0.01602526754140854,0.009731019847095013,0.004382606595754623,0.005902990233153105,0.0014872599858790636,0.00020835835312027484,0.010570100508630276,0.004349335562437773,0.0016243765130639076,0.004688174929469824,0.0009852178627625108,8.554764644941315e-05,0.0015980616444721818,0.00018511897360440344,0.00012176504242233932,0.0008184225298464298,2.708293504838366e-05,2.6581277779769152e-05
nonmember_480.png,0.012261717580258846,0.016905687749385834,0.0066773295402526855,0.007210864685475826,0.00418967055156827,0.0006533086998388171,0.009787414222955704,0.01162815187126398,0.002452629618346691,0.004961839411407709,0.0038075041957199574,0.0002262434281874448,0.0017111283959820867,0.001181492698378861,0.00016939941269811243,0.0010626059956848621,0.0001525792758911848,5.761919237556867e-05
nonmember_481.png,0.012266303412616253,0.010269238613545895,0.006648962385952473,0.005679657682776451,0.0010208190651610494,0.00017930947069544345,0.0076741562224924564,0.004273844882845879,0.0024756845086812973,0.004229407757520676,0.0006622817018069327,0.00010507817205507308,0.0018392079509794712,0.00020477885846048594,0.00017514148203190416,0.0013115134788677096,2.9864328098483384e-05,5.5927648645592853e-05
nonmember_482.png,0.013621728867292404,0.0066869379952549934,0.001146933063864708,0.005233730189502239,0.002251269994303584,0.00032680793083272874,0.010280456393957138,0.003071627812460065,0.00045190262608230114,0.005188555456697941,0.0008848742581903934,6.696048512822017e-05,0.001492524053901434,0.00020378280896693468,9.413881343789399e-05,0.00091645831707865,3.8761245377827436e-05,7.312867819564417e-05
nonmember_483.png,0.014611315913498402,0.018690912052989006,0.006079841870814562,0.005850091110914946,0.0022443030029535294,0.0002775046741589904,0.010188864544034004,0.007947548292577267,0.0022768485359847546,0.004306006710976362,0.000791648868471384,0.00011096261005150154,0.0011258797021582723,0.0003856753173749894,0.00013720511924475431,0.0006489219958893955,2.5735649614944123e-05,1.9610213712439872e-05
nonmember_484.png,0.023665405809879303,0.024966038763523102,0.008308782242238522,0.006252909079194069,0.003209566231817007,0.0005021424731239676,0.017957566305994987,0.011252219788730145,0.003123999573290348,0.0060058883391320705,0.0015017210971564054,0.0001419947511749342,0.0026716082356870174,0.0005203409236855805,0.00019704345322679728,0.0011111812200397253,3.500130696920678e-05,5.9467573009897023e-05
nonmember_485.png,0.015068607404828072,0.009277653880417347,0.003930720966309309,0.005030482076108456,0.0018533982802182436,0.0002244014322059229,0.010186313651502132,0.004003157839179039,0.001511672860942781,0.003933790605515242,0.001026424579322338,0.0001055371030815877,0.0013535278849303722,0.00019434455316513777,0.00011875420750584453,0.0005377930356189609,2.646029861352872e-05,4.319205982028507e-05
nonmember_486.png,0.01430207397788763,0.0163717158138752,0.005229366943240166,0.0050832354463636875,0.0024630657862871885,0.00036301775253377855,0.01227539498358965,0.008358189836144447,0.0019648605957627296,0.004439142532646656,0.0013876018347218633,0.00010795580601552501,0.0019873795099556446,0.00043147377436980605,0.00013236486120149493,0.000633103889413178,4.335941775934771e-05,2.7986667191726156e-05
nonmember_487.png,0.01644907519221306,0.02527047134935856,0.01490645669400692,0.005280901212245226,0.002756491070613265,0.0005359766073524952,0.011697422713041306,0.012143125757575035,0.005543298088014126,0.0038089801091700792,0.0015959016745910048,0.00014399399515241385,0.0012040851870551705,0.0006403650622814894,0.0002942538703791797,0.0004909083363600075,4.133065522182733e-05,6.284357368713245e-05
nonmember_488.png,0.016443751752376556,0.012345407158136368,0.004729296546429396,0.005786399822682142,0.002416128758341074,0.00022400934540200979,0.01317034475505352,0.005299082957208157,0.0017458065412938595,0.007390741724520922,0.0009399251430295408,5.45998482266441e-05,0.0018882700242102146,0.000265616545220837,0.0001466329995309934,0.0014398732455447316,4.612729389918968e-05,6.635092722717673e-05
nonmember_489.png,0.016351236030459404,0.00634462246671319,0.005105296149849892,0.005787807982414961,0.001593773951753974,0.00019393493130337447,0.014191034249961376,0.00282883457839489,0.0018810054752975702,0.005563783925026655,0.0008905506110750139,7.688705227337778e-05,0.0023127018939703703,0.00012925465125590563,0.00014181101869326085,0.0009563383064232767,2.8801803637179546e-05,5.5544856877531856e-05
nonmember_490.png,0.01897941529750824,0.02333364263176918,0.007692032493650913,0.006160096265375614,0.003148095915094018,0.0003566699742805213,0.015118667855858803,0.010541575960814953,0.002881794236600399,0.005496791563928127,0.0014386489056050777,0.00011735578300431371,0.0014095717342570424,0.000572331016883254,0.00018313546024728566,0.0006786287412978709,5.646656427416019e-05,4.834889477933757e-05
nonmember_491.png,0.013830839656293392,0.0223675724118948,0.006271094083786011,0.006277536973357201,0.005266651976853609,0.0005124678136780858,0.010765757411718369,0.014643522910773754,0.002519748406484723,0.004172611981630325,0.003069136990234256,0.00014538454706780612,0.002250976162031293,0.0010582589311525226,0.0001586515863891691,0.0008653858676552773,5.152105222805403e-05,3.044124969164841e-05
nonmember_492.png,0.012975770980119705,0.010427293367683887,0.0020648203790187836,0.00617364514619112,0.0024378367234021425,0.00022114519379101694,0.009569896385073662,0.0066070277243852615,0.0007868809043429792,0.004355337005108595,0.0016077025793492794,6.62000966258347e-05,0.0011980460258200765,0.0004468251427169889,9.796777158044279e-05,0.0007850219844840467,6.885080802021548e-05,4.414365321281366e-05
nonmember_493.png,0.016715627163648605,0.014273088425397873,0.014333758503198624,0.00637449324131012,0.0027117368299514055,0.0018346349243074656,0.011300839483737946,0.007433984894305468,0.006001101806759834,0.004673437215387821,0.0017308583483099937,0.0003259526565670967,0.002054791199043393,0.0004849914403166622,0.0003220479702576995,0.0007872488931752741,5.7582925364840776e-05,4.365665517980233e-05
nonmember_494.png,0.012374225072562695,0.01318418886512518,0.005945949349552393,0.005053440574556589,0.002724461257457733,0.0002953876683022827,0.010578739456832409,0.005942644085735083,0.0022090855054557323,0.005216309335082769,0.0009920193115249276,0.0001018098191707395,0.0016372875543311238,0.00032519284286536276,0.00014787419058848172,0.0009081365424208343,3.5829671105602756e-05,3.712990292115137e-05
nonmember_495.png,0.015503819100558758,0.008370751515030861,0.003724111244082451,0.0055781095288693905,0.0025020057801157236,0.0003942001785617322,0.012372903525829315,0.004750594962388277,0.0015160463517531753,0.004408146254718304,0.0016618047375231981,0.00013131961168255657,0.003917508292943239,0.0002965461171697825,0.00011967805039603263,0.0015762787079438567,5.0075770559487864e-05,3.430814467719756e-05
nonmember_496.png,0.016452204436063766,0.017676275223493576,0.011163289658725262,0.004334785509854555,0.002830156357958913,0.0007295745890587568,0.012778377160429955,0.009240022860467434,0.004187216982245445,0.004110317211598158,0.001491403323598206,0.00017552253848407418,0.0018862360157072544,0.00048503754078410566,0.0002387647400610149,0.0009864787571132183,3.0465287636616267e-05,5.8782203268492594e-05
nonmember_497.png,0.021059995517134666,0.018024932593107224,0.004186408128589392,0.005507573951035738,0.00505490368232131,0.00041802600026130676,0.017016882076859474,0.011935105547308922,0.0016732823569327593,0.005374984350055456,0.0023991886992007494,0.0001257583062397316,0.0031113498844206333,0.0008016678621061146,0.0001336136629106477,0.0012298609362915158,8.408111170865595e-05,5.014638009015471e-05
nonmember_498.png,0.013979274779558182,0.009557397104799747,0.003646869445219636,0.006069093011319637,0.0016257974784821272,0.00023217003035824746,0.009843859821557999,0.004898624029010534,0.0013767261989414692,0.006017390638589859,0.0010759064462035894,0.00011068436288041994,0.0012536129215732217,0.00025209906743839383,0.00011862689279951155,0.0010752157540991902,2.553997364884708e-05,3.927977377315983e-05
nonmember_499.png,0.009340389631688595,0.006974252872169018,0.0033422065898776054,0.0038301795721054077,0.0023117500822991133,0.0003298374358564615,0.008145022206008434,0.004785928875207901,0.001318862778134644,0.00373674719594419,0.0013472295831888914,0.00013180403038859367,0.005255334544926882,0.00041740015149116516,0.00012861526920460165,0.002695332048460841,6.205177487572655e-05,5.0268659833818674e-05
