image,label,delta_low_mean_50_100,delta_mid_mean_50_100,delta_high_mean_50_100,delta_low_std_50_100,delta_mid_std_50_100,delta_high_std_50_100,delta_low_mean_100_150,delta_mid_mean_100_150,delta_high_mean_100_150,delta_low_std_100_150,delta_mid_std_100_150,delta_high_std_100_150,delta_low_mean_150_200,delta_mid_mean_150_200,delta_high_mean_150_200,delta_low_std_150_200,delta_mid_std_150_200,delta_high_std_150_200,delta_low_mean_200_300,delta_mid_mean_200_300,delta_high_mean_200_300,delta_low_std_200_300,delta_mid_std_200_300,delta_high_std_200_300,delta_low_mean_300_400,delta_mid_mean_300_400,delta_high_mean_300_400,delta_low_std_300_400,delta_mid_std_300_400,delta_high_std_300_400,delta_low_mean_400_500,delta_mid_mean_400_500,delta_high_mean_400_500,delta_low_std_400_500,delta_mid_std_400_500,delta_high_std_400_500,delta_low_mean_500_750,delta_mid_mean_500_750,delta_high_mean_500_750,delta_low_std_500_750,delta_mid_std_500_750,delta_high_std_500_750
members/member_0.png,1,-0.004940815269947097,-0.025050975382328006,-0.071348026394844,-0.0014054398052394997,-0.0040646120905876,-0.005445062182843701,-0.002181934192776701,-0.019903235137462602,-0.03642342984676371,0.0015613189898431995,-0.0012959437444806012,-0.0031740083359181994,-0.0026709195226430997,-0.011451914906501798,-0.02464812621474259,-0.002866751514375299,-0.0021231765858828995,-0.0014384451787918997,-0.005058974027633601,-0.0185417458415032,-0.026179514825344103,-0.00016332045197480025,-0.0014430489391088,-0.002431342145428,-0.006083729676902299,-0.015932163223624198,-0.0118799265474081,-0.0008535343222320002,-0.0030671292915940996,-0.0010176037321799,-0.0041721081361175,-0.0119605287909508,-0.0051496466621757,-0.00011018989607700005,-0.001430771080777,-0.00031538469193030004,-0.0094630549428984,-0.0109431737218983,-0.0029333636921364,-0.0039382086833939,-0.0013552144009735998,-6.720786404911331e-05
members/member_1.png,1,-0.0030958279967307975,-0.0292339324951172,-0.08209421485662462,-0.0020443154498935006,-0.0023681269958616014,-0.0074080745689571,-0.0007500946521758964,-0.0165588259696961,-0.0408548340201378,0.0003389706835150996,-0.001936761662363999,-0.0012489086948334997,-0.0039038695394993037,-0.009700492024421706,-0.022572662681341192,-0.0021514086984098,-0.00014357361942530025,-0.0014519589021802,-0.0015059597790240999,-0.02109642699360839,-0.0272074937820434,0.00024865474551920026,-0.0024644215591251998,-0.002426418242976,-0.007704524323344199,-0.0182436089962721,-0.0140897603705526,-0.0016001607291400996,-0.0021837572567165,-0.0010172490729019002,-0.0086721684783697,-0.014161299914121602,-0.006262829760089499,-0.0025015010032803002,-0.0025669010356068,-0.0005267155938782,-0.0115210074000061,-0.013687466911506,-0.0036117187846685,-0.002746220503468,-0.0019294919875391873,-0.00013138648864693492
members/member_2.png,1,-0.006137663498520896,-0.02786175161600111,-0.040807195007801,-0.0007626498118043015,-0.00036068540066480116,-0.0010766605846584008,-0.0002920962870121002,-0.010317716747522396,-0.015985142439603806,0.0007331715896726002,-0.0033810310997068995,-0.0013081557117402996,-0.0019696783274412016,-0.004575118422508205,-0.011994432657957098,-0.0008542360737919998,0.0009061601012945999,-0.0007683127187191998,-0.0032686144113540996,-0.010650416836142498,-0.017427913844585398,-0.0005598533898591995,-0.0026930682361126,-0.0030094421235845005,-0.004409348592162101,-0.0075056627392769,-0.010024699382484,-0.0010801539756358,7.266458123920006e-05,-0.0009795607766136,-0.0054947398602963,-0.0095418132841587,-0.004958270350471101,-0.0021516219712794,-0.0028004838386551005,-0.0003689891818795,-0.010458810720592699,-0.0108141397940927,-0.0027188856474823,-0.0033266668906435,-0.0011796963226514935,-2.252600097553265e-05
members/member_3.png,1,-0.005677070468664197,-0.018455281853675898,-0.0313730090856552,5.7983212172900075e-05,-0.0014355308376252,-0.0020953891798853996,-0.0005328133702277998,-0.009283734485507001,-0.015256069600582196,0.0009424081072212011,-0.0010357652790844996,-0.0015127304941416004,-0.006395978853106502,-0.004749750718474402,-0.0084964819252491,-0.002729509957134801,-0.00017138570547100065,-0.0012357234954834,-0.0025738589465617995,-0.009000599384307799,-0.009541742503643001,-0.0005493280477820994,-0.0011273552663624998,-0.0009250766015611001,-0.003535178489983099,-0.0052233925089240005,-0.0042838901281357,0.0003256616182624999,-0.0014559442643076,-0.0006032782257534999,-0.0038431826978921994,-0.0049722990952433,-0.0024347172584385,-0.0019265520386398003,-0.0014347157557495,-0.00023795521701690004,-0.0081940375966951,-0.004534386054729099,-0.0014214475013432,-0.0039377696230076,-0.0006860412631794209,-9.814679469845197e-05
members/member_4.png,1,-0.0056502316147089005,-0.023253161460161202,-0.0461622625589371,-0.003507132641971101,0.0003322092816233999,-0.0036326544359326996,-0.0021976474672555993,-0.014930613338947303,-0.0259138979017735,0.0001099021174014005,-0.0018580565229058005,-0.0022367211058734997,-0.0033370498567819006,-0.008060850203037297,-0.016397612169384904,-0.0002826098352670999,-0.0011405465193093005,-0.0019587541464717003,-0.0016216002404689997,-0.0158545635640621,-0.0165898697450757,0.00017143134027720018,-0.0018222406506538994,-0.0013905814266762999,-0.0053638368844986,-0.009783756919205201,-0.007808166556060299,-0.0012780991382897004,-0.0018241670913994002,-0.0006280323432293,-0.0035461895167828005,-0.0051706838421523,-0.0034410585649312002,-0.0015409528277813998,-0.0008934426587074999,-0.0002373149982303793,-0.0094822433311492,-0.0050360166933388,-0.0019770964136113997,-0.0027494718087837005,-0.000987837622233153,-2.9233808163553476e-05
members/member_5.png,1,-0.0028600730001926006,-0.032179553061723695,-0.0474267788231373,-0.0026645674370228993,-0.0007472708821297004,-0.0030562148895114994,-0.0018545854836702,-0.015915688127279302,-0.017269069328904103,0.001609410624951099,-0.002170890569686899,-0.0006841481663286001,-0.0035790484398603994,-0.0126455090939998,-0.0094146523624659,-0.00043344497680659986,-0.001113005913794,-0.0010516544571147,-0.0022097714245318985,-0.0157574880868197,-0.0102999713271856,0.0014993175864218998,-0.0018948558717966002,-0.0011288138339296,-0.007257973775267601,-0.007911608554422899,-0.004284774651751,-0.0037295701913534996,-0.0009852114599197999,-0.0005410685407696,-0.0031850310042501,-0.0049210221040993,-0.0017947183223441,-0.00045102089643479955,-0.0015869901981205,-0.00010621538967829999,-0.010399155667982999,-0.0033695903694025,-0.0009569661633577,-0.0039256749441847,-0.0008412740207858759,-5.406947457221883e-05
members/member_6.png,1,-0.0034104865044356017,-0.0189675725996495,-0.0477480068802834,-0.00030846148729320004,-0.004456541500985601,-0.005926601588726099,-0.004855338484048798,-0.009853363037109403,-0.0238978937268257,-0.0013149115256964996,-0.00023370422422889971,-0.0011507291346788007,-0.0026785917580127994,-0.005408141762018197,-0.013701517134904896,0.0005608582869172001,-0.00016273697838189993,-0.0005047414451837999,-0.0032995603978634,-0.008439823985099702,-0.0183849725872278,-0.0033204676583409006,-0.0003327010199427006,-0.0026647881604730996,-0.0013010594993828999,-0.0104777961969376,-0.010591615922749001,0.00045039784163230026,-0.0010930546559393996,-0.0010950948344543002,-0.0010291971266270013,-0.009046200662851299,-0.0069852974265814,0.0010745022445917,-0.0025144752580672,-0.0007956959307193999,-0.00891566532664,-0.012908274657093,-0.004874942736933,-0.0037548660766333,-0.0023186435937532003,-0.0003968596320191475
members/member_7.png,1,-0.003802951425313901,-0.024739384651184096,-0.08917067199945448,-0.0018117008730769001,-0.0024440642446279005,-0.004135823808610401,-0.003860853612422898,-0.0208172798156738,-0.039934724569320706,0.00043579656630750134,-0.0013076178729535,-0.0028885714709758993,-0.004021141678094899,-0.011776354163885096,-0.026034861803054796,-0.001137721352279201,-0.0012872861698269003,-0.0020340541377663005,-0.004439078271389001,-0.020296748727560106,-0.0281102545559406,-0.0013227923773229,-0.0012882212176919,-0.0018255361355841997,-0.0037086512893439,-0.011144081130623797,-0.0132812093943358,-0.0013297512196004,9.091850370160012e-05,-0.0014194916584529,-0.005694772116839801,-0.0093588624149561,-0.006724396720528601,0.0005682529881596001,-0.002287971554324,-0.0006466616177931,-0.010169147630222199,-0.013893852767068901,-0.0041056378977373,-0.0049146445817314,-0.0027584171039051705,-0.00016601376773901254
members/member_8.png,1,-0.0023090746253728,-0.023176915943622603,-0.0238309912383556,0.0025200345553457997,-0.00036269845440990017,0.00016366550698869962,-0.003945428878069,-0.010399982333183302,-0.0107306875288486,-0.0023021767847239997,-0.0016339374706148997,-0.0023737712763249,-0.0037994422018527985,-0.006173029541969299,-0.0044523579999805,-3.806594759220034e-05,-0.0010104291141033008,-0.0007842425256968,-0.0043361391872167,-0.0089310463517904,-0.007227679714560501,-0.0010897149331867998,-0.00041793892160059973,-0.0011852734023705,-0.0011884775012732003,-0.007328918203711499,-0.0031797077972442,0.0011268127709627004,-0.0018579618772492,-0.0005905723082833001,-0.004718808457255301,-0.005959352478385,-0.0014637876884079997,-0.0022922144271433006,-0.0009956180583685,-0.00018186453235099006,-0.0081836511380971,-0.0044570866157301,-0.0007908239131211159,-0.0039243921637535,-0.0006734552334819267,-3.4874523407779634e-05
members/member_9.png,1,-0.0070483703166247,-0.020276430994272295,-0.0494812354445458,-0.0006215237081051003,-0.0023957905359566004,-0.0029491409659385993,-0.0023630894720554005,-0.010856151580810498,-0.027982961386442108,-0.0007050014100968994,0.0004132599569857008,-0.0026942156255245005,-0.000733636319637302,-0.00761379301548,-0.018291849642992096,0.00034536654129619943,-0.0002657342702151004,-0.0005967216566204999,-0.0031543727964163,-0.0110353436321021,-0.0168136209249496,-0.0013584438711403994,-0.0020730886608362,-0.0015116007998586,-0.004514914937317399,-0.009495195001363702,-0.0083027957007289,-0.0006157788448036003,-0.0010080097708851004,-0.0006282854010351,-0.0017840871587394991,-0.006986228749155998,-0.0041365830693394,-0.00014250585809350014,-0.00014681112952529994,-0.00046693331387360007,-0.0082517268601805,-0.009324164537247302,-0.002629279071698,-0.0034670857712626995,-0.0033790862726163456,-9.345588478019986e-05
members/member_10.png,1,-0.004977537319064102,-0.023474257439374903,-0.0437333211302757,-0.0009187674149870994,0.0016099568456410997,-0.0027740327641368,-0.0018333364278077975,-0.009014897048473303,-0.032044753432273906,-0.0013781911693513003,-0.0031583607196808,-0.0033878274261950996,0.00018469057977199901,-0.0111371316015721,-0.024483095854520798,0.0032153255306184006,-0.0006567873060703,-0.0017830694559962004,-0.005655599758029001,-0.014298753812909102,-0.0282361693680286,-0.0033585620112717004,-0.0027849576435983003,-0.0024767173454165,-0.0037133358418941984,-0.012310022488236398,-0.0130668515339494,-0.0007037459872663004,-0.0010130992159247,-0.0007857746968511999,-0.0040472457185387,-0.007465263828635201,-0.005560311255976601,-0.0007229549810289998,-0.0010612111072988001,-0.00021385921718320003,-0.0109509250614792,-0.006118267425335999,-0.0030341457313625,-0.0044207404716872,-0.001248997501534097,-6.368311733234137e-05
members/member_11.png,1,-0.0049358382821083,-0.034465983510017395,-0.0683600604534149,0.0019140243530273993,-0.0007176101207734004,-0.0051590730436147005,-0.0035839471966029046,-0.021146088838577298,-0.04390797764062879,-0.0029683774337172994,-0.0005081566050647995,-0.0019977404735982,-0.002367191016674,-0.011651393026113496,-0.022374492138624205,-0.001893970184028101,-0.0019111088477075005,-0.0023039770312606998,-0.0018660165369510998,-0.024424206465482698,-0.0248567219823599,0.0010207449086010005,-0.0022084414958954005,-0.0016738539561630002,-0.0075003430247307,-0.016505042091012005,-0.011569682508707102,-0.0016494351439177999,-0.0030923512531445,-0.0010522337979637,-0.007140107452869398,-0.010041248053312298,-0.004960901103913699,-0.0020487343426793003,-0.0010559955844655,-0.0002219027956016,-0.0089767450699582,-0.007043423916911699,-0.0027721838123398,-0.0029901243979112,-0.0006685107837256281,-3.651565202741185e-05
members/member_12.png,1,-0.004122978076338799,-0.022614330053329405,-0.028214532881975105,-0.00022587040439240019,-0.002817397471517301,-0.0022845384664832995,-0.003881501033902099,-0.0107709355652333,-0.011761667206883496,-0.0006416845135391001,-0.0005736714228987,-0.0009770407341421002,-0.002691103145480201,-0.0076564587652683015,-0.007447659969329799,-6.230222061279992e-05,-0.0006217183545231993,-0.0009083308978006001,-0.0029250103980302984,-0.011681936681270598,-0.009014920797199,-0.0006407988257706,-0.0017279500607401002,-0.0011932976194658,-0.0041998028755188006,-0.0059039010666311,-0.0039149259682745,0.00021138601005079964,-0.0006491891108454,-0.00044567618169820004,-0.004615711979568001,-0.0036950896028429,-0.0018602025229484001,-0.0022526262328029,-0.0009982557967305001,-0.0001935712352860094,-0.005972136743366699,-0.0029424537497107,-0.0010232193599222,-0.0026931515894829997,-0.0006403046791091863,-5.395715925260447e-05
members/member_13.png,1,-0.003521062433719701,-0.017435424029827104,-0.06578613817691802,0.0003262804821133995,0.0027520023286342994,-0.002615882083773601,-0.0036339666694402,-0.017726153135299703,-0.0337664112448693,-0.0011647306382655993,-0.0028602355159818996,-0.004362138453871099,-0.002869496122002598,-0.010708037763834,-0.021898340433835997,-0.0007353848777712007,-5.956925451760034e-05,-0.0005239453166723,-0.0043663140386343,-0.014447230845689798,-0.024243293330073298,-0.0010436330921948,-0.0020865681581198996,-0.0025091983843594998,-0.003943784162402202,-0.0111967641860247,-0.013509863056242499,-0.0008775964379310001,-0.0010327317286283,-0.0015896804980002,-0.0037339590489864002,-0.008705198764801,-0.0066889058798551,-0.0006710710003972001,-0.0011368850246072002,-0.0004902627115371,-0.008415317861363299,-0.009948215621989201,-0.0040159145573853,-0.0037737274542451,-0.002471128129400228,-0.00013981091615270085
members/member_14.png,1,-0.007838916033506404,-0.028623878955840995,-0.0409568846225738,-0.0016744425520301004,-0.0017934436909853996,-0.0010589263401925,-0.004156626760959698,-0.0104996673762799,-0.0169591195881367,-0.00018958514556280046,-0.0011791833676398,-0.0026543934363872004,0.0004050303250551987,-0.009154699742793999,-0.011870320886373499,0.0003533642739057003,-0.0009000594727694997,-0.0016544720856472997,-0.0007455181330442984,-0.0101123489439488,-0.0126063171774149,0.00024667801335449997,-0.0018133870325982003,-0.0011783012596424001,-0.004147298634052301,-0.0080130086280405,-0.0051110729109496,0.0010533044114709005,-0.0011466540163383,-0.00026693385734690003,-0.0018676854670046997,-0.0043077738955616994,-0.002093369839713,-0.0009335675276816004,-0.0006271700258366999,-9.501377644481406e-05,-0.0121046088170261,-0.003014666683157,-0.0011216546627111,-0.0053390265675261,-0.0007171244160417296,-2.068511093966663e-05
members/member_15.png,1,-0.0023756362497805994,-0.034249395132064805,-0.0651321560144425,0.00046428665518759987,-0.0020799795165657997,-0.004597455263137801,-0.004757501184940401,-0.019935447722673395,-0.027388468384742695,-0.002195646986365299,-0.0027307518757879994,-0.0005500428378582001,0.0009526982903480946,-0.015131432563066503,-0.0162487458437681,0.0010447669774294004,-0.0007181316614151001,-0.0014655746053903996,-0.0036435648798942982,-0.0205061342567206,-0.0158899147063494,-0.0016066199168563002,-0.0031087631359697,-0.0018327719881200003,-0.005406990647316,-0.0113767068833112,-0.006495399400591901,-0.0006028008647262998,-0.0016356194391846002,-0.000552610566956,-0.0085748909041285,-0.0067654508166016,-0.0026389827253296997,-0.001956457272172,-0.0006902100285514999,-0.0001345843629678,-0.0131759722717106,-0.0040878423169488,-0.0014380353240994,-0.0039064015727490005,-0.0007074619315972007,-4.0368875488613155e-05
members/member_16.png,1,-0.005969043821096497,-0.023133233189582804,-0.042955949902534485,-0.0015059374272823004,-0.002522153779864301,-0.0028998162597418005,-0.0019945632666348995,-0.007048435509204802,-0.025884181261062705,-0.0005971295759082005,0.0006365459412336003,-0.0018606157973409003,-0.0005385763943195031,-0.006810903549194398,-0.016757313162088394,-0.0005397205241024,8.428469300299571e-06,-0.0014303969219327,-0.0032951831817626988,-0.013718254864215795,-0.021444683894515003,0.0013308203779161011,-0.0022273864597082,-0.0022459921892732,-0.0042226184159518,-0.011329056695103704,-0.0120424143970013,-0.002533718012273301,-0.0016348939388991,-0.0013896779273637,-0.0034050196409224995,-0.008811473846435498,-0.006199234630912501,-0.0007693208754063,-0.0007487731054424997,-0.0005183413304621,-0.0099620239343494,-0.0132377769332379,-0.0037946176744299,-0.0036035913508384995,-0.0033865392324515,-0.00018853120855052036
members/member_17.png,1,-0.0017912164330483038,-0.030402809381485,-0.0534285120666028,0.0008571026846766003,-0.0020869360305369004,-0.0037543070502579004,-0.003924332559108696,-0.0171663984656334,-0.026320762932300505,-0.000901481136679599,-0.0012355996295809,-0.0030727824196218998,-0.00040010921657090276,-0.009149298071861302,-0.013110872358083697,-0.0012125610373914008,-0.0008085584267973995,-0.0010404293425381,-0.005399003624915997,-0.014026712626218803,-0.0115819843485952,0.00014748563989990058,-0.0007975818589330006,-0.0008854130282998999,-0.0066966507583857,-0.0105944508686661,-0.005323197925463301,-0.0033920495770871006,-0.0016865287907421,-0.0006742842087986999,-0.006226619705557802,-0.0063746534287929995,-0.0023690557572991003,-0.0009144812356680996,-0.0009478250285610997,-0.00020450947340576177,-0.0094775810139254,-0.0070043284795247,-0.0013277308607939,-0.0027913961675949,-0.0017836229671956496,-3.6050369089934975e-05
members/member_18.png,1,-0.002410277724266101,-0.013203293085098294,-0.0416132733225823,-0.0023622033186257,-0.0021266513504087994,-0.0054196766577661,-0.0024792943149805,-0.007304437458515202,-0.023057721555232995,0.0018363664858042994,-0.0002414840273558998,-0.0005971952341497005,-0.0009105745702981984,-0.005503334105014801,-0.013156905770301798,-0.0011638519354165,0.00018269149586549929,-0.0020462528336794,-0.0018949136137962012,-0.007945053279399799,-0.0138445906341076,-0.0008900272659957001,-0.0011384547688066994,-0.0009443497983737997,-0.002831868827342999,-0.0058555081486702,-0.006688216701149901,-0.0010772147215902996,-0.0012153694406151004,-0.0010618044179865,-0.0020779008045792007,-0.004831736907363,-0.0037556265015154995,-0.0018073958344757002,-0.0012648666743189,-0.0004961665399605,-0.0070014172233642,-0.0095876682316884,-0.0026467688294361004,-0.0014037331566214997,-0.002137413117452512,-0.00012632587822731316
members/member_19.png,1,-0.004348218441009504,-0.0332571044564247,-0.0602667480707169,-0.0010967738926410987,-0.004097574390470999,-0.0007339422591030997,-0.0038020778447389984,-0.0133102312684059,-0.025293737649917596,0.001918281428515899,-0.00046779122203579986,-0.0010231584310531,-0.0025566294789313992,-0.012258611619472497,-0.013703648000955602,-0.0023537920787929986,-0.0016645276919008004,-0.0015413863584399002,0.0009710118174552987,-0.0164272598922253,-0.0183649715036153,0.0014550164341925985,-0.0020001023076474007,-0.0015447027981282,-0.004889750853180899,-0.014037821441888802,-0.0101551795378328,-0.0027046324685215993,-0.0025102482177316995,-0.0015965890488587,-0.0047885673120618005,-0.0107931308448315,-0.006039627827703901,-0.0017135124653578004,-0.0013371474342421,-0.00047416823508680003,-0.012784227030351699,-0.0099667402100749,-0.0038642534636893,-0.0047238495317287,-0.001352614995994342,-0.00016468295507364092
members/member_20.png,1,-0.004045752808451701,-0.0258009806275368,-0.05087669193744661,-0.0014206138439475996,-0.0019306112080812003,-0.0008094618096948,-0.0025723129510878996,-0.011477824300527607,-0.0186146795749665,0.0004438050091265999,-0.001248581334948499,-0.0012008943594991996,-0.003965387120843,-0.008822474628686898,-0.014617078006267506,-0.0006515537388622995,-0.0007704547606409004,-0.0028703948482871004,-0.004013285040855401,-0.0165077410638332,-0.024661598727107097,-0.00021598581224680034,-0.0016007139347493995,-0.0028813194949179996,-0.006506792269647101,-0.012465102598071102,-0.0125996293500065,-0.0025973715819417997,-0.0024274450261146004,-0.0010722797305789,-0.0027060555294155988,-0.008360437117517,-0.005675708176568199,0.0006100605241953997,-0.0020152812357991,-0.00037276012881190003,-0.005988588789477901,-0.006492860178696,-0.0032036972261267,-0.0026759123429656,-0.0007624051759194079,-5.787197369496655e-05
members/member_21.png,1,-0.004809591919183696,-0.0367273241281509,-0.06254909932613371,0.0028753979131579,-0.0011465745046735,-0.0028336024843157006,-0.001890625804662701,-0.017853148281574194,-0.026899784803390496,-0.0009601358324288992,-0.0022265808656811003,-0.0016869753599167,-0.0038870293647050996,-0.011234324425458998,-0.017889447510242504,-0.0011882781982421996,-0.0008033476769924996,-0.0012768586166202996,-0.0030873194336891,-0.016114901751279803,-0.019831752404570597,-0.0022797365672887005,-0.0027185976505279003,-0.0018869184423238004,-0.004156932234764103,-0.013878224417567201,-0.010662302374839701,-0.0006393012590706001,-0.0008197273127734999,-0.0015442181029356999,-0.004191022366285298,-0.011392396874725898,-0.0050437266472727,-0.0021719564683734998,-0.0023477009963243996,-0.00043209728028159995,-0.012985162204131501,-0.0126695464132353,-0.0031380682485179,-0.0029755872674287,-0.0019170161358487725,-0.00014683201879953464
members/member_22.png,1,-0.006392424926161801,-0.018154490739107104,-0.03779163211584091,-0.0003275219351052995,-0.0005872482433915008,-0.0042005241848527995,-0.0026054475456476003,-0.008969623595476199,-0.01623610034584999,-0.0022524413652718006,-0.0014857035130263,-0.0006488990038633997,-0.0024271495640278,-0.004458323121070799,-0.0117466039955616,-0.0010156505741178998,0.0012904177419842,-0.0016874787397681999,-0.0029180683195591008,-0.0055634509772062996,-0.016074636951088902,-0.0020233392715453997,-0.0014180908910930998,-0.0014210084918887002,-0.0034423284232615974,-0.009097747504711099,-0.010930349119007601,-7.356889545920026e-05,-0.0015013557858765,-0.0011717684974428,-0.0040174061432481,-0.0080619025975466,-0.0055173598229885,-0.0006698432844131998,-0.001439735526219,-0.0003583722354961,-0.0097170078661293,-0.0111467930837534,-0.0033618676679907,-0.001870796084404,-0.002088451725285201,-7.439500041063304e-05
members/member_23.png,1,-0.005709514021873405,-0.028006047010421795,-0.0805868729948997,-0.002947299275547201,-0.005165541544556699,-0.0030321739614010005,-0.0030703134834766978,-0.015920281410217202,-0.034232892096042696,0.0014790953136980005,0.00017425883561380043,-0.0035206191241741,-0.0023592244833708018,-0.0126862078905106,-0.019314669072628,-0.0008117421530187,-0.0016447422094643012,-0.0007303496822715001,-0.00039277225732799875,-0.018460106104612406,-0.021007621660828597,0.0010481798090041005,-0.0009770854376256995,-0.0015642816433683,-0.00045233033597470024,-0.0166020523756742,-0.0114014903083443,-0.00046017300337560137,-0.0024707452394068003,-0.0012143144267611,0.0023750346153974984,-0.014024970121681699,-0.0054992141667754004,0.00023726932704450088,-0.0017058005323633998,-0.00041790041723289994,-0.024788704700767997,-0.0127639632555656,-0.0032183145231101003,-0.0077945461380295004,-0.0015731753592262117,-0.00011579658530527898
members/member_24.png,1,-0.003058917820453602,-0.034495718777179704,-0.0629155859351158,-0.0012919334694743,-0.0026860823854804004,-0.0034767379984259987,-0.0006953366100787978,-0.0205044895410538,-0.0402505695819855,0.00031793303787710017,-0.0025560362264513995,-0.005910654552280901,-0.0022997763007879986,-0.011864218860864605,-0.021261699497699703,-0.0009600808843970004,-0.0012718173675239,-0.0017722386401146997,-0.008860578760504702,-0.016457047313451798,-0.0225716605782509,-0.0005926964804529996,-0.0023147063329816003,-0.0021263826056383,-0.0038342457264661997,-0.008768550585955399,-0.0090382201597095,-0.0013289637863636,-0.0010162645485251999,-0.0004015830345452,-0.007048965431749798,-0.0044437758624552995,-0.0037037800066173,-0.0009253961034118999,-0.0005229528178460999,-0.00012016246910210001,-0.008996727643534501,-0.0029169851186453,-0.0020848171552642998,-0.0034006301430054,-0.0006517258116218082,-7.191509212126014e-05
members/member_25.png,1,-0.0027073156088589997,-0.009262707084417302,-0.025107517838478095,-0.0008377362973988004,0.00012420769780879977,-0.0025257859379053003,-0.0029108803719283,-0.0048978421837092,-0.010972289368510201,-0.0009755208157003004,-0.0013713543303311001,-0.0012009602505714,-0.0019710501655936,-0.0012546181678772007,-0.006002102047204999,-0.0021233758889137996,0.0004834807477891003,-0.0010465842206031002,0.0013653719797731,-0.0058217756450176,-0.009161073714494702,0.0010617719963193,-0.0021890043281018,-0.0012193565489723999,-0.0021612597629427997,-0.0053391112014651,-0.0054142843000591,-0.0002740430645645003,-0.00036960677243769993,-0.0006960843165871,-0.0013120966032147997,-0.0050585404969752,-0.0028487158706411,0.0010705031454563002,-0.0012264252873138003,-0.0003546895313775,-0.002814746927469901,-0.006232098792679599,-0.0016435531433672,-0.0030229976400733003,-0.0013982197160657221,-8.672273179398163e-05
members/member_26.png,1,-0.005220515653490999,-0.03124050796031949,-0.0577141642570496,-0.0011731330305337993,-0.0022149113938212013,-0.0024955896660685,-0.003946663811802899,-0.013185787945985808,-0.026710063219070393,-0.0026361830532550005,-0.003588925115764199,-0.0022470564581454,-0.00029430724680420267,-0.010095171630382496,-0.015560146421194104,0.0022514844313263,0.0006096777506172995,-0.0010394447017460996,-0.0049549471586942985,-0.010425977408885997,-0.019281608983874297,-0.0038252663798629995,-0.0020083263516426,-0.0015696452464908001,-0.0016208291053772007,-0.012331839650869404,-0.010228282772004601,-0.00023957248777150067,-0.0014904474373906998,-0.0013003913918510999,-0.003932993859052599,-0.010692175477743098,-0.0056593865156174,-0.00029227370396260003,-0.0014996537938713997,-0.0005615033733192001,-0.0112747625680641,-0.0129061309853569,-0.0034829859796444997,-0.0041934883338399,-0.001988700871152048,-0.00011243732660657998
members/member_27.png,1,-0.006186598911881499,-0.029725544154644,-0.06675528734922409,0.00031688390299669956,-0.0036367271095514003,-0.0017222091555595996,-0.0005607418715952994,-0.018622875213623095,-0.031064964830875404,0.0007534595206379995,-0.0011832630261779005,-0.0019038352183996998,-0.0058424808084964995,-0.0094304159283638,-0.017914015799760805,-0.0022982815280555994,-0.0017727916128934002,-0.0018452284857630999,-0.003710772842168801,-0.0188358295708895,-0.019398214295506498,0.0002792393788694997,-0.0015662373043595999,-0.0016504959203303,-0.0060745077207685,-0.0154435206204653,-0.0089211692102254,-0.0011462541297077994,-0.0022975334431977,-0.0005206511996221001,-0.0045209908857941,-0.0082290354184806,-0.0038464409299194,-0.0026489801239222,-0.0010143643594346,-0.00021704057871829998,-0.0066888745641336,-0.0056064839300234,-0.0020929610764142,-0.0016183875268326001,-0.0007645664518349757,-6.129824032534108e-05
members/member_28.png,1,-0.007301500067114899,-0.0321248359978199,-0.0419366881251335,-0.0023527592420578003,-0.002963608596474,-0.0044803959317506,-0.005524426698684699,-0.0139803048223258,-0.015094030648469897,-1.816079021003253e-07,0.0001770062372088996,-0.0008284347131848001,0.0023084878921508997,-0.008063362911343502,-0.0081799551844597,0.0022678673267365005,-0.0011929571628570995,-0.0012777273077517997,-0.003409086726605899,-0.0090812789276243,-0.0075552570633590005,-0.0012163668870926007,-0.0017971899360418003,-0.0007841139449738001,-0.0031516635790467,-0.0060486756265163,-0.0032285314518959,-0.0016409959644079998,-0.0009823264554142998,-0.0002384027320658,-0.0024616317823529,-0.0034448280930518996,-0.0013214870123192002,-0.0012719165533781,-0.0004745433689095001,-9.608919208402641e-05,-0.0083014959236607,-0.0025948494003387003,-0.0007146515345084279,-0.0032064487459138,-0.0005875989172636321,-3.9654940337641165e-05
members/member_29.png,1,-0.006108578294515599,-0.03225933760404591,-0.068188190460205,-0.0010858196765184992,-0.0029021380469203013,-0.005120253190398199,-0.0037584286183118994,-0.014487192034721395,-0.032860904932022095,-0.00015532225370410054,-0.0020266971550881993,-0.0016934699378908001,-0.002546828240156198,-0.011483594775199904,-0.0197057537734509,-0.0014839032664895006,0.0004306184127927,-0.0018826068844646003,-0.005153225734829903,-0.014238867908716198,-0.017904882319271603,0.00019695516675709984,-0.0039477534592151,-0.0016905609518288998,-0.004872865043580499,-0.0119241122156381,-0.0084627703763544,-0.0015577934682368998,-0.0012200749479235,-0.00047135472414089997,-0.0042382003739477,-0.0068615260533989,-0.0036320637445897,-0.00044500874355429994,-0.0011136099928990002,-0.00014463419938685814,-0.0070762040559202,-0.0043157020409126,-0.0019499578920659003,-0.0044715545373037995,-0.0005381411392590178,7.890368578955531e-06
members/member_30.png,1,-0.0034548789262772023,-0.0347259938716889,-0.0657868534326553,-0.003843596205115301,-0.0017161685973405994,-0.0021515726111829003,-0.005696557462215399,-0.018794484436512007,-0.030262000858783694,-0.00031414255499839956,-0.001191892661154199,-0.0036687380634248005,-0.0026359222829342027,-0.011842273175716393,-0.0187232308089733,0.0005548801273107997,-0.0020859288051725006,-0.0007911189459264998,-0.005366638302802998,-0.019000262022018405,-0.019512660801410703,0.00016214512288570057,-0.0010036276653409004,-0.0020516224903985997,-0.0043208319693803995,-0.013943297788500796,-0.009185185190290199,-0.002725089434534301,-0.0022278889082371998,-0.0007284568564499999,-0.004314798861742001,-0.009488995186984501,-0.0041547711007297004,-0.0005302345380187,-0.0019389579538256,-0.0003093850464211,-0.011669134721160001,-0.010607293108478199,-0.0023616870312253,-0.004167452862020599,-0.001644773350562843,-8.69121267896359e-05
members/member_31.png,1,-0.0010521523654460976,-0.02549450099468241,-0.0601631850004197,0.0005089603364468002,-0.0015588719397783002,-0.0021389140747487996,-0.005579369142651502,-0.011646814644336694,-0.0312960818409919,0.00041891168802970016,-0.00044141337275500035,-0.0026059472002088998,-0.002521416172385299,-0.010294783860445002,-0.017303172498941505,-0.001106627285480501,-0.0007974933832884,-0.0008794257882982002,-0.0073112808167934,-0.0159766599535942,-0.018576396629214197,-0.0029970752075313993,-0.0017639235593379004,-0.0020933337509632,-0.004093203693628301,-0.013609908521175398,-0.008059491869062201,0.0006425227038561994,-0.0007767290808259998,-0.000708172301529,-0.0045887865126133,-0.0103615056723356,-0.0036590069066733,-0.0021758289076387995,-0.0029609615448862,-0.00022480668849306207,-0.0103914107894525,-0.0100729287369177,-0.0021011580247431998,-0.0041652385843917,-0.0016728687442082385,-4.0478618757333606e-05
members/member_32.png,1,-0.0054758563637733945,-0.025414355099201202,-0.0529281310737133,-0.0009760372340678995,-0.001364707946777401,-0.0021975208073853995,-0.0035666655749083016,-0.015116173774003996,-0.0220866538584232,-0.00042259413748979915,-0.003159574232995499,-0.0014223423786461995,-0.0003202091902494014,-0.006676532328128801,-0.012920076027512502,-0.0002860808745027005,-0.0016729328781366001,-0.0016722790896892001,-0.006842127069830898,-0.014328479766845696,-0.013573720119893601,-0.0024047833867371004,-0.0005369619466364002,-0.0019682758138515003,-0.0024943351745605018,-0.011626308783888803,-0.0072697941213846,0.0009217453189194003,-0.0019801361486316,-0.0005329272826201999,-0.005334082059562199,-0.011850794777274198,-0.0033506997860968,-0.0026708780787885,-0.0021515444386750997,-0.0002872833429138,-0.0126361802686006,-0.010974315344356,-0.0018296510534128,-0.0035157170495950006,-0.0011097757196693273,-5.863140540887214e-05
members/member_33.png,1,-0.006013620644807802,-0.02574857324361811,-0.0644393041729927,-0.0012047234922647008,-0.0016147289425134,-0.004960661754012099,-0.0015193093568087006,-0.013511463999748195,-0.037748470902442904,0.0011432152241467996,-0.0026753591373563004,-0.0026743318885565004,-0.003032594919204698,-0.011814557015895802,-0.023585252463817603,-0.0014533773064612995,-0.0007586628198623995,-0.0031238009687513,-0.0045148748904466005,-0.019092658534646097,-0.023226266726851498,-0.0014179111458361001,-0.0037615573965013,-0.0014381486689672,-0.005400020629167602,-0.014409489929676,-0.009739898610860099,0.0008664582855999001,-0.0022581994999199997,-0.0005909724859521,-0.005440156906843198,-0.0091399964876473,-0.004226091317832499,-0.0025576269254088003,-0.0008886305731721001,-0.00021649849077216637,-0.0093440327327698,-0.0066106972517446,-0.0023857132327976,-0.004048279603011899,-0.0006601741624762819,-5.903859710088e-05
members/member_34.png,1,-0.005715927109122301,-0.023644831031560898,-0.0566761344671249,-9.607896208770061e-05,-0.002089339308440699,-0.0024538133293389996,-0.002738824114203401,-0.013312358409166399,-0.0235816463828087,-0.0007053380832075995,-0.0012866789475083004,-0.0019429423846304998,-0.0028514433652163003,-0.009246625006198904,-0.0144434962421656,0.0008424529805780004,-0.0013139024376869002,-0.0011410980951041,-0.004748908802866901,-0.0160058122128248,-0.015449922531843201,-0.0015970016829670005,-0.0013284031301736996,-0.0018405806040391,-0.0031501259654760985,-0.009598815813660599,-0.0068176817148924,-0.0014116424135863998,-0.0016374713741243003,-0.0004691562498920001,-0.0032139597460627,-0.0063058533705770995,-0.0034068585373461004,-0.0015548500232398007,-0.0011229455703868998,-0.00046628022391809995,-0.0077042786870152,-0.006281951937126,-0.0020525974250631,-0.0030691522406413995,-0.0010824470809893596,-0.00013986711201138515
members/member_35.png,1,-0.004290983080864001,-0.029377136379480306,-0.0531654693186284,-0.0009020590223372,-0.001399586908519301,-0.0037006856873631,-0.0024991389364003996,-0.0129151940345765,-0.019613731652498204,0.0009900978766381003,-0.0014784703962504994,-0.0015776657965034,-0.0028010588139295994,-0.008439950644969899,-0.0121131055057049,-0.0016043432988225997,-0.0018195742741227003,-0.0006469977088273001,-0.0021112579852342016,-0.011431962251663201,-0.011683742515742798,0.0024554603733121993,-0.0016536142211406998,-0.0007054306333884998,-0.00016837194561960048,-0.0060307756066322014,-0.006497125606983901,-0.0016405838541685997,0.00046846107579770046,-0.0010407220106572,-0.003779582679271698,-0.0037326524034142997,-0.0037691364996135,-0.0006083734333515002,0.0002880641259252999,-0.000504380732309,-0.0126349453348667,-0.0129291799385101,-0.0028670204046648,-0.004533719155006099,-0.0042377805075376005,-0.00025278565226469554
members/member_36.png,1,-0.005122989416122398,-0.024326004087925,-0.05778145045042041,-0.0006045419722795001,-0.0015557343140243998,-0.004643355961889,-7.916986942299933e-05,-0.010188892483711201,-0.0285203233361244,0.0015020398423075,-0.00018219463527200004,-0.0012917746789754,-0.0057766921818256,-0.0133140347898007,-0.0161850415170193,-0.0022248043678700993,-0.0018907771445811003,-0.0014628083445131002,-0.0030466262251139,-0.014876682311296505,-0.017037743702530903,-0.0002304031513630997,-0.00025948043912649935,-0.0011600027792156,-0.005818923935294103,-0.014142654836177798,-0.0090062269009649,-0.0009329598397017002,-0.0023935157805681003,-0.0011618906864897,-0.003967982716858399,-0.0107695385813713,-0.0045219631865620995,-0.0015399823896586002,-0.002431312808767,-0.00045524070446839994,-0.0097044131252915,-0.0118688119691796,-0.0029767403757433,-0.003971635713242,-0.0016043446012190094,-0.0001408802600053187
members/member_37.png,1,-0.005680723115801801,-0.0166326500475407,-0.040762819349765805,0.0012114038690924991,-0.0013839006423949996,-0.0023182495497166998,-0.0040547084063292,-0.006712019443512001,-0.0192261822521686,-0.0026105912402272996,-0.0006232419982553005,-0.0022598658688367,0.0002267733216285983,-0.006577599793672499,-0.010427271947264699,0.00042065186426050016,-0.0015328512527047998,-0.0011081774719059003,-0.0032050088047980985,-0.0076502710580826,-0.0118356570601464,-0.0003493246622384002,-8.458364754920008e-05,-0.0012188525870442998,-0.0037200041115284,-0.004450172185897801,-0.0053330701775848,-0.0004905238747596992,-0.0007814953569322998,-0.0005076889356132,-0.004391117952764,-0.0045259315520525,-0.0024392970371992003,-0.0012984909117221008,-0.0013443225761875003,-0.0002425211496301595,-0.0086098542669788,-0.0058012240624521,-0.0013719637790927,-0.0039782989188098,-0.0015942646205075709,-4.161894685239531e-05
members/member_38.png,1,-0.0051286220550537005,-0.015965849161148106,-0.0348021909594536,0.00012387661263350055,-0.00047029228881,-0.0048604821786284,-0.0038040913641452997,-0.008923772722482598,-0.019958991557359695,-0.0002702753990888006,-0.0012602233327924997,-0.0024406705051661006,0.0004880242049693992,-0.004805607721209599,-0.0150081478059291,0.0005722395144402009,0.0006620581261814005,-0.0019779908470809,-0.0023246984928846012,-0.0089841671288013,-0.017657258547842503,-0.0016628787852823006,-0.0030012694187463,-0.0019816274289042,-0.0033297762274741988,-0.008885652758181099,-0.008298401720821899,-0.0007779053412377999,-0.0015224411617964003,-0.001063868199708,-0.0036919256672263007,-0.0064940499141812,-0.0037906519137323,-0.0005943300202489003,-0.0008911280892789,-0.0002943868748843,-0.009324407670646899,-0.0043216247140663005,-0.0021968834626023,-0.0033614945132285,-0.0007745381044514913,-0.00010285910320814311
members/member_39.png,1,-0.006179487332701704,-0.015762943774461705,-0.0451624169945717,-0.0022543212398887,-0.0018041431903839996,-0.0022882204502821003,-0.004294540733098998,-0.012276783585548498,-0.0210075601935387,-0.0007055695168674001,0.0011330600827933,-0.00022709229961030003,-0.001920647919178002,-0.007618784904479897,-0.0156718529760837,-0.0020647719502449,-0.0018043098971248003,-0.0027845785953105,-0.004545031115412698,-0.013489108532667202,-0.0155748445540667,0.0001201368868351,-0.0020999237895011997,-0.0014614667743443998,-0.0017024427652359009,-0.0099191889166832,-0.0076535511761904,-0.0003246469423174997,-0.0017079934477806,-0.0008795060857665,-0.0021041892468928996,-0.0084923254325986,-0.0036284313537180003,0.0010899133048951999,-0.0014727066736668,-0.0002129376807716,-0.0102923640515655,-0.007866779807954999,-0.0020904769626213,-0.0048491667839698,-0.0014802946170675306,-0.00012400694322415784
members/member_40.png,1,-0.0042474642395973,-0.0215926766395569,-0.05215931683778771,0.0005751196295022999,-0.0031438898295164004,-0.0040659103542566005,-0.0046489331871270995,-0.012360420078039197,-0.025516722351312596,-0.002666436135768901,-0.0014629047363995994,-0.0026768818497657993,-0.0022744517773390024,-0.008122995495796197,-0.015230283141136204,-0.0008060410618782,0.0013879565522073997,-0.0010792012326418998,-0.0031364150345324984,-0.0121196880936622,-0.0207473188638687,0.0006775306537747001,-0.0008572274819015997,-0.0024456899845973004,-0.0049511101096869,-0.009950969368219403,-0.011075962334871299,-0.0005596023984252999,-0.0013887332752347001,-0.0011124948505312,-0.0065003186464309,-0.010781263932585699,-0.0053720790892839,-0.0016087414696813003,-0.0038555756909773,-0.00048800520016810005,-0.0101169423433021,-0.0110947473440319,-0.0033219504111912,-0.0038281991146504996,-0.0018486053231753625,-0.00014435588309422343
members/member_41.png,1,-0.0066167265176773,-0.03583166748285299,-0.0710050240159035,0.0016566012054682003,-0.005497084930539102,-0.0023930100724100997,-0.004444018006324699,-0.018488869071006803,-0.03180311620235439,-0.0026333751156927005,-0.0008515184745192996,-6.004795432089892e-05,-0.0035414788872004006,-0.011377677321433993,-0.018856849521398607,-0.0025573563762008996,-0.0009678089991211995,-0.003186290152371001,-0.0012371372431516994,-0.01745172217488291,-0.0277272835373878,0.001565454993397,-0.0014339815825224,-0.0031712655909359,-0.0033638961613177976,-0.015861099585890697,-0.015400636009872,-0.0018984675407409,-0.0034212372265756,-0.0014070449396968,-0.007610300555825202,-0.0143845640122891,-0.008240062277764101,-0.0021346011199057996,-0.0017212054226547003,-0.0004720337165054,-0.014430246315896499,-0.015548189752735201,-0.004969845613231799,-0.0037683425471186005,-0.0017467781981395031,-0.00011829210779973866
members/member_42.png,1,-0.006104188039898897,-0.029592096805572503,-0.0332560092210769,-0.001423040404915801,-0.004570993129164,-0.0030104680918157,-0.0042854938656091,-0.015190232545137398,-0.0140236057341099,-0.0018239030614495989,-0.0003125909715890997,-0.0011344954837112999,-0.001524414867162701,-0.009640950709581403,-0.008194423280656398,0.00023179780691859938,-0.0009042103774845002,-0.0011286442168057,-0.005686765536665899,-0.0087124342098832,-0.0064938813447952,-0.0006461781449615999,-0.0005740590859205003,-0.0003912604297512,-0.0028758654370904004,-0.0063426978886127,-0.0024260078789665996,-0.0002999468706547997,-0.0016944988165050999,-0.0002576446713646,-0.004387979395687601,-0.0043769534677267005,-0.0010102735250257001,-0.0014109066687523998,-0.0008503698045386999,-6.939256127223991e-05,-0.007702934439294099,-0.0035310885286889996,-0.0005106843891553219,-0.0035946780117229005,-0.0009769148127816056,-3.2317642762791365e-05
members/member_43.png,1,-0.0024639368057250977,-0.005335938185453498,-0.02396682649850839,0.00014001037925480062,-0.0004000533372163998,-0.0028544603846968,-0.004107107408344801,-0.004061009734869,-0.014362733811140102,-0.0015855901874602006,-0.0005830754525958997,-0.0015597688034175994,-0.0005178451538086007,-0.0005544144660234,-0.0074759516865014995,0.0009388215839863006,0.0008627967908977994,-0.0005436129868031003,-0.0015073893591761,-0.0073266681283712005,-0.012156059965491302,-0.0003275810740888006,-0.0027382019907235995,-0.0020276914583518997,-0.0008699763566256003,-0.006340323947370099,-0.0077126384712756,-0.0004496835172176994,0.00047534634359179973,-0.0006499271839857001,-0.0016329847276210993,-0.0029957694932817996,-0.0040743902791291,-0.0004590507596731004,-0.00031672650948159995,-0.0005569095956162,-0.0030279033817349997,-0.0090542316902429,-0.0032096353970700996,-0.0012436883989720999,-0.0031682429107605,-0.0002258081585750211
members/member_44.png,1,-0.008833993226289798,-0.023842148482799613,-0.06962729245424279,-0.002758613321930099,0.00020517036318780033,-0.0044723050668836,-0.0019283201545476983,-0.014655537903308799,-0.0403211340308189,-0.0010410239920020008,-0.0021618260070681,-0.0026154667139052998,-0.0023965574800967997,-0.014808487147092791,-0.023956995457410805,0.0006643822416663005,-0.001109165139496401,-0.0017397212795912994,-0.001934288069605803,-0.015626188367605306,-0.0253256987780333,-0.00026103667914870003,-0.0026263128966092994,-0.0019947212422267,-0.004515869542956397,-0.010829120874404897,-0.013491141609847499,-0.0009252326563001,-0.0006765681318938004,-0.0007509316783398002,-0.001737494952976702,-0.0128870457410812,-0.007836696226149801,-0.0006870836950838002,-0.0018070000223816,-0.0007252776413225,-0.011261649429798098,-0.0123014046112075,-0.0055772359191906,-0.0040101857157424,-0.002005037487833696,-0.0003624602650233308
members/member_45.png,1,-0.009087033569812802,-0.0276001691818238,-0.073943555355072,-0.0014464752748609006,-0.0026554120704532,-0.0036056535318494,-0.0029390193521975985,-0.02113912254571909,-0.04074824601411821,0.001973146572709101,-0.0020410008728504007,-0.0017686351202428003,-0.0027624666690827006,-0.010553147643804606,-0.026756472885608687,-0.0014447635039687,-0.0011238013394177003,-0.0032285125926137005,-0.0023282654583453993,-0.018840719014406197,-0.03356616944074631,-0.0011845869012177,-0.0015620463527738996,-0.0023728830274194995,-0.0045796744525433,-0.014457913115620603,-0.016522478312254,-0.0016572806052863997,-0.0029651031363755,-0.0014841247466393002,-0.0057558668777346,-0.01156544405967,-0.0078315981663763,0.0012582838535308994,-0.0017566732130945002,-0.0003912130050594,-0.011438221903517901,-0.0082924061280209,-0.004367012676084399,-0.0064813572971616,-0.0009778075873327552,-0.0001086927550203667
members/member_46.png,1,-9.983032941810605e-05,-0.023104146122932503,-0.046190280467271805,-0.0003495225682853993,-0.0014003403484822013,-0.0009145485237241,-0.002582699060440098,-0.015112768858671091,-0.020237907767295796,-0.0005690734833478997,-0.0021148985251783995,-0.0025211777538061003,-0.0027213338762521987,-0.009409658610820805,-0.012356562539935102,-0.0003049466758967001,-0.0006992286071181002,-0.0019272183999419,-0.0016074012964963982,-0.013261523097753497,-0.0139241078868509,-0.0017019994556904004,-0.0006436025723814999,-0.0011414542095735999,-0.0040203724056482,-0.0131347160786391,-0.0064667016267775995,-0.0008468385785817996,-0.0026504090055824,-0.0005682819464708999,-0.007774064317345602,-0.009354692418128202,-0.0027700389036909006,-0.00021526822820300013,-0.0017449570004828,-0.00023543236602562522,-0.013816054328344799,-0.0072120576805901,-0.0014872043102513999,-0.005080831120722,-0.0006034078433003206,-4.051091673318296e-05
members/member_47.png,1,-0.0037143323570490022,-0.018498361110687304,-0.0631663575768471,0.0013306336477399002,-0.0008718059398234003,-0.0055280774831772,-0.0024718772619962,-0.010538470000028596,-0.029050480574369403,-0.00022940151393409988,-0.0016137417405842997,-0.0007305033504962002,-0.0006837267428637002,-0.007128331810236005,-0.0198594219982624,-0.0004634419456124002,0.0005847611464560006,-0.0019925918895752,-0.0033723469823598983,-0.009168507531285196,-0.019755257293582,-0.0006085839122533998,-0.0010724109597504,-0.0013987369602545998,0.00018029287457469942,-0.0074886269867420995,-0.010435584932565701,0.0007724929600954004,-0.0010727625340224002,-0.0009376178495586,-0.0014220774173737006,-0.008440046571195101,-0.0050265719182789,-0.0003376542590559006,-0.0015436708927154003,-0.0003968409582739,-0.0098660425283014,-0.0104246915434487,-0.0031196701020235,-0.004348120884969799,-0.0019008241797564313,-0.00014158259364193467
members/member_48.png,1,0.0011016651988029966,-0.02474728226661689,-0.0542839728295803,-7.476657629009939e-05,-0.0012506032362580004,-0.005924220662563999,-0.0024256333708762984,-0.018995177000761004,-0.023911461234092796,4.6774744987499936e-05,-0.0022691595368087994,-0.0021163886412978003,-0.002888742834329598,-0.014085311442613602,-0.013455735519528302,-0.0022447379305959,-0.0018762280233204,-0.0012426039902494,-0.011024335399270103,-0.0188125539571047,-0.0131984148174525,-0.0004648203030229005,-0.0027040329296142,-0.0008910374017431998,-0.0064592827111483,-0.009556801058351999,-0.005686850752681499,-0.0020502679981291,-0.0007812385447323001,-0.0007604629790876001,-0.004773323424160399,-0.006879181135445799,-0.0025888917734846004,-3.0507333576700046e-05,-0.0013690739870071999,-0.0001651184138609,-0.0108031466370449,-0.0073260627395939,-0.0015233005397022,-0.0041363624040968,-0.0010038546934082826,-6.96624083502441e-05
members/member_49.png,1,-0.007854126393795,-0.0360283181071281,-0.0401339828968048,-0.0019215703941882004,-0.003951384685933601,-0.0031582473311573002,-0.0032601878046988955,-0.020662527531385394,-0.014382395893335297,0.004237290006131,-0.0008412492461501997,-0.0009259125217794999,-0.0047028027474880045,-0.015902686864137705,-0.0068731065839529,-0.0038701724261046002,-0.0020439820364117995,-0.0008870868477971001,-0.0027266349643468996,-0.015023045241832695,-0.0063590393401683,-0.0011841510422527998,-0.0016806137282401002,-0.0008460039098280999,-0.006126364693045599,-0.010458708740770801,-0.0025829602964221998,-0.0004118098877370002,-0.0012051892699674002,-0.00021958448633090002,-0.0061298804357648,-0.0059969881549478,-0.0010374839766883,-0.00030862074345350005,-0.0010217860108242,-0.00010001000191543465,-0.0102869749534876,-0.0039033338980516002,-0.0005550447531276342,-0.0043780907290056,-0.000524170718563161,-1.131527460529469e-05
members/member_50.png,1,-0.006913434714078903,-0.03981573879718779,-0.06424886733293529,-0.0023792572319508,-0.002028435468673701,-0.0022753328084944993,-0.007713478058576598,-0.019177284091711107,-0.028837859630584703,-0.0018470692448318005,-0.001162595115602,-0.0032278897706419997,0.0007043313235043994,-0.0132197402417659,-0.0146492719650269,0.0012201513163745004,-0.0014493572525679996,-0.0011417653877288003,0.001004230231046701,-0.0192559137940407,-0.0166382361203432,0.0008591087535024002,-0.0023438429925591,-0.0017208065255544997,-0.0059061646461487025,-0.0133034037426114,-0.007612737827003,-0.0015029739588499008,-0.0020056162029505,-0.00047572760377079997,-0.007697855122387399,-0.0069618942216039,-0.0031653003534302003,-0.0030890139751135995,-0.0007234022486954,-0.00016775574476915358,-0.0126353687373921,-0.0053371679387055,-0.0017777811444830002,-0.0032235722756014003,-0.0008213118890125715,-4.9102818593382835e-05
members/member_51.png,1,-0.006087798625230803,-0.021649755537509897,-0.0419406034052372,0.0017720460891724006,-0.0014485106803477001,-0.0027898820117116,-0.0032808538526296997,-0.0100754480808974,-0.0179074313491583,-0.00039957277476789996,-0.0016454667784273997,-0.0019213913474231,-0.0038295462727546,-0.005812313407659499,-0.009335021488368499,-0.002188608516007601,-0.0002325680106878003,-0.0005471762269736,-0.0017328988760710005,-0.0098950127139688,-0.008437891956418801,0.0012735254131256996,-0.0017509493045508996,-0.0009255675831809,-0.004709958098828798,-0.0073510939255356,-0.0035783110652119,-0.003891703672707099,-0.0015647077234462001,-0.0003200781793567,-0.0030297003686428,-0.0034495249856264,-0.0015370610635727002,-0.0002993810921907,-0.0005979193374514001,-6.198250048321854e-05,-0.007440059620421401,-0.0027805455611087,-0.0008422283863183,-0.0027209402760491,-0.0005509068814717336,-2.8764272428816184e-05
members/member_52.png,1,-0.005688276141881998,-0.0075736436992883995,-0.0159562081098556,-0.0008574002422393001,-0.0012145442888140002,-0.0008743908256292,-0.003572586923837601,-0.0035830270498991013,-0.006085198372602499,0.00029458617791539975,-0.0004979404620826999,-0.0008011693134903999,-0.00029475614428519856,-0.0024267164990305987,-0.0042597576975822,0.0007821177132427007,-0.00013448717072600015,-0.0005145040340722002,-0.0037169586867094005,-0.0059011029079556,-0.0042614524718374,-0.0021498901769519,-0.0015842206776141995,-0.0011442988179624,-0.0011392943561076996,-0.0041675986722112,-0.00208337767981,0.0010756603442132993,-0.0012433347292245002,-0.0003429786302149,-0.0020247194916010007,-0.0024815872311592002,-0.0009792548371478998,-0.0015592710115015992,-0.00039620907045899987,-8.33260419312352e-05,-0.0052984724752605,-0.0020688165532193,-0.0005247361696091539,-0.0028777776751667005,-0.0006687321510980218,-2.685911749722436e-05
members/member_53.png,1,-0.0009828638285399004,-0.02407184988260269,-0.046936616301536505,-0.0013323938474059,-0.0021319864317775,-0.0030321590602397997,-0.006377190351486199,-0.012807667255401604,-0.020994603633880594,0.00017672777175900024,0.0006677694618702004,-0.0017235884442926,-0.0012432187795639003,-0.012540861964225804,-0.011640049517154704,-0.002066221088171,-0.0025662546977401005,-0.0009079936426133,-0.003796132281422601,-0.012290012091398198,-0.015385320410132398,0.00012552412226799967,-0.0009549893438816001,-0.0020343929063527996,-0.0015626270323991984,-0.013650171458721199,-0.008822849951684503,0.00013095373287790035,-0.0030461431015282995,-0.0011743324284908,-0.002583031542599201,-0.0096800550818443,-0.0043634148314595,-0.0016716732643544006,-0.0012685038382187002,-0.000362503240467,-0.012035192688926999,-0.0081136041844729,-0.0023958649107954,-0.0039190262323246,-0.0012341884103079612,-7.062623262753358e-05
members/member_54.png,1,-0.0065853670239449,-0.021896868944168098,-0.040399976074695594,-0.0030935006216168993,-0.0033403006382286002,-0.0029445160180330008,-0.004640955477952902,-0.011457417160272598,-0.0196174196898937,-0.0013112477026878998,-0.0005118483677506993,-0.0021037445403635996,-0.0026867669075727983,-0.006151035428047201,-0.0115253888070584,-0.0010285857133568001,0.0002506915479898999,-0.0006576869636773998,-0.004091296344995502,-0.007749276235699598,-0.0139328017830848,-0.0006298180669545997,-0.0013981359079480006,-0.0014327210374176001,-0.0005967449396848991,-0.005781980231404402,-0.008441636338830001,0.0010711019858717996,-0.0004974585026503,-0.0012787647428923001,-0.0030152983963488995,-0.0071075968444347,-0.0048991520889104,-0.0014250315725803002,-0.0018340961541980995,-0.00045619888987850004,-0.0103456592187286,-0.010112094052601599,-0.0031400396983372,-0.0034846094204113,-0.002064294760202668,-0.00011890553287228811
members/member_55.png,1,-0.0035484209656716018,-0.009174276143312503,-0.04345448315143591,-0.002444242592901,-0.003753663040697599,-0.002212750725448199,-0.0006315112113951978,-0.010821018368005697,-0.030010085552930804,0.0019512642174959,-0.0007640211842954003,-0.003023508004844201,-0.0009489338845015023,-0.006636865437030799,-0.018643338233232498,0.0006513246335089996,0.00014908984303470003,-0.0015338282100856,-0.002011230215430298,-0.012809060513973201,-0.021947603672742903,-0.002917922101914899,-0.0027159168384969,-0.0022303637815639,-0.0021463483572006017,-0.011123504489660298,-0.010430119000375201,0.002089725341647799,-0.0013281235005706002,-0.001009832310956,-0.0036211637780069993,-0.009338832460343801,-0.004886801820248399,-0.0019007930532096992,-0.00166417832952,-0.0006794259534217,-0.009825680404901501,-0.0092988113756292,-0.0030671540444018003,-0.0039304696256295,-0.0014627244345319017,-0.0001352068393316549
members/member_56.png,1,-0.004903830587863901,-0.015518691390752806,-0.03523542732000359,-0.0017007067799568003,-0.0012287190183997987,-0.0028182277455925994,-0.0014745648950337982,-0.007316373288631398,-0.020519655197858803,0.0015622908249496997,-0.0014415774494409006,-0.0042955763638019,-0.0013655368238688,-0.008970867842435802,-0.013975985348224598,-0.0007091527804732002,0.0001001288183032998,2.2729858756000317e-05,-0.005261307582259102,-0.010790932923555395,-0.0171527694910765,-0.0018499656580388997,-0.0009003179147839,-0.0019116618204861003,-0.0027823159471154994,-0.010002857074141502,-0.009059439413249501,-0.00040593603625890037,-0.0022003070916980995,-0.0010358659783379,-0.0022390633821486993,-0.0047764144837856015,-0.0050204391591251,-0.0006072428077459995,0.0007688954938202997,-0.0005927866732236,-0.009286979213357,-0.0147707336582244,-0.004287384246708799,-0.0036328480346128006,-0.0042897508683380995,-0.00043604532402233574
members/member_57.png,1,-0.006464518606662698,-0.027940176427364405,-0.0610719099640846,-0.0020364681258797004,-0.0004436960443854991,-0.0045083537697792,-0.0027829967439175,-0.011898368597030598,-0.034110963344574,-0.0003396109677851998,-0.0008186902850866005,-0.0014752955175935997,-0.003995882347226202,-0.010615635663271006,-0.0222211740911007,-0.0004322370514272993,-0.0019548605196178003,-0.0038269241340458003,-0.0014213975518940977,-0.019688487052917494,-0.028389275074005103,-7.827999070290047e-05,-0.0032849430572241996,-0.0019547253032215,-0.0056065348908306,-0.016882851719856203,-0.0130433663725853,-0.0015227529220282997,-0.0017392090521752002,-0.0006047051865608,-0.001059534959495,-0.009647442959249,-0.0054760994389654,-0.0008974405936897,-0.0005980810383334999,-0.000218193490582,-0.0113203614018858,-0.0073963687173091,-0.0030647074599983,-0.0037712641642429004,-0.0015337691966123826,-5.513456198968483e-05
members/member_58.png,1,-0.0039304811507463,-0.02105043828487399,-0.06097883731126791,-0.0021944781765342,-0.0023604389280080995,-0.007922464050352601,-0.0027524791657925,-0.009211659431457506,-0.029685087502002702,0.0001339400187135003,0.0005148136988281996,0.00014115916565060008,-0.0002032574266194985,-0.006355430930852897,-0.0188319757580757,-0.0015023648738860997,-0.0005910051986574997,-0.0027731596492230996,-0.004009790718555398,-0.014832973480224602,-0.0221191328018904,0.0004770257510244994,-0.0015326100401580004,-0.0022566610714421006,-0.004178004339337401,-0.0144302062690258,-0.0116845732554793,-0.001637373585254,-0.0018224248196929997,-0.0009648717823437999,-0.002925573848187901,-0.010684210807085101,-0.005704367533326199,-0.0009630308486521001,-0.0016691086348146,-0.0005715419247281,-0.0115329290274531,-0.0124752081464976,-0.0040888999646995,-0.0035231713554821995,-0.0020631734878407,-0.0002585779366199146
members/member_59.png,1,-0.0080288201570511,-0.0319246351718902,-0.062119066715240506,-6.420537829399976e-05,-0.0028345240280031984,-0.0046319840475917,-0.0009841546416281995,-0.017882458865642603,-0.026480395346879994,-0.0001770798116921997,-0.00031563546508550124,-0.0015985965728758998,-0.0029141940176487004,-0.011118356138467796,-0.016495119780302003,0.0005487073212861997,-0.0022703558206557993,-0.0011599902063608998,-0.005178125575184801,-0.0176226664334535,-0.015763947740197203,-0.0013106614351273,-0.0024530256632716,-0.0014661612804047002,-0.0043505486100913,-0.010392847470939201,-0.006515452638268499,-0.0011067409068346006,-0.0016376591520384,-0.0005543688312173,-0.0074685141444205995,-0.006739342585206001,-0.0027065001195296003,-0.0024905679747462,-0.0006626456161029002,-0.0001554571354063,-0.007120591821148999,-0.0049694291956257,-0.0015292394964491,-0.0022277850657701,-0.0008821513656584882,-7.058476694509305e-05
members/member_60.png,1,-0.0010890308767558046,-0.018003933131694794,-0.0359180942177773,-0.0006549032405018997,0.00010721478611229983,-0.0029076039791106996,-0.0031455140560864986,-0.008257120847702103,-0.012116355821490298,-0.0015598968602717,-0.0007656323723494998,3.339070826770003e-05,-0.005038972944021201,-0.008719686418771699,-0.0079483166337013,-0.0001985090784727998,-0.0012445459142328003,-0.0014338842593134,-0.006959132850170198,-0.0108064375817776,-0.0125561356544494,-0.0013306513428688006,-0.0014093182981013996,-0.0020680706365965003,-0.0024746740236878013,-0.0075613660737872,-0.0059528248384595,-0.0013217290397733996,-0.0008231184910982999,-0.0004819688620046,-0.0038924906402825997,-0.0037785330787301003,-0.0028382258024067,0.00036401138640940016,-0.0010006468510255,-0.00026813706062959997,-0.0072536957450211005,-0.005025618855143,-0.0015730544982944,-0.0028334258822724,-0.0011279925529378851,-6.346988084259127e-05
members/member_61.png,1,-0.005648877471685399,-0.033137634396553,-0.0592071115970612,-0.0022920747287571994,-0.002587036229669999,-0.0007936628535389987,-0.001830792054534,-0.015392299741506597,-0.0288605988025665,0.0007694424130023003,-0.0012213848531246003,-0.004129592329263701,-0.003153312951326301,-0.010185465216636602,-0.017705410718917902,-0.0014851680025459004,-0.0025099753402174005,-0.00022672954946749944,-0.004643021151423499,-0.0095988996326924,-0.0240401066839695,0.0006802668794989994,0.0009026410989464006,-0.0029973350465298003,-0.0010320842266083007,-0.0148133859038353,-0.011925646103918499,-0.0011354032903909995,-0.0034179005306215,-0.0011669312953018,-0.006571657955646499,-0.012167849577963302,-0.0056306575424969005,-0.0023189513012767003,-0.0012085068738088,-0.00022519272897620002,-0.008344496833160499,-0.0094454748323188,-0.0032376648887294003,-0.0033170132664962996,-0.0014573033768100622,-6.274608676899237e-05
members/member_62.png,1,-0.003976665437221499,-0.0237543359398842,-0.0499276518821716,-0.0012557301670312986,-0.0014699660241604007,-0.0039129927754402005,-0.007375366985797903,-0.012740805745124803,-0.0255901999771595,-0.002837211359292301,-0.0016315756365657,-0.0003893962129950003,-0.0018758438527584007,-0.008810430765151998,-0.015316553413867902,-0.0006420016288756995,-0.0010731373913586,-0.0015385593287646996,-0.004935896024107898,-0.012201206758618303,-0.017523801885545302,0.0013105152174829994,-0.0004172669723629995,-0.0024773620534688,-0.003460185602307299,-0.010780537500977499,-0.0082821999676526,-0.0005761748179792994,-0.0026010915171355005,-0.0005657549481839001,-0.005608314648270602,-0.0092648547142744,-0.0039696095045656,-0.0015781261026859006,-0.0016194639028980998,-0.0003335272267577,-0.0091509425546974,-0.0096431465353817,-0.0021735029586125,-0.0042436997173353995,-0.0013250317133496948,-5.2791339840032475e-05
members/member_63.png,1,-0.005928603932261498,-0.026713199913501795,-0.06372737884521491,-0.0014150403439999008,-0.0015462636947631992,-0.0018056756816805008,-0.0030444003641604996,-0.0158458575606346,-0.031000543385744095,-0.0012209000997245,-0.0021442002616823006,-0.0019023604691028005,-0.0014834012836217984,-0.011088624596595702,-0.018238097429275506,-0.0012186137028038996,-0.00019031437113879984,-0.0013167150318622997,-0.0015522763133049011,-0.016349524259567302,-0.020691143348812998,0.0014524669386446996,-0.0013842564076185,-0.0016391571843997,-0.004661897197365799,-0.011544900014996497,-0.010282645933330099,-0.00010511325672269995,-0.0010976409539581004,-0.001229909947142,-0.0048447102308273,-0.010309871286153802,-0.0050971179734916,-0.0027283239178360003,-0.0027180644683539,-0.00032771771657279995,-0.011808363487944,-0.014218951109796799,-0.0030749544530407997,-0.0038514832267536993,-0.002234006122307607,-0.00012010789941988527
members/member_64.png,1,-0.005858471617102699,-0.023924969136714908,-0.0775855779647827,-0.0024389605969191005,-0.0006490442901849001,-0.0052735516801477,-0.002307187765836702,-0.016179867088794694,-0.0332661122083664,0.0008319555781782003,-0.0011809822171926984,-0.0015564658679068002,-0.0002628881484269992,-0.018836617469787598,-0.018353044986724798,0.0004489286802709007,-0.0033596288412809008,-0.0008769347332417995,-0.002393199130892698,-0.022752586752176306,-0.0186189729720354,0.004344948567450099,-0.0015193093568086997,-0.0011892938055098,-0.004162585362792102,-0.014469455927610397,-0.0089198392815888,-0.0065995156764985,-0.0014995604287833006,-0.0011053319904022001,-0.005484736524522299,-0.008906994946301,-0.00456150341779,-0.00014112330973139933,-0.0006807385943829996,-0.0006092274852562,-0.0114091935101896,-0.0114371910458431,-0.0029683097673114003,-0.0039859558455646,-0.0028150813304819,-0.00015395485388578438
members/member_65.png,1,-0.0041329413652419975,-0.0361676216125488,-0.053870953619480105,0.0009133890271187002,-0.003941330127418099,-0.0015252693556248999,-0.0019005425274372031,-0.015829823911190102,-0.0202655605971813,-0.00031104218214749943,-0.0013261595740914007,-0.0016813331749289998,-0.0038346741348504985,-0.0113386120647192,-0.008616685867309598,-0.001760317012667701,-0.0011913292109966998,-0.00045922189019620007,-0.004619078710675201,-0.0116192940622568,-0.008292102720588501,-0.0006186151877044998,-0.0018797020893542996,-0.0011230220843572,-0.0011581927537917987,-0.0072589735500514,-0.0036064535379409,-4.282407462600016e-05,-0.0011354760499672001,-0.00027440974372439997,-0.0076086539775134,-0.0045821657404304,-0.0015551390824839998,-0.0027393400669097996,-0.0008171033987309001,-0.00013869817848896434,-0.0105434670113027,-0.002960697573144,-0.0008503700082655366,-0.0032955495407805003,-0.0004269210094207513,-1.621052797418087e-05
members/member_66.png,1,-0.005631383508443902,-0.03423357009887701,-0.06659147888422019,-0.002737906295806101,-0.0041147121228277,-0.003927951678633701,-0.0045649129897356,-0.023006048053502995,-0.03475537151098249,-0.0006319135427475002,-0.0014956905506550997,-0.0011916463263331998,-0.0016366671770811012,-0.012706305831670803,-0.0177916064858436,0.001530993264168501,-0.0009433757513762006,-0.0014487778535112999,-0.005304407328367199,-0.017110034823417702,-0.016236450523138102,-0.003251939080655601,-0.0015411418862640996,-0.0013207053707447,-0.004862640984356402,-0.008160322904586698,-0.0059729861095547,-0.0008305618539452995,-0.0004656941164285001,-0.00026020446966869997,-0.0048934919759631,-0.0051194899715484,-0.0024476340040564997,-0.0009996790904551003,-0.0016250114422291,-9.958756709232706e-05,-0.0071936221793294,-0.0038075009651947003,-0.0013029012770858,-0.0023701676400378997,-0.000952135091210932,-2.0225455955369398e-05
members/member_67.png,1,-0.007380301132798202,-0.0313682071864605,-0.06298336386680609,-0.0004555368795990996,-0.0007162122055888002,-0.004375831224024301,-0.0042100809514523,-0.0144799873232841,-0.021732361987233103,3.141351044180004e-05,-0.0025496217422187,-0.0017982542049139994,-0.0010923407971859013,-0.0073336791247129995,-0.0115988180041313,-0.00034658424556260024,0.0009655440226197,-0.0008272454142570001,-0.0041391868144272995,-0.010178463533520699,-0.0104356310330332,-0.0012264852412045002,-0.0020420593209565,-0.0010715507087298002,-0.0014625340700149987,-0.008494763635098901,-0.004628132563084301,0.0005291779525578005,-0.0015044357860461,-0.00028715282678609997,-0.005294223316013801,-0.0052240104414522995,-0.0019714924274012997,-0.0018946109339595006,-0.0010475075687282,-8.62386004881871e-05,-0.0088704389054328,-0.0044369668321451,-0.0010513549350435,-0.0040872966637834,-0.0006825104137532366,-7.124697731342167e-06
members/member_68.png,1,-0.0012784078717232028,-0.019988313317298896,-0.049598075449466705,-0.0016129883006215,-0.003956250846386,-0.0046830466017127,-0.002563880756497397,-0.0101690329611301,-0.021821910515427596,0.0011164224706590002,-0.0008690939284861001,-0.0006163551006466003,-0.0012894403189420006,-0.008030174300074598,-0.010741988196969001,0.0005056667141615998,0.00021839467808609965,-0.0007463294314220999,-0.004095517098903701,-0.009786890819668798,-0.0107531249523163,-0.0018969345837830994,-0.0016807005740701996,-0.0010258242255075998,-0.0011497475206851994,-0.005767769180238202,-0.004708212101831999,-0.0015828069299460004,-0.0010085559915752,-0.0005750015261583,-0.0027944874018431005,-0.0059928209520877,-0.0022167001152411,0.0005545071326196003,-0.0014986044261604,-0.0002576315746409652,-0.0057857991196215005,-0.006255895103095099,-0.0012301896567806,-0.0022476571612060005,-0.0011360159551258783,-4.2134986870223656e-05
members/member_69.png,1,0.0050597824156284055,-0.0401254296302795,-0.0722465477883816,0.00037788320332769916,-0.0039645857177674,-0.0038771715480834,-0.007147397845983505,-0.020407680422067705,-0.024311807006597498,-0.0006746239960193998,-0.00022708438336849993,-0.0010604117996990997,-0.005618143826723099,-0.0150203444063663,-0.011787224560976101,-0.0011433833278714995,-0.0022309082560240997,-0.0009574878495187001,-0.008810536935925498,-0.0159096298739314,-0.0099402745254338,-0.0010987357236445002,-0.0017179246060551002,-0.0008706536609679001,-0.009283572435379,-0.0079183117486537,-0.0037905441131442,-0.0023084059357642997,-0.0011559558333829,-0.0004863633075729,-0.0039740744978189,-0.0043755071237683,-0.0015277951606550001,0.0009843180887401,-0.0005382397212088,-0.00010052873403760182,-0.0103839794173837,-0.0030846618319629,-0.0008022812835406,-0.0047535945195705,-0.0006739056880177726,-5.118260742165148e-05
members/member_70.png,1,-0.0066699720919131955,-0.021274745464325,-0.041551437228918096,-0.0019665812142193005,-0.0024307067506016003,-0.0014398014172911002,-0.0023212525993586003,-0.0107064582407474,-0.019464358687400797,0.0010885531082749002,-0.0018937527202069005,-0.0029103038832544994,-0.003295935690403002,-0.005458809435367602,-0.013306898996234003,0.0005157724954188009,-5.538947880270005e-05,-0.0020058497320861,-0.003466237336397098,-0.0093997027724981,-0.015376479364931498,-0.0018192194402218004,-0.0012840451672672996,-0.0015550433308818001,-0.0016567148268223017,-0.0052471095696092,-0.006856453139335,0.0003164494410157993,-0.0009441850706935003,-0.0005511268100235,-0.0032736714929341992,-0.0051533151417970996,-0.0030186597723512996,-0.0006079329177737999,-0.0009067740757018998,-0.0002858842199203,-0.0091161837335676,-0.0050467844703233995,-0.0017261161556235,-0.0045747368130833,-0.0012046146002830025,-7.871747220626011e-05
members/member_71.png,1,-0.007768718525767399,-0.024606052786111908,-0.044760696589946705,-0.0028437850996852008,-0.0027279192581772995,-0.0016358578577636996,-1.8974766135198412e-05,-0.009442187845706898,-0.0194642804563046,0.0004092147573828992,-0.0014396551996469003,-0.0010668425820768,-0.0036760102957487002,-0.0088428147137165,-0.012561067938804599,0.0006293775513768005,-0.0011286963708699,-0.0012712446041404997,-0.0021469257771969015,-0.013469964265823399,-0.0162120275199413,-0.0020210547372699,-0.0015108755324036004,-0.0019871313124895,0.0017789751291275024,-0.010982538573443902,-0.0097615793347359,0.002413847483694601,-0.0015988333616405999,-0.0013913062866778,-0.0069761723279953,-0.007235519587993599,-0.0050661987625062,-0.0021818946115673005,-0.0014994812663644001,-0.0003880944423144,-0.015991090098395902,-0.0053174406057224,-0.0028957119357074,-0.0063057353254407,-0.0007797996713634019,-7.732752419540681e-05
members/member_72.png,1,-0.006045520305633503,-0.0229614302515984,-0.026425275951623903,-0.0032935817725956995,-0.0032204762101173,-0.0017107934691012,-0.005103187635540997,-0.011755449697375304,-0.0094012673944235,-0.00024116318672889967,-0.00016561150550839943,-0.0002696545561776001,-0.0014564096927642996,-0.007106326520442997,-0.0038618734106421002,0.0011239578016101993,-0.0011294577270746006,-0.0009000280406325999,-0.008604086935520103,-0.0070010852068662,-0.0037974722217769,-0.0025682696141301996,-0.00020771333947780003,-0.00046613294398410005,-0.003691703081130999,-0.004903547465801301,-0.0016160460654646,0.00032979715615509986,-0.0005665423814207996,-0.00018307061691299998,-0.0036239214241505,-0.0037794634699821004,-0.0005786895344499,-0.0009497548453509998,-0.0018050100770778002,-0.00010722164006433975,-0.008844689931720499,-0.0022586549748666996,-0.0002874573983717417,-0.0038970119785518,-0.0005134075217938501,-2.457114533171989e-05
members/member_73.png,1,-0.0031048096716403996,-0.0208273530006408,-0.048210650682449396,-0.0008519487455486991,-0.003694190178066499,-0.0023662801831961,-0.0031353421509266004,-0.011447586119174999,-0.017985042184591307,-0.0016470784321428004,-3.0369032174400006e-05,-0.0005351053550838999,-0.001597777009010301,-0.007584750652313198,-0.013083394616842298,0.0013759564608335998,-0.0007602125406265007,-0.0011459388770164005,-0.002691727131605197,-0.009641759097576204,-0.0131974536925554,-0.0016891243867576,-0.0006678332574665,-0.0004593827761708996,-0.0045279134064913,-0.0084003433585167,-0.0122949946671724,-0.0004174499772489999,-0.001571566797793,-0.002483306103386,-0.002953527495265002,-0.0106095653027296,-0.0089284889400005,2.400577068329985e-05,-0.0018407283350824998,-0.0011641349992715,-0.0106020662933588,-0.0152177411364391,-0.0065624718845357,-0.0047211683122441,-0.0027082453525508103,-0.00033734421231195876
members/member_74.png,1,-0.008947245776653297,-0.025290027260780307,-0.05886222422122951,-0.0028118961490691003,-0.0013629337772726995,-0.0008131247013807002,-0.003637531772255901,-0.011981077492237098,-0.0271077156066895,0.00019283592700959987,-0.0018711062148214002,-0.0018563144840299996,-0.0008865371346474006,-0.009175181388855001,-0.013652734458446496,0.0017582192085682999,-0.0017212252132594004,-0.0011289161629974998,-0.0044672805815935,-0.0136732943356037,-0.021480487659573503,-0.0025825966149568003,-0.0013505648821592999,-0.0032428053673357,-0.0046870391815900005,-0.012007143348455498,-0.012357718311250298,-0.0012912526726722995,-0.0015049872454255,-0.0019454197608865,-0.0009607514366507999,-0.0078392853029072,-0.006260563619434801,0.0018175118602811995,-0.0009642782388255,-0.0006087517685956,-0.0109266301151365,-0.007131750200642301,-0.0038579814572586,-0.0061442506266758,-0.0014373085323313712,-9.6219177066744e-05
members/member_75.png,1,-0.003761984407901698,-0.0132757723331452,-0.0232068374752998,-1.0641757398899276e-05,-0.0030162020120768998,-0.0017454493790865,-0.0034627616405487026,-0.007415043190121602,-0.009821565821766798,-0.0008856537751853006,-0.0002521653659642003,-5.499692633800096e-06,0.0006377436220646009,-0.004291063174605401,-0.0061115976423026,0.003593574743717901,0.0001638082321733002,-0.0013583870604633999,-0.005520337261259599,-0.006375515833496999,-0.0084016756154596,-0.0049924515187740005,-0.0005805720575154001,-0.0014977121609263,-0.0008006365969777003,-0.0036009261384606995,-0.004120608093217099,-0.00040871044620880044,-0.00022026873193679982,-0.00029322985210459993,-0.0019954098388552995,-0.0027424269355833,-0.0020565786398947005,0.0013183499686419999,-0.0012478773714974,-0.0003147462120977564,-0.005705322837457,-0.0042965672037099,-0.0011412582243792,-0.003947923425585,-0.0015045617474242882,-3.1178984500002116e-05
members/member_76.png,1,-0.005291694775223805,-0.022760584950447096,-0.06216590851545341,0.0010203691199422004,-8.706096559760006e-05,-0.0030083060264586986,-0.002682818099856297,-0.010862972587347003,-0.028192937374114893,-0.0012675547040999005,-0.0004990287125111008,-0.0024169557727873004,-0.0031674522906541998,-0.011778283864259699,-0.0200569145381451,-0.0008373917080461996,-0.000937270931899499,-0.0016224882565439,-0.002676861360669202,-0.013733793050050704,-0.021735785529017504,0.0016687582246959999,-0.0030446886084974003,-0.0023218416608870003,-0.0032587442547083005,-0.011799275875091598,-0.0125029264017939,-0.00033841654658319995,-0.001555789494887,-0.0015600600745529,-0.002134561538696199,-0.008891664445400202,-0.0065316082909702994,-0.0028705084696412,-0.001775280572474,-0.0006047447677702,-0.0116373335476965,-0.008332018041983299,-0.0041826477681753,-0.00398842751747,-0.001121724344557098,-0.00022170627926236406
members/member_77.png,1,-0.0012817513197659995,-0.023709613829851192,-0.047290246933698696,0.0004712538793683,0.00016840267926450034,-0.0038657193072140997,-0.0040623284876347004,-0.013122528791427605,-0.020130705088377,-0.0009009521454572001,-0.0029537873342633005,-0.0016814032569526997,-0.004989365115761698,-0.0084419026970863,-0.0127065777778625,-0.0015709833242,-0.0005352329462767003,-0.0013543188106269,-0.0013374146074057007,-0.016926938667893396,-0.0134394261986018,2.1164305508200067e-05,-0.0022128822747617995,-0.0013479394838214,-0.0030785091221333,-0.009650853462517301,-0.0062072477303445,-0.0009094290435313996,-0.0014526511076837002,-0.0007453987491317,-0.0032606814056634,-0.006929885130375599,-0.0026029342552647003,0.0021647778339684,-0.0010049718548544,-0.00015256107144519997,-0.0090049533173442,-0.004301345790736401,-0.0014928057789802,-0.0065002932096832,-0.0007498836384911137,-4.631842239175735e-05
members/member_78.png,1,-0.004846712574362699,-0.025933749973773998,-0.0653162375092507,0.0021911812946200006,-0.000762013718485801,-0.0015127202495932995,-0.007251108065247501,-0.015995822846889503,-0.03271057456731791,-0.002985758241266001,-0.0022960663773119996,-0.0030436702072619997,0.00026123970746989855,-0.015050366520881597,-0.017234027385711698,-0.0014475490897894,-0.00023403996601700002,-0.0007305741310120002,-0.004356265068054199,-0.0180607996881009,-0.017667587846517598,0.0010515963658691,-0.0032110980246216,-0.0021498377318494,-0.0045868940651417,-0.013074826449155799,-0.007350580766797,-0.0013201753608883,-0.0019219436217098999,-0.0006010445649735001,-0.0022786715999245,-0.0071674864739178995,-0.0031511138658970998,0.0002492205239833,-0.0009510611998849001,-0.00020387497352200205,-0.0102564624976367,-0.0058440984867048,-0.0016140048537636,-0.0047190573532135,-0.000885999023012077,-3.1951865821611136e-05
members/member_79.png,1,-0.005963882431387898,-0.026587005704641398,-0.0456724800169468,-0.0016534118913114002,-0.0013303016312420004,-0.0039587737992406,-0.0039378069341182015,-0.015774812549352604,-0.0174969453364611,-0.0002796505577861994,-0.0020390972495078997,-0.0016027884557842998,-0.002083709463477197,-0.010073639452457397,-0.008706660941243099,0.0004415526054799999,-0.0014241202734410997,-0.0003519032616169,-0.005627669394016203,-0.012737802229821701,-0.0071715475060046,-0.0018710340373219005,-0.0014270548708737005,-0.0007075878675095,-0.005136295221745999,-0.0071678617969156,-0.0027645461959765,-0.0013389885425566994,-0.0015889275819063,-0.0002963788429043,-0.0038823792710899994,-0.0037759500555694,-0.0010515289613976999,-0.0012206088285893002,-0.0007025486556812999,-9.48848755796435e-05,-0.004444810096174499,-0.0027322807000018,-0.000554992693650911,-0.0014347442192957003,-0.00043447355892564746,-1.568654624861665e-05
members/member_80.png,1,-0.0057954546064138,-0.01716678589582439,-0.035259447991848006,-0.00012114550918339989,-0.0010429238900543005,0.00017874967306850086,-0.0043625738471747,-0.007937494665384306,-0.019778184592723798,-0.003275064285844599,-0.0002267695963382001,-0.0038405251689255003,-0.0016402639448642002,-0.007924076169729198,-0.016738086938857998,0.0022090678103268997,-0.0011534402146936,-0.0013827923685312002,-0.004470309242606201,-0.011510698124766398,-0.0169259635731578,-0.0021096309646965,-0.0019017718732357,-0.0017400640062988002,-0.0025172559544443997,-0.0079713892191648,-0.008133712690323602,0.00029869703575970043,-0.0008082806598395001,-0.0009192578145303,-0.0006148787215352006,-0.0059198383241892,-0.004179515177384,-0.0013532419688999002,-0.0008353111334145,-0.0003339753748149999,-0.007771220291033399,-0.0090385337825865,-0.0027492507651914,-0.0021773376502097,-0.0022425116876547313,-0.0001455568417440809
members/member_81.png,1,-0.0032777134329080027,-0.0208551660180092,-0.0725023746490479,-0.0026716631837189,-0.003665137104690101,-0.0027058012783526993,-0.0028786379843951,-0.011024303734302507,-0.0351785719394684,0.0030196034349501003,-0.00045307539403439956,-0.0026601091958582002,-0.0021703206002711972,-0.00874312967062,-0.023319825530052102,-0.0016104159876704,-0.00037786178290839974,-0.0017505730502308005,-0.0015181601047516008,-0.0127700194716453,-0.026924690231680898,-0.0010392293334008,-0.00023647956550120006,-0.0021554797422140997,-0.001049390062689802,-0.0153670199215412,-0.0138873606920243,0.0005772351287305997,-0.0024748346768320006,-0.0012125415960326,-0.002265831455588299,-0.0136242341250182,-0.0076708756387233006,-0.002300675958395,-0.0016564480029045998,-0.0006741054239683,-0.0133007387630642,-0.018898622947744997,-0.0050644497969188,-0.0035097933141514997,-0.0028115573950345,-0.00018562182594902648
members/member_82.png,1,-0.0065273456275463035,-0.036855988204479204,-0.052401423454284696,-0.0015054494142532002,-0.003960510715842301,-0.0052513652481139,-0.004442485049366899,-0.012845776975154898,-0.029444370418787003,0.0011750338599085999,-0.0008614929392933993,-0.0024187937378882998,-0.0051605775952339,-0.012403745204210302,-0.016489204019308097,-0.002527706325054201,0.00014421576634049936,-0.00047348625957970014,-0.005801239982247398,-0.013472776859998696,-0.024095555767416902,-0.0016714734956621994,-0.0022476632148026995,-0.0028014943236485002,-0.003426980227232,-0.011882109567523003,-0.011432259343564599,-0.0011473577469587005,-0.0017667973879725001,-0.0009886036859825,-0.002887346781790201,-0.010406001470982999,-0.0058184550143778,0.0008733998984098001,-0.0017183823511004,-0.0004989039443898999,-0.0119429625337944,-0.0129901898908429,-0.0033303347590845,-0.004223040130455,-0.0016829731248435458,-8.11167628853123e-05
members/member_83.png,1,-0.005325257778167704,-0.028368078172206802,-0.0473516881465912,0.0006076488643885006,-0.0038277553394436992,-0.0036998053546995,-0.0035524349659680973,-0.012423865497112302,-0.0171228349208832,-0.0012506768107415009,0.0002503427676856995,-0.0006209225393831999,-0.002834621816873599,-0.008284106850624098,-0.009618910029530501,0.0002884455025196006,-0.0010252683423459998,-0.0009597579482943002,-0.0047145988792181015,-0.0136783700436354,-0.0108204474672676,-0.0030728783458471003,-0.0013931309804319997,-0.001306549354922,-0.003696193918585798,-0.0101969484239816,-0.005407953634858099,-0.0009754500351845993,-0.0015380310360342004,-0.00046340178232640006,-0.0035617165267467013,-0.0090681882575155,-0.002687482861802,0.0009384062141179995,-0.0017041327082551998,-0.00027092976961278045,-0.0143629029626027,-0.0060132104554213,-0.0015319861558964001,-0.0051198991131969,-0.0008825421718938428,-3.74869669030886e-05
members/member_84.png,1,-0.005251377820968597,-0.029347315430641188,-0.049332544207573006,-0.0013583721593022,-0.0017335498705505995,-0.0021911347284912994,-0.0024976488202811016,-0.013975765556097003,-0.021826811134815195,-0.00021676858887079934,0.00017163529992099934,-0.0025662193074823007,-0.0024734977632761,-0.0101714842021466,-0.014697890728712096,4.217447713019979e-05,-0.0026048058643937,-0.0015600719489156996,-0.005036950111389098,-0.012205896899104104,-0.017673181369900703,-0.0008332892321050002,0.0004709437489509999,-0.0020535849034786,-0.0030346019193530013,-0.013217341154813697,-0.0092211235314607,-0.0005429908633233001,-0.0029874553438277,-0.0008526535239071001,-0.0031363004818559005,-0.008971232920885102,-0.004768469138071,-0.0011810483410953998,-0.0014385447138919997,-0.0003506840730552,-0.009596302406862399,-0.0081878745695576,-0.0028842010069637996,-0.0038928352296351996,-0.0014925797295290452,-0.00011094881483577644
members/member_85.png,1,-0.007675096392631593,-0.033396005630493095,-0.0566234886646271,-0.0025403099134565,-0.0036443779245018994,-0.003627080470323501,-0.0014797337353229037,-0.020843576639890705,-0.025203965604305295,0.0007896278984844997,-0.0011669155210256004,-0.0019207340665162,-0.002965139225125299,-0.0098768621683121,-0.012509606778621701,-0.0009679575450719001,-0.0010625226423145,-0.0012754681520163996,-0.0053329598158598016,-0.015282742679119096,-0.0191559605300426,-0.0007339273579418,-0.0023945993743836004,-0.0018035925459117,-0.003308193758130098,-0.013791991397738502,-0.013742035254836102,0.00011850474402310025,-0.0014867300633341998,-0.0018341797403991001,-0.006225527264177801,-0.009249070659279799,-0.0066459099762142,-0.0015119044110179,-0.0018738947110249998,-0.0004917383485008,-0.0098484510090202,-0.0092073612613603,-0.0040205397963291,-0.0034711941843853,-0.0013843662163707969,-0.00014521493721979272
members/member_86.png,1,-0.004354454576969105,-0.025318861007690402,-0.0697489157319069,-0.0016744155436755007,0.0011627227067946989,-0.0020009763538837,-0.005863880738615997,-0.013834409415721893,-0.027875721454620403,-0.0011261310428381,-0.0048247729428111995,-0.0009698285721243009,0.0011509377509355961,-0.008331872522831005,-0.017308235168456997,-4.1122548282099616e-05,0.0019483761861920001,-0.0028605125844478997,-0.0015503689646720956,-0.014164675027131996,-0.021734924986958504,0.0013836901634931998,-0.0027606110088527003,-0.0030275110621005,-0.009492045268416401,-0.014242602512240403,-0.009890574961900699,-0.0047780848108233,-0.0028847169596702,-0.0010284298914485,-0.007121810689568599,-0.009829448536038399,-0.0046810025814921,0.0007797931320966001,-0.0011554950033314999,-0.0002895739671657,-0.0118225392652675,-0.0067263907694723995,-0.0025404417101527,-0.0049858412239701,-0.000786423845056478,-6.396438766385269e-05
members/member_87.png,1,-0.0043361242860556,-0.019204884767532404,-0.0315292663872242,0.0008585248142481006,-0.0010410076938569,0.00014997459948060034,-0.0015303511172533,-0.009705111384391799,-0.012527253478765495,0.0005081184208392993,-0.0014161975122988996,-0.0012681065127253003,-0.0045554302632809,-0.0031043812632560036,-0.007297614589333604,-0.0019487333483993998,-0.0007385341450571997,-0.0012147363740950996,-0.0029455181211233,-0.008826112374663398,-0.010961640626192098,-0.0009174714796244994,-0.00029685255140060075,-0.0016071639256552003,-0.0042224414646625,-0.009694430977106101,-0.007113255560398101,-0.0012880731374025007,-0.0015789796598255994,-0.0011107159079984,0.0012879688292740978,-0.0086732087656855,-0.004489928018301699,0.0012425356544554008,-0.0019450535182841,-0.0005078159447293,-0.0156259711366146,-0.0067671496071852995,-0.0028002379840473,-0.0061227002297528,-0.0008749984790483171,-0.0001151544383901501
members/member_88.png,1,-0.0041710678488016024,-0.023531876504421192,-0.0506808385252953,-0.0027947109192610004,-0.0035024001263082,-0.0012468015775084001,-0.0033266507089137996,-0.012593939900398303,-0.023435465991496998,0.0014857025817037002,-0.0008427985012530994,-0.0022173710167408,-0.001783672720193901,-0.0088614970445633,-0.014465745538473102,-0.0011461889371275997,-0.0008659958839416998,-0.00153371039778,-0.0019719824194908003,-0.0092852376401424,-0.016225775703787897,0.0010417243465780995,-0.0015443819575012008,-0.0014220669399947002,-0.004858326166868199,-0.009602708742022497,-0.008861770853400201,-0.0028251935727893994,-0.0010882557835428996,-0.0008352408767677,-0.0016753431409596998,-0.006852434948086702,-0.004603177309036199,0.0009848978370427999,-0.0011384763056413,-0.0004951561422786,-0.0100846225395799,-0.0097447588923388,-0.0030942625598982,-0.0043129483237863,-0.0016620138048892093,-0.00016139464423755242
members/member_89.png,1,-0.002689067274332005,-0.0399972945451737,-0.08688005805015568,0.0005452707409858999,-0.0033320682123302997,-0.0018984405323862995,-0.004337064921855899,-0.0235728584229946,-0.03611824288964271,-0.0014800736680627008,-0.0007956055924296995,-0.0020090444013477005,-0.005923330783843998,-0.014358598738908698,-0.0208284370601177,-0.0017373231239616992,-0.0014451476745307003,-0.0026353294961154,-0.0042798519134522005,-0.0191128794103861,-0.022026401013135896,0.0002620518207549997,-0.0026410445570945996,-0.0017723347991704997,-0.006117595359683002,-0.0114981681108475,-0.010727327316999501,7.80201517046001e-05,-0.0013284285087138002,-0.0016446848167107,-0.004504638724029099,-0.0070815570652485,-0.004939688835292999,-0.0015208818949758998,-0.0011351827997714999,-0.00040920030733100003,-0.0093007606919855,-0.0054597254202235004,-0.0029253054963191997,-0.0050109101575799,-0.000947675180213892,-9.54379902395626e-05
members/member_90.png,1,-0.006287004798650804,-0.0398596972227097,-0.10013464093208321,0.001438548322767001,-0.0014183400198818,-0.006128059700131401,-0.007211936637759198,-0.01950268447399131,-0.05333761870861049,-0.0012171054258943012,-0.00258858082816,-0.0035922443494200993,-0.0033100508153438013,-0.015137534588575391,-0.033381439745426206,-0.0010350299999117999,-0.0017963354475795997,-0.0032456475310027,-0.004648353904485699,-0.020570261403918304,-0.0359461773186922,-0.0015500849112867997,-0.0010919992346316997,-0.0021339633967728,-0.0043984930962324,-0.014557907357811898,-0.015547644346952398,-0.0010149353183806003,-0.0022020281758159,-0.0007823468476998999,-0.0030163042247295987,-0.0075191636569798,-0.0065057901665569,0.0007485751993954,-0.0011421079689171,-0.00021872651996090585,-0.0080037382431328,-0.0049277975922451,-0.0035501803504303002,-0.0042539463029243,-0.0003404238759685448,-5.970014899503441e-05
members/member_91.png,1,-0.005259515717625601,-0.020055871456861503,-0.03583814576268201,-0.0024270215071738,-0.0013557570055127005,-0.0028756866231561,-0.003065969794988601,-0.009770900011062698,-0.014222068712115298,-0.0011357488110660995,-0.0007980223745107998,-0.0011498823296278,-0.0015985704958439012,-0.005230007693171501,-0.008010542020201699,0.0014339690096675994,-3.134505823259963e-05,-0.0011508814059197998,0.0005443897098303015,-0.0111398566514253,-0.009128991048783,-0.00043912371620540014,-0.0018940968438982,-0.0013677465613000002,-0.0031153112649918,-0.005969032645225601,-0.00378877366893,0.0004627569578588,-0.0012256291229278,-0.0006407213222701,-0.0029133623465894994,-0.0049103926867246,-0.0016669874312356002,-0.0004515056498347993,-0.0016989778960124003,-0.00020098540699108492,-0.010843836818821801,-0.0046630503202323,-0.0008860806337906194,-0.0054899365641177,-0.0011195526531082055,-2.9838683985872194e-05
members/member_92.png,1,-0.006809305399656303,-0.024197693914175096,-0.028820278123021202,-0.0018408177420496004,-0.0013585570268333002,-0.0031940802000463,-0.00012361630797379924,-0.0114962719380855,-0.010769270360469799,-0.0008843168616295,-0.0021048225462436997,-0.0007087921258062001,-0.0049258936196565975,-0.0067131370306015015,-0.0052822371944785,9.46074724197006e-05,-0.0005917770322412001,-0.000872696225997,-0.004651827737689001,-0.0103756384924055,-0.005629013059660801,-0.0006026774644851997,-0.0016586731653659998,-0.0006467431667260999,-0.004130132496356999,-0.0063152401708066,-0.0020340578630566996,-0.0008246502839028003,-0.0006991333793849,-0.0001649379701121,-0.0028326362371445014,-0.0034399491269140998,-0.0008864505798555,0.0011604321189223991,-0.0006895521073602,-9.992598279489777e-05,-0.014587651239707998,-0.0024635174049763,-0.0004838484601350473,-0.0075123747228645,-0.0006075542132748416,-1.0768682841444388e-05
members/member_93.png,1,-0.004603808745741799,-0.0204412788152694,-0.03673563897609709,0.0009213001467287003,0.00022899545729160135,-0.0036980807781220003,-0.0044791717082262004,-0.008631493896245991,-0.018978182226419504,-0.0024384725838899005,-0.002564208582043601,-0.00037837633863089994,0.000531446188688299,-0.008152477443218203,-0.013735175132751395,0.0021006213501095997,9.731063619250035e-05,-0.0029170515481383,-0.0057214070111513,-0.013445436954498298,-0.015120489522814803,-0.0014277948066592997,-0.0019906666129826996,-0.0020564671140164,-0.0028767464682459987,-0.009201556444168101,-0.0093428757973015,-4.535354673859942e-05,-0.0020758381579072003,-0.0010739783756435,-0.0032370453700424004,-0.011192346923053301,-0.0047019140329212,-0.0023678517900407,-0.0019307379843667,-0.0004376678552944,-0.0084254560060799,-0.0122467544861137,-0.0026825132808881,-0.0037678916705772,-0.001666970747464732,-7.651202395202937e-05
members/member_94.png,1,-0.003576096147298799,-0.032955780625343295,-0.0581432580947876,0.0015623085200787007,-0.0050629936158657005,-0.0031003477051853995,-0.005856527015566899,-0.018347471952438396,-0.03463331609964371,-0.0021347394213080996,0.0008507231250404999,-0.0028398875147104003,-0.0023017320781945974,-0.0069746971130371024,-0.021938312798738493,-0.0014212136156857005,-0.0005521797575055998,-0.0029900022782385002,-0.0053094830363989015,-0.0177948959171772,-0.025353649631142602,-0.0010941512882709,-0.0029243975877761997,-0.0025359420105815,-0.0015832688659428995,-0.015464996919035901,-0.013497513718903098,0.0024563935585320005,-0.0012384105939418004,-0.0010589833254926,-0.0070508541539312,-0.011058322153985499,-0.005987609736621301,-0.003658444155007601,-0.0017897685756907,-0.00042008739546880005,-0.0086245364509523,-0.0095296825747937,-0.0036117406125414,-0.0033873732900247,-0.0016205510110011867,-0.00010249287515753003
members/member_95.png,1,-0.0082418825477362,-0.0204846262931824,-0.0523948669433594,-0.0005061840638518004,-0.0002319449558853999,-0.005534885916858899,-0.0011702235788106988,-0.012835409492254195,-0.025730352848768304,0.0002137115225196006,-0.0015206909738481001,-0.0019975877366959997,-0.003120828419923699,-0.012602470815181802,-0.014300569891929599,0.0003768391907214997,-0.0013372655957936998,-0.0011430543381721003,-0.0040438454598189025,-0.016479717567563,-0.0157316774129867,-0.0010536387562752004,-0.0023090657778084,-0.0014935801737010002,-0.003174700774252399,-0.010624308139085797,-0.007238248828798599,-0.0007960726507007998,-0.0011020055972039999,-0.0007731016376055999,-0.0012624450027942987,-0.007746204733848601,-0.0038228549528867,0.0011378806084395001,-0.001432380406186,-0.0004073148738825,-0.0088525910396128,-0.0086122393840923,-0.0023412519803969,-0.0057515254011378004,-0.0015303479522116726,-0.00010682160427677261
members/member_96.png,1,-0.003693429753184301,-0.030697822570800795,-0.0717471465468407,0.0014136699028312995,-0.0016016606241465014,-0.0038106543943285994,-0.0037785973399876993,-0.014682088047266006,-0.03423593565821641,-0.0025203507393597993,-0.0006810585036873991,-0.0036513309460132998,-0.0008991863578558003,-0.009653218090534196,-0.019719045609235798,0.0017916806973517002,-0.0016779783181846003,-0.00027588568627830027,-0.0062516517937184005,-0.019302442669868504,-0.0220108423382044,0.0003810464404522991,-0.0030140003655106,-0.0026823012740351997,-0.0062074176967143995,-0.011202015914022898,-0.009731736034154899,-0.002982662525028,-0.0014233965193852002,-0.0005636198329738999,-0.0040044309571385,-0.0066367113031447,-0.004098158795386501,-0.0007300730794667998,-0.0007363804616034,-0.00018269391148344915,-0.007244776468724,-0.0041351781546836,-0.0022546655818587,-0.0034202462411486,-0.0005943742180534087,-5.0540675147203715e-05
members/member_97.png,1,-0.0028899107128382007,-0.014820892363786697,-0.0450069904327393,0.0011818702332676003,-0.0005175671540200997,-0.0018509435467422,-0.0007044635713100988,-0.005548253655433599,-0.02332352846860889,0.0001860316842794002,-0.0012894799001515007,-0.0010173157788813001,-0.0017734169960022007,-0.004439488053321901,-0.013708543032407705,-0.0018416922539471999,0.0013374430127442005,-0.0015804241411387998,-0.003641912713646899,-0.011992303654551499,-0.0215539280325175,-0.0008528800681234005,-0.0021038660779596,-0.0025050237309187998,-0.004717853851616299,-0.007957585155963901,-0.013944540172815299,-0.0005755336023867,-0.0016710348427295,-0.0014467335422523,-0.0009425142779947004,-0.010119141079485399,-0.007395280525088301,-8.138269186019984e-05,-0.0016665004659444003,-0.000645030522719,-0.0091433771885931,-0.0111297309631482,-0.0044290654768702,-0.0034175423206761002,-0.0020637245033867445,-0.00016210735702767233
members/member_98.png,1,-0.0050831399857998,-0.024658638983964906,-0.04738963395357129,0.0015202770009637,-0.002862954512238499,-0.0007122848182915999,-0.001436540856957401,-0.0116249956190587,-0.023946352303028204,-0.001526960171759099,0.0006093112751841996,-0.0027738218195737,-0.0016542971134186,-0.005155012011528001,-0.011719953268766396,-0.0010563367977737999,-0.0006026467308402001,-0.0018243077211082,-0.0028237793594599013,-0.012087767943739898,-0.0215340461581945,-0.0010400335304440005,-0.0027776774950326,-0.0027986306231469003,-0.004687224514782399,-0.012387553229928,-0.0118637178093195,-0.000805530231446,-0.0003611273132264996,-0.0009662328229750999,-0.0033768387511373,-0.008985868655145201,-0.005959861446172001,-0.0005218326114117995,-0.0014589652419090002,-0.00031601174850950003,-0.0092540939804166,-0.008372890064492801,-0.0034703249693848,-0.0038452255539596003,-0.001873166096629508,-9.432202932653126e-05
members/member_99.png,1,-0.005750885233283001,-0.015836577862501103,-0.03226395323872559,-0.004233742598444301,0.0003762617707252997,-0.0020895292982459008,-0.0027632247656583994,-0.0045807510614395,-0.011971883475780504,-0.0010044714435934994,0.00034215208142990023,-6.550922989799306e-06,-0.0023627318441868,-0.0047745779156684945,-0.007375720888376298,0.0012471885420381997,-0.0005395784974097997,-0.0010972812306136006,-0.0034324359148740005,-0.009580388665199304,-0.0113934306427836,-0.0017279367893933998,-0.0019087274558842,-0.0017787588294595998,-0.0029159924015402985,-0.008816394954919798,-0.0062779560685158,8.747400715950013e-05,-0.0014632891397923001,-0.0008259495371021,-0.0014875316992402007,-0.007514565251767701,-0.002911472460255,0.00014812778681519943,-0.0018132557161153,-0.0002945895539597,-0.0099074798636139,-0.0086589337443001,-0.0017778810142772,-0.004696943797171199,-0.0014908718003424828,-9.003730519900187e-05
members/member_100.png,1,-0.005007307976484306,-0.0295862779021263,-0.06102614104747771,-0.0006589675322175009,-0.001883165445178801,-0.0033378894440829997,-0.0018391758203505984,-0.012906648218631703,-0.0233160071074962,-0.0019949302077293986,0.0017231800593436007,-0.0022675436921417,-0.0026079248636960983,-0.008944436907768298,-0.0138716455549002,0.000584791414439699,-0.001374200917780401,-0.0020106988959014997,-0.005061427131295201,-0.0162615738809109,-0.013675453141331699,-0.0018517402932048,-0.0036152396351098997,-0.0010814699344337,-0.005874656140804301,-0.016581498086452397,-0.0066996747627854,-0.0027485536411403994,-0.0020681493915618,-0.0006956070428714,-0.007143097929656499,-0.010021796915680201,-0.0029352708952501997,-0.0019843010231853004,-0.0012678848579526,-0.00018736721540330492,-0.0097993689123541,-0.0069031037855894,-0.0016160461091203,-0.0024084257311187,-0.0008504769757563766,-4.568289659800939e-05
members/member_101.png,1,-0.0036612246185541014,-0.014876391738653197,-0.031813792884349795,-0.0008566882461308999,-0.0004658843390642998,-0.0023877255152910996,-0.002221511676907501,-0.005888670682907101,-0.015091303735971503,-3.951368853449995e-05,-0.0016051759012044005,-0.0017940326360986,-0.0004874430596828981,-0.007114505395293201,-0.0079238507896661,-9.225355461239988e-05,-0.0010587139986454998,-0.0005813913885504001,-0.0019350089132786005,-0.0087045049294829,-0.0081355562433601,-0.0002906369045377003,-0.0020319952163846,-0.0007643255521542999,-0.003329835832119,-0.0062500122003257995,-0.0032123308628796998,-0.0020011556334794,-0.0006715584313497001,-0.0003731444157893001,-0.0016361363232134992,-0.0044730876106768,-0.0013126851990819,0.0015785517171026005,-0.0007450128323398,-0.00010868304525499513,-0.0089134434238076,-0.0028119408380008,-0.0006520009628729661,-0.0039638571906835,-0.0007455241284332791,-4.308669304009527e-06
members/member_102.png,1,-0.007827272638678502,-0.021246656775474604,-0.029793418943881995,-0.0027020368725062006,-0.0016691526398063,-0.0035239220596849996,-0.0063425321131945,-0.0094464868307114,-0.013188289478421197,-0.002414799295365799,-0.0007304027676583004,-0.0006508687511086993,0.001621777191758201,-0.005153803154826098,-0.006826471537351601,0.0008505648002028994,-0.0011821067892014998,-0.0012886044569313006,-0.0030935127288103,-0.0067259017378091986,-0.009287303313612999,-0.00011659925803549943,0.00015935674309739984,-0.0011410537408664998,-0.001827070489525802,-0.006581180728972,-0.0061408807523548005,-3.246217966080059e-05,-0.0019465843215584998,-0.0010990913724527001,-0.0026902547106147003,-0.0070293433964252,-0.004043484805151799,-0.0014899768866598,-0.0008491820190102001,-0.0004272398509784,-0.0095549756661058,-0.007970065460540401,-0.0026932758337353,-0.0032719798618927997,-0.0013720634251512395,-9.111520921569643e-05
members/member_103.png,1,-0.006291488185525003,-0.015259563922882101,-0.0416260808706283,-0.002123990096151801,-0.0007295669056474998,-0.0034788530319928993,-0.0008232053369283988,-0.005760103464126601,-0.0200958251953125,-0.00031338632106779965,-0.00022464012727139993,-0.0025228490121663,-0.005543172359466501,-0.005720015615224797,-0.0163952596485615,-0.0016213958151637996,-0.0011259499005973,-0.0011664712801575002,-0.0022416468709707017,-0.010293243452906602,-0.0191610995680094,-0.0004958501085639,-0.0026539932005108,-0.0016790948575363001,-0.0029952907934784993,-0.0102566611021758,-0.010969577357172999,-0.0006162715144456005,-0.00034625735133880006,-0.0013670006010216,-0.0017810771241783992,-0.008768697269260802,-0.0051755155436694,-0.0014812471345066998,-0.0018800421385095,-0.0003149047770421,-0.0088508508633823,-0.0085380257223733,-0.0029243107564981,-0.0033899575937539,-0.001236205323948458,-8.778165465619039e-05
members/member_104.png,1,-0.006369270384311697,-0.028659768402576495,-0.0348125770688057,-8.136127144100017e-05,-0.0016925623640418,-0.0032165013253688994,-0.001213062554597799,-0.0108277760446071,-0.0156041383743286,0.002058495767414601,-0.0014228774234652996,-0.0011422103270888,-0.005328742787242002,-0.008465450257063002,-0.010304039344191596,-0.005002429708838501,0.0006966297514736999,-0.0012450187932699997,-0.0022782534360884996,-0.009079888463020297,-0.011836694553494401,0.0016027772799133994,-0.0026535475626588,-0.0017454276094213002,-0.003826517611741999,-0.010973884724080502,-0.006812992040068,-0.0025353874079882995,-0.0016010515391826005,-0.0008757153118495,-0.004502978175878601,-0.0088050677441061,-0.0034047127701342,-0.0022227978333831,-0.0018430796917527999,-0.00022269810870059997,-0.0089165782555937,-0.0064128710946534,-0.001993457408389,-0.0027522736927494,-0.0005256284712231512,-5.902894918099852e-05
members/member_105.png,1,-0.008349128067493397,-0.03196349740028381,-0.06038412451744081,-0.0015601068735122993,-0.0015615224838256992,-0.002250496763736,-0.005321264266967801,-0.0168038196861744,-0.0276807360351086,0.0015961537137628,-0.0029473938047886008,-0.0020836465992033005,0.0014733038842678,-0.010414144024252898,-0.015364203602075504,-0.0008968198671937006,9.88822430372004e-05,-0.0011692638508976,-0.008524898439645798,-0.0119940210133791,-0.013859324157238099,-0.0027308608405292,-0.0014693555422127,-0.0013782465830445,-0.0030062012374401006,-0.005415541119873499,-0.0057292757555842,0.0003076749853789997,-0.0005821196828038003,-0.0003738683299162,-0.005248649045824999,-0.0040963217616080995,-0.0025866999058053,-0.0018435409292579,-0.0007742405869066,-0.0002555637838668,-0.008511600899510101,-0.0089427306666039,-0.0015394967995235,-0.0040496176516171,-0.0024981648239190456,-7.059780546107855e-05
members/member_106.png,1,-0.003826953470707002,-0.030494935810565893,-0.048088617622852305,0.000406590756028901,-0.0013352986425160997,-0.0032265353947878005,-0.0027278549969196007,-0.019226010888814905,-0.021080326288938498,-0.0008678082376719007,-0.0042352965101600006,-0.0029105949215591,-0.0022065248340367993,-0.013421203941106796,-0.011960707604885101,0.001602893695235301,-0.0009575295262039003,-0.0006091777468100002,-0.0040006935596465995,-0.015182375907898001,-0.0113144186325372,-0.0018902053125203011,-0.0006236697081475995,-0.0009540058090350999,-0.0041750781238079,-0.0107930041849613,-0.0046127021778375,-0.00045250868424770007,-0.0020876799244434,-0.00036457828537100006,-0.0044651869684458004,-0.005321314092725501,-0.0019219742389394998,-0.0016773245297373,-0.0004133555339649001,-9.22948966036e-05,-0.0111656959634274,-0.0038328616501530997,-0.0010484355152585,-0.0043275320203975,-0.001033321672366534,-6.861305519114959e-05
members/member_107.png,1,-0.0017562005668878,-0.017560824751854,-0.04171311110258101,0.0003648623824119004,-0.0009958716109394992,-0.005319780204445199,-0.0035029705613852,-0.0105250068008899,-0.026540771126747194,-0.0006173322908580008,-0.0010925419628620998,-0.002186385449022,-0.0041315406560898,-0.008352922275662502,-0.015632912516593902,-0.00026849191635849954,-0.0017391419969499007,-0.0017187626799569,-0.002363454550504601,-0.0100124515593051,-0.014456270262599,-0.00011322647333140024,-0.0009370599873363998,-0.0006594572914764001,-0.0028098421171307997,-0.006588896736502701,-0.00589688308537,-0.0016427934169769998,-0.0011250001844018,-0.0007283898885362,-0.0021435236558318,-0.0050353468395769995,-0.0026758703170345005,2.8824433684400234e-05,-0.0012223057565279999,-0.00021616343292401777,-0.0093549725133926,-0.0043813878728542,-0.0014709250681334998,-0.0046365423477255,-0.000850561349579866,-4.407503729453309e-05
members/member_108.png,1,-0.003984495997428901,-0.030768387019634302,-0.0813713669776917,-0.0021876730024814,-0.0027102027088403997,-0.0051038949750364,3.413856029509804e-05,-0.01968681067228309,-0.040009468793869,0.0016533397138117998,-0.0036323624663054995,-0.0020163329318165,-0.008066043257713297,-0.012285832315683407,-0.023173328489065198,-0.003020845353603299,-5.851499736300378e-06,-0.0022362286690623,-0.003788234665989803,-0.0221105217933655,-0.0218886556103825,-0.0005219643935561007,-0.0020174062810837997,-0.0012258557835594002,-0.007542282342910798,-0.018146684393286698,-0.0087566561996937,0.0008843084797263007,-0.0027614175342023,-0.0007212166237878001,-0.006509555503726002,-0.0106931631453335,-0.0035223236773162998,-0.0031521110795438003,-0.0017493925406598001,-0.00015957484720264942,-0.013742704642936598,-0.0074448267987464,-0.0018796676158672,-0.0044280990259722005,-0.0005951178463873774,-5.254494317341596e-05
members/member_109.png,1,-0.007010929286479901,-0.0252550691366195,-0.048123087733984,-0.00041675660759210066,-0.003880989272147399,-0.0009534195996820996,0.0014864169061183999,-0.014107096940278993,-0.021309752017259598,0.0016661882400513008,-0.0013241739943624002,-0.0033984770998358002,-0.002988666296005301,-0.0123273469507695,-0.0129183847457171,-0.0012664115056396008,7.780641317369982e-05,-0.0012226281687618,-0.002744717523455599,-0.0173139311373234,-0.0133374612778425,-0.0006273151375352998,-0.0022385204210877002,-0.0008562714792788,-0.006132898852229101,-0.0111713297665119,-0.006371052470058199,0.0013038781471549996,-0.0014675043057650996,-0.0008634632686152999,-0.005366371013224101,-0.010296653024852201,-0.0029702355386689,-0.0011384133249520995,-0.0019902290659956,-0.0002258758831885,-0.0117944383528084,-0.0074473642162047994,-0.0016254828660749,-0.0059484021039679,-0.0008056949918681961,-5.888260784557979e-05
members/member_110.png,1,-0.005873426795005805,-0.0345077589154244,-0.14095707237720492,0.000411265529692199,0.00031926576048140094,-0.004721494391560499,-0.0007863119244575986,-0.0135910883545875,-0.072609007358551,0.0012502092868090006,-0.0028962315991521003,-0.005675416905433,-0.0064462628215550995,-0.0191411599516869,-0.0479095205664635,-0.0033174087293447,-0.0029648412019014003,-0.0018101870082319,-0.003915688022971198,-0.026607025414705207,-0.048917405307293,-0.00013269437476990005,-0.0009489925578236996,-0.0019595935009419996,0.0008417069911956995,-0.022690530866384596,-0.0238811988383531,0.0010995483025909008,-0.0025585889816284,-0.0019612176693044,-0.006704151630401601,-0.014911444857716501,-0.011966065503656899,-0.002096971962601001,-0.0018437859835102998,-0.0006285820418271001,-0.0165390367619693,-0.0117598992073909,-0.0068028972600587,-0.004923137021251,-0.001137575512984748,-0.00012806614904538094
members/member_111.png,1,-0.0059392899274826015,-0.019110642373561804,-0.0435516312718392,8.004903793330017e-05,0.0005719317123293989,-0.0030594528652728003,-0.003285778686404301,-0.010467052459716804,-0.021130807697772896,-0.0011198199354112,-0.002585733775049499,-0.0010356274433434,-0.0009795129299163992,-0.003953602164983798,-0.015197858214378399,0.0009820768609643,0.0004798290319740998,-0.0024686399847268998,-0.0034517850726841996,-0.010363519191741902,-0.0244101919233799,-0.0021099024452269,-0.0006431112997233998,-0.0025076897582039003,-0.0018572444096208,-0.012044606730341901,-0.012882344424724601,-0.0010461620986462004,-0.0024171979166567,-0.001270430511795,-0.0032184608280659,-0.009267354384064699,-0.005801216000691,0.0002454756759107,-0.0014174415264279002,-0.00026539609098102154,-0.0062583028338849,-0.007746760500595,-0.0032748002413428004,-0.0022032866254448995,-0.0015630098678229036,-4.678718687500805e-05
members/member_112.png,1,-0.006790902465581804,-0.033576019108295496,-0.057128809392452296,0.0006561744958161995,-0.0021487073972822,-0.0024231597781180997,-0.0021449364721775957,-0.021093513816595,-0.0265941880643367,-0.0017397422343492994,-0.0023134192451833993,-0.0032986043952406004,-0.0024646017700433037,-0.0161076709628106,-0.013717526569962498,0.0008490523323416987,-0.0013138162903488003,-0.0014930082252249,-0.007252050563693099,-0.0172810312360525,-0.0139959808439017,-0.0018200231716036996,-0.0020091489423065996,-0.0011192403617314999,-0.0052246190607548,-0.0121184019371867,-0.0058384703006595,-0.0010891738347708997,-0.0011030671885237,-0.00039521649887319996,-0.004644664004445,-0.0063485559076071,-0.0023225733311847,-0.0018215798772871,-0.0009630915592425001,-0.00011258634913238833,-0.0105013400316239,-0.0043441529705887,-0.0012435047174222,-0.0037583267549053,-0.0007510560008085526,-3.332955384394154e-05
members/member_113.png,1,-0.0042832419276237,-0.016193546354770605,-0.031366545706987395,-0.0008131456561387002,-0.0023111943155526993,-0.0038324622437358007,-0.0027599968016147995,-0.011229947209358201,-0.018786245957016903,0.0011444236151873996,-0.0021997154690325,-0.0024795755743980998,-0.003659209236502599,-0.007171973586082497,-0.0093280747532845,-0.0024334127083420996,-0.00034287711605429996,-0.0013399480376392,-0.0070373062044383,-0.013696744106710002,-0.0098410686478019,5.7316850870899744e-05,-0.0023114359937608004,-0.0009575576405040999,-0.0052797431126236,-0.007559927180409399,-0.0037969644181429997,-0.0018011336214841002,-0.0012085551861674,-0.00035293016117070005,-0.0055244988761843005,-0.0041827484965324,-0.0015915475669317002,-0.0009507555514573999,-0.0008514667279086999,-7.974381151137726e-05,-0.0059962378581986005,-0.0027120674349135,-0.0008493979767081,-0.0026142264250666,-0.0005747682116633964,3.4019394661299884e-06
members/member_114.png,1,-0.003416229039430601,-0.016742154955863897,-0.039185825735330596,0.0030732108280063005,-0.0007232711650430991,-0.0038977544754744,-0.003726327791810098,-0.0056849718093872,-0.013891454786062296,-0.0024211248382926005,-0.0004492192529142007,-0.0014151888899505,-0.002071922644972801,-0.004914350807666799,-0.010234281420707703,-0.00020283926278349962,-0.0010716472752391997,-0.0006632537115364998,-0.002006271854043,-0.008894879370927797,-0.011848200112581201,0.0010664612054823996,-0.00022653536871079967,-0.0013140847440809,-0.0026580402627587006,-0.008067954331636502,-0.007919264957308799,-0.0017562708817422,-0.0007140808738768005,-0.0010709217167459,-0.0029194820672274,-0.0081011950969696,-0.0047316555865109,-0.0019447635859250996,-0.0028734600637107996,-0.0005640608142130001,-0.0052185170352459,-0.0126988030970096,-0.0031330860656453,-0.0013453434221447,-0.002118998214427775,-0.00010400574683443843
members/member_115.png,1,-0.005461951717734403,-0.0239507593214512,-0.04249984025955209,-0.001608457416296,-0.0033230823464691995,-0.0026971083134413,-0.003937484696507398,-0.012512918561696996,-0.0165748372673988,-0.0010553128086029998,-0.0016226246953010004,-0.0008300659246743003,-0.0018163267523049996,-0.006327075883746102,-0.008900284767150903,0.0009120209142566005,0.0003571668639779004,-0.0012258614879100999,-0.0051313173025847,-0.007195742800831798,-0.0136330816894769,-0.0021504177711904006,0.00035950494930150033,-0.0024640004849062003,-0.0032143164426088004,-0.006690158508718,-0.0067838821560145,-0.00025082333013419934,-0.0020168307237327003,-0.0007734445243840999,-0.0037004603073000995,-0.0042526521719993,-0.0029146034503355006,-0.00015908107161520003,-0.0017226369818673,-0.00015136368892847152,-0.0077782336156815,-0.0046397567784879,-0.001612363208551,-0.0039227711968124,-0.001190341015899261,-4.243017974658869e-05
members/member_116.png,1,-0.0032862629741430976,-0.022597722709178897,-0.0612237006425857,-0.00013848766684539972,-0.0016090525314212002,-0.0029387529939413,-0.0043283179402351,-0.014236085116863306,-0.03174947947263719,-0.00021891016513110075,0.0006317822262645011,-0.0030806786380709007,-0.000723278149962401,-0.010937012732028899,-0.019932191818952602,-0.0023207468912005,-0.001644309610128401,-0.0021690642461179993,-0.0031906776130199987,-0.0167110413312912,-0.024740524590015404,-0.0005737235769629999,-0.0022857091389597,-0.0027910356875509006,-0.003222191706299702,-0.0151093471795321,-0.014594633132219299,0.0010799956507981006,-0.0022228483576327,-0.0013092507142573998,-0.007668560370802898,-0.0125616379082203,-0.0076982756145298,-0.0026513733901083,-0.0020853285677731,-0.0005665482603945,-0.0100865851854906,-0.012323548144195201,-0.0047654249938205,-0.0034631183370948003,-0.001240606678038564,-0.00012883215458706413
members/member_117.png,1,-0.0047026854008435995,-0.0203045047819614,-0.0474809817969799,-0.0016427999362349996,-0.0021577584557236004,-0.0039450279437006,-0.0028615780174732,-0.010799266397952999,-0.020969823002815205,-0.0007594521157444,0.00046418653801089983,-0.0024367545265704003,-0.003659939393401198,-0.0123614482581616,-0.013848617672920296,-0.0005555902607739006,-0.0025796820409595992,-0.0009184321388602998,-0.0012110471725464006,-0.014241905882954597,-0.0134085202589631,-0.0010243328288196997,-0.0014453432522714,-0.0014856129419058002,-0.004891284741461201,-0.0099956728518009,-0.005806455388665201,-0.0005532768554986,-0.0028068263782189003,-0.0006573314021806999,-0.0005782237276435002,-0.006177205592393901,-0.0023156009847298004,0.0017112907953561003,-0.00040968362009150005,-9.114237764149864e-05,-0.012454523588530799,-0.004408959546708499,-0.0012365285510896,-0.0063947165035643004,-0.0006920297855685492,-3.4946897358167917e-06
members/member_118.png,1,-0.004647321999073001,-0.024855107069015503,-0.05141644924879071,-0.0011267932131885997,-0.0010530101135372994,-0.0034244116395711994,-0.005516365170478897,-0.015490055084228502,-0.031075302511453698,-0.0009606769308447994,-0.0020225932821631015,-0.0023614321835339,-0.003607755526900302,-0.009495466947555493,-0.017864849418401697,-0.001948903314769301,-0.00042652525007729966,-0.0011695779394359,-0.007424714043736399,-0.021975364536047003,-0.021066021174192404,-0.0017840126529335993,-0.0019512339495122,-0.0022966805845499004,-0.001748282462358499,-0.016225010156631497,-0.0102352458052337,-0.0007348754443228002,-0.0025769090279937,-0.0008662351756356,-0.004633470438420802,-0.0111069362610578,-0.0046636345796287,-0.0003080791793764002,-0.0016001779586076999,-0.0003680144291139,-0.0105285675963387,-0.0092086102231406,-0.0026957527006744,-0.0031466429354623,-0.0012645566166610415,-6.018794374530739e-05
members/member_119.png,1,-0.004360537976026604,-0.031142905354499803,-0.06006643176078799,-0.0016331085935234997,-0.002048979513347201,-0.003632207401096801,-0.003943294286727898,-0.013111777603626196,-0.027273349463939597,0.0006974916905163999,-0.001449643634259699,-0.0031653584446757997,1.064129173760156e-05,-0.015403732657432605,-0.015289213508367601,0.0017102900892496005,0.00010547228157519947,-0.0007583538535982999,-0.009175052866339701,-0.022441573441028602,-0.014959837310016101,-0.0034847967326641005,-0.0047460356727242,-0.0015259714564308,-0.004901802167296399,-0.0162184396758676,-0.006251928862184299,-0.0013572815805673,-0.0025633084587753,-0.0005700313631678,-0.006767048500478301,-0.009117893408983899,-0.0025814763503149,-0.0010349871590733997,-0.0007273752125911,-0.00010824727360155426,-0.007693198043853,-0.0058910490770359,-0.0013389842933975002,-0.0030713563901372002,-0.0005223072184889915,-1.2157783203292638e-05
members/member_120.png,1,-0.007551524788141299,-0.03192506730556491,-0.0725546181201935,-0.0016640406101941993,-0.0006590019911527998,-0.006912310607731301,-0.006380245089530903,-0.019352644681930493,-0.032617699354886995,0.00038907211273910003,-0.003125474788248501,-0.0020008776336908,-0.0004075262695550988,-0.013290509581565899,-0.017431970685720503,-0.0014566536992788003,-0.0007892074063420998,-0.0012096497230232,-0.005638148635625898,-0.0182919558137655,-0.016446986235678203,0.0007493761368096005,-0.0023454783950001,-0.0012145562795922,-0.0079468321055173,-0.010906443931162399,-0.006619913037866299,-0.0035341344773770003,-0.0013450667029246,-0.0003539328172338,-0.003408880904317001,-0.005596021190285701,-0.0027434586081654,-0.0006215511821209998,-0.000626939785434,-7.559490768470001e-05,-0.0070425177691503995,-0.0036868476890958997,-0.0014587824261980001,-0.0026139858528040003,-0.0004350482504377535,-4.984822589896402e-05
members/member_121.png,1,-0.0080955028533935,-0.028057128190994304,-0.0747190564870834,-0.0017874715849757004,-0.0008719675242901005,-0.0045905858278275005,-0.006016384810209299,-0.020305484533309895,-0.0300256609916687,-0.0025342339649796,-0.0039121299050748,-0.0023769477847963,-0.002353856340050701,-0.016518454998731606,-0.017331443727016498,-0.0005060019902884995,-0.0020338301546872,-0.0010067763505504,-0.0043575316667557006,-0.022678796201944396,-0.014306564815342399,-0.0009001563303172996,-0.0018021517898887001,-0.001306542661041,-0.0012036878615616989,-0.0141764990985393,-0.0053418420720846,0.0022143004462122995,-0.0022630109451711,-0.00043792654469149996,-0.0037287957966328014,-0.008318064268678399,-0.0019574032630771,-0.0031538791954517,-0.0006081805331633001,-7.090200961092899e-05,-0.0143169434741139,-0.005412541911937301,-0.0010597314249026,-0.0042814564658328995,-0.0007173656958911432,-1.9026148947887123e-05
members/member_122.png,1,-0.0071851536631585,-0.03602736443281179,-0.0709447152912617,-0.0015054745599627998,-0.0024167010560631995,-0.002661207690835001,-0.003778114914894097,-0.018919691443443305,-0.023632802069187095,-0.0008266498334704997,-0.0016033360734582,-0.0020463750697672,-0.0029041562229395017,-0.013418987393379198,-0.012944737449288403,-0.0005310769192875004,-0.0020588245242833996,-0.0014559032861144,-0.009104823693633,-0.017649937421083402,-0.0127717759460211,-0.0024089897051453,-0.0017575670499355004,-0.0009388236212543999,-0.0038854451850056995,-0.010862047784030502,-0.0059753088280558,2.152379602190016e-05,-0.0013891975395381,-0.0006253915053094,-0.005790311843156799,-0.0069416668266058,-0.0024912520311773,-0.0015346948057413001,-0.0011702295159920998,-9.859124111234564e-05,-0.006672387477010501,-0.0047822033520788,-0.0013721981958952,-0.0018328182632103998,-0.0006441545665438409,-4.042297587147914e-05
members/member_123.png,1,-0.006427578628063202,-0.020733609795570304,-0.048819977790117305,-0.0003189905546604997,-0.0018445574678479992,-0.003412032499909399,-0.0019729509949684004,-0.0103421173989773,-0.0239319913089275,0.0005595642141997996,-0.0021811840124429,-0.0016219837125391002,-0.0023976583033799986,-0.009583756327629103,-0.014644857496023199,-0.0012008859775960992,-0.0009497841820120005,-0.0015364193823188,-0.0037609282881021014,-0.011606173589825599,-0.013079009018838399,-0.0012938883155584006,-0.0009666699916124999,-0.0009648826671763999,-0.0014663683250546993,-0.009048420935869298,-0.005476629128679701,0.0018404466100037003,-0.0013465997762977999,-0.0006058069993742001,-0.0029797805473207994,-0.0063125933520496,-0.0024289661087095,-0.0024807308800518,-0.0010178630473092,-0.0002213870902778384,-0.0091305035166443,-0.0049751993501558,-0.0013090801367071,-0.0039812086615712,-0.0011630301269178191,-4.0730756154516725e-05
members/member_124.png,1,-0.005371149629354505,-0.025968134403228704,-0.047195378690958106,0.0011628046631812997,-0.0015026954934001004,-0.002997082192450801,-0.002331117168068896,-0.0164778120815754,-0.024861287325620603,-0.0008178316056729005,-0.0004564239643514,-0.0023653225507587,-0.0019840262830257,-0.012349735945463194,-0.012099649757146898,5.1386654376999255e-05,-0.0015753740444779995,-0.0008607173804194,-0.004663279280066501,-0.015197856351733204,-0.012068792246282099,0.0006942991167307004,-0.0019844595808536,-0.0013964235549792001,-0.005732944235205699,-0.0104871513321996,-0.0049649178981781,-0.004616598132997699,-0.0009036571718752,-0.0005036484799348,-0.0013039652258157002,-0.006488801911473299,-0.0021062573650851004,0.0017419634386897,-0.00106552883517,-0.00010581842070679999,-0.012260366929695102,-0.0048966578906402,-0.0012237438786542,-0.005895438021980301,-0.0008378546153834604,-8.066213558772412e-05
members/member_125.png,1,-0.0042232535779477,-0.028206825256347698,-0.0724650621414185,0.0012221103534102006,-0.0014119939878583006,-0.0064990716055036,-0.005795350298285398,-0.015346556901931707,-0.035392981022596304,-0.0020778467878699008,-0.0014590159989894,-0.0031472570262849,-0.0034456048160791987,-0.011342372745275497,-0.019194208085537,-0.0018826182931661996,-0.0006218398921190998,-0.0015083265025169,-0.003180800005793502,-0.0172578785568476,-0.020662307739257806,0.0017481148242951003,-0.0023771682754159,-0.0014311573468148999,-0.007162684574723299,-0.0138015951961279,-0.0089503591880202,-0.0034072087146342,-0.0032381636556238,-0.0008628047944512,-0.0045769102871418,-0.007867279928177599,-0.0039804063271731,0.00030856346711519936,-0.0006363215507008001,-0.0002052225754596,-0.007784461078699701,-0.0051442456024233,-0.0021578387095360996,-0.0047492089215665995,-0.0006938472124602395,-6.057292193870157e-05
members/member_126.png,1,-0.0095086321234703,-0.03593815863132481,-0.06387875229120249,-0.0019374834373594007,-0.004058278165757601,-0.001400003675371399,-0.0036278665065765034,-0.018811777234077495,-0.028098158538341605,0.0014564180746675006,-0.0019859015010297992,-0.00313312234357,-0.0054959077388049005,-0.013993781059980295,-0.017886940389871597,-0.0039164982736111,-0.0013567246496677,-0.0022132964804769005,-0.002194970846176099,-0.013486187905073204,-0.017458457499742504,-0.0011421013623476011,-0.00028014648705720034,-0.0008426483254879,-0.004697207361459701,-0.008873436599969899,-0.008540476206689998,-0.0012493263930082,-0.0012353390920907996,-0.0009466746705584999,-0.0068840878084302,-0.0066309431567788,-0.0044981304090471,-0.0014656702987849999,-0.0013014092110097,-0.00043886307685170003,-0.010240792296826898,-0.0089715814683586,-0.0027959122089669,-0.0037004409823566996,-0.0016143825414473567,-9.813550786921121e-05
members/member_127.png,1,-0.0080033726990223,-0.027669377624988598,-0.05075780302286151,-0.0016232328489423006,-0.0029101478867232,-0.000433054752647901,-0.0019950382411479985,-0.012482408434152603,-0.0252053365111351,-0.0007130890153348992,-0.00020427489653229974,-0.0029686293564737,-0.000471938401460599,-0.006333984434604603,-0.015892945230007095,0.0010179351083934992,0.0010711178183554996,-0.0008866698481142998,-0.004803402349352802,-0.013832658529281595,-0.019516320899129,-0.0030296295881271995,-0.0015103435143828002,-0.0025114581221714,-0.003289565443992698,-0.012843057513237003,-0.009929430671036202,-0.00020844815298909965,-0.0027160004246979995,-0.0011651582317427,-0.0018219398334622019,-0.0113490223884583,-0.0048069087788463,0.00047853635624049966,-0.0014785911189392,-0.00027806409343609996,-0.010680236620828499,-0.0104006038163789,-0.0027509481878951,-0.0045826048590243,-0.0017278535560762793,-8.376866026079172e-05
members/member_128.png,1,-0.010851988568902002,-0.031194634735584204,-0.07308387756347659,-0.0031207115389407,-0.00034646503627299916,-0.005711668170988499,-0.004342745989561102,-0.021013136953115498,-0.0412424281239509,-0.0010302248410881008,-0.0027747885324061004,-0.003914054948836601,-0.003059079870581599,-0.014990385621786104,-0.02521677687764169,0.0011675981804729002,-0.0020904941484332,-0.0018674535676836998,-0.004103519022464801,-0.020716050639748598,-0.025058075785636902,-0.0009424928575754001,-0.0022367851343006004,-0.0018680960056372,-0.005015990696847401,-0.011655050329864,-0.010274865664541801,-0.0013972660526634,-0.0009223230881617,-0.0004080310463905,-0.004376831464469499,-0.0065223011188209,-0.004209694918245,-0.0010724281892179996,-0.0011441457318142,-0.00011897683725691168,-0.007454434060491601,-0.0043309577013133,-0.0023043538967612996,-0.0033927470794879004,-0.0006493029250122321,-4.282036752556449e-05
members/member_129.png,1,-0.006825968623161302,-0.032632328569889096,-0.056672215461731,0.0026358347386121993,-0.0012585790827870993,-0.004514768719673199,-0.002945654094219201,-0.015059225261211402,-0.025108218193054192,-0.004823232069611501,-0.0016725542955099999,-0.0019127493724226995,-0.0020907372236252005,-0.012192904949188198,-0.012429799884557703,0.00020285509526730104,-0.0006724479608238004,-0.0004147128202021005,-0.0057443790137768,-0.015363827347755502,-0.016946114599704798,-0.0005604811012745008,-0.0014864960685371997,-0.0026250400114804,-0.006898354738950702,-0.0106363371014595,-0.007497410755604501,-0.0017225677147507997,-0.0013940779026598003,-0.0006001594592817,-0.000821179710328598,-0.008714590221643401,-0.0039474810473620996,-0.0004074652679263999,-0.0018980038585141,-0.00044734313269150004,-0.0121251591481268,-0.0090601237025112,-0.0023654701508349,-0.0048278746544384,-0.0013201094152463816,-0.00010886933523573266
members/member_130.png,1,-0.002991683781147003,-0.0291136652231216,-0.0649857223033905,0.0002476507797836997,-0.004147658124566,-0.0039398991502822,-0.002930581569671596,-0.015397414565086406,-0.034278407692909296,-0.0008783368393778992,0.00028462614864109906,-0.0028279661200939993,-0.00028858520090579987,-0.008175790309905999,-0.0181238837540149,0.0008248472586273991,-0.0013682888820767992,-0.00011834967881440075,-0.005667118355631901,-0.0207269750535488,-0.023910906165838304,-0.0016536628827452,-0.0030996715649962,-0.0030904136365279998,-0.0064509101212023995,-0.012203283607959699,-0.0115526616573333,-0.0028737429529428994,-0.0017916790675372002,-0.0010914858430624,-0.0057171164080501,-0.0105084609240294,-0.0054805481340737,-0.0004654121585190001,-0.0014661175664514002,-0.000404606689699,-0.0088660370092839,-0.008265352633316101,-0.0029806206875946,-0.0036375117488205997,-0.001534057249955345,-0.0001328609141637002
members/member_131.png,1,-0.002462014555931105,-0.038226462900638594,-0.0793658941984177,0.00014804769307369924,-0.0008061621338128992,-0.0025267181918025017,-0.0023423619568348,-0.018335707485675798,-0.038707837462425204,-0.0002646129578351992,-0.0007287440821529007,-0.003756148740649199,-0.0005798824131489008,-0.01771584153175361,-0.0216230973601342,-0.0006601074710488007,-0.002162074670195499,-0.0008405535481871003,-0.005069971084594699,-0.02652997896075239,-0.0230777245014906,0.001852636225521601,-0.0021472540684045003,-0.0025677818339318,-0.012903841212391898,-0.019869435578584702,-0.010034977458417398,-0.005040746182203301,-0.0025247506564483003,-0.0005864065897185,-0.0085702035576105,-0.0112307760864496,-0.0042751973960548,-0.0020627817139029997,-0.0009237329359166,-0.00016540123033332606,-0.0113944582408294,-0.0073840691475198,-0.002343120664591,-0.0027127633802593,-0.000887158099430917,-3.3841977710835636e-05
members/member_132.png,1,-0.002136485651135403,-0.027444444596767398,-0.0560865327715874,-0.0026022712700068994,-0.0020610191859305,-0.0031267437152563997,-0.005250532180070898,-0.0097869895398617,-0.022339660674333607,-0.0008782842196523996,3.148894757040027e-05,-0.0006677275523544,-0.00017742253839969982,-0.006149873137474102,-0.013963524252176202,0.0008204579353331999,-0.0015444401651621004,-0.0015190076082943998,-0.004587458446621902,-0.0125656686723232,-0.015572618693113396,-0.0007800245657563001,-0.0020658751018346,-0.0011169890640303998,-0.001785933971404998,-0.010283807292580598,-0.009314437396824301,-0.00011111563071610018,-0.0006640201900154001,-0.0013056169846095002,-0.004150225780904302,-0.008886454626917801,-0.004752938169986001,-0.0019972184672950996,-0.0016668133903295001,-0.0004019745829282,-0.0098899286240339,-0.008207276900066101,-0.0028974515444134,-0.0028006808133796005,-0.0013038979850534022,-0.00011866079512400942
members/member_133.png,1,-0.004634851589798997,-0.0205502286553383,-0.04909214377403259,0.0005182763561606997,0.0004810057580470987,-0.004005278926342701,-0.004107659682631402,-0.011223286390304496,-0.023483294993639,-0.0021581929177045996,-0.0020663747563957995,-0.0016990774311125,-0.0009223669767380004,-0.007865961641073303,-0.013308487832546203,0.0007497193291783003,0.0006033000536262998,-0.0012324708513915994,-0.0029684547334909994,-0.011128854006528799,-0.0160045260563493,-0.0005827387794852005,-0.0016425433568657,-0.0020377332111821004,-0.001985432580113399,-0.009717825800180498,-0.0075033870525658,-0.0006700879894196996,-0.0015258784405886997,-0.0006673964962828,-0.004492500796914101,-0.0105518475174904,-0.0036231759004295,-0.0022857601288706,-0.0021233769366517004,-0.0002738691691774823,-0.0092043139738962,-0.0123788538621738,-0.0020145818416494998,-0.0025619727093727004,-0.0016976723927655155,-4.046911635668948e-05
members/member_134.png,1,-0.004412164911627801,-0.012531027197837899,-0.0314002968370915,0.0007081665098667995,0.0003673620522023002,-0.0030508846975862997,-0.0015203114598989,-0.008098836988210602,-0.013680465519428198,-0.0012167398817838002,-0.0021551256068051,-0.0002485536970198007,-0.0028480738401413,-0.003947824239730897,-0.0075754951685667,-0.0007930449210106997,0.0004342915490268993,-0.0017879072111099997,-0.0021286634728312995,-0.008904691785573904,-0.0111038070172072,-0.0012204656377435,-0.0017134249210356998,-0.0013105075340717998,-0.0035194633528589994,-0.010591967031359699,-0.00589229632169,-0.0008568190969527002,-0.0018877494148909998,-0.0006966305663809,0.0005676746368407995,-0.008301021065563,-0.0029927163850516,0.0009507532231509998,-0.0014083907008171001,-0.0003866647020914,-0.0089699334930628,-0.0060514003853313,-0.0017790273996070999,-0.0040944964857772,-0.0010024861985584537,-6.205935642352483e-05
members/member_135.png,1,-0.008406955748796397,-0.022686980664730003,-0.057292446494102506,-0.0014812075532973003,-0.0015643676742910992,-0.0036567826755345006,-0.0027991030365229,-0.015074107795953792,-0.029556285589933402,-0.0005466118454932993,-0.0011809989809990007,-0.0031823734752834,-0.0019184984266758,-0.011844344437122303,-0.018003996461629798,-0.00011435570195310069,-0.0012117447331547997,-0.002040135441348,-0.004129209555685501,-0.012608869001269396,-0.0173506466671825,-0.0004888959228993,-0.0018427781760693004,-0.0013603860279545001,-0.0025555770844220994,-0.011706326156854602,-0.008986382279545,-0.0003956356085837,-0.0019295273814349998,-0.0007858852331992,-0.0051048211753369,-0.0069952933117748,-0.004049351671710701,-0.0020423263777046997,-0.0012149593676440001,-0.0002454886416672,-0.0048841191455721,-0.005101954418933,-0.0023212729138322,-0.0016493843868375,-0.0008286012780445116,-7.682101931998757e-05
members/member_136.png,1,-0.003953060135245302,-0.0289942547678948,-0.05028177052736291,-0.00022438215091829996,-0.004979585297405701,-0.0030368114821613,-0.0023363567888737002,-0.017920475453138303,-0.023344665765762294,0.0012517175637185999,-0.0013074381276964994,-0.0029673038516193,-0.003647165372967699,-0.008979249745607397,-0.013447796925902401,-0.0012390012852848001,0.0012712785974144996,-0.0004516600165517001,-0.0006051976233720988,-0.0204193908721208,-0.015163415111601299,-0.0001591220498084996,-0.0043756412342191,-0.0018659654306247,-0.0035182181745767004,-0.012005856260657397,-0.006514453794807201,0.0019388473592699008,-0.0010849609971046,-0.0007145228446462,-0.005413576029241101,-0.009445935953408402,-0.0025957063771783998,-0.003671610727906301,-0.0016927968827075998,-0.00017447771097059997,-0.0115594151429832,-0.006982130551477899,-0.0013636613075505,-0.0041938557988032,-0.0008285564399557047,-6.512434265459691e-05
members/member_137.png,1,-0.0064657125622034,-0.022954046726226793,-0.0403411984443664,-0.0015681646764278013,-0.002342490013688801,-0.0028903177008033007,-0.0036015193909406974,-0.011541504412889501,-0.017313808202743503,-0.002175773959606899,-0.0011583594605327,-0.00023812707513570005,0.0013431943953036984,-0.008043948560953099,-0.014639951288700201,0.0026807389222085988,-0.0017114714719354994,-0.0026780911721289,-0.009775694459676701,-0.0142319053411484,-0.019494865089654898,-0.0027185045182704995,-0.0010036225430668003,-0.0030353715410456,-0.002321361564099799,-0.0084498766809702,-0.0104870530776679,0.00020471820607780022,-0.0015214763116091,-0.0010540277871769,-0.0028113909065723003,-0.0057957759127021,-0.0046401622239501,-0.0022176476195454996,-0.0006846949690953001,-0.0003653126623248,-0.009762494824826799,-0.0071429762174375,-0.0026867026317630997,-0.0032198765547946,-0.0015496492633246366,-7.31012078176647e-05
members/member_138.png,1,-0.005382323637604703,-0.019589491188526195,-0.054993726313114194,-0.0018895175307989,0.00023563392460349865,-0.004448204301297699,-0.0011075567454100002,-0.013311937451362603,-0.027776133269071496,0.0006194985471665998,-0.0027616457082331996,-0.0031297053210437003,-0.002091344445943801,-0.0069151967763901034,-0.0167247354984284,0.0004890752024948007,0.0017105722799898,-0.0012041199952364003,-0.0063457265496254,-0.0168216228485107,-0.019492281600832898,-0.0026480252854526,-0.0029377886094152997,-0.0013297107070684,-0.003697561100125299,-0.0131100844591856,-0.0107812937349081,0.0003116824664175996,-0.0009519760496914998,-0.0013183485716582,-0.0063617881387473,-0.006327491253614398,-0.007011062465608199,-0.0013909959234298004,-0.0011955574154854003,-0.0010751039371825,-0.008463429228868299,-0.0102644622093067,-0.004605984286172301,-0.0034653675393200994,-0.0024336711212526118,-0.0002047493144345774
members/member_139.png,1,-0.004722300916910199,-0.0321518555283546,-0.0504154190421104,6.929691880940003e-05,-0.0022309301421047003,-0.0027947085909545,0.001329842954873997,-0.016042459756136003,-0.0193057954311371,0.001610405743122099,-0.0012491336092352997,-0.0015278726350515998,-0.0039875879883766,-0.011391714215278598,-0.0095920525491238,-0.0013496559113263997,-0.0033538970164954003,-0.0009869318455458,-0.007172729820012998,-0.019039422273635902,-0.0092874150723219,-0.0015208842232823008,-0.0009877092670650001,-0.0009257678757422,-0.005885895341634802,-0.010517022572457799,-0.0037246544379741,-0.001873176079243399,-0.0018713348545134,-0.00024072997621260003,-0.004387023858725999,-0.0057464316487312005,-0.0015164969954638997,-0.0022463100031019003,-0.0008981691207735999,-8.631170931031908e-05,-0.0110615112353116,-0.0041475247271592,-0.0008267232769868,-0.0030855285003781,-0.0006242875315365235,2.270346158184111e-06
members/member_140.png,1,-0.006633127108216303,-0.018268283456564005,-0.026292875409126296,0.00036921165883540066,-0.0006144954822958001,-0.0012077013961971006,-0.003255613148212398,-0.008522398769855496,-0.014639373868703905,-0.0015541748143732001,-0.0011477982625364997,-0.0018422082066535993,-0.0009297095239163,-0.0038875434547662006,-0.007931370288133597,0.0019718254916369004,0.00023795804008839953,-0.0011147111654282002,-0.003869133070111202,-0.006534781306982099,-0.0125983143225312,-0.002028861083090301,-0.0010884408839046998,-0.0013103388482704002,-0.003192164935171599,-0.0033847615122795,-0.006501041818410199,-0.0019537415355444,0.0008213012479246001,-0.0011044201091862998,-0.0028543043881655,-0.0039910711348057,-0.0032793218269944,-6.720237433910023e-05,-0.0031620409572497,-0.0003603923760239,-0.0074858940206468,-0.0107872899388894,-0.001766840388882,-0.0027638168539852,-0.0015127521510293644,-4.9504658818386055e-05
members/member_141.png,1,-0.005626939237117795,-0.0313728377223015,-0.07301113009452821,-0.00046145450323820114,-0.0022705346345901992,-0.002564171794801999,-0.003728207200765603,-0.017051998525857898,-0.026725713163614294,-0.0010544266551733,-0.0004493361338973002,-0.0016477201133966004,-0.005692841485142697,-0.009080812335014399,-0.014611000195145604,-0.0026086731813847993,-0.00047272490337489995,-0.0011419076472521002,-0.0030028391629457023,-0.012547355145216002,-0.0135683538392186,0.0005909851752220995,-0.0011289189569652002,-0.0012430928181856999,-0.001962818205356598,-0.009352335706353198,-0.007330232765525599,0.00017961906269200068,-0.0012503867037593997,-0.0010199965909123,-0.004644397646188802,-0.0084887836128473,-0.0037107758689671005,-0.0009164698421956002,-0.0025094072334468,-0.0003849777131109,-0.009485682472586599,-0.0085541068692692,-0.0023060435778462,-0.0045932113425806,-0.0013830834868713206,-0.00011692752377707034
members/member_142.png,1,-0.001638472080230803,-0.026042178273200906,-0.06307344883680341,0.0003970582038164,-0.002039278857409999,-0.0026036137714982,-0.006611477583646698,-0.013470798730850303,-0.029332734644413008,-0.0013807946816086995,-0.0002482850104570007,-0.0021398919634521,-0.002766754478216199,-0.0104570984840393,-0.020395923405885696,-0.0014112479984760007,-0.0010988055728375998,-0.0005018156953155994,-0.004018617793917701,-0.017979171127080897,-0.0211934335529804,0.0011774301528930005,-0.0013444535434245994,-0.0026410685386509002,-0.0051999520510435,-0.014934599399566602,-0.0141576705500484,-0.0015304293483495,-0.0022398116998375004,-0.0022914797300473003,-0.004553886130452099,-0.010392526164650999,-0.0078731486573815,-0.0019187810830772001,-0.0014979213010519999,-0.000815227482235,-0.0097576082916931,-0.0107380491681397,-0.0050159249512944995,-0.0033810890745372,-0.001804162544431073,-0.00029200657809268216
members/member_143.png,1,-0.010109584778547297,-0.01948998495936391,-0.04292818158864979,-0.0026313508860767,-0.002732524648308701,-0.0009264778345822993,-0.0005059409886597997,-0.009578697383403799,-0.0217044353485107,0.0005345377139746995,0.0004989197477698005,-0.0010124775581061996,-0.004773518070578599,-0.0087011754512787,-0.014141231775283904,-0.0018114862032234998,-0.0018141292966902004,-0.0029221316799521004,-0.0016861436888576005,-0.011961923912167497,-0.0196464583277702,0.0009716209024190998,-0.0019317839760332996,-0.0019272759091108998,-0.000952634029090401,-0.0087764989584684,-0.0096033783629537,-0.0009452472440898002,-0.0016103566158563003,-0.0011517016682774002,-0.0006006164476274993,-0.0072782817296684005,-0.0058860639110207,-0.0003434214740992,-0.0011394179891794998,-0.0009307510044892,-0.0110152780544013,-0.0060433918552007995,-0.0041516577766743,-0.004198546870611599,-0.0010849488407984288,-0.0002110650348185046
members/member_144.png,1,-0.006362352520227495,-0.0321774333715439,-0.0619579553604126,-0.004436143673956401,-0.0010763881728053006,-0.0028990521095693007,-0.006019748747348799,-0.019019834697246503,-0.0278014019131661,-0.0004901774227618998,-0.0022145872935651996,-0.0012511955574155001,-0.011272627860307704,-0.012111615389585502,-0.0165721178054809,-0.0023987218737602,-0.0007809633389116001,-0.0012945453636349002,-0.0009443778544664001,-0.015896236523985897,-0.019061996601521997,0.0011526914313435,-0.0028845276683569,-0.0028114736778660997,-0.0062901582568884,-0.010399011895060501,-0.0090945665724576,-0.0019751191139221,-0.0008216222049668,-0.0007221936248243,-0.003926020115613899,-0.006298236548900601,-0.0039794419426470995,1.0695774108200086e-05,-0.0012822790886276,-0.000312590222165402,-0.011351557681336999,-0.0045757185725961,-0.0022185739944689,-0.004862927540671099,-0.0005900061187275195,-6.180184209370053e-05
members/member_145.png,1,-0.0040920041501521995,-0.0409458726644516,-0.07839361578226091,-0.001058040186762801,-0.0031805485486984,-0.0016025332733988987,-0.007413886487483999,-0.0181293077766896,-0.039658538997173295,-0.0012454567477106996,0.0002621253952383995,-0.0034015793353319003,-0.0018992125988006037,-0.0128800123929977,-0.022582095116376898,0.0014525856822729007,-0.0012664543464779993,-0.0009870706126094003,-0.004373544827103698,-0.0143753662705422,-0.025149080902338104,-0.0015907594934106012,-0.0014164051972329,-0.0024582138285041003,0.00029041804373269864,-0.010377625003457,-0.011605452746152798,-0.0005484707653522995,-0.0012101631145925002,-0.0009678350761533,-0.006349267438054099,-0.008708988316357198,-0.005554402945563201,-0.0014778161421418,-0.0019417781149968002,-0.00027298918575979997,-0.0177242415957153,-0.0094900623662397,-0.0030447593599093,-0.0052083194605075,-0.0013871196388208465,-8.890643948679795e-05
members/member_146.png,1,-0.005317106842994697,-0.015430890023708399,-0.0451658181846142,-0.0016788123175502006,0.0011105667799711002,-0.0044518481008709,-0.0055288188159466,-0.012712676078081103,-0.021315462887287105,-0.0018656337633728998,-0.0028360122814775,-0.0013490701094270004,-8.549541234970093e-05,-0.008178349584341105,-0.012460580095648797,0.0021327245049179,-0.0006758859381078997,-0.0014035042840987002,-0.0042873900383711,-0.0150271244347095,-0.0139173930510878,0.00029201293364160014,-0.0029622865840792994,-0.0016926293028519,-0.0042564999312162,-0.014569010585546497,-0.0062086842954159,-0.0022258814424276005,-0.0017684295307845003,-0.00040299064130519996,-0.001708897762000599,-0.0086964061483741,-0.0028364381287247,-0.00012902170419689957,-0.0014640230219811002,-0.00020423856767585476,-0.0107146392110735,-0.007718298758845801,-0.0015342841797974,-0.005052603490185,-0.0010117929923580417,-4.734117828775197e-05
members/member_147.png,1,-0.0029010511934757996,-0.025421239435672788,-0.05198791623115541,0.00022430066019299942,-0.0023160884156823,-0.002494842279702399,-0.0011821910738945007,-0.017609708011150305,-0.0309335961937904,0.0003157183527946004,-0.0013157278299331006,-0.0024823346175253,-0.003957994282245601,-0.011776600033044801,-0.017411947250366204,-0.0003206785768270007,-0.0006413077935576994,-0.0011311348062009,-0.0012721288949250967,-0.0210951119661332,-0.0191391855478287,0.0004380913451314007,-0.0041417926549911005,-0.001890984014608,-0.004135549068451001,-0.014987753704190199,-0.0094905933365226,-0.0011029485613107994,-0.0007385846693068999,-0.0005740232591051001,-0.004693236202001502,-0.0121123511344195,-0.0042752791196108,-0.0018359487876296009,-0.0017849024152383,-0.0003538498422131,-0.0178751391358674,-0.0109576125396415,-0.0023777395108482,-0.005391753162257399,-0.0015291547788365153,-2.8846661734823243e-05
members/member_148.png,1,-0.004984833300113699,-0.030975222587585394,-0.0674557387828827,0.00019910838454960042,-0.0011271284893154994,-0.0041384021751583,-0.002034511417150501,-0.014000937342643807,-0.027940087020397207,-0.0013083284720777997,0.001190617680549599,-0.0018211244605481,-0.0007545035332440983,-0.0124085843563079,-0.0147974342107772,0.0004178760573268006,-0.0016260971315204993,-0.0007066861726344,-0.0052802469581366,-0.014191783964633997,-0.0144898975268007,-0.0018818005919457002,-0.0021119327284396,-0.0011494528735056,-0.004417955875396701,-0.0119757801294327,-0.006589662749320199,-0.0022161751985550005,-0.0021562869660556,-0.0007397053414025,-0.005705312825739401,-0.007781837135553299,-0.0028594478499145,-0.0003923093900084001,-0.0014305623481050001,-0.00036641214683179996,-0.010643006535247,-0.0055864388414193,-0.0016141540982062001,-0.0030656687449664,-0.0009603838479960824,-6.498786387963525e-05
members/member_149.png,1,-0.006126565858721799,-0.024145506322383894,-0.0332013852894306,-0.001240365672856499,-0.0024719759821891993,-0.0026199149433523998,-0.0017379019409418002,-0.010604104027151999,-0.0110062854364514,-0.0015652664005757003,-0.00043452670797709987,-0.0007806412177160001,-0.0008296538144349982,-0.008916279301047401,-0.0059770876541734,0.0014754827134311,-0.0018361611291766002,-0.00032132398337129985,-0.004284780472517003,-0.0105233648791909,-0.005314361769706,-0.0008998895063996003,-0.0009449676144867997,-0.0007108615536708001,-0.0028701294213532985,-0.005037400871515201,-0.0021303959656507002,-0.0009925588965415998,-0.0012037123087794,-0.0002969299239339,-0.0047936066985131,-0.0029498923104256994,-0.0008925034780985999,-0.0012971339747309997,-0.0005281518097035,-8.768406041780307e-05,-0.007599068921990599,-0.0023138370306697003,-0.0004591756951412997,-0.0026041616220027,-0.0006089519483793603,-1.8309852748643607e-05
members/member_150.png,1,-0.006785895675420803,-0.012594718486070702,-0.027938559651374907,-3.013666719200135e-05,-0.0009167511016130005,-0.0014006868004799002,-0.0026608929038048,-0.0054575968533754,-0.0119693800806999,-0.0016179908998309993,-0.0016316212713718995,-0.0020958709064871003,-0.0022619199007748968,-0.0063609723001718,-0.009162982925772598,0.0005831010639666999,-0.0005064606666565002,-0.0007569435983896997,-0.004528753459453602,-0.0086516244336963,-0.008686987683177001,-0.0019710571505129,-0.0012392774224280999,-0.0015489300712943001,-0.0028197690844536,-0.003824940882623199,-0.0040644737891852994,-0.0004174211062491001,-0.0008656599093229004,-0.0007423838833347,-0.003421108238399,-0.0054670721292496005,-0.0028828799258918004,-0.0011765663512051001,-0.0008175210095941999,-0.0005168147472431001,-0.0040478797163815,-0.0048927451716736,-0.0018187632085755,-0.0025077747413889,-0.0017322154781139946,-0.00016068765035015078
members/member_151.png,1,-0.005239296704530695,-0.03805203735828398,-0.0747973620891571,0.00011603813618419993,-0.0029086666181684,-0.003163726069033101,-0.005322851240634904,-0.0241116881370544,-0.0342423915863037,-0.0010899342596531,-0.0013325926847756004,-0.0041002593934536,-0.001603616401553199,-0.009974826127290802,-0.0196178518235684,-0.0008282745257020005,0.0022514401935041003,-0.0013945535756648003,-0.005744839087128601,-0.019587378948926905,-0.019719474017619996,0.0007008602842689003,-0.0023363567888737002,-0.0009020320139824997,-0.005697047337889699,-0.012587850913405398,-0.0105466283857823,-0.0020528719760478003,-0.0018342086113988998,-0.001570311782416,-0.004040533676743499,-0.0094700073823333,-0.0059389318339526,-0.0015785349532962002,-0.0013851900584996002,-0.0007835534051992,-0.011375687085092,-0.0142128957668319,-0.0039229705434992,-0.0038075131596997,-0.00288795599772121,-0.00012181668353141174
members/member_152.png,1,-0.0011922493577004034,-0.026642471551895197,-0.0546798631548881,0.002626043744385201,-0.001774744130671,-0.0038836719468236004,-0.007061831653118099,-0.0123941712081432,-0.018944133073091507,-0.0032377447932958013,-0.0021130633540451995,-0.0019589220173657,-0.0013593938201665982,-0.007006417959928506,-0.013719651848077802,-0.0036176042631268996,-0.00048657925799489975,-0.0011152946390211999,-0.003800727427005702,-0.008192762732505798,-0.015259331092238398,0.0004858593456447003,0.0017021680250763997,-0.0016932110302149998,-0.004689808934927001,-0.0138116646558047,-0.0112914564087987,-0.00030144490301609993,-0.0039239162579179,-0.0015713379252702002,-0.002319649793207699,-0.012152030132710899,-0.006634354591369599,0.0009476155973971003,-0.0019676331430673,-0.0005840511730638999,-0.0112879457883537,-0.011557666934095299,-0.004184808873105799,-0.0057165856705978,-0.0015342053884523628,-0.00013200114699427398
members/member_153.png,1,-0.004830115474760501,-0.005149562843143999,-0.0053349789232014985,-0.00043058814480899984,-0.0006266147829591998,-0.0009682185482234001,8.166860789060072e-05,-0.0004469454288482007,-0.0029341327026487004,0.002632454037666299,2.8789043426499794e-05,-0.0009001942817122,-0.0017567994073033003,-0.0011684866622090999,-0.0018972596153616003,-0.0036715231835841994,-0.0004849985707552,-0.0003147551324218,-0.0011954884976149004,-0.00048493966460219987,-0.0026399567723275003,0.0012773284688592,2.6538036763700153e-05,-0.0006000775611029001,-0.0011502048000692992,-0.001309200655669,-0.0022382684983312997,0.0003949603997171003,-0.0005165470065549001,-0.0007335376285482,-0.0005782144144178009,-0.0026954684872180002,-0.0014667746145277999,0.0004822444170713997,-0.0010281215654686,-0.00022987074771655205,-0.001409684773534499,-0.0025044209469343,-0.0008774764646660001,-0.0040145176462829,-0.0007571598580397611,-4.465212987270205e-05
members/member_154.png,1,-0.009674264118075305,-0.0280679203569889,-0.048262380063533804,0.0008943546563387004,-0.0019632889889181,-0.0025960332714020998,-0.004940515384078099,-0.011955553665757197,-0.014262510463595397,-0.0019685472361743,-0.0008727177046238994,-0.0008841676171868996,-0.0031362604349850984,-0.0069104284048081,-0.007982013747096102,0.0006586099043487999,-0.0010464815422893004,-0.0008650672389195002,-0.005993583239615002,-0.0090056387707591,-0.0078109870664775,-0.0014336896128952,-0.0014324828516691,-0.0012265012774151,-0.001588025130331499,-0.0059982785023748,-0.0035993063356727995,0.0003021098673342999,-0.0004435142036528,-0.0002497747773304,-0.0043149422854185,-0.0040660649538041,-0.0014800686039961003,-0.0030757640488445,-0.0011753041180781998,-9.454377141078686e-05,-0.007096788613125701,-0.0030799523519817,-0.0008401741870329999,-0.0016790170921013002,-0.0007204208814072765,-3.882621604134329e-05
members/member_155.png,1,-0.0070350393652915955,-0.026861242949962602,-0.06294677406549459,-0.0028589647263289,-0.0007945913821459007,-0.0039261784404516,-0.0005323812365531019,-0.0129510462284088,-0.023298189043998704,0.0007674396038055992,-0.0003022653982043006,-0.0018702135421336,-0.0005666837096214988,-0.010538920760154703,-0.018351241946220398,-0.0005873087793589003,-0.0020197406411170994,-0.0018159188330173002,-0.004413224756717703,-0.021062929183244698,-0.0210953075438738,-0.0021480792202054995,-0.0026355655863881,-0.002271790872328,-0.001587536185979798,-0.015226278454065403,-0.011416016146540598,0.0006360574625431997,-0.0024463625159115,-0.0011338921613059999,-0.0101681612432003,-0.012261211872100799,-0.005553289316594601,-0.0030140331946313,-0.0014568569604307001,-0.0003650167636806,-0.012278418755158801,-0.009657661605160699,-0.0032537393126404,-0.0024739328073338,-0.0012666809852817048,-9.754875281939749e-05
members/member_156.png,1,-0.0036577899008988987,-0.0295876637101173,-0.058891117572784396,0.0010702023282647011,-0.0008144881576298991,-0.002813237719237801,-0.0032696947455406987,-0.012208841741085101,-0.0305914171040058,-0.0008705882355570013,-0.0001273555681110001,-0.0019510732963681993,-0.0005401670932769012,-0.006478127092123004,-0.017850838601589203,-0.0004919078201055995,-0.0011894325725734,-0.0020932056941092,-0.0062501579523087,-0.013875328004360199,-0.020983692258596396,-0.0020961528643966,-0.0010460610501468,-0.0015195303130894002,-0.0024339035153388977,-0.0115613956004381,-0.010829024948179802,-0.0006743967533111,-0.0025585219264031003,-0.0014581492287107,-0.006303183734416901,-0.0131030883640051,-0.005939305061474399,0.0005981600843370004,-0.0019748911727219,-0.0006024118047207999,-0.008283259579911901,-0.0142297699349001,-0.0035550538595999002,-0.0049693781184033,-0.00194094453763682,-0.0001634135223866294
members/member_157.png,1,-0.006479084491729702,-0.021851561963558197,-0.0523234158754349,-0.0012575411237775993,-0.0012619234621525002,-0.00045116897672410096,-0.004311207681894299,-0.013154320418834707,-0.028889805078506504,-0.0002505173906684,0.0006014890968799999,-0.0042133750393987,0.00015439093112940006,-0.006757590919733096,-0.016530215740203802,0.0014186943881213995,-0.0023384098894894,-0.0007487549446522999,-0.004173623397946302,-0.009918034076690604,-0.0208572447299958,-0.0008604382164775996,0.0004560961388050998,-0.0026445294497534997,-0.0014058332890271984,-0.010514171794056896,-0.0109920306131243,-0.0009490936063231,-0.0011174255050719001,-0.0010950254509225002,-0.0031717419624328995,-0.0117068942636252,-0.0059621061664075,-0.0010301531292498,-0.0025982034858315997,-0.0004322359309299,-0.0096894120797515,-0.015471494814846701,-0.003539934012224,-0.0047036536270752,-0.00205069836374598,-0.0001192611161968451
members/member_158.png,1,-0.00026147626340379884,-0.010880939662456506,-0.0360971875488759,0.0010201837867497999,0.00037497468292710043,-0.0020289150997996,-0.003840198740363201,-0.009275168180465698,-0.013710066676139797,-0.0014207842759788002,-0.0021640141494572007,-0.0015625450760126001,-0.0014983490109443005,-0.005901649594306904,-0.011302396655082703,-0.00014338782057170003,-0.00015504006296399985,-0.0018680137582123002,-0.0019746664911508977,-0.010776285082101898,-0.0129303801804781,0.0007810271345079006,-0.0012693232856690996,-0.0022149088326842,-0.003926746547222101,-0.006285917013883601,-0.009318059310317,-0.0006829081103205004,-0.0004394389688967999,-0.0013020078185946,-0.0028938287869095993,-0.010495503433048699,-0.0064392280764878,-0.0012002000585199,-0.0029086892027408,-0.0006393502553692001,-0.0057729682885110005,-0.011249568546190799,-0.0044775341521017,-0.0017584857996553,-0.0018187685673183179,-0.00019429478197700078
members/member_159.png,1,-0.0052816718816758,-0.02142400294542309,-0.04953182488679889,0.0015226947143674,-0.0027676634490489994,-0.0015141242183745003,-0.0023918431252240996,-0.014595404267311103,-0.0190115831792355,-0.0008199000731110989,-0.0012825559824705002,-0.0019881764892488996,-0.0035359375178814004,-0.007468678057193798,-0.009406693279743202,-0.0021835453808307006,-0.0012381118722259998,-0.0013278182595968004,-0.0023006312549113984,-0.013401681557297703,-0.014177040196955202,0.0001883534714579001,-0.0012605600059032995,-0.0012812232598661997,-0.005280922167003101,-0.010421407409012299,-0.007733007427305,-0.0022931369021535006,-0.0016129615250975002,-0.0008762164216023001,-0.002821969799697401,-0.006622293498367101,-0.0034333951771258996,-0.0003412556834518996,-0.0015889826463535003,-0.0001503113307989748,-0.0087370629189536,-0.0063865081756375,-0.0020190216746414002,-0.0028603042010218,-0.0010168934204556929,-2.365772525081411e-05
members/member_160.png,1,-0.004237033426761697,-0.0407490655779839,-0.0686312057077885,0.0010555479675531006,-0.005444742739200599,-0.0041682464070618,-0.0040782671421766,-0.021005030721426003,-0.026415538042783702,1.2276694178598585e-05,-0.0005110958591104005,-0.0016156183555721998,-0.005290938541293099,-0.012623105198144899,-0.0132552348077297,-0.0016067204996942988,-0.0019580386579037,-0.0009116489673034001,-0.0076358355581761,-0.018945340067148198,-0.011754746083170198,-0.0014764908701182002,-0.0032642809674143,-0.0012275917397346,-0.004891590215265702,-0.010613531805574901,-0.0043771069031209005,-0.0014829477295279,-0.0011940363328903998,-0.0001974432816496,-0.0032399389892816995,-0.0053372723050416,-0.0017650253139435998,-0.0006172661669552005,-0.0005983297014609001,-0.00010268497862848857,-0.0088077170075849,-0.0036079769051866003,-0.0009391697021783,-0.0039682651986368,-0.0006537294866575097,-3.4004358894890174e-05
members/member_161.png,1,-0.003916777670383405,-0.0248716846108437,-0.05453672260046011,-0.0025340719148517,-0.0027790637686848,-0.004344437271356599,-0.0009139552712440976,-0.012058056890964508,-0.026047646999359103,0.001702785491943401,0.0007051713764666991,-0.0027412129566074007,-0.0029703397303820003,-0.013008039444684996,-0.016516491770744303,-0.00020193587988610005,-0.0028297663666307996,-0.0002571218647061998,-0.0033900234848260984,-0.021875303238630295,-0.019663864746689796,-0.0023762532509864,-0.0019339560531080003,-0.0025737752439454996,-0.0065241996198892,-0.016270628198981302,-0.009152532555162901,-0.0009488454088568002,-0.0009815993253141,-0.0008911671466194001,-0.007461647503078001,-0.010512480512261401,-0.0047328302171082,-0.0021198852919043004,-0.0021438110852614,-0.0007569002482341,-0.0103738273028284,-0.0094292917638085,-0.0031083056819625,-0.0032422646763733995,-0.0015866777248447503,-0.00014689695308332706
members/member_162.png,1,-0.0067406017333269015,-0.032491832971572904,-0.06126285344362259,-0.0009685964323580994,-0.0012612594291567993,-0.0021047373302281007,-0.002695953473448698,-0.019108872860670097,-0.028050132095813703,-0.0014293100684881002,-0.002554645296186201,-0.0021844236180185994,-0.0035633314400912025,-0.010713115334510803,-0.0170348137617111,0.0002345796674490001,-0.0020682956092059994,-0.0017963484860957003,-0.003468079492449698,-0.016772927716374397,-0.020337402820587203,-0.0009974595159292004,-0.0012828563340008007,-0.0018740798695943998,-0.004725174978375501,-0.0149711426347494,-0.0092717600055039,-0.0015771300531923996,-0.0027308273129164995,-0.0005141132132848,-0.0030960375443099993,-0.0076985037885606,-0.0040212031453848,0.0012123370543123003,-0.0007589404413011001,-0.00015192707360256282,-0.006702438811771601,-0.0051861929823645,-0.0021559380547842,-0.0040336005622522006,-0.0004127435258851166,-5.32130306964973e-05
members/member_163.png,1,-0.007066017016768501,-0.020559683442115798,-0.056991316378116594,-0.0019025919027627,-0.0021056802943349006,-0.0076283942908048005,-0.0054055396467447,-0.014484457671642303,-0.030621089041233104,0.0005849064327777004,-0.002995951101183899,-0.0006323610432445994,-0.0026614516973494998,-0.009594965726137196,-0.020420219749212203,-0.0007276488468051,7.609184831379977e-05,-0.0016519345808774003,-0.0023908335715532997,-0.0156635958701372,-0.0220224913209677,-0.0006788242608309,-0.0027345702983439,-0.0022776478435845,-0.0027171000838278996,-0.0110477162525058,-0.009725115727633201,-0.0007732063531876001,-0.0014418344944715001,-0.0005346578545868,-0.0031267013400793006,-0.008348679635673699,-0.0040647960267961,-0.0015470883809030004,-0.0013657521922141,-0.00016828973457445802,-0.010294650448486299,-0.0058488540817053,-0.0022463724162663,-0.0031117644393816,-0.0008381926854781248,-4.891090793535113e-05
members/member_164.png,1,-0.0076780430972576,-0.03211485967040059,-0.0614316165447235,-0.002205660101026301,-0.001783131621778,-0.0037924270145595,-0.003131484612822498,-0.013048514723777806,-0.021360808983445098,-5.313381552699958e-05,-0.0014151069335639,-0.0010049408301711,-0.003094960004091301,-0.009183453395962698,-0.010104184970259701,0.0008742478676139996,-0.0008000743109733001,-0.0005965600721538,-0.003949083387851701,-0.011665626429021398,-0.0100296530872584,5.8121047914101026e-05,-0.0014179048594088,-0.0012066860799678,-0.0032765436917542995,-0.006373765412718,-0.004265310941264,-0.000976467039436101,-0.0010887163807637998,-0.00043338103569109997,-0.0040452666580677,-0.0037788606714458,-0.0018071130616590001,-0.0024440246634186,-0.0004272575024515,-6.040036532792631e-05,-0.007406913442537201,-0.0023408682172885,-0.000974746508291,-0.0039048199541866996,-0.0004917817241220662,-2.2040767362341285e-06
members/member_165.png,1,-0.005449466407299104,-0.03468988090753551,-0.0575355663895608,-0.0006858287379146004,-0.0038993703201414005,-0.0007430091500282999,-0.004726134240627199,-0.020496983081102392,-0.023299165070056898,-0.0008818283677100996,-0.0005822572857141,-0.0019101360812783003,-0.0011596530675887992,-0.011990163475275005,-0.011747578158974599,0.002126511186361299,-0.0011447849683463998,-0.0015090700471773997,-0.003189312294125602,-0.016005447134375596,-0.0108513673767448,-0.0034402804449199997,-0.0024622266646473997,-0.0008138797129504001,-0.0035861935466527974,-0.009111593477428001,-0.0046433443203568,-0.00014545861631640004,-0.0014522912679240001,-0.0004883713991148,-0.005923531949520101,-0.0064196423627436,-0.0018411083146930001,-0.0024871523492038,-0.0010531065054237999,-0.00014008155267218174,-0.012912845239043201,-0.0044238807458896,-0.0009424087766091629,-0.0026136180385946998,-0.0007267134969879092,-3.140574335702695e-05
members/member_166.png,1,-0.0051909759640693005,-0.011141590774059296,-0.030150860548019402,0.0011345893144607995,8.580507710570073e-05,-0.0022992277517915,-0.0036377143114805985,-0.007819510996341702,-0.012157944962382296,-0.0018567196093499999,-0.00046633882448080064,-0.0012539981398732,-0.0038554519414901005,-0.0061460249125957,-0.006915180943906401,-0.0018901019357144997,-0.0021751653403043,-0.0009647330734879,-0.0041326228529215,-0.0106129785999656,-0.007980271708220202,-0.0002278145402670002,-0.0027166170766576994,-0.0010524248064029,-0.0038369707763195003,-0.0063315168954432,-0.0033968763891607996,-0.0004475526511669003,-0.0005500480765476998,-0.0003335883229739,-0.0032792589627207,-0.0029846965335309,-0.0014193908427841,-0.0006165634840727,-0.0005157683626749001,-2.356265031257624e-05,-0.0070190773112699,-0.0019215660067858002,-0.0007628461025888076,-0.0035534477210602995,-0.0004403756356622828,-3.7463400076376274e-05
members/member_167.png,1,-0.006132390350103403,-0.026678711175918593,-0.0555562302470207,-0.0017650667577982,-0.003451291471719701,-0.0033306474797428,-0.005702989175915701,-0.016169160604477005,-0.021330779418349304,-0.0014143241569399998,0.0014976132661104003,-0.0016315639950334995,-0.002815065905451799,-0.014058306813240003,-0.010175468400120699,0.00020395312458280045,-0.0022802371531725,-0.0008680496830493001,-0.0032248888164758995,-0.0156909488141537,-0.009009983856231,0.0012791641056536995,-0.0014796317555009998,-0.0010043831716756999,-0.004464826546609402,-0.009705966338515299,-0.0033022966235876,-0.004363791085779599,-0.0026659466093406003,-0.0002990356879309,-0.0037397295236586987,-0.0050828857347369,-0.0013322532759048001,-0.0005621165037155,-0.0007944803219289,-0.00010137506615134724,-0.006387358065694601,-0.0037461603205884,-0.0007129501027520248,-0.0021861182758585,-0.0007533931784563974,-4.794291271537077e-05
members/member_168.png,1,-0.004452412948012303,-0.023998528718948295,-0.0456087067723274,-0.0016258517280221003,-0.0010558296926319998,-0.0044209745246917,-0.0013570971786976,-0.010465063154697501,-0.0161195825785398,0.0004113824106752994,-0.0009930776432156,-0.0006008010823278999,-0.0045910850167274996,-0.009286753833293901,-0.0089448727667332,-0.0011983644217252992,-0.0013321409933268998,-0.0011009417939931002,-0.003885392099618898,-0.012956343591213199,-0.0098170293495059,0.0009487392380833999,-0.0010834701824934002,-0.0013928678235971,-0.005330228246748402,-0.0087855793535709,-0.004743757424876101,-0.0021656816825271,-0.0012271497398615,-0.00045841853716409997,-0.0032868785783648994,-0.005687621422112001,-0.0020200569415464997,-0.0003890441730619006,-0.0010819610906764,-0.0001288680869037517,-0.0072497557848692,-0.0043708702869481,-0.0011329499102431,-0.0034675559727474995,-0.0009152124584943481,-2.304192094015889e-05
members/member_169.png,1,-0.002267669886350701,-0.022906370460987105,-0.05864341557025911,-0.0014034733176230994,0.0027012005448341005,-0.0011192644014955,-0.0032067634165287018,-0.017568945884704604,-0.027275994420051602,0.0006556119769810997,-0.0033762687817216006,-0.0021435441449284007,-0.004755355417728396,-0.014508940279483795,-0.015288855880498796,-0.0017596785910426998,-0.0010792599059641006,-0.0012366273440421,-0.006969673559069602,-0.017987910658121102,-0.020453836768865603,-0.0003789067268372007,-0.0007250257767736999,-0.0019388655200599995,-0.002687297761440298,-0.0131967198103666,-0.0118879983201623,5.867425352340007e-05,-0.0029613752849399996,-0.0019990320433863,-0.005427592433989001,-0.0108755109831691,-0.0064277173951268005,-0.0019687004387378996,-0.0014355375897139003,-0.0005314642912708001,-0.009639280382543799,-0.0125963920145296,-0.0042179519077763,-0.0032565648434684,-0.0019689957916852983,-0.00017391960500386043
members/member_170.png,1,-0.004171552136540399,-0.01781310141086579,-0.03280267864465711,-0.0005726441740989997,0.00048495084047319933,-0.0009328657761216008,-0.0012685712426901002,-0.0091862082481384,-0.01845505461096769,0.002810244448483,-0.0019832542166113992,-0.0025856182910502,5.504675209519819e-05,-0.005546297878027004,-0.013048719614744103,-0.0021694842725991995,-2.197828143830037e-05,-0.0004736809059978,-0.005437424406409298,-0.005890086293220499,-0.014659456908702899,-0.0005015651695431007,0.0009697042405605004,-0.0017219220753758998,-0.0032859724014996997,-0.010592838749289499,-0.01038883253932,-0.0001807366497813996,-0.0035019111819565,-0.0020457805949262997,-0.0035783415660262004,-0.0107465358451009,-0.0055266499985009,-0.00031865341588859994,-0.0025801421143115005,-0.000637870238279,-0.0103486881125719,-0.0116019245469943,-0.0032958809897537,-0.0055271364399232005,-0.001913280048029198,-0.0001771708339219437
members/member_171.png,1,-0.006927542388439102,-0.026286743581295,-0.05859895050525658,-0.0059601422399282,-0.00011032633483410055,-0.0019397269934416,-0.002578232437372298,-0.0172921195626259,-0.031216703355312403,0.0007491735741496008,-0.0023103985004127,-0.0025132824666798,-0.002980837598443,-0.009114220738411005,-0.014952674508094801,-0.00011447770521050109,-0.0005005346611143,-0.0018259109929204,-0.007779926061630197,-0.0163694843649864,-0.0175222493708133,-0.0015581743791698993,-0.0022276875097304,-0.0018049947684630999,-0.004391599446535202,-0.01057362370193,-0.009342622943222599,-0.0016336692497134,-0.0014506948646158002,-0.0005501958366948998,-0.004486190155148499,-0.0065431604161859,-0.004089275607839201,-0.0008817806374282,-0.0011751515557989999,-0.00034195223270220003,-0.0077787532936781,-0.0046161780774127996,-0.0022241295664571,-0.0027830623439513,-0.0009138819586950475,-6.029475480312158e-05
members/member_172.png,1,-0.003493875265121401,-0.015421096235513597,-0.043646894395351396,0.0013666562736033994,-0.0003335596993565993,-0.00034999754279850005,-0.0019493568688630988,-0.006965298205614097,-0.02114006876945501,0.0020514838397503003,-0.0023084972053766,-0.0034558693878352,-0.0012262277305126017,-0.003990899771451999,-0.015384584665298393,-0.0019091200083493996,-0.0013577863574027998,0.0003132415004074001,-0.0026136133819818982,-0.011904772371053703,-0.026067480444908205,-0.0020551066845656005,0.0005190744996071001,-0.0029643001034856,-0.0024658208712934997,-0.010051256045699099,-0.016606554388999897,-0.0006936099380254997,-0.0019496022723615005,-0.0021878210827708,-0.0022400328889490007,-0.008827485144138301,-0.0127969328314066,-0.0023454998154193002,-0.0010204082354903997,-0.0015168127138167997,-0.0083221157547086,-0.0123957897303626,-0.008370551717234801,-0.0020280962344259,-0.0028963879012735,-0.0005409221521403138
members/member_173.png,1,-0.006795249879360199,-0.024455733597278602,-0.035366363823413904,-0.00020476989448070006,-0.0016289730556308998,-0.0021871477365493002,-0.0049885734915734,-0.006404571235179901,-0.012307342141866701,0.0005525154992938007,-0.0008093062788247993,-0.0012638324405998,-0.0006419792771339,-0.003566168248653502,-0.0073102172464132,0.0001882072538137991,-0.0003749644383788005,-0.0009171683341265002,-0.006852174177765898,-0.0125433839857578,-0.0096955234184861,-0.0040347045287489995,-0.0031757631804794,-0.0013957928749732998,-0.0007532928138971016,-0.008034710772335498,-0.004927436821162699,0.0018832958303392003,-0.0005971363279968999,-0.00035840534837909994,0.0006378497928381001,-0.005670924438163601,-0.0022146934643388003,0.0007424424402415006,-0.001194797019707,-0.00016228538879658187,-0.0148037630133331,-0.0033364741975675,-0.001192313444335,-0.007186966366134501,-0.00045620386299557823,-2.5925168301910162e-05
members/member_174.png,1,-0.005995534360408797,-0.030786804854869884,-0.14657689630985257,-0.00014169141650200064,-0.0027697375044226005,-0.005737598985433599,-0.005887985229492201,-0.015594467520713806,-0.0715726763010025,0.00017787329852580157,-0.0020132390782236984,-0.004215164110064501,-0.0006872322410345008,-0.010723128914833,-0.0436932444572449,-0.0008805990219116011,-0.00035820063203580166,3.2752752304101435e-05,-0.0049195289611817,-0.023858059197664302,-0.0591971054673195,-0.0027673947624861995,-0.0015225368551909993,-0.0038927504792810007,-0.0019565057009457987,-0.0182790644466877,-0.031073655933141694,0.0026592793874443002,-0.0010184878483414,-0.0021350812166928998,-0.009360820055008002,-0.017537757754325898,-0.018701191991567598,-0.0039289959240705,-0.0042006217408926,-0.0023470703163184,-0.0105359421577304,-0.018370758567471,-0.012947113369591501,-0.0025541381910443,-0.0015270544899975995,-0.00044348521623759453
members/member_175.png,1,-0.004980497062206296,-0.03728114068508151,-0.05560790374875071,0.0007981741800903996,-0.0003653950989246004,-0.0023658890277148004,-0.0022084154188633034,-0.024415958672761896,-0.024611124768853198,0.0020961826667190014,-0.0007642330601812007,-0.0016781089361756997,-0.0036915112286805968,-0.015118174254894201,-0.0121081285178661,-0.0030031148344278006,-0.0014046034775673996,-0.0010419311001896,-0.005044441670179301,-0.019640248268842697,-0.011237424332648502,-0.0010632923804223997,-0.0031067528761923,-0.0008823316311464,-0.006863404065370601,-0.0104583175852895,-0.004339895211160199,-0.0024264454841614004,-0.0011378391645849,-0.000520244560903,-0.004897664301097398,-0.0055173872970044995,-0.0016009368700907,-0.0015758047811686997,-0.0003018931020051,-7.819226448181943e-05,-0.0103317445609718,-0.0045669933606404004,-0.0008724061626708001,-0.0029459109646268002,-0.0013606785068986764,-4.9691610911395394e-05
members/member_176.png,1,-0.0076823197305202,-0.0302733331918716,-0.0747362300753593,-0.0021085822954774007,-0.0018205335363745984,-0.0033056237734853996,-0.005544051527976997,-0.014992907643318204,-0.033313874155282995,-0.0007913238368928996,-0.0022690258920192007,-0.0028902003541589,-0.0031013917177916024,-0.010993398725986495,-0.019540775567293202,0.0020733517594636,-0.0011960528790951,-0.0019730117637664,-0.0026902817189693,-0.016003051772713703,-0.021011704578995698,-0.0035023591481148997,-0.0014381892979144998,-0.0016469302936456998,-0.0032861195504666,-0.010826264508068499,-0.0084082200191915,0.0004255543462931997,-0.0020359768532217,-0.0006266355630941999,-0.005769284442067098,-0.007823942229151701,-0.0039512724615633,-0.0028316385578364,-0.0011485971044749002,-0.0002132235313183069,-0.0098126318771392,-0.0070748077414465,-0.002188076658058,-0.0028991943690926,-0.0009681310766608677,-3.696537169162184e-05
members/member_177.png,1,-0.006113708019256599,-0.028579413890838595,-0.04430349171161649,0.0015929150395094993,-0.0042850328609347,-0.0020458009093998995,-0.0036249775439499976,-0.010609060525894207,-0.020500551909208305,-0.0007388386875390989,-0.001527389511466101,-0.0033114003017545007,-0.0017119795084000015,-0.0134666785597801,-0.014657039195299204,-0.002016544342041,0.0007049143314362006,-0.0020954711362719996,-0.0034486670047044997,-0.013307671993970899,-0.020083410665392896,0.0006310674361884993,-0.0023330356925725998,-0.0021314402110874002,-0.0031861737370490993,-0.010970238596200898,-0.0117735210806131,-0.0008499585092067996,-0.0024203220382333006,-0.0013619106030092,-0.005787034519016701,-0.011363273486495,-0.0062555586919188005,-0.0021502589806914997,-0.0023340793559328,-0.0005232606490608,-0.0091055054217577,-0.0103594126412645,-0.0038320363819366998,-0.0033699355553835,-0.0014325028860183975,-0.00017762947027220356
members/member_178.png,1,-0.004356978461146299,-0.015601340681314503,-0.023250933736562802,-0.0009758826345204995,-0.0029134838841856003,-0.0024672830477357,-0.0033427812159061987,-0.008244074881076799,-0.008987713605165398,0.0007551331073045002,-0.0011658114381133998,-0.0013321060687304003,-0.004159258678555402,-0.006201824173331299,-0.0065592993050814005,-0.0027316533960402003,-0.0004556013736874004,-0.0008513170760125,-0.002768183127045701,-0.008435740135610102,-0.0065365531481803,0.0008640345185994998,-0.0014866627752780997,-0.0008328335825354,-0.0032724933698772985,-0.0051408782601355995,-0.0029087311122566,-0.0004081577062605996,-0.0008120391285047002,-0.0002046674053417,-0.0035567814484239006,-0.0026902854442597,-0.0011800908250734,-0.0026207952760160004,-0.0006291217287070999,-0.0001281647782888825,-0.007814279757440099,-0.0019627303627202455,-0.0006306810828391159,-0.0025523821823299,-0.0005858257900398915,-3.628775812103413e-05
members/member_179.png,1,-0.0037206094712019,-0.0095397569239139,-0.05326448380947109,0.0002233693376182998,-0.0015260921791196008,-0.003865631762892001,-0.002171417698264101,-0.009028732776641901,-0.0291114635765553,-0.00015173060819500053,0.00039932597428560083,-0.00229162722826,-0.0023522544652224003,-0.009331602603197098,-0.0176241211593151,-0.0007066731341184001,-0.0029393746517598004,-0.0015441438881680998,-0.0011446513235568966,-0.0144883524626493,-0.0156097142025828,0.0005634743720293002,-0.0023094310890883003,-0.0010997491772286,-0.0034244442358613014,-0.012252128683030602,-0.0062426389195025,-0.0009260009974240997,-0.0018036325927824,-0.00045313297596300006,-0.0025991601869464007,-0.007325392682105299,-0.0024535526754335003,-0.0010976963676511999,-0.0007893588626757,-6.041427695890001e-05,-0.0097633586265147,-0.005273151560686601,-0.0013142646930646,-0.0038206789176911003,-0.0009920238699123649,-5.7346682296986504e-05
members/member_180.png,1,-0.00044806674122810017,-0.027454689145088196,-0.06410526484251018,0.00013172719627620004,-0.0013353517279028997,-0.0028122132644056996,-0.003760967403650301,-0.011885676532983808,-0.026808738708496108,-0.0014980467967689011,-0.001454714220017101,-0.0028058318421244994,-0.003029292449355101,-0.009910799562931095,-0.0172725804150105,-0.0004909303970634998,-0.0001324657350778996,-0.0007235042285174001,-0.0037272088229655977,-0.012169394642114605,-0.019731882959604197,-0.0022836877033114,-0.0026776762679219003,-0.0025722333230078004,-0.0025014169514179993,-0.013631047680973996,-0.0107650137506426,0.0013888860121368998,-0.0013093948364258,-0.0009412072540727001,-0.005516313947737201,-0.009895054623484601,-0.0047128237783909,-0.0008697118610144,-0.0017292848788201998,-0.000195885906578,-0.0096453410806134,-0.0081254258402623,-0.0028149851423222,-0.0035974410129710997,-0.0014818729250691283,-8.014053673829465e-05
members/member_181.png,1,-0.004595685750245999,-0.030931070446968092,-0.050066001713276,0.00024029379710550046,-0.0008168742060661004,-0.0029011932201683,-0.00031941011548040216,-0.0167921930551529,-0.0188186801970005,0.000817826017737399,-0.003985681105405099,-0.0024190512485803,-0.0009788200259208991,-0.012178849428892205,-0.0110999066382646,-0.00020810775458809938,-0.0006428011693059999,-0.0008402774110436001,-0.0071219336241484,-0.017631610855460098,-0.0096386172808707,-0.0019590267911553,-0.0022170129232109005,-0.0009160024346783999,-0.0046165538951754,-0.009509199298918301,-0.003996182000264499,-0.0011022500693797996,-0.0015699603827669998,-0.0004102660168428,-0.0050499783828854995,-0.005955135915428399,-0.0016397496219724998,-0.0011160811409355,-0.0009693240863271,-0.00012711123417822817,-0.008281757589429601,-0.0045739848719677,-0.0008434788687735837,-0.0035538169322535,-0.0005985360767226323,-4.4521333620650694e-05
members/member_182.png,1,-0.010273864492774003,-0.015059188008308397,-0.026947122067213093,-0.0020035118795931,0.0008262293413282005,-0.0011581280268729002,-0.0051636565476655995,-0.0079153031110763,-0.0127750840038061,4.4523272663399976e-05,-0.0006990311667323,-0.0014443015679717003,-0.0010861549526452983,-0.007922193035483402,-0.0082690278068185,-0.0015751975588501003,-0.00045603234320880023,-0.0018920077709480999,-0.0034085437655449018,-0.0107074677944183,-0.0078924712724983,0.0010998188517987997,-0.002136672846973,-0.0005725744413212,-0.0006645191460847993,-0.0061792740598321,-0.003797592362389,0.00020172959193589992,-0.0013486312236636,-0.0005347633268683999,-0.0004944065585732998,-0.0050189481116832,-0.0018226529937238,-0.00025456445291639936,-0.0005673725390807,-0.00025388057110824934,-0.009923133999109199,-0.0042472276545595,-0.0010226544764008999,-0.005137408734299301,-0.0015420851559610775,-5.903968121856451e-05
members/member_183.png,1,-0.005157114937901504,-0.026319906115531908,-0.0674909427762032,-0.0019949469715357,-0.00041909050196410093,-0.005750801414251301,-0.002758711576461799,-0.015684124082326896,-0.034241374582052196,-0.0016355123370885996,-0.0021262443624437003,-0.0026292451657354996,-0.0018991325050592006,-0.0120975710451603,-0.0201278813183308,0.0005290922708809003,-0.0008242637850343999,-0.0013123846147210004,-0.005058279260993,-0.017696779221296297,-0.023118650540709502,-0.0015708240680396002,-0.0020435396581888997,-0.0020900605013593997,-0.004600832238793401,-0.011980196461081602,-0.009774162899702798,0.0003683753311634003,-0.0013205807190387999,-0.0007241290295496,-0.003134308382868699,-0.008187661878764598,-0.0046553793363273005,-0.0007410570979118,-0.0017204759060405002,-0.0002998887866851665,-0.010318415239453399,-0.0070699533098377,-0.0026285749627277,-0.0045408512814902,-0.0009277434546674731,-4.6995912271086127e-05
members/member_184.png,1,-0.0021189674735068963,-0.020754437893629095,-0.04619567096233371,-0.0014455895870923996,-0.0004907306283711997,-0.002425149083137499,-0.004197286441922202,-0.013148985803127206,-0.02678302302956579,7.564947009089992e-05,-0.0005508149042726005,-0.0024192570708692004,-0.0020473916083573983,-0.007247831672430094,-0.0148165747523308,0.0021181004121899006,-0.0013569621369242998,-0.0010904378723352996,-0.005755808204412502,-0.010227847844362203,-0.0191263258457184,-0.0014782990328967007,-0.0020174302626401,-0.001899371156469,-0.0024734996259211973,-0.009414697065949499,-0.009925278369337301,-0.0012253769673407,-0.0001921714283526,-0.0011986967583652,-0.001690424978733101,-0.0056803319603205005,-0.0045228637754917,-0.0005993936210871003,-0.0016131429001689,-0.00024128361837939997,-0.0103146445471793,-0.0076058898703195,-0.0028119242342654997,-0.0040396469412371,-0.0014599405258194581,-9.51779329625228e-05
members/member_185.png,1,-0.0025990903377532994,-0.019232954829931197,-0.031502004712820005,-0.00035480735823520057,-0.0027822433039545996,-0.0017575216479599996,-0.0034473966807127,-0.008015990257263204,-0.013229005038738296,0.0020638150162995,0.0009896443225443008,-0.0021942127496004005,-0.0022328794002532994,-0.004843441769480698,-0.008049650117754902,-0.0038167443126439996,-0.0021760617382824005,-0.0005660788156091998,-0.0038850996643305,-0.009902296587824797,-0.0086472202092409,-9.56542789936005e-05,-0.0008417891804128998,-0.0013698822585866,-0.0016888231039047016,-0.004083227366209101,-0.0043887794017792,0.0007054023444653,-0.0005063803400844002,-0.0008370892028324,-0.0008503785356879009,-0.0042602671310305006,-0.0023888507857919,-0.0004831324331462999,-0.0007730671204626998,-0.0003361228154972,-0.0115752979181707,-0.0102316945558414,-0.0019367220666026003,-0.0050962751847692,-0.002430935834126959,-0.00021919842401983523
members/member_186.png,1,-0.005198964849114401,-0.030322063714265803,-0.0383122563362121,-0.0011030267924069994,-0.0021217754110694,-0.0021501432638616,-0.004714915528893401,-0.015792153775692003,-0.014347907155752203,0.0013214023783803003,-0.0006142957136035,-0.0012941691093145999,-0.0015064999461174011,-0.007738919928669902,-0.0075945956632495,-0.0027231425046921,-0.0015943739563227,-0.0010663321008906,-0.004624538123607698,-0.010167908854782599,-0.0067100543528795,-0.00013123499229550015,-0.0009584722574800001,-0.0006089401431382,-0.0045426329597831,-0.005355265457183099,-0.0027838094392791998,-0.0010982076637447002,-0.0014281388721428998,-0.00031684299756309996,-0.002003863453865001,-0.0030723786912859002,-0.0010749974753707001,-0.0004497244954109001,-0.00018684309907259996,-4.335411358616388e-05,-0.008207462262362299,-0.0022266483720159,-0.0006130175825091999,-0.0036931649665347998,-0.0006469655054387934,-3.2559473766013993e-05
members/member_187.png,1,-0.0084767397493124,-0.03000195324420929,-0.0739158987998962,-0.0005284119397401003,-0.0028641959652304996,-0.002736280672252199,-0.003962138667702699,-0.018150370568037005,-0.0362728834152222,-0.00027833925560119977,-0.0025979662314057003,-0.0035289351362735003,-0.002526123076677298,-0.009930238127708498,-0.018015906214714,-0.0003367555327713004,-5.032680928709985e-05,-0.0017639584839343999,-0.0031087175011635,-0.017026644200086503,-0.0183140980079771,-0.0007234821096062998,-0.0027131086681038,-0.0012778601958416001,-0.0007574222981930022,-0.0114395506680012,-0.0078767538070678,0.0019880887120961995,-0.0018061234150082,-0.0005599847936537001,-0.0003479123115540002,-0.0064724748954177,-0.0032149309990927998,-0.0007241060957312992,-0.0011200505541637,-0.00012591924314617558,-0.014396545477211399,-0.0041629907500465,-0.0017915087955771,-0.006254341453313801,-0.0005337192706065001,-4.2417985241627314e-05
members/member_188.png,1,-0.005684610456228298,-0.0290764719247818,-0.058776423335075406,-0.0018295617774129,-0.0017953682690858997,-0.0030348100699483993,-0.0021499637514353007,-0.014909595251083402,-0.029458243399858496,0.0017758393660187999,-0.00024532061070199965,-0.0013951347209513005,-0.0037870798259973006,-0.006745692342519795,-0.015463918447494507,-0.002054558135569099,-0.0008320319466292997,-0.00032708002254369997,-0.002732424065470699,-0.019748363643884603,-0.018559819087386097,-0.00046828389167780007,-0.0020752772688866,-0.0016459710896014998,-0.004689933732151999,-0.014560490846633897,-0.0106363855302334,-0.0015595429576934,-0.0026544453576207,-0.0018804498249664998,-0.006354547105729601,-0.0117556676268578,-0.0064074308611452,-0.0023024838883429002,-0.0015668406849727002,-0.0003918691218132,-0.0098295918432996,-0.0100175580591895,-0.00374212191673,-0.0028823042521254,-0.0009364098405057382,-0.00011482388435976961
members/member_189.png,1,-0.0048566125333308965,-0.022059135138988502,-0.0575433522462845,-0.0010181572288274002,-0.0036622160114348004,-0.0033401288092136,-0.008255679160356601,-0.0091759935021401,-0.020558893680572496,-0.0021251705475152,0.0007243761792779004,0.0009321123361587004,0.0017557051032781983,-0.005802530795335804,-0.015125952661037396,0.003147935960441799,-0.0007407334633171003,-0.0030928524211049,-0.004854962229728699,-0.008284024894237497,-0.0189016871154309,-0.0030296742916106996,-0.0007358728908003001,-0.002017589751631,-0.004097724333405502,-0.002811279147863402,-0.010760155506432001,-0.0018210937269031993,-0.00020237127318969983,-0.0009383319411427,-0.0036600921303033985,-0.009711101651191698,-0.0070414626970887,-0.0005134935490787003,-0.0024355479981751,-0.0006885570910525999,-0.010679434519261101,-0.017602643696591203,-0.0047577810764778995,-0.003509558388032,-0.002524622523196651,-0.00013020010374020728
members/member_190.png,1,-0.004716988652944502,-0.0315219685435295,-0.0821563899517059,-0.0028075543232261996,-0.003230695612728601,-0.0061848782934248005,-0.0018927268683910994,-0.0172494575381279,-0.038012657314539004,0.0011231075040996005,-0.001350764185190199,-0.0038340301252902005,-0.0018269438296555987,-0.016738761216402095,-0.0222496055066585,-0.0010688663460314005,-0.0019485219381750003,-0.0007077031768857999,-0.0039368849247694016,-0.022610854357481003,-0.020622626878321206,0.0008001541718840001,-0.0017746570520103004,-0.0018707769922912,-0.006840044632554099,-0.0163404028862715,-0.0082095013931394,-0.0031140851788223,-0.0022966910619287998,-0.0005160692962818,-0.0035137748345732012,-0.009829264134168599,-0.003449248149991,0.0009897626005113003,-0.0013043374055997001,-0.00015968269872243665,-0.0113574005663395,-0.0061878207488917005,-0.0018752422620309,-0.0044032745063304,-0.0006766740152670065,-5.361984949558973e-05
members/member_191.png,1,-0.0058145932853222,-0.0260131619870662,-0.050815153867006295,-0.0013072285801171996,-0.002127608750015499,-0.003615596331656,-0.0033566914498806,-0.013897210359573399,-0.023447684943676002,-0.0006441920995713,-0.0017692046239972002,-0.0014344034716487,-0.0009843595325947016,-0.007320508360862697,-0.012113254517316902,0.0006086840294302004,0.001137844286859,-0.0015832730568945,-0.0006656404584645982,-0.013267818838358002,-0.012219019234180398,0.0012869997881352988,-0.0019548288546502,-0.0012556009460240997,-0.0027858950197697,-0.0099447937682271,-0.005587323335930701,-0.0007047075778245995,-0.0025850287638605,-0.0004190262698103,-0.0048950118944049,-0.007076135836541601,-0.0024599498137832,-0.0029557929374278,-0.000997343682684,-0.0002194756452809,-0.0131345184054225,-0.006365959096001499,-0.0013234384241514,-0.0043423869065009,-0.0010962716041830723,-6.221887088022993e-05
members/member_192.png,1,-0.005055382847785898,-0.012289457023143796,-0.042157083749771104,-0.0013701040297746988,-0.0010161558166146998,-0.0034743528813124,-0.0008230935782193999,-0.012458242475986502,-0.026279456913471194,-0.0015657846815884,-0.0001615341752766999,-0.0029517910443246,-0.003092491999268601,-0.0055620372295379986,-0.014910668134689303,9.133480489199354e-06,-0.0007167365401983998,-0.0010307228658348,-0.0025133360177278,-0.012063190340995802,-0.019339861348271398,-0.0016808351501821995,-0.0018115483690053003,-0.0022076560417191,-0.003322302363812899,-0.007587932050228098,-0.0084070633165539,0.00043379468843340006,-0.0007731867954134997,-0.0005785973917227,-0.004437326453626201,-0.004831796977669001,-0.0035887442063539995,-0.001999503467232,-0.0012876727269031001,-0.00022516329772764138,-0.0072571559576318,-0.0033904030715348,-0.0019922210776712,-0.0029233286040835,-0.0007903396108303459,-4.526796328718774e-05
members/member_193.png,1,-0.005289874970912902,-0.034771710634231595,-0.0749577730894089,-0.0018504979088902005,-0.0017111431807280003,-0.003759050741791701,-0.005243552848696702,-0.0213316082954407,-0.028490561991929994,-0.0002535036765039002,-0.0018848227337003006,-0.0018786038272082996,-6.669200956819707e-05,-0.010489128530025503,-0.014158327132463504,0.0024210787378250997,-0.0008031385950743996,-0.0010462654754519,-0.005749121308326801,-0.016086397692561098,-0.013594583608210099,-0.0026095076464115992,-0.0024433725047856,-0.0009291591995861,-0.0020231045782566,-0.0087785394862294,-0.0052854486275464,0.00019586784765119984,-0.0011715241707862,-0.0002721440250753,-0.0043832091614604,-0.005048515973612701,-0.0020325590157880997,-0.0023469110019505,-0.0008333198493346001,-0.00011629806976992744,-0.0105455270968377,-0.0035476557241054,-0.001109100492613,-0.0039632171392441,-0.0006946860285097378,-3.764236134884413e-05
members/member_194.png,1,-0.0009068530052900002,-0.0262487195432186,-0.051948681473731995,0.005362535826861799,-0.004449435509741299,-0.0022289408370852,-0.004148617386817901,-0.010973539203405401,-0.0242234021425247,-0.0066287410445511,-0.0017088954336942005,-0.0027013081125915,-0.003076920285820999,-0.009036485105753,-0.0183799304068089,0.0013179010711609996,0.000491054262966,-0.0029265808407218006,-0.0024435259401798005,-0.0128206238150596,-0.020970536395907402,0.0005671074613929003,-0.0019883001223206997,-0.0019925269298255,-0.002721836790442498,-0.0072009004652500985,-0.009231554344296499,-0.0021743583492934,-8.123274892569976e-05,-0.0007084483513608999,-0.0033145900815725014,-0.0069917403161525015,-0.0045828358270227,-0.0003837342374026992,-0.0014453609474003003,-0.0004495793255046,-0.0097228297963739,-0.008144278544932599,-0.0033715979225235,-0.0046812676591799,-0.002904825581936124,-0.0003643749732872535
members/member_195.png,1,-0.004507172852754596,-0.0267158895730972,-0.05988729000091551,-0.0017480403184891007,-0.0014091478660703,-0.0016741426661611002,-0.00028608925640580263,-0.013102468103170402,-0.02543643862009049,0.0002670995891095006,-0.0024307654239236996,-0.0032465318217872992,-0.0044085178524255995,-0.006962411105632796,-0.0181527994573117,-0.002342909574508701,0.0005387226119636995,-0.0014076256193221006,-0.003294596448540698,-0.011949650943279301,-0.020335245877504304,0.0006636772304773001,-0.0019096601754427,-0.0026451756712049,-0.004355713725090003,-0.0090646017342806,-0.0122994938865304,-0.0007114228792487994,-0.0016347295604645998,-0.0012476561241782998,-0.005248682573437699,-0.0123746981844306,-0.0066164401359856,-0.0005905148573220002,-0.0015581252519041,-0.0006124702340458,-0.010122629697434599,-0.014002614072524,-0.0039390687888954,-0.0042898186948151,-0.0023418907658196678,-5.6142540415692074e-05
members/member_196.png,1,-0.004268404096365003,-0.02447405457496639,-0.0410389266908169,0.0003924267366528997,-0.0008705686777830002,-0.0027473401278256997,-0.005049005150795,-0.014721911400556606,-0.017879474908113403,-5.544815212489909e-05,7.973331958049945e-05,-0.0010952495504171003,-0.0014747623354195993,-0.0114363394677639,-0.011179754510521896,-0.0026058843359351,-0.0018662065267562996,-0.0017704132478684,-0.0041625835001469005,-0.0175135992467403,-0.012173612602055102,-0.0003169677220285008,-0.0020544179715216004,-0.0012402001884766001,-0.0033091641962527986,-0.0122981052845717,-0.005478813312947799,0.0012233774177730005,-0.0026575878728181,-0.0005179889267309999,-0.007589774206280701,-0.0082555450499057,-0.0023099217796698004,-0.0021789758466184,-0.0015579133760184,-0.00014877624198569996,-0.0100996101973579,-0.0061086190398783,-0.0012718700163531999,-0.004296237428207,-0.0008877765612850801,-6.816624227202831e-05
members/member_197.png,1,-0.006365912035107599,-0.015704300254583407,-0.042595416307449396,-0.002275938168168101,-0.0015205023810266997,-0.0034595215693116015,-0.0017717480659485002,-0.0099520049989223,-0.0260862484574318,6.760470569199678e-06,-0.0020178933627904,-0.002352117560803899,-0.004349360242486,-0.009876083582639694,-0.015264526009559597,-0.0012932512909173991,-0.00041882880032060015,-0.0017016378697008003,-0.003814252093434299,-0.013342851772904403,-0.0205693421885371,-0.00014422694221140082,-0.0032349096145480997,-0.0023040714440867,-0.0026998613029719006,-0.0109613500535488,-0.008378294296562701,0.0013579870574176,-0.0014786859974265,-0.0010779236326926,-0.0058715976774692,-0.0062404787167906995,-0.0037142755463719997,-0.0034305076114833,-0.0009123368654400001,-0.00025273943901989995,-0.0069500899408013,-0.0045943773293402,-0.0020594170928234,-0.0027984717162325996,-0.000707605542629558,-9.404808952238043e-05
members/member_198.png,1,-0.0027536451816559046,-0.027304857969283995,-0.0505377352237702,0.0012780698016286,-0.004235694650560701,-0.0021180794574320004,-0.005932979285716997,-0.015130527317523998,-0.018302477896213504,-0.0010147327557205998,-0.0010518697090445995,-0.00018707616254689998,-0.0027053281664848015,-0.007827829569578101,-0.013208806514739997,0.0009159753099083987,0.00022891117259859952,-0.0022344742901622998,-0.0061250440776347975,-0.012233642861247097,-0.017110276967287102,-0.0035852175205945995,-0.0017937095835805,-0.0025388537906111007,-0.002119129523634902,-0.010852553881704802,-0.0103073986247182,-0.00025987392291429955,-0.0027691216673701997,-0.0012795093643944,-0.0039781490340829,-0.0085450443439186,-0.0051264681387692005,-0.001089203171432,-0.0008498732931912002,-0.000275278071058,-0.0096032784786076,-0.0063763419457245,-0.0030141112802085,-0.0038217486580834,-0.0012049248962284625,-0.0001237978867720529
members/member_199.png,1,-0.0032157227396965027,-0.031915389001369504,-0.0709017962217331,-0.0011046659201383,-0.0022414168342947995,-0.0031061009503900996,-0.0010657608509063998,-0.0164972841739654,-0.03351803869009019,-0.0007393825799227004,-0.00041067367419600053,-0.0025468226522207,-0.0044624991714955,-0.012951970100402901,-0.020659364759922,-0.0019349162466823994,-0.0024220608174801003,-0.0013220387045293999,-0.003916649147868101,-0.014738785102963399,-0.022131510078907003,-0.00015633134171369988,0.0005016806535423001,-0.0017686557257548003,-0.006554128602147099,-0.013611199334263802,-0.0102804168127477,0.0004316782578825994,-0.0029817011673004,-0.0006745328137185999,-0.0054660160094500004,-0.0084941852837801,-0.004780242219567301,-0.002924875356257,-0.0018702773959376,-0.0002946019012597,-0.0078342566266656,-0.0074368049972691,-0.0026781576743815,-0.0024964254116638996,-0.0009073633536899247,-7.93713606981015e-05
members/member_200.png,1,-0.004034433513879804,-0.023000877350568806,-0.041843622922897394,-0.0008900770917535002,-0.0023198812268674,-0.0006521036848425987,-0.0059999525547028,-0.0119643285870552,-0.021687060594558702,0.0015706904232502,0.0005864975973964006,-0.003127232659608201,-0.0011377017945050985,-0.007766362279653501,-0.012993834912776905,-7.73910433054005e-05,-0.00030490057542920026,-0.0012209948617964996,-0.006810750812292099,-0.0130988657474518,-0.015835437923669798,-0.0045708441175519995,-0.0021867277100682996,-0.0010014188010245002,-0.0009323693811893012,-0.007276112213730802,-0.008889952674508098,0.0024461844004689997,-0.0012440448626876003,-0.0014605745673179997,-0.006793349981308001,-0.007446295581758099,-0.0052360249683261004,-0.0027975142002104993,-0.0017903891857713001,-0.0007475252496078001,-0.012843627482652699,-0.008573212311603101,-0.0035657331754919003,-0.0045455746585504,-0.002013752840866754,-0.00022452550547312966
members/member_201.png,1,-0.008961943909525899,-0.0270380228757858,-0.0856470540165902,-0.0009430800564587003,-0.0027631893754005987,-0.0043358379043639,-0.0006003100425004994,-0.015484940260648707,-0.0386700145900249,0.0008493266068398996,-0.0020734136924147007,-0.0027459124103187994,-0.002617593854665798,-0.0116273909807205,-0.020780872553587,-0.0013710595667361996,-0.0012572859413921998,-0.0021266248077154003,-0.004705510102212401,-0.0171173885464669,-0.020263697020709497,-0.0009570820257068001,-0.0011987257748842,-0.0011551968636922998,-0.0022438261657953,-0.0082041816785931,-0.008432990405708501,0.0006706058047712005,-0.0013171797618269998,-0.0005567049374804,-0.004581494256854101,-0.005896859336644401,-0.0037220439407974998,-0.0034154041204602003,-0.0009123098570854003,-0.00021891095093444274,-0.006535977474413799,-0.0051074791699648,-0.0022085967066232,-0.0018184280488639998,-0.0010201596342084695,-5.153462552698329e-05
members/member_202.png,1,-0.005174737423658302,-0.033319257199764196,-0.08827027678489689,0.00028088223189109973,-0.0014053946360946014,-0.0043632900342345,-0.0015184059739112993,-0.0226282998919487,-0.0401204265654087,-0.0017828643321991001,-0.0008847992867231994,-0.0017598108388483004,-0.0026086457073688993,-0.014725938439369299,-0.0225290469825268,0.0010637883096933,-0.0023946692235767,-0.0015061323065310999,-0.000940393656492202,-0.023667432367801597,-0.0226354552432894,0.00019330065697440064,-0.0021952874958516,-0.0017069978639484,-0.0080731101334095,-0.0155522581189871,-0.009393727872520699,-0.0031607779674232006,-0.0024877046234905,-0.00044521795643959997,-0.006227466277778199,-0.0097789354622364,-0.0038411654531956,-0.0016249408945442,-0.0012547647347674,-0.00016825258353482528,-0.0121116836089641,-0.0066088023013435,-0.0019881577754859003,-0.0034034628188237,-0.0006412950642697509,-1.8597365851746872e-05
members/member_203.png,1,-0.0036106165498495033,-0.02867882698774339,-0.056621987372636795,-0.0002832356840371999,-0.002358042635023599,-0.0011515594087541,-0.004472212865948701,-0.017336048185825306,-0.024686910212040003,-0.0005085021257400998,-0.0017460826784372,-0.0018976894207298999,-0.002068525180220597,-0.008451439440250404,-0.014791995286941497,-0.0021030814386903997,-0.0005146032199263,-0.0021001654677093,-0.004512084648013101,-0.019558414816856398,-0.013448091223835902,-0.0006199060007930001,-0.0029746415093542004,-0.0011472107726149,-0.002993067726492899,-0.010664842091500799,-0.0055550457909704,-0.00037169549614190014,-0.0013842401094734,-0.0005529886693694,-0.0045828185975551015,-0.0066035101190209,-0.0023475900525227,-0.0011711325496435,-0.0014026872813701998,-0.00015653191076116986,-0.0095255414489657,-0.0044506081176223,-0.0012535910354927,-0.0039299663039856,-0.0007119819274520821,-5.112106373417191e-05
members/member_204.png,1,-0.003127200528979298,-0.0266487635672093,-0.031405135989189197,0.0006712246686220013,-0.0018196199089288,-0.0019267518073320996,-0.006277577951550501,-0.0139393918216228,-0.016294196248054504,-0.0019880509935319007,-0.0005914093926549001,-0.0006850562058389005,-0.0003997068852185995,-0.009015273302793503,-0.010507861152291298,0.0012486879713833002,-7.040752097970011e-05,-0.0016655391082167998,-0.0033339690417051003,-0.0094137843698264,-0.0111971562728286,-0.0005801976658404004,-0.0020337169989942997,-0.0008577129337936,-0.004270925186574499,-0.0064054364338517,-0.005870847497135401,-0.0015408783219753993,-0.00018094782717529992,-0.001002959557809,-0.0036431727930904007,-0.0065571628510952,-0.003350231796503,-0.0014070677570999007,-0.0016217704396695,-0.0002840224915417,-0.0064208661206066,-0.0078074770281091,-0.0020955823129043,-0.0027304401155560996,-0.0013775261977570302,-8.420039375768598e-05
members/member_205.png,1,-0.0049695912748575,-0.015163384377956404,-0.0419281870126724,-0.0007464219816028994,-0.0007794834673404,-0.0023595187813043993,-0.003238808363676099,-0.006593629717826795,-0.026413213461637497,1.4717690646599835e-05,0.0011950712651013998,-0.0019019511528313004,-0.0016061924397945022,-0.0051870867609978,-0.018536690622568103,-0.0009304820559918993,-0.0020968928001821006,-0.0024317153729498005,-0.0023933406919240986,-0.009086240082979195,-0.0211151484400034,0.00044515496119859957,-0.0008109286427498003,-0.0020715433638543,-0.0023204907774926013,-0.015244428068399405,-0.0111817745491863,-0.00019123824313280018,-0.0021025245077907996,-0.0015059455763548999,-0.002329973503947199,-0.0118904076516629,-0.005889279069378899,-0.0020066923461854996,-0.0022952638100833,-0.0005234843847574,-0.0079526181798429,-0.014774940558709199,-0.0034982914512512,-0.0028768894262612,-0.002230588601378179,-0.00016581054296691656
members/member_206.png,1,-0.005171295255422599,-0.020771414041519096,-0.040776453912258204,0.0006992015987634997,-0.0011392049491405001,-0.0017766058444976009,-0.0058083403855562,-0.010137554258108201,-0.022266443818807602,-0.0013663056306541,-0.0012277285568415997,-0.0028654579073190993,0.0005663372576237002,-0.005336541682481703,-0.011546764522790902,0.00044927233830099975,0.0007700468413532006,-0.0013892315328120999,-0.004722367972135599,-0.013005714863538798,-0.0206974931061268,-6.131036207079974e-05,-0.0018562707118690005,-0.0011602400336415,-0.0034716976806521,-0.012119196355342799,-0.012300333008170098,-0.0009241914376616998,-0.0026323103811592,-0.0017896403442137,-0.0007798029109835989,-0.009548380970954902,-0.0066913338378072,-0.00025870976969599984,-0.0010096102487296,-0.0006501649913844,-0.0108070806600153,-0.011924602149520099,-0.0041562410042388,-0.0049010295770131,-0.002375427044171338,-0.00018210092093786233
members/member_207.png,1,-0.005132494494319004,-0.015176739543676397,-0.027754269540309906,1.9520521163899664e-05,-0.001294482965022401,-0.0045771696604788,-0.0042941216379404,-0.009002696722745902,-0.013818433508276998,-0.0007620267570018994,-0.0009980918839573001,-0.0014617533888667995,-0.0033994019031524,-0.006072903051972396,-0.0081268306821584,0.00027671456336979955,-0.0018464177846908994,-0.0014097931561991,-0.0013662111014127974,-0.010316399857401803,-0.009357742965221499,0.0009052189998328001,-0.0013732044026256002,-0.0009069775696844,-0.0027360264211893012,-0.0079078245908022,-0.0044171733316034,0.000281073153019,-0.0017416067421436,-0.0005592324887403001,-0.004314361140132001,-0.0059377853758633995,-0.0018389213364571,-0.0022307387553154997,-0.0009206215618177999,-7.333036774061113e-05,-0.0086006605997681,-0.0041960038943216,-0.0010091215590364,-0.0039854542119429,-0.0006063258115318205,-4.087670458829962e-05
members/member_208.png,1,-0.008027348667383197,-0.0198805592954159,-0.043270409107208196,-0.0010557221248746005,-0.0030627143569291002,-0.0049831001088024,-0.0024795979261398003,-0.012207452207803698,-0.019381333142519,-0.00015429407358170076,-0.0005194749683141995,-0.0013649007305501998,-0.0040714330971241,-0.0091140642762184,-0.0117221139371395,-0.0031188623979687994,0.0004354431293904998,-0.0012559900060296,-0.002302244305610702,-0.0189685989171267,-0.0104614249430597,0.0011364137753844998,-0.004493334563449,-0.0007242636056617,-0.005304435268044401,-0.012010916136205202,-0.0043000953737645994,0.0010353736579418009,-0.0011283673811704003,-0.00028765817114619996,-0.005445963703095899,-0.006198395974934099,-0.001682605710812,-0.0029086880385876005,-0.0005146465846337999,-6.830444181101753e-05,-0.007896112976595801,-0.0038079856312834,-0.0009102363546843999,-0.0046953189885244,-0.0005968086243227851,-3.617435140768066e-05
members/member_209.png,1,-0.005345521494746198,-0.021115377545356695,-0.04741409420967101,-0.0017532682977615998,-0.0024000736884773003,-0.0056375828571617,-0.0016468707472086022,-0.008386485278606401,-0.020327281206846293,-0.00034005893394349965,0.0013416036963463003,-0.0010855342261492998,-0.0014478228986262998,-0.007690582424402299,-0.013654481619596398,-0.00038441689684990017,-0.0012831278145314,-0.0020587646868080005,-0.0032038595527410993,-0.008498255163431202,-0.0169149916619063,-0.0011656000278890003,-0.0021882520522922004,-0.0014586243778466998,-0.0035296771675348004,-0.007610151544213198,-0.010892977938056,-0.0008451752364635997,0.0007659576367587003,-0.001370836107526,-0.0024328958243132,-0.008113795891404202,-0.005806588102132101,0.0002946793101727997,-0.0021740866359323003,-0.0004024294321425,-0.0081510385498404,-0.012164354207925498,-0.0034525135415606,-0.0031279865652323,-0.002269731034175477,-0.0001318183203693438
members/member_210.png,1,-0.005619235336780604,-0.0428880900144577,-0.0747562944889068,-0.0010872255079448006,-0.004813261330127799,-0.0053206002339721,0.0006974786520005036,-0.021379832178354194,-0.026959720999002505,0.002050378825515501,-0.0004341439343988002,-0.0011605403851717,-0.0025100298225880016,-0.013760142028331798,-0.013660149648785598,-0.0023258458822965006,-0.0017833220772446,-0.0010098661296070002,-0.0025458112359047005,-0.014702890068292604,-0.0115506006404757,0.0006696078926324992,-0.0010241980198769998,-0.0010005963267757999,-0.006609709933400099,-0.0092193065211177,-0.0046714041382075,-0.002362370956689199,-0.0011405547847971999,-0.0002849973971025,-0.0066065266728402,-0.0053235962986946,-0.0019818738801404,-0.0003524543717503001,-0.0009167034877464,-0.0001190370894618321,-0.0124404116068035,-0.0041318036965095,-0.0010712751318352,-0.0044930526637472,-0.0008390257953578293,-4.458439434529282e-05
members/member_211.png,1,-0.0078591704368591,-0.016378227621316896,-0.02913403511047359,0.0012305071577429997,-0.0005488065071403,-0.0040903049521148005,-0.0037061180919409006,-0.0096086449921131,-0.015123989433050204,-0.0030784066766501,-0.00024606008082629985,-0.0018181777559221003,-0.0032401755452155998,-0.008431330323219303,-0.008440731093287399,-4.91458922619991e-06,-0.002203528303653,-0.0009445085888727999,-0.0038085766136645993,-0.007492622360587099,-0.0074453903362155,-0.0009225592948497001,-0.0008892440237105001,-0.001037635258399,-0.0039513492956758,-0.0100357746705413,-0.0029847186524421,0.0006202142685652005,-0.0020225192420185003,-0.0001997208310058,-0.0051908157765865,-0.0051505537703633,-0.0012421776191332,-0.0019247084856033004,-0.0007128230645321,-0.00013733866944671576,-0.0088625515345484,-0.004443416823051,-0.0006184164885780087,-0.003982269554399,-0.00086165164248083,-1.5055196854518726e-05
members/member_212.png,1,-0.0059549901634455005,-0.02740126103162771,-0.056536808609962394,-0.0021295212209225005,-0.003579017706215399,-0.0026984605938196998,-0.000766435638070103,-0.015523426234722096,-0.03200502693653111,-0.0005257083103061,0.0006116991862654998,-0.0024913232773542005,-0.0028274543583392993,-0.0098630227148533,-0.021424267441034296,-0.00028293346986170073,-0.0006703222170472006,-0.001353848259896,-0.005009299144148799,-0.016681622713804196,-0.0262759439647198,-0.00018730619922279965,-0.0031473585404456,-0.0026616576360539,-0.004434747621417101,-0.0110948346555233,-0.011293927207589101,-0.0015347539447248,-0.0009123440831899999,-0.0005747830728069,-0.0020710388198495,-0.010425909422338,-0.0057566859759391,0.00042386166751379965,-0.0011143982410429997,-0.0008057604136411,-0.010163472732528999,-0.011068616702687,-0.0043827489716931995,-0.0037528419634326998,-0.0025428213120904,-0.00032219840431930286
members/member_213.png,1,-0.005877677351236402,-0.0242191702127457,-0.04670696333050729,-0.00038549350574610015,-0.0022039981558919005,-0.0023406026884914,0.0009251311421395007,-0.0145544968545437,-0.019646149128675405,0.0011168145574629012,-0.0028869123198091992,-0.0013782251626252998,-0.0043705459684134015,-0.009602859616279602,-0.0121013354510069,-0.0009505278430879012,0.0008030231110752002,-0.0014473956543952005,-0.005746223032474497,-0.010120827704668,-0.0119919637218118,-8.69645737110996e-05,-0.0010433313436806002,-0.0018181169871240997,-0.004510971717536401,-0.009008996188640601,-0.007357541471719699,-0.0032416735775769,-0.0013264184817671997,-0.0009825397864916,-0.0036273077130318,-0.006981142796575999,-0.0036714538000524,-4.395213909450012e-05,-0.0020459668012336,-0.00037129914562679996,-0.0070412841159851,-0.0086975377635099,-0.0021739163057646,-0.0029333516140468,-0.0017008144022838015,-9.826473979040602e-05
members/member_214.png,1,-0.0035871397703885963,-0.028932839632034302,-0.06557352840900421,0.0010628029704094002,-0.0027916161343455002,-0.0019025243818760005,-0.0032926872372627015,-0.0129438787698746,-0.039229579269886086,-0.0013483352959156002,-0.0004514884203672999,-0.0024037500843406,-0.0016023889183998004,-0.007975250482559197,-0.028236854821443502,-0.0004800586029887,-3.330875188110004e-05,-0.0027244128286839,-0.0046600084751845,-0.015323888510465601,-0.0318998992443085,-0.0013374797999859004,-0.0020391521975398003,-0.0015018810518084998,-0.0012481771409510976,-0.015485454350709898,-0.0165589675307274,0.0012738732621074,-0.0024848645552993,-0.0019355500116945003,-0.004795127548277402,-0.0145781664177776,-0.0083752330392599,-0.003252662718296,-0.0024305144324898,-0.0005669616948580001,-0.0130352224223316,-0.0116464002639986,-0.0050171721668448,-0.0033685684902594,-0.0012960043786733838,-0.00016018525275281856
members/member_215.png,1,-0.0006475187838077961,-0.024721652269363403,-0.0439817160367966,-0.00041846185922619905,-0.0007432494312524986,-0.0033270106650889,-0.006305368617176999,-0.011741925030946794,-0.025285907089710208,-0.00026197824627159985,-0.0002143662422896004,-0.0015458720736204997,-0.000261664390564003,-0.007352225482463802,-0.0162852443754673,-0.00030078459531070016,-0.0018910411745308997,-0.0020854468457401003,-0.0070206318050622975,-0.015546951442956897,-0.0178851075470448,-0.0018511326052248,-0.0031345561146737004,-0.0013820991152897,-0.0024401452392339013,-0.016926391050219602,-0.0089611522853374,-0.0008546230383218003,-0.0021563253831118003,-0.0009619939955882999,-0.0037328926846385,-0.0102363303303718,-0.004299493506550799,-0.00037685502320519964,-0.0011507784947752998,-0.0003361005874467,-0.0114616681821645,-0.0101561059709639,-0.0026413860177854,-0.003956793807447,-0.0014337010252347033,-6.0388105339340934e-05
members/member_216.png,1,-0.0049209427088499,-0.0199718847870827,-0.06825362145900729,0.0005013966001570008,-0.0025467034429312004,-0.0041404981166125,-0.0015147812664508993,-0.0157159678637981,-0.039954073727130904,-0.00014586420729760085,-0.0022940346971154005,-0.0043692924082279,-0.0031656660139560006,-0.008547075092792497,-0.0253430493175984,-0.0013788328506052,0.0016389796510339,-0.0026003201492129997,-0.002220697700977301,-0.017627589404583,-0.0248764120042324,0.0005027968436479005,-0.0033333736937493,-0.0017132132779807,-0.0031312899664045005,-0.0126935075968504,-0.0104868421331048,-0.0010202014818787002,-0.0014450326561928,-0.0005941524577793,-0.0020772861316799996,-0.007723045069724299,-0.0042575513944029,0.00030503422021860033,-0.0012225966202095,-0.00018199875921705115,-0.0107643362134695,-0.0060681218456011005,-0.002413783906377,-0.0046999265905469,-0.0009504700883553405,-3.950953760067932e-05
members/member_217.png,1,-0.0035546272993087977,-0.0362790301442146,-0.06740298867225641,8.684676140549921e-05,-0.003323741257190699,-0.0050611211918294005,-0.0071804281324148005,-0.019900605082511902,-0.026067487895488798,-0.0024863625876605,-0.0005406639538705002,-0.0022556284675375,-0.004285300150513701,-0.013123489916324706,-0.012292871251702298,-0.0010408628731966999,-0.0028371149674058004,-0.0008352656150235999,-0.0054728351533413,-0.0166239868849516,-0.0108047565445304,-0.0016677686944603,-0.0022591091692448,-0.0006422063452192,-0.003693896345794199,-0.008619963191449599,-0.0039764812681824,0.0003356714732945,-0.0010648266179486999,-0.0002821701054927,-0.0043069124221800995,-0.0044803093187511,-0.0015509241493418002,-0.0008477279916405999,-0.0005053047207183999,-6.691782618868577e-05,-0.0080971457064152,-0.0032826410606503,-0.00081371088163,-0.0034141538199037,-0.0005948063480899894,4.1042148950485766e-05
members/member_218.png,1,-0.006904538720846204,-0.0317740887403489,-0.0577104687690735,0.0007489118725061989,-0.0033863987773656984,-0.002616116777062501,-0.0018167756497859955,-0.017206162214279105,-0.026170186698436702,-6.259698420759893e-05,-0.0014621550217271007,-0.0033260835334657994,-0.00037203915417200265,-0.012625779956579201,-0.015023814514279397,0.00013309903442859997,-0.0025646891444921997,-0.0007945238612592003,-0.006919410079717601,-0.013773579150438302,-0.0164760770276189,-0.0015966538339854007,-0.00021008867770430043,-0.0015457186382263999,-0.0041607897728680975,-0.014147803187370397,-0.008303079754114099,-0.0006556995213032003,-0.0020066350698471,-0.0010236728703603,-0.005918432958424102,-0.009105854667723099,-0.0038686215411872,-0.0022070580162107,-0.0012098177103326,-0.0002518429973862,-0.0125552087556571,-0.0086697271908634,-0.0021633475698763,-0.0040021282038652,-0.001445551013603024,-8.667624933869389e-05
members/member_219.png,1,-0.005938282236456802,-0.021399497985839802,-0.058844029903411796,-0.0011295084841548998,-0.001916799228638401,-0.004565532319247699,-0.002699889242649099,-0.00897251814603809,-0.02695647627115251,0.0005463627167046001,0.0006681052036582999,-0.0010569361038506005,-0.0010086633265019018,-0.009570889174938202,-0.020099882036447594,0.00041443947702649985,-0.0023287716321646994,-0.0018444280140101996,-0.003943879157304698,-0.015626067295670502,-0.023705495521426197,-0.0018325662240386,-0.0007486953400075002,-0.0025853625265881003,-0.0012930994853378001,-0.010309133678674698,-0.011253735050559002,-5.789846181870027e-05,-0.0020106427837163,-0.0010695029632189,-0.0011624507606029007,-0.0084256660193205,-0.005257323384284999,-0.0007639187388121995,-0.0013553134631366,-0.00041724584298209993,-0.0113184279762209,-0.0097136676777154,-0.0031404010514961,-0.003635736880824,-0.0017248140102310058,-0.00018421381901126201
members/member_220.png,1,-0.006462384015321794,-0.03668154776096351,-0.08438751101493838,0.0010323626920581003,-0.0009825183078647007,-0.0045017846859991,-0.007915597409009902,-0.014788173139095293,-0.036796890199184404,-0.002098012715578099,-0.0016160341911017001,-0.0021344898268581,-0.001579392701387402,-0.005672249943017904,-0.022338584065437303,0.0006747050210833003,0.00010822992771860034,-0.0013298687990755003,-0.0035217944532633,-0.014951996505260495,-0.0243068784475327,0.00010795518755919893,-0.0017435732297599003,-0.0015493966639040999,-0.0013938546180724994,-0.012188963592052501,-0.012833967804908699,0.0008886866271495004,-0.0017025994602590999,-0.00163249328034,0.0008954014629125005,-0.011165522038936601,-0.006294005783274801,-0.0023371325805783003,-0.0022259813267738,-0.0003636031324277,-0.0178012903779745,-0.0105339683359489,-0.0036270362033974,-0.0057488494785502,-0.0011864518237415958,-8.76772537594132e-05
members/member_221.png,1,-0.005172953009605498,-0.016085915267467506,-0.050238430500030504,5.731917917729985e-05,0.0004580738022923001,-0.0017131520435214008,-0.0015916470438241022,-0.009245894849300398,-0.023907080292701707,-0.0009022546000777999,-0.001461593434214599,-0.0020763138309120993,-0.0013410951942205984,-0.0024618357419968,-0.015235159546136898,-0.00020482111722240019,-0.002152726519852801,-0.0013272762298584002,-0.001652345061302199,-0.010762918740510899,-0.022971948608756097,0.0014163409359754,0.0010982826352119003,-0.002309595933184,-0.0013317372649908031,-0.011383946985006305,-0.015733023174107002,-0.0022724284790456998,-0.0027996473945677003,-0.0012699277722276999,-0.00040734931826589757,-0.012432547286152899,-0.0086961765773595,0.00023766001686459978,-0.0018959501758217998,-0.0006111058464740001,-0.0145854745060205,-0.0149668721714988,-0.0056773362739476994,-0.0051688381354325005,-0.0021162107586860123,-0.0002212775398219553
members/member_222.png,1,-0.004809044301509802,-0.027464188635349204,-0.0816693007946015,-0.0020881714299321,0.00014118757098919958,-0.003858116921037401,-0.002816505730152196,-0.018623083829879802,-0.0380328223109245,5.862303078179969e-05,-0.003563093952834601,-0.0031776083633304,-0.0006011649966239999,-0.012019746005535098,-0.022376205772161498,-0.0002886587753891997,-0.0014851931482553994,-0.0005523604340850999,-0.0020293500274420027,-0.021447416394949,-0.0236083436757326,-0.00015967246145009995,-0.0034488784149289,-0.0023281208705157,-0.0023368708789347978,-0.015046512708067901,-0.009919526055455201,-0.0017725666984916002,-0.0008902309928088999,-0.0005131436046213,-0.0061112549155951,-0.0122194159775972,-0.0046816875692456995,-0.0014306805096566998,-0.0020710000535474,-0.0005392054445111001,-0.017268326133489602,-0.010461573430802699,-0.0031354276725323997,-0.0043340451084077,-0.0012413008371367279,-0.000164474251505363
members/member_223.png,1,-0.006893957033753402,-0.02220899611711509,-0.049520879983901894,-0.0009113242849707014,-0.0009019188582897984,-0.001372444909066,-0.00035869702696799885,-0.012690417468547807,-0.023790169507265098,4.382152110340119e-05,-0.0033495742827654006,-0.0025995918549596994,-0.002061119303107199,-0.010720580816268893,-0.0131787192076445,-0.0004889341071249009,0.00020982418209319984,-0.0015701705124229002,-0.0033243447542191003,-0.018630675971508005,-0.0155602628365159,-0.0017490391619502995,-0.0011835270561277996,-0.0011037006042898,-0.0050796382129192005,-0.011973360553383897,-0.0077067362144589,-0.0012171096168459,-0.0013569574803114007,-0.0013394370325841,-0.002389557659626,-0.009962997399270502,-0.0043495309073478,0.0017303256317973996,-0.0018115895800291998,-0.0003644962853287,-0.010924132075160799,-0.0142997349612415,-0.0026096339861397004,-0.00529940915294,-0.0026807203503267244,-9.306321589965335e-05
members/member_224.png,1,-0.0082610249519348,-0.04257176071405411,-0.1067294180393219,-0.0017708418890833993,0.002894608303904601,-0.004995654337108199,-0.0014130622148514002,-0.023750245571136502,-0.045149460434913594,-0.0014802208170295005,-0.003233842086047001,-0.0018830709159374003,-0.005468994379043603,-0.010645713657140794,-0.024239428341388702,0.00010330509394410048,-0.00031727785244580007,-0.0018684107344597999,-0.0031353253871201983,-0.0180005989968776,-0.0254989415407181,-0.0012115319259465,-0.0015615820884704998,-0.0023097627563401996,-0.0044511239975691015,-0.0144760720431805,-0.0120517862960696,0.0013814759440719995,-0.0028099108021706,-0.0008080252446234001,-0.005657012574374698,-0.0134326722472906,-0.005163538968190599,-0.0020942562259733,-0.0021685583633371,-0.0002732726716202932,-0.013037347001954901,-0.0102597559744027,-0.0028154082829132,-0.0053763344767503995,-0.0009153870450972314,-4.416328010847792e-05
members/member_225.png,1,-0.006953977048397099,-0.0267581343650818,-0.0625510364770889,-0.0015465784817934002,-0.0002987394109369001,-0.0054934085346759,-0.0013672597706318006,-0.015752155333757407,-0.028091486543417005,0.0011209947988390992,-0.0033759041689335996,-0.0012182672508060997,-0.0025367848575114996,-0.008099365979433094,-0.015343492850661302,-0.0019282582215965002,0.0004720627330243995,-0.0008425575215368999,-0.006593186408281302,-0.015636378899216603,-0.0170902665704488,-0.0007387311197816996,-0.0020506745204330002,-0.0018679887289181,-0.0016551204025744976,-0.0128946769982577,-0.007369859144091699,-7.98166729510004e-05,-0.0025341152213513994,-0.0007327218481806,-0.006340628489852002,-0.009411629755049899,-0.0031662215478718003,-0.0015994077548384996,-0.0015045072068460002,-0.0002445751088088429,-0.0103558435803279,-0.0070217343745752996,-0.0016559762298129,-0.0045349412830545995,-0.0007366789104707495,-4.033847289974801e-05
members/member_226.png,1,-0.007807215675711701,-0.0275431871414184,-0.0537198930978775,-0.0035981643013656,-0.0027980692684650005,-0.0064270575530827,-0.0016460325568913997,-0.016186397522688002,-0.0209170691668987,0.0007090759463607987,-0.0037171295844019006,-0.0012503731995821,-0.0029557067900896003,-0.012025084346532794,-0.014770880341529902,-0.0004574302583932998,-0.00038594054058189997,-0.0013748467899859004,-0.0038191992789507016,-0.013383420184254601,-0.017059680074453302,-0.0021313074976204993,-0.0020111910998821,-0.0022800193401054,-0.005252489820122698,-0.012756077572703403,-0.0094894776120782,-8.12057405711001e-05,-0.0018129281233996999,-0.0007852821436245,-0.0045530069619417,-0.007947208359837499,-0.0044057390186936,-0.0017266180366277,-0.0012292203027755,-0.00031065310759,-0.009655947564169801,-0.008668503491207999,-0.0026125427684747,-0.0032153493375518,-0.0015239370732159849,-7.497879050783341e-05
members/member_227.png,1,-0.006353262811899199,-0.027362972497940008,-0.052434794604778304,0.0005070306360720998,-0.0032701464369893005,-0.003609425853937899,-0.0019884966313838993,-0.015835128724575098,-0.0232988335192204,0.0004331544041634005,0.00045334128662939937,-0.0013530747964978001,-0.0025705490261315987,-0.007339991629123695,-0.013730574399232795,-0.0013615745119751003,-0.0005295565351843999,-0.0007138033397496007,-0.00026978924870489987,-0.0142461732029915,-0.019189329817891104,0.0003059390000998991,-0.0019585331901908,-0.0026175533421336997,-0.0044655725359917,-0.011703627184033304,-0.0103206792846323,-7.333792746059935e-05,-0.0019439037423581002,-0.0008972288342193001,-0.005933242850005601,-0.010807890444993999,-0.0050061284564435,-0.0012691440060735,-0.0017999281408264999,-0.00034156876063202524,-0.0134909586049617,-0.0087010405841284,-0.0027082076412625997,-0.0053159918170422,-0.0012979641760465913,-4.280923531041479e-05
members/member_228.png,1,8.548796176909707e-05,-0.03331127762794499,-0.0613591820001602,0.0003807852044701004,-0.0024025710299611005,-0.0035163196735083996,-0.005783580243587494,-0.019933708012104007,-0.0243872441351414,-0.001250002067536101,-0.0030299630016088,-0.0016637772787361999,-0.003132706508040404,-0.013160202652216,-0.013510817661881502,0.0015797507949173997,-0.0009817392565310001,-0.0013210069155321,-0.0031690690666436976,-0.016819735988974502,-0.0126472357660532,0.0013522394001484004,-0.0013337768614291997,-0.0010082465014419999,-0.004763500764966001,-0.0109709659591318,-0.005449064075946799,-0.0014893077313899994,-0.0020112599013374,-0.0006240242946660001,-0.0068640476092697005,-0.0066831782460212,-0.0022814929252490002,-0.0034572863951326006,-0.0006912659155204001,-0.0001528415959910143,-0.0122555536217987,-0.0046625830291305,-0.0012459678036976,-0.0044360576430335,-0.001027438418532256,-3.422876397962682e-05
members/member_229.png,1,-0.009055035188794101,-0.030146494507789598,-0.07039958611130709,-0.0021233214065433,-0.0014526722952724006,-0.003499799175188,9.131431579590191e-05,-0.021523222327232402,-0.0274351239204407,0.00022097490727899897,-0.0038845753297209002,-0.0017637163400649998,0.001579890027642198,-0.013084918260574306,-0.0140990819782019,-0.00015792343765499983,0.0016358471475541002,-0.0006462457822635002,-0.0045105908066034005,-0.020533798262476897,-0.0124371144920587,-0.00015032943338149935,-0.0035352036356926,-0.0009258295467589,-0.007416065782308599,-0.0143425986170769,-0.0047461942303926,-0.0014942758716643004,-0.0022952378494665,-0.0002377077180427,-0.0061342343688011,-0.0080089657567442,-0.0019717643735930003,-0.0019701393321156,-0.0010208481107838,-8.751832501724185e-05,-0.0113844377920032,-0.0050399728352204,-0.0010161830068683001,-0.0032956318464131,-0.0006812861320213035,-5.447248258860782e-05
members/member_230.png,1,-0.008124977350235,-0.0508841499686241,-0.0822913683950901,-0.0002670725807546997,-0.003977655433118301,-0.0049296244978904,-0.002385422587394704,-0.024835973978042603,-0.0273083858191967,0.0005707386881113,-0.0017258026637137001,-0.001413727994077,-0.002873819321393998,-0.013715660199523003,-0.0129893906414509,0.0007170336320996007,-0.0010138135403394998,-0.0007083287928252999,-0.009316362440586,-0.0138350240886211,-0.0103014716878533,-0.0035078525543213003,-0.0007495729951188001,-0.0004799403250217,-0.0030171843245626016,-0.0062105660326779,-0.0036963406018913,-0.0008547580800951004,-0.0009198760380967999,-0.0001278397685383,-0.0039980178698897,-0.0028310164343565997,-0.0014822737430221999,-0.0009670676663517995,-0.00035779704921879996,-6.98292460583058e-05,-0.0080887477379293,-0.0015890629656495718,-0.0007834467178326861,-0.0041024931124411,-0.00028635835224119884,-1.376367436023429e-05
members/member_231.png,1,-0.003322003409266503,-0.022598475217819193,-0.037400279194116606,-0.0027181589975953007,-0.001817112322896699,0.0002645938657224005,-0.004523329436778998,-0.012366179376840598,-0.014124233275652001,0.0011577573604881998,-0.0006440780125558003,-0.0021545318886637002,-0.0030047334730625014,-0.005991183221340103,-0.010860018432140298,-0.0024402840062975996,-0.0007992056198418002,-0.0004811652470381,-0.0031223213300108996,-0.0067965835332871,-0.012799453921616098,0.0019508204422891001,-0.0003219847567379995,-0.0019359795842318998,-0.003644984215498,-0.006699445657432098,-0.007393297739327001,-0.0022108498960734004,-0.0021327049471438,-0.0009878824930638001,-0.0006908141076564997,-0.0062241521663964,-0.004669152200222,-0.0005924333818255996,-0.0016462543280795002,-0.0006692478054901999,-0.008121744031086599,-0.0066145809250882995,-0.0031889956881059,-0.0022283047437668003,-0.0010575770465947587,-0.00013001652041560687
members/member_232.png,1,-0.0060464888811111,-0.022065196186304103,-0.0442435331642628,-0.0015624784864484995,-0.0008462639525533,-0.0024706933181733,-0.0024482216686010014,-0.007911913096904699,-0.013378223404288299,-0.0007232390344143001,-0.0011940244585275997,-0.0007978692883626,-0.0030754692852497986,-0.005212212912738301,-0.0059481048956513995,-0.0015051625669003001,-0.0005970702040939998,-0.00044781307224180003,-0.0036432053893803995,-0.004441320896148699,-0.005647053476423001,0.0008303606882691999,-7.361732423310022e-05,-0.0006829740596004,-0.0013058641925454,-0.0029941792599857,-0.0024720154469832995,0.00027163513004780076,-0.0007796600693836999,-0.0003145684459014,-0.0034042280167341007,-0.0030714131426066004,-0.0010878879693336,-0.0023386813700199006,-0.0010394495329819,-0.00010312821541440834,-0.0038851348217577,-0.0023979478428373,-0.000558460516913319,-0.0017917067743837998,-0.0006444402424676453,-1.3387325452640653e-06
members/member_233.png,1,-0.006741641089320204,-0.03259664028882979,-0.0860477313399315,-0.0012222426012159,-0.0020761033520103004,-0.0031595453619957005,-0.001391168683767298,-0.0192768052220344,-0.03845320641994479,0.0024886783212424,-0.0032514678314328003,-0.001050969120115,-0.0023294650018215006,-0.012775268405675902,-0.023861140012741103,-0.0003945585340261997,0.00037722149863840017,-0.0031852084212005,-0.0017073191702366014,-0.018436048179864904,-0.0265613943338394,-0.0004967460408807009,-0.0026343748904765,-0.0017113145440817,-0.001917844638228399,-0.016759816557169,-0.013199470005929501,0.0015989542007447,-0.0016702157445252002,-0.0010902227950282,-0.0033124089241028006,-0.012322508729994299,-0.006253711413592099,-0.0038550333119929,-0.0019260153640061,-0.00043431490485090003,-0.0173621852882206,-0.012357900093775201,-0.0038796119915787,-0.005169452284462799,-0.0015263075038092107,-0.00012253912063896744
members/member_234.png,1,-0.010881520807743097,-0.0342572629451751,-0.07994775474071508,-0.0037582293152809004,-0.0029733208939432994,-0.006687829270958899,-0.0024858471006155014,-0.020214758813381202,-0.04526349157094951,-0.00011235196143389962,-0.0017925421707332004,0.0006877146661282002,-0.003942286595702199,-0.0165309272706509,-0.032169252634048504,-0.0008113994263112996,-0.0014406344853340998,-0.004195995163172501,-0.004974000155925699,-0.0200650952756405,-0.044020529836416196,-0.0010389247909188002,-0.0019669774919749,-0.003665147582069,-0.003214293159544501,-0.0127460984513163,-0.020647259429097196,0.00016801618039609997,-0.0014076768420636001,-0.0008672605035827,-0.0052229054272175,-0.0066585349850357,-0.008444436825811901,-0.0018186839297414,-0.0010190324974247,-0.00022783899476047745,-0.0063792144646868006,-0.0041129637829726996,-0.0046627566916868,-0.0029883820097894,-0.0004878218405791971,-5.982167203910649e-05
members/member_235.png,1,-0.008441073819994902,-0.02097746729850769,-0.057327397167682606,0.00037013879045850063,-0.0009659482166171005,-0.0055284406989813,-0.0009376518428326,-0.011518858373165103,-0.02938074991106989,-0.0013108770363033009,-0.0006414651870727001,-0.0010846834629774007,-0.0024600308388471985,-0.009375445544719703,-0.018998444080352804,-0.0008471901528536996,0.00013042241334909957,-0.0023999961558729996,-0.002827754244208301,-0.0168275572359562,-0.0209031011909246,0.0013765865005551997,-0.003203239757567599,-0.0018636267632246002,-0.0017971396446227993,-0.0133229326456785,-0.0098898131400347,-0.0008101216517387997,-0.0018870206549764005,-0.0007047102553769999,-0.005018250085413499,-0.0087078083306551,-0.0044109402224422,-0.001995312515646301,-0.0007352181710302999,-0.0003735374339157,-0.008670764742419101,-0.0101540071773343,-0.0024149971286533,-0.0036818594671784994,-0.00246137275098583,-9.244233297065407e-05
members/member_236.png,1,-0.005946857854723996,-0.030485935509204892,-0.06294551491737371,0.0013654842041432996,-0.002788732759654501,-0.0009777490049601,-3.879889845840104e-05,-0.014783021062612506,-0.0336203798651695,0.0006558662280440001,-0.0002506449818610989,-0.0023828633129596008,-0.002567663788795499,-0.011963963508605999,-0.0209417529404164,0.0005377894267439998,-0.0010776976123452004,-0.0017673070542515,-0.004162857308983803,-0.0168471559882164,-0.0255971737205982,-0.0034571071155368996,-0.00035782437771559976,-0.0025215031346305997,-0.0039496105164289995,-0.0121260918676853,-0.014167352579534,7.215468212959982e-05,-0.0025157458148897,-0.0010538192582317,-0.0038839988410471985,-0.0104363551363349,-0.007314496673643599,-0.0005428954027592997,-0.0017740856856107998,-0.0006144969083834,-0.0116208866238594,-0.0099976156488992,-0.0045254310534802,-0.0047317364369519,-0.0019763790733121904,-0.0001773085205058568
members/member_237.png,1,-0.0030946433544159005,-0.0420037135481834,-0.1009945645928383,-0.0003561060875653995,-0.0025588786229491997,-0.0012297546491027,-0.000425852835178403,-0.026364319026470198,-0.04455363750457769,0.0011307271197437997,-0.00043370295315980044,-0.0033331187441945,-0.0036458708345889976,-0.020038526505231802,-0.024244409054517704,-0.0022106179967523003,-0.0027492772787809008,-0.0019474576693028,-0.005626302212476699,-0.024486992508173003,-0.023607622832059895,-0.00021010357886550035,-0.0032602949067949997,-0.0014159275451674999,-0.0023908782750368014,-0.019704807549715098,-0.010135659947991402,-0.0015851045027374996,-0.0015594227006658998,-0.0007840640464565,-0.0061682686209679,-0.010153181850910199,-0.0040997990872710995,-0.0017148167826235,-0.0009928978979588002,-0.00013207675510779887,-0.0186726676765829,-0.0070492058002855,-0.0022271551715675,-0.0049004541360774,-0.0008113963522190824,-2.7469799533719197e-05
members/member_238.png,1,-0.006562035530805602,-0.0259407758712768,-0.08151958137750628,-0.0013316655531525994,-0.00015073455870149959,-0.004908567294478399,-0.006194405257701801,-0.012229375541210202,-0.042873620986938504,-0.0022526751272380005,-0.0018004560843109998,-0.0028967340476811,-0.0001038797199725966,-0.0124362409114838,-0.026059981435537297,0.0021141949109733,-0.0013648658059538,-0.002170849358663,-0.0045102778822184025,-0.019576884806156096,-0.026576241478324002,-0.0010140300728381,-0.0018969574011862,-0.0018811358604579997,-0.004223992116749299,-0.016368929296732004,-0.012106206268072099,-0.0014342670328914998,-0.0019108760170639,-0.0008296347514261,-0.0053886668756604,-0.0097297746688127,-0.005411422112956601,-0.0025089506525546004,-0.0014387587434612,-0.00018735034245757155,-0.0069415373727679,-0.006660433631623199,-0.0030186064832379,-0.00279730418697,-0.0006525168573715998,-5.246320506557822e-05
members/member_239.png,1,0.0010044127702713013,-0.020872771739959703,-0.04823388159275051,0.00048691313713790027,0.000722833909094299,-0.0025876695290208,0.0006513930857182035,-0.010429833084344899,-0.019609471783041996,-0.0002581821754575001,-0.0025007147341966993,-0.0019753496162594,-0.005295874550938603,-0.011558707803487799,-0.0103145688772201,-0.0007220786064862997,-0.0018643755465744998,-0.0010447017266415,-0.0119753181934357,-0.016420764848589904,-0.009100463241338801,-0.0029995925724506994,-0.0022886628285051,-0.0005485548172146,-0.0052704680711030995,-0.009780348278582098,-0.0033550832886248,-0.00044285412877790014,-0.0015631811693311002,-0.0002237122971564,-0.005587613210081999,-0.004527922952547601,-0.0013702796422876999,-0.0012062876485288004,-0.0004935130127704999,-6.708715227430424e-05,-0.006913934601470901,-0.0034102480422007,-0.0007338325012823877,-0.0033456661039963998,-0.0007345481571973935,-4.6831784857204184e-05
members/member_240.png,1,-0.00035085715353489963,-0.0205108746886253,-0.0437527596950531,0.0022458834573626995,-0.0013173893094063005,-0.0027638464234768997,-0.005286511033773401,-0.008913524448871696,-0.020435333251953104,-0.0015669688582420002,-0.00014134403318169942,-0.0019933613948524003,-0.0010007321834564972,-0.008422547951340602,-0.0101675912737847,0.0002928678877651006,-0.0018195421434939003,-0.0011205156333744001,-0.0023760516196489005,-0.007967569865286399,-0.009863307233899799,-0.0007825004868209006,-0.0008935332298277998,-0.0009007606713566998,-0.002706610597670101,-0.0069568734616041,-0.004153323825448699,-7.013324648199974e-06,-0.0016106949187816003,-0.0002589448558865,-0.0030436851084232,-0.0040392896626144995,-0.0016538937343285,-0.0005950536578892994,-0.000905206950847,-0.0001070575381163466,-0.0081647676415742,-0.0026940316020045,-0.0009167963580693412,-0.0046291176695377,-0.0005774152505182033,-5.1838775107171386e-05
members/member_241.png,1,-0.004280839115381199,-0.0048855394124985,-0.008219426497817102,0.00012679863721139998,-0.0008042622357605999,-0.0012961854226886996,-0.0034089153632521994,-0.0014960290864109993,-0.002713725902140099,-0.0007674973458051994,0.00020944466814389962,-0.0008899545064196001,0.0016640778630971995,-0.0008351686410606003,-0.002346624154597501,0.0010119406506419,0.0003824832383544003,-0.00018707464914769997,-0.0025747418403625003,-0.0024467920884489996,-0.0030606531072407996,-0.0004231333732604998,-0.0011958474060521,-0.0008825982949929001,-0.0016547935083508995,-0.0022225987631827,-0.0014737376477570003,-5.871243774890032e-05,-0.0005088223842904,-0.00015871763025641862,0.003432263620197799,-0.0014441743260250003,-0.0005913893983232999,0.0021206527017057003,-0.0006410518253688001,-1.2285170669201761e-05,-0.0114331827498973,-0.0011813552191596655,-0.00032469463621963106,-0.0072019853396341005,-0.0004596828366628901,-1.6899317415663972e-05
members/member_242.png,1,-0.008511709049344004,-0.0353063493967056,-0.068595215678215,-0.0015866449102760003,-0.0044113560579717,-0.004157508723437799,-0.004832286387681999,-0.023425299674272503,-0.0303475670516491,-0.0030322587117551994,-0.0013544936664403005,-0.0024411319755017003,-0.001803983002901098,-0.015794552862644202,-0.0175102222710848,0.0012429589405656,-0.0009898701682686,-0.0015229082200677,-0.0036478582769632027,-0.0189864654093981,-0.016638291068375104,-0.0013714879751206,-0.0010639913380146,-0.0013040303601883,-0.002986565232276899,-0.0132315177470446,-0.007317104376852499,-0.00010501686483620036,-0.0023902450921013995,-0.0003971542464569,-0.006223408505320599,-0.0067500500008464,-0.0031187055865303,-0.0029791938140988,-0.0009992268169299,-0.00017703652702036587,-0.0080340141430497,-0.004702922335127299,-0.0016863461205503,-0.0022043259814382,-0.0005854798600921276,-3.621088035288267e-05
members/member_243.png,1,-0.005418390035629203,-0.02036775648593899,-0.033423043787479394,0.00039618089795119896,-0.0017593060620128996,-0.0017302786000073,-0.003562211990356501,-0.009564667940139805,-0.014785699546337204,-0.0023072622716426997,-4.982016980650036e-05,-0.0014819148927927,-0.003496332094073299,-0.0051772929728030985,-0.0117650926113128,-0.00015528034418820034,-0.00022305687889449984,-0.0013606480788439998,-0.00040535628795619963,-0.0074989274144171975,-0.013595717959105998,0.0014404174871742005,-0.0006244750693441001,-0.0019203432602808,-0.004555597901344299,-0.007183502428233702,-0.006846963893622201,-0.0013166926801204005,-0.0008791794534772999,-0.00037509016692630005,-0.0037264497950673017,-0.0046827942132949,-0.0038158132229,-0.0016789291985333,-0.0010728384368121,-0.00045065883023199995,-0.009596723131835499,-0.0080614255275578,-0.002749597246293,-0.0037723915884270995,-0.0019578360443119544,-0.00011300099868092876
members/member_244.png,1,-0.005582237616181398,-0.0202983096241951,-0.05176740884780881,-0.0013966928236186001,-0.001360284164548,-0.002744736149907101,-0.0018860250711441005,-0.011767048388719503,-0.022685825824737597,0.0004175738431512997,-0.0018152850680052991,-0.0018614372238516998,-0.0020785387605427967,-0.006509337574243601,-0.011696703732013695,-0.00035521574318410007,0.0006996612064541002,-0.0013021619524806998,-0.0052198451012373005,-0.0090829953551292,-0.0157167911529541,-0.0021112686954438,-0.0009787767194212003,-0.0011859129881486,-0.0015280991792679006,-0.007576700299978298,-0.009299531579017601,0.0005326298996805997,-0.0008778087794781,-0.0009385042940267001,-0.0034954361617565,-0.0070894323289394,-0.0046254633925855,-0.0020377514883876,-0.0013290578499435997,-0.0005083168216515001,-0.0102056642062962,-0.0194915323518217,-0.0032229609787465,-0.0031922254129312998,-0.0042258479879820005,-0.00012962107211929292
members/member_245.png,1,-0.0037080906331539015,-0.025329895317554404,-0.0527084805071354,0.00019155535846950011,-0.0019864942878485004,-0.0028263027779757994,-0.0004227645695209989,-0.009907867759466199,-0.021008372306823703,-0.0017638076096772991,-0.0006338767707346994,-0.0017082220874727002,-0.002522353082895303,-0.009417604655027403,-0.0122183039784431,-0.00023745186626910036,-0.0016413088887930003,-0.0007930353749543003,-0.007610432803630798,-0.014452036470174796,-0.011375739239156298,-0.0019060657359660001,-0.0014992402866482995,-0.0011290322290733,-0.0037634111940861026,-0.011449577286839503,-0.0066150180064142,-0.00029325531795619964,-0.0014425963163376002,-0.0006693767500109999,-0.0014063697308301995,-0.0098156603053212,-0.0034822633024305,0.0007910397835075994,-0.0017237670253962003,-0.0002414549526293,-0.011533397715538699,-0.0108740536379628,-0.002244011790026,-0.0036669789114966997,-0.0014418722166737762,-7.387103687503261e-05
members/member_246.png,1,-0.007616732269525601,-0.026098158210516004,-0.0414530485868454,-0.0028258142992853997,-0.0017209611833095993,-0.0021380647085607,0.000497253611683901,-0.0092290788888931,-0.015028024092316596,-0.00011673057451850027,0.00014769425615669945,-0.0020949402824044,-0.002525977790355703,-0.006527591496706099,-0.0077008828520775015,0.0006926786154508998,-0.0012904419563709996,-0.0007609605090692999,-0.004384152591228499,-0.012128321453928902,-0.008568742312490898,-0.0009824042208492999,-0.0012288754805923003,-0.0012745742569678,0.0001878850162029995,-0.0105636790394783,-0.0040501649491489,-0.0009552696719766001,-0.0025575055042282,-0.00042026958544730004,-0.0063458653166890994,-0.0069422028027475,-0.0017131236381829002,-0.0008117780089377993,-0.0010629111202433,-0.00015630238704033648,-0.0094093589577824,-0.0052495644486044,-0.0009359437099191585,-0.0043795842211694,-0.0007667287245567346,-2.8955562811461277e-05
members/member_247.png,1,-0.009989809244871098,-0.02821978181600579,-0.05479000508785249,-0.0026053609326481993,-0.0012257061898707997,-0.00011471752077340039,-0.0018430519849062,-0.012222714722156504,-0.0270969793200493,-0.0006320122629403999,-0.0004961942322552005,-0.0041472800076008,-0.0044491291046142994,-0.0071555338799953044,-0.015531174838542904,-0.0002056863158941,-0.0006161117926240002,-0.0015529305674136002,-0.0011400077491998985,-0.010495215654373197,-0.0216962490230799,0.0009853690862655006,-0.0008937953971327002,-0.0015936493873596,-0.0031822491437196003,-0.011423457413911802,-0.0111245550215244,-0.002843605820089601,-0.0029338870663194994,-0.0011800157662947,-0.005389494821429301,-0.013255637139081998,-0.0054000336676836,-0.0011988291516899993,-0.0020851590670646,-0.00026865402469409996,-0.0108400101307779,-0.0105367265059612,-0.0030580271995859,-0.0035434050951153005,-0.001028842943924158,-7.047790495555566e-05
members/member_248.png,1,-0.003223581239581101,-0.016790267080068595,-0.0390365794301033,-0.0006275568157433995,-8.13324004420024e-06,-0.002161140553653299,-0.0051266569644213,-0.009404420852661195,-0.022685397416353295,-0.0015060603618622,-0.00022681709378949942,-0.0019216756336391007,-0.0015109814703463988,-0.0053838118910789,-0.013926934450864799,-0.0002713273279368999,-0.0012350156903267002,-0.0009398292750119998,-0.0027703996747732995,-0.011922240257263201,-0.019676674157381,0.0007321634329855,-0.0014202105812729003,-0.0034913934068754,-0.0018545836210249987,-0.0062890201807022025,-0.011396007612347601,-0.0012351348996161998,0.0010598045773803997,-0.0006550832185894999,-0.004022083245217802,-0.0061156041920184985,-0.0063200551085174,-0.0001910445280373001,-0.0023351428098975996,-0.0007353144465014,-0.010017115157097599,-0.0173344650538639,-0.0044134072086309,-0.0044075108598918,-0.004179044146439958,-0.00019059609985555404
members/member_249.png,1,-0.0023817420005799034,-0.0270236283540726,-0.07025218009948729,0.002582552377134599,-0.0032723746262491,-0.003115957602858599,-0.004748854786157598,-0.018470354378223405,-0.0357018932700157,0.0005318094044924008,0.0003940030001103991,-0.0028861560858786,-0.001835823059082,-0.009372819215059294,-0.0202239006757736,-0.0028703673742711995,-0.00042368378490209926,-0.0010519281495362,-0.0029021222144365,-0.017125617712736102,-0.0231099352240563,-0.0007272255606949008,-0.0028867344371974,-0.0012017495464534001,-0.0060146264731884,-0.015593692660331702,-0.010554592125117699,-0.0010004402138292998,-0.0013983044773341002,-0.0016260016127489,-0.0038623558357358014,-0.009357397444546299,-0.0049650247674436,0.0002665328793228002,-0.0015835408121346998,-0.0004826663353015,-0.0127484782133252,-0.0088746355613693,-0.0029554304201156,-0.0053734097746201,-0.0015682711418775822,-0.00010782989556896321
members/member_250.png,1,-0.0093642510473728,-0.0339073836803436,-0.06947434693574911,-0.001765320543199801,-0.0029768403619528008,-0.0029605268500744993,-0.0013424586504698008,-0.017193261533975608,-0.03361897170543669,0.0009066290222108008,-0.0009580566547810997,-0.0027655055746435998,-0.0038471184670925,-0.0077052339911461015,-0.018296472728252404,-0.0001299288123846002,-1.0714866221003122e-06,-0.002175533445552,-0.0024714339524507974,-0.014416409656405397,-0.019247723743319498,-0.0022892467677593006,-0.0017445841804147,-0.0011278025340289001,-0.0019363611936569006,-0.0116280503571034,-0.0080412738025189,0.0008602649904787003,-0.0024742835666984,-0.0006524794880534001,-0.0042842859402299,-0.0078168120235204,-0.0031796370167284996,-0.0016348324716091,-0.0008603518945165,-0.00011576993711051375,-0.009330397006124301,-0.0053305780747906,-0.0017409228748875,-0.004055779078044,-0.0007636534319317187,-4.50469960924238e-05
members/member_251.png,1,-0.006066638976335498,-0.033859513700008406,-0.0557671450078488,-7.899850606919896e-05,-9.068287909029873e-05,-0.0033661108464003,-0.0013506710529328017,-0.015108197927474892,-0.024968732148408897,-0.0017176456749439014,-0.0037005487829446003,-0.0027434008661657004,-0.0044518690556287,-0.0143488831818104,-0.012869417667388902,-0.0004928642883896984,0.0006207958795130001,-0.0012638499028981,-0.0032893195748329995,-0.0201437883079052,-0.013381469063460799,0.002147183753549999,-0.002943319734186,-0.001397684274707,-0.004756886512041099,-0.0126770455390215,-0.0059270611964166,-0.0034472122788429,-0.0024918932467699003,-0.00045434609637590005,-0.005150335840880801,-0.007819876074791,-0.0026497319340706,-0.0021326285786927,-0.0011361015494912,-0.00019587899441828846,-0.009529375005513499,-0.005655444576404899,-0.0014840241055935999,-0.0035735627170652,-0.0007789245210005894,-3.9474009099649265e-05
members/member_252.png,1,-0.005514305084943799,-0.0305410027503967,-0.07988033443689349,-0.0024334313347936006,0.0013510109856725,-0.0021619861945510006,-0.0011526495218277047,-0.013765938580036191,-0.0342978537082672,0.0009915931150318007,-0.0026241783052683,-0.0020932722836733003,-0.004844984039664199,-0.0141756720840931,-0.0232259705662727,-0.0032726284116507,-0.0011338186450302002,-0.0018053071107714995,-0.003154629841446901,-0.021605618298053804,-0.0264633651822806,0.0021313093602656997,-0.0024301023222506003,-0.0020749296527356,-0.0037759281694889,-0.0158294681459665,-0.0123000778257846,1.4535151422100101e-05,-0.0021571943070739998,-0.001148628856754,-0.007700697518885198,-0.010514254681766,-0.0058584969956427995,-0.0043177912011743,-0.0017249616212211,-0.0002397521311649144,-0.010656671831384301,-0.0073396854568273,-0.0032249228243018,-0.0031159155769274,-0.0009114882868743585,-5.202177635510452e-05
members/member_253.png,1,-0.007652724161744201,-0.02644819393754,-0.035524696111679105,-0.0030110250227153995,0.00036476133391259973,-0.0021596509031951002,-0.004505481570959001,-0.008417028933763504,-0.012708583846688298,0.0007237610407173998,-0.0007564187981187994,-0.0005282596684992001,-0.003499658778309902,-0.0028936155140400002,-0.007322434335947002,-0.0024205180816351994,0.0004377113655208995,-0.0011199102737009998,-0.003315978683531298,-0.011500770226120997,-0.009779398329556,0.0013449001125990998,-0.0040979215409606,-0.0021341479150578,-0.0026834066957235007,-0.011435954831540501,-0.004778295988217,0.0004555471241474004,-0.001723516616039,-0.0005824090330862001,-0.0045264596119523,-0.0062574520707131,-0.0021611971314996,-0.0026415269821882005,-0.0011083926074207,-0.00014277172158464136,-0.0068490107078105,-0.0041112748876912,-0.0011266901128693001,-0.004211278515867899,-0.0008092121443041395,-5.762581713497639e-05
members/member_254.png,1,-0.007341738790273698,-0.021449681371450403,-0.06021696329116821,-0.0008024307899176996,-0.0027311337180435996,-0.0040599741041661,-0.0028502847999334023,-0.008381020277738599,-0.029735539108514793,-0.0020781857892871,-0.0011947569437325,-0.0011932868510484002,-0.0004961416125297997,-0.0072247199714184016,-0.017053857445716802,0.00099082197994,-0.0010478552430868001,-0.0016977863851935,-0.002571884542703601,-0.0134240351617336,-0.021955085918307297,-0.0004633036442101002,-0.0008331988938152998,-0.0019400827586650998,-0.0018213484436273991,-0.0116529390215874,-0.010426533408463001,-6.899423897269944e-05,-0.0012875467073172001,-0.0010666925809346,-0.002315508201718299,-0.0087871812283993,-0.005159828113391999,-0.00017662625759840012,-0.0015994911082089,-0.0005426234565675001,-0.0067738774232567,-0.0096225557499565,-0.0033668278629194,-0.0037779505364597,-0.0015467337434528806,-0.0002511418424546619
members/member_255.png,1,-0.0030394177883863,-0.0230037495493889,-0.030489992350339903,-0.0006925389170645991,-0.0012897155247629,-0.0022578774951398997,-0.0021633263677358974,-0.010870132595300605,-0.012543233111500698,-0.0008496283553541002,-0.0010938202030956,-0.0013214044738561002,-0.001184776425361602,-0.008176693692803397,-0.006427913904190098,-0.0005030147731304004,-0.00010860105976469997,-3.446568734940007e-05,-0.0036474354565144,-0.0081660188734532,-0.007615684531629101,-0.00040174927562479975,-0.0006385380402207002,-0.0011069786269217998,-0.0022461414337157995,-0.0060571413487196,-0.0045997705310583,0.0008355341851712002,-0.0016261725686491,-0.000878323247889,-0.002076668664813,-0.006255533546209301,-0.0024259637575596996,-0.0013430085964501,-0.0013772791717200999,-0.000227224722039,-0.0134643858764321,-0.0081475588667672,-0.0016632766928523,-0.0052077870350331,-0.00149078321555857,-9.697984205553565e-05
members/member_256.png,1,-0.004371631890535299,-0.0262372381985188,-0.040548577904701205,-0.0008262703195213994,-0.0033609853126107996,-0.0019480213522911002,-0.0035515055060387005,-0.0163948759436607,-0.0193803180009127,-0.0024515860714018,0.00013439822942019983,-0.0033656519372016,-0.0015466287732124016,-0.008347785100340895,-0.010254809632897398,0.0007038260810077,-0.0016263979487121999,-0.0008283784845844,-0.0065447054803371985,-0.011647516861557902,-0.0111258025281131,-0.0007694675587118002,-0.0012416220270097,-0.0008196628186852,-0.0034143608063459015,-0.0079406602308154,-0.0046457254793495,0.0007353774271905995,-0.0012785872677340997,-0.0004080687358509,-0.0042869728058577,-0.004712016088888099,-0.0019769311184064,-0.0020512398332357996,-0.0009765272843651001,-9.850441711021035e-05,-0.0077946590026839995,-0.0036831512552453,-0.0010258335460093,-0.0037891529500484,-0.0005013466725358646,-3.58547804353293e-05
members/member_257.png,1,-0.008901234716177,-0.03373856097459789,-0.0732549652457237,-0.0012200111523270989,-0.0037396131083368995,-0.0028827828355133004,-0.0011973511427640984,-0.01650427654385571,-0.032282851636409794,0.0002538328990340996,-0.002730370964854901,-0.0023020773660392,-0.0020659081637860004,-0.011796738952398293,-0.0171836316585541,-0.0016687703318894005,-0.0005308841355144995,-0.0015225247479974998,-0.0029512792825697985,-0.019970210269093503,-0.0181721793487668,0.0018895608372985996,-0.0019647646695376,-0.0012619539629668,-0.004078369587659902,-0.0124081699177623,-0.007282924838364099,-0.0009687300771474994,-0.0015894536627456,-0.0006233761087060001,-0.0045931302011013,-0.0073074321262538,-0.0031109210103750003,-0.0024198465980589,-0.0008431636379101,-0.00016913264698809245,-0.0127352202543989,-0.0051261427579448,-0.0017212574748556,-0.0042056704405695,-0.0008982817162176712,-4.915003228234126e-05
members/member_258.png,1,-0.006732739508151994,-0.027746416628360804,-0.05859827250242229,-0.0020924997515977,-0.0013560270890594006,-0.0049284212291241004,-0.003825806081295003,-0.015444632619619397,-0.0324279740452767,-0.0013738237321377,0.00041091721504930064,-0.0021412633359431995,-0.004628613591194201,-0.013884823769330902,-0.0235515981912613,-0.00012171594426029983,-0.0012966333888471005,-0.0026042147073895,-0.004909299314022099,-0.015255469828844098,-0.025343615561723702,0.0002820850349962,-0.0017231241799891004,-0.001329863560386,-0.0027917772531508983,-0.010494884103536602,-0.012813076376914999,-0.0007989113219082,-0.0009788349270821,-0.0011132505605928,-0.003757217898964901,-0.008614893071353501,-0.005949500016868101,0.0005463045090437005,-0.0020831986330449,-0.0005001527460991,-0.0106266592629254,-0.011659053445328,-0.0034830203221645002,-0.004940158105455301,-0.0020613495798897825,-0.00010582579488975256
members/member_259.png,1,-0.0085923131555319,-0.02333534508943559,-0.05919706076383591,-0.0004729414358734998,-0.000983132980763901,-0.0045499685220420005,-0.0016848854720592013,-0.0164790749549866,-0.028942961245775195,-0.0008579115383327007,-0.0020706942304969,-0.0022894251160323997,-0.004019632935524001,-0.009735014289617504,-0.012900514528155299,-0.0008597099222242997,-0.0019009527750314002,-0.0009988662786781,-0.003873687237501198,-0.0158026134595275,-0.0136872353032232,-0.0008171061053872004,-0.0019220882095395998,-0.0011679501039908,-0.0049415547400713,-0.0077600874938071,-0.005271869013085901,-0.0014467411674558995,-0.0009005404426716,-0.0003503400221234,-0.0036843791604042,-0.004161874996498199,-0.0020864276448265004,-0.0010403033811599003,-0.0005035914073232999,-0.00010732500959414286,-0.0049728857120499,-0.0025826860655797997,-0.0010947219998343,-0.0017087543383241001,-0.0004301836379453841,-1.0203282727161422e-05
members/member_260.png,1,-0.0048784017562866,-0.023531571030616788,-0.0446231737732887,0.0014479756355284985,-0.00025522615760559947,-0.002848701085895299,-0.0044072810560465,-0.010860204696655308,-0.019676629453897497,-0.0022745700553058997,-0.002649609465152,-0.0013236496597529004,0.000851638615131399,-0.0113993063569068,-0.011313155293464598,-6.533367559319932e-05,-0.00013224035501480016,-0.0012098057195544,-0.007225725799799,-0.012973576784133998,-0.0147833246737719,-0.0008124532178044007,-0.0013534966856241998,-0.0014195060357450997,-0.004416948184370998,-0.010517727583646698,-0.010475137270987001,-0.0012469128705560996,-0.0024404309224337005,-0.0021079022553750003,-0.004605756141245301,-0.0101510854437948,-0.005864139180630501,-0.00026261014863849987,-0.0015554110286756999,-0.0004860579501837,-0.010071482276544,-0.0087213759543374,-0.0033902037394,-0.0042744006495923,-0.0013499495798896428,-0.000107668533019006
members/member_261.png,1,-0.0037227459251880993,-0.03647647798061371,-0.06241986900568011,-0.0022845156490803008,-0.003195633180439499,-0.0024510365910828,-0.0060540195554495,-0.022360533475875896,-0.0302690640091896,0.0020074378699065,-0.00033653713762760076,-0.0025871242396534,-0.0051694475114344995,-0.013906836509704597,-0.0173771176487208,-0.0028431573882698995,-0.0016065090894698993,-0.002002184279263,-0.004823597148060799,-0.017865991219878204,-0.0173954199999571,-0.0018699532374740003,-0.0013006643857807003,-0.0014378039049916,-0.0016157310456038007,-0.010522554628551,-0.007203540764749,0.0007494171150029,-0.0014867730205879001,-0.00038500648224729995,-0.0048309806734323,-0.0060645965859294,-0.0029183743754402003,-0.0008264961652458,-0.0008614471880719,-0.00010528170605531234,-0.0125813877675683,-0.0040009793447097,-0.0015663921221858,-0.0043669132282957,-0.0005892293702344644,-2.5727960746735334e-05
members/member_262.png,1,-0.004746183753013701,-0.0238836407661438,-0.05995471030473709,0.0015610866248608,-0.0018147621303796005,-0.0015557035803795,-0.003973018378019298,-0.013326689600944498,-0.0266777649521827,-0.0023060515522956996,-0.003046529367566099,-0.0020505394786597,-0.004403248429298401,-0.0066634230315684995,-0.013668553903699004,-0.0009487615898252002,0.0009824275039136002,-0.0019048477988690003,-0.0029110126197338,-0.0167529825121165,-0.015103105455636898,0.00033633317798379987,-0.0026531154289842003,-0.0013252104981802,-0.0049704136326909,-0.0122844353318214,-0.0066514690406621006,-0.0020632259547711,-0.0015679930802434002,-0.0007018596807029001,-0.0026252167299389995,-0.007289878092706201,-0.0026248191716149,-0.0001423512585461001,-0.0013133537140674998,-0.00017679316079008363,-0.008285107673145801,-0.0059637294325512,-0.0014135977398837,-0.0034896288416348,-0.000868171340698586,-3.9998350985115394e-05
members/member_263.png,1,-0.004058972001075703,-0.0399096347391605,-0.044622480869293206,-0.00044848024845119995,-0.003105816431343599,-0.0033509433269500993,-0.007162561640143398,-0.0155050940811634,-0.0189632177352905,-0.0005963677540422006,-0.0012225219979882006,-0.0001413212157784999,-0.0046672988682986,-0.0112022981047631,-0.0090521816164255,-0.0009445073083043003,-0.0011351183056830996,-0.0020714688580484,-0.0032938383519648985,-0.0093308053910732,-0.014858311042189602,0.001751315779984,-0.00026840670034290054,-0.0020242996979504,-0.0040651615709067,-0.0076912594959140015,-0.008055884391069499,-0.000991032458841799,-0.0012739659287035999,-0.0011255603167229,-0.0026233457028865,-0.0072948671877383995,-0.0040390859358012,-0.001925598364323401,-0.0023206785554065997,-0.000378105949494,-0.009068522835150401,-0.0073474760865793,-0.002365980486502,-0.005022272467613199,-0.001136185819632341,-7.490096686523927e-05
members/member_264.png,1,-0.003535186871886302,-0.019039914011955296,-0.026744782924652093,-0.0015180213376880004,-0.0002454807981847997,-0.0011524586006998998,-0.0028691962361335997,-0.0061695072799921,-0.013333545997738804,0.00018203072249890068,1.3446435332300014e-05,-0.0005347197875380004,-0.0037062875926493974,-0.0041416604071855025,-0.008495872840285298,-0.002077810466289501,-0.0007100026123226001,-0.0015681067015976,-0.002767324447631902,-0.008396586403250698,-0.011024910956621201,-0.0007441239431499993,-0.0013782412279397002,-0.0022690765326843,-0.0017011687159537991,-0.006488931365311201,-0.005520733539015,0.0013286797329782997,-0.0008590559009462998,-0.000717223767424,-0.0045637907460332,-0.005399952176958299,-0.0029071858152747,-0.0012747496366501002,-0.0014194030081853002,-0.0003549639659468,-0.0072813923470676,-0.0059523326926865005,-0.0015255291655194,-0.0044975981581956,-0.001545441875350632,-6.291194586075912e-05
members/member_265.png,1,-0.005286585539579301,-0.022932015359401703,-0.0351821891963482,0.00013146642595530077,-0.0017422656528651992,-0.0027310829609632006,-0.0050128307193518,-0.012079697102308301,-0.013752873986959503,-0.0010281018912792006,-0.0021312884055078004,-0.0009076434653252996,-0.002864565700292601,-0.0083044320344925,-0.0090116765350103,0.0007255300879477995,0.00032583251595499994,-0.0012469997163861999,-0.0016675963997840985,-0.012014452368020997,-0.0089480727910995,-0.0007426356896757993,-0.0020205327309668,-0.0011976390378549001,-0.004208028316497799,-0.0079547194764018,-0.004405954852700299,-0.002309144474566,-0.0011212800163776,-0.0006874854734633001,-0.003222181461751501,-0.0063369562849403,-0.0021087252534926,0.0013497639447451002,-0.0010769088985399,-0.00029340718901947664,-0.0104782555717974,-0.0073471427313052005,-0.0011812344382633,-0.0058705408009701,-0.0014820689393672097,-3.959454988944345e-05
members/member_266.png,1,-0.004946468397974999,-0.026471517980098697,-0.0517145246267319,-0.0031365826725959995,-0.0011898633092641995,-0.0035598562099039,-0.001566905528306902,-0.010402660816907897,-0.0196588560938835,0.0010241502895951002,-0.00012354133650659994,-0.0011478376109152998,-0.0013105217367411007,-0.005495179444551503,-0.0098249707370997,0.000978553667664599,-0.0017062779515982004,-0.0006478694267570998,-0.0055569503456354,-0.0063766334205866,-0.010970275849103902,-0.003257794771343499,-0.0005020834505557997,-0.0018244206439704,-0.0016867946833371977,-0.0094065777957439,-0.0062954747118056,0.0004306756891309998,-0.0015459444839507003,-0.0007422616181429001,-0.006351642310619401,-0.008627268485724898,-0.0028129841666668,-0.0026889485307038,-0.0016498810146003998,-0.000201916358491852,-0.008738539414480299,-0.0080528885591775,-0.0015426879981532999,-0.0031084494839888,-0.0013530422911571611,-5.5412201618310064e-05
members/member_267.png,1,-0.006335737183690002,-0.029455661773681703,-0.09000616520643231,0.0010482906363905005,-0.0038199173286558004,-0.007536360528320101,-0.005275808274746,-0.015384413301944698,-0.042766802012920394,-0.0003704400733112994,-0.0017987713217735004,-0.0023164972662925998,-0.006179174408316602,-0.0103447325527668,-0.023806381970643997,-0.0010525528341532005,-0.0012168730609119,-0.0018375944346189,-0.003731682896614099,-0.0157959405332804,-0.022323588840663402,0.0008433358743786994,-0.0020466886926442,-0.0012444608728402,-0.0026964610442518997,-0.007347132079303199,-0.0090269194915891,-0.0026349383406341,-0.0002074686344713003,-0.000631821603747,-0.0031189052388072014,-0.0052226586267353,-0.0039388255681843,3.9543956517999745e-06,-0.0012793305213563,-0.0002285541850143,-0.007910117623396199,-0.004249703168170501,-0.0021918777783867,-0.0048481117119081995,-0.0008949693146860008,-6.413671144391211e-05
members/member_268.png,1,-0.008762795478105597,-0.026555173099041006,-0.035944614559412,-0.0024841390550135994,-0.0015804250724614005,-0.0028818855062127,-0.00523810274899,-0.010612197220325498,-0.018673378974199302,-0.0010270699858666004,0.0005781613290310001,-0.0007356321439147004,0.0005578827112912993,-0.007020499557256699,-0.010311765596270499,-0.0006226599216461,-0.0008107791654764999,-0.0014329897239803995,-0.0026839133352042008,-0.011126825585961304,-0.014647626318037501,0.0009276503697038,-0.0017518536187709002,-0.0013211577897891001,-0.0052374834194779,-0.0114814024418592,-0.0073057757690549,-0.0025172992609440994,-0.0020824442617595,-0.0010361406311859,-0.0046365140005946,-0.0079256612807513,-0.0033025275915861,-0.0012560293544084003,-0.0019091897411272,-0.00022726155293632529,-0.0060120902489870995,-0.0087748010409996,-0.0019396207062528,-0.0016411589458585,-0.0011731983504432012,-5.350179708329961e-05
members/member_269.png,1,-0.004507683217525503,-0.01969800144433971,-0.0589834526181221,0.0006862673908471992,-0.00024215783923860028,-0.0023855566978454,-0.004644619300961498,-0.014921605587005699,-0.0330754593014717,-0.0023444234393537,-0.0022147363051771996,-0.0027471138164401002,-0.0016575586050748999,-0.006041139364242498,-0.018310800194740302,-0.0007091686129569999,0.0017749052494763998,-0.0013383289333432995,-0.0020924881100654012,-0.015721730887889897,-0.0219928827136755,0.00010970607399940057,-0.0035775774158536998,-0.0018211305141449,-0.0051850341260433995,-0.014910023659467704,-0.0112533587962389,-0.0005142544396221005,-0.0012744967825711,-0.0013925298699178001,-0.0037605287507176,-0.011770366691052898,-0.0056464567314834,0.0003420724533498001,-0.0029642271110788005,-0.00042696059972510003,-0.0110936322016642,-0.0117453912971541,-0.0032276992278639,-0.0055169765837491,-0.0013577480676758024,-0.00010128988287759364
members/member_270.png,1,-0.005315221846103703,-0.0295255109667778,-0.0630626454949379,0.00037130620330579935,-0.0016375919803977013,-0.004516595043242,-0.005580769851803696,-0.019954647868871703,-0.0260718092322349,-0.0028503686189651992,-0.0028031761758028993,-0.0014527046587318004,-0.003987571224570302,-0.0125375390052795,-0.0140443108975888,-0.0008332505822181997,-0.0010157870128751,-0.0017392309382558,-0.005709148943424201,-0.018146300688386,-0.0114710922352969,-0.0006810952909290001,-0.0019480395130813,-0.0005786918918602,-0.005172622390091499,-0.012134472839534298,-0.004397860728204301,-0.0026081316173077003,-0.0015391244087367998,-0.00041448825504629996,-0.0057503981515765,-0.006327478680759601,-0.0017698167357593998,-0.0012393521610647002,-0.0010571734164842,-0.00013586321438195502,-0.0072269290685654,-0.004283968359232,-0.0009206998656736,-0.0024710897705518,-0.0005255041105555705,8.856732165440849e-07
members/member_271.png,1,-0.0071241240948437985,-0.018639776855707196,-0.045093975961208385,-0.0008165435865522003,-0.0031604701653122997,-0.002232186496257801,-0.004100823774933798,-0.008946374058723498,-0.023133870214223903,-0.0022739074192941007,0.0015501677989960003,-0.0027713635936379996,0.001534767448902099,-0.008881039917469004,-0.0177564471960067,-0.00011107698082919986,-0.0028266003355384003,-0.0021092111710459,-0.004457376897335101,-0.010837322100996999,-0.017911553382873598,0.00010314211249350027,0.00026751263067129917,-0.0013110483996570002,-0.004028495401144,-0.008834740146994497,-0.011862813495099501,-0.00016382616013289972,-0.0015746322460473,-0.0014225487830116998,-0.0041053295135497995,-0.009834976866841401,-0.0063139153644443,-0.0014128186739981,-0.0027440229896455995,-0.0006088341324357,-0.0108688122127205,-0.0104428934282623,-0.0039032794593368003,-0.0044382727355696,-0.0013475287487380598,-0.00017421262964489642
members/member_272.png,1,-0.0055772047489880995,-0.0268737450242042,-0.0749303102493286,0.0007710992358625005,-0.0020895330235362,-0.004124118015170101,-0.0021716393530369013,-0.0189854949712754,-0.0385244339704514,4.884786903899818e-06,-0.0026325099170207995,-0.0026014209724962998,-0.0018352102488280002,-0.010860845446586595,-0.024795863777399,-0.001281640492379701,-0.0008774893358350008,-0.0019443370401859006,-0.0008230432868003013,-0.0173064768314361,-0.0273204371333123,0.0018780091777443999,-0.0025632153265177995,-0.0022611625026910994,-0.007166920229792598,-0.015620943158865,-0.014126195572316598,-0.0037913187406956993,-0.0008714951109141003,-0.0014188857167028003,-0.005816107615828599,-0.0119317984208465,-0.006855607032775901,-0.00037632277235390057,-0.0024456622777507004,-0.0004028329421998999,-0.011102186283096602,-0.0106135555543005,-0.0038580255641135998,-0.0033644543727859993,-0.0012344103197392063,-8.501224874631972e-05
members/member_273.png,1,-0.005799353122711098,-0.032929077744484,-0.0770478174090385,0.0005275141447783002,-0.002699893899262,-0.004421739839017401,-0.004318390041589799,-0.0246443673968315,-0.0314908176660538,-0.0024030557833612,-0.003983617294579699,-0.0018444056622684002,-0.0021060202270746023,-0.017451271414756803,-0.018494941294193303,6.41862861812002e-05,-0.0009133261628449007,-0.0017684977501631,-0.008336789906024898,-0.0218061469495296,-0.0201598107814789,-0.0007538953796029004,-0.0015321429818868993,-0.0021021293941885,-0.0045734606683255005,-0.0138756111264229,-0.009634469635784602,-0.0010965489782392996,-0.0018998845480382004,-0.0009110551327466999,-0.0057519450783729,-0.007836934179067601,-0.00407654652372,-0.0008137077093123999,-0.0012753964401782,-0.000310164396069,-0.0097218601731584,-0.0075980554393026995,-0.0023155144008342003,-0.004239245376084,-0.0016404549496655087,-8.959067417890719e-05
members/member_274.png,1,-0.006921853870153399,-0.04000188410282131,-0.09058752655982971,-0.004648034460842599,-0.001373218372464199,-0.005505179986357699,-0.005768442526459701,-0.017568513751029996,-0.035207606852054596,-0.00045150518417360133,-0.000703570432961001,-0.0030258684419096,-0.0017611123621464018,-0.0112754665315151,-0.020878344774246202,-0.0010222271084784993,-0.002690140157937999,-0.0017474924679845003,-0.006065854802727699,-0.0226375665515661,-0.0210701040923596,0.0004772315733134998,-0.0038660650607198,-0.0021493799285963997,-0.0027421042323112,-0.014131013303995202,-0.0091265309602022,-0.0018350090831518997,-0.0012212384026498,-0.0006609111151192,-0.0041150068864227,-0.009437565691769099,-0.0038704196922481,-0.0005730907432735001,-0.0011673262924887001,-0.0001667362448642387,-0.010088603012263699,-0.0065994284814223005,-0.0021466899488586997,-0.0044656142126767995,-0.0006847918884886633,-4.317268030717969e-05
members/member_275.png,1,-0.005134010687470401,-0.013493746519088697,-0.036748312413692495,0.0006886050105094996,-2.4579931050599732e-05,-0.0019686855375766,-0.0036568064242601984,-0.007404886186122901,-0.019567154347896604,-0.0019158381037413996,-0.0005968301557004001,-0.0016132611781359,-0.0024780910462141002,-0.004773832857608802,-0.012590775266289697,-0.0017405776306987,-0.0024405992589891,-0.0008725654333830001,-0.0034163966774940005,-0.0087869632989168,-0.0145273813977838,8.905911818150002e-05,0.001208568457514,-0.0015532863326371,-0.0031199883669615,-0.0083858110010624,-0.007267491426318801,-0.0010369368828833997,-0.0029709772206842,-0.0010259434347971998,-0.00015416368842119908,-0.006009237840771699,-0.0033432992640883,0.0007865014486014999,-0.0009818276157603,-0.0002231367689092,-0.0080109923146666,-0.008326742972713,-0.0020037354988745003,-0.0039040715200826,-0.0016570159641559814,-7.318607094923221e-05
members/member_276.png,1,-0.006049690768122697,-0.0230170041322708,-0.0349086783826352,-0.0022158911451697003,-0.0017611291259526998,-0.0016685794107616,-0.0029495470225811005,-0.0088347513228655,-0.015708623453974696,0.0007598754018544995,-0.0006981021724641002,-0.0012435871176421,-0.003607183694839502,-0.0055920500308275015,-0.0092145260423422,-0.0014249258674680996,-0.00033119600266220007,-0.0011492220219225004,-0.0024314876645803,-0.007024345919489899,-0.009964506141841401,-0.0011194278486073,0.0001935986801982004,-0.0022093909210525,-0.0048163775354624,-0.0064142961055039995,-0.0043992325663566,2.603698521849978e-05,-0.0019792369566858,-0.0005560028657783,-0.005045406520366698,-0.006084376014769101,-0.0023368913680315998,-0.0013759136199950998,-0.0016043283976615,-0.0003034540568478092,-0.0099752726964652,-0.0051546126487665,-0.0014037300861673,-0.0038579910760746005,-0.0008933172139221885,-5.782841253676452e-05
members/member_277.png,1,-0.006096888333559099,-0.020111076533794403,-0.05525211989879611,-0.0003918800503014998,-0.0005530714988708999,-0.0042600780725479005,-0.0015334729105233973,-0.015493188053369494,-0.0315761193633079,0.0006717513315378995,-0.00018126610666510147,-0.0029284935444592996,-0.00016920641064640043,-0.011433437466621399,-0.0183146037161351,0.0008303965441883001,-0.0024874228984117994,-0.00020931893959650043,-0.004943372681737002,-0.014059633016586304,-0.023313390091061603,-0.0007190345786511993,-0.0015678475610912002,-0.0028634462505579,-0.001413520425558,-0.006256544962525399,-0.0123092858120799,-0.0005666450597346002,-0.0004059430211781996,-0.001247547683306,-0.0033853212371468995,-0.0084111336618662,-0.0089167412370443,-0.00015785312280059988,-0.0015649585984647,-0.0014527657476719,-0.012272394495084899,-0.012522220902610499,-0.0062764776230324,-0.0061625412781722,-0.0026882520833168993,-0.0002874949896067835
members/member_278.png,1,-0.0046769566833973,-0.025736115872859996,-0.07488188147544861,-0.0033429209142924006,-0.0013496940955519,-0.0031587891280651006,-0.004007291048765196,-0.015044376254081698,-0.03573042154312128,0.0014397399500012996,-0.0012447685003281004,-0.0006430195644497993,-0.0024596080183983023,-0.011487022042274503,-0.0268179923295975,-0.0004447037354112001,-0.0017449464648962004,-0.0038851685822010006,-0.0036707669496535977,-0.016813512891530998,-0.034838393330574,-7.339846342799966e-05,-0.0001557660289108996,-0.0024425098672508994,-0.002900956198573102,-0.014117103070020603,-0.018735918216407303,-0.0025032768025995003,-0.002667143009603,-0.0012716785131488,-0.0034041050821542983,-0.0154033461585641,-0.0086346291936934,0.0007876534946263001,-0.0026748543605208,-0.0003475041448837,-0.0179233301896602,-0.014488518005237,-0.0047035118623171,-0.0054562034201808,-0.0013520372776838422,-6.708008368146085e-05
members/member_279.png,1,-0.002888191491365398,-0.031858004629612,-0.08576153218746188,0.0019941674545407,-0.0027770856395364,-0.002508367411792301,-0.004693355411291102,-0.0154848322272301,-0.0451016500592232,-0.0018555196002126,-0.0022353129461407002,-0.0038211084902286,-0.0018880404531955997,-0.012969337403774303,-0.026752501726150506,0.00016687903553250054,0.0009532170370220999,-0.0007963706739246993,0.0001413449645042003,-0.023554466664791093,-0.034044442698359496,-0.0003401646390556994,-0.0022762585431337,-0.0034089555265382,-0.0028277393430471004,-0.0202245414257049,-0.0159363932907581,-0.0009290236048401009,-0.0039978562854231,-0.0009758918604347999,-0.007690811529755599,-0.0150774111971259,-0.006970573682338,-0.0030051642097531995,-0.0018941613961942,-0.0002594912075438,-0.0155049675377086,-0.011016712756827501,-0.0038818818720756,-0.0037399911088869,-0.0008903880989237058,-0.00011530878327895496
members/member_280.png,1,-0.005222791805863398,-0.0222219191491604,-0.04921580106019981,-0.0026048948056996,-0.0013494482263923004,-0.0036288355477154992,-0.0045135281980038,-0.012613423168659196,-0.0266746990382671,-0.0015890398062765997,-0.0012403940781949997,-0.0020475932396948,0.0012015998363495012,-0.006920013576746001,-0.015010192990303102,0.0008081197738646993,-0.0014075636863709,-0.0009400690905750006,-0.004617525264620802,-0.0107316710054874,-0.016288390383124296,-0.0005767093971371,-0.0011772587895392999,-0.0015205275267361996,-0.0029934812337160006,-0.006983000785112398,-0.008255556225776702,-0.0010293475352227991,-0.0006501025054604002,-0.0009357722010464001,-0.0003655310720204995,-0.004395455121994001,-0.004806723911315199,0.0014773258008062996,-0.00020202551968400003,-0.0007319670985453,-0.013102199183776999,-0.0129425344057381,-0.0055754618952051005,-0.0052210000576451004,-0.003060162991459869,-0.0007241642924781634
members/member_281.png,1,-0.004763018339872402,-0.0358648374676704,-0.067124642431736,9.487941861150047e-05,-0.001689843833446501,-0.003127639181911999,-0.0050794035196303974,-0.025870829820633004,-0.029397517442703205,-0.0023683798499405002,-0.0035280911251902997,-0.0028723503928631,-0.0031315349042416035,-0.0170016624033451,-0.014959929510951101,0.0008901408873497989,-0.0025926334783435,-0.0013653427595273,-0.009596344083547599,-0.018267489969730398,-0.0143699664622545,-0.0013384320773183996,-0.0006095087155699001,-0.0009192890138365,-0.004338666796684199,-0.009568384848535,-0.0056497184559702995,-0.00031900173053150006,-0.0009219299536198998,-0.00027780863456429997,-0.006906043738126802,-0.0050321782473475,-0.0022888991516084,-0.0029992426279931996,-0.0007218354148790001,-0.00012922960740975137,-0.0076316784834489,-0.0035776868753601,-0.0012297082212171001,-0.0026541182305663998,-0.0007200475229182736,-4.726372208097018e-05
members/member_282.png,1,-0.003507427871227299,-0.0105044487863779,-0.0192964728921652,0.0019730608910322,-0.0021774554625152995,-0.0020648278295993996,-0.0035766586661339014,-0.006071334704756803,-0.009638607501983597,-0.0039497567340732,6.165774539110009e-05,-0.002149319043383,-0.000671032816171601,-0.006908938288688597,-0.006258213892579101,0.0023074019700289,-0.0015258230268955,-0.0006417689146474002,-0.005407027900218998,-0.006742664612829701,-0.0065637528896331995,-0.0026990859769284994,-0.0012573839630932002,-0.0011176888947375,-0.0031736325472593013,-0.005026619415730201,-0.0028017049189657003,-0.0007887980900704002,-0.0008759858319535999,-0.0003912873653463,-0.0033113118261099,-0.0032680318690836998,-0.0012653907760977999,-0.0007788646034896998,-0.0006856349646113001,-0.0001558292060507406,-0.006120248930528699,-0.0022791424707975,-0.0006668261048615985,-0.0028478899039328003,-0.0007293203307199289,-4.389837704366073e-05
members/member_283.png,1,8.977949619299458e-05,-0.0270142480731011,-0.048423513770103496,0.0004947455599904008,-0.004991975147277101,-0.0013666469603777001,-0.0038314536213874956,-0.013507537543773603,-0.019801571965217604,-0.0010286243632436007,-0.0010606781579553994,-0.0020449217408895,-0.0014967098832130987,-0.006753578782081597,-0.011773452162742601,-0.0009158942848444002,0.0008172327652572996,-0.0021739923395217003,-0.008944114670157405,-0.010539868846535703,-0.0169473644345999,-0.00045426376163960024,-0.0011176005937159,-0.0014193095266819,-0.002465596422553097,-0.0059549957513809,-0.0113131944090128,-0.001839296426623999,-0.0018259640783070998,-0.0014276463189162,-0.0028689336031675026,-0.0106304995715619,-0.006486345548182701,-0.0011826972477139005,-0.0018430048367009,-0.0005550579080591,-0.015524393646046498,-0.009941739263013,-0.0040972108545247,-0.0046166544780135,-0.0015705486730438869,-0.00016069148477978912
members/member_284.png,1,-0.006774302572012,-0.034314960241317694,-0.06371017545461649,-0.0028037703596054996,-0.0024781106039882,-0.0045629283413291,-0.0033341422677039996,-0.0232737362384796,-0.0270405299961567,-0.00043441634625200013,-0.0023620873689651004,-0.0016513839364052,-0.0006642639636993027,-0.013675920665264199,-0.0140225496143103,-0.0001444602385162995,-0.0019039409235120002,-0.0008671551477164,-0.007160665467381498,-0.017223143950104703,-0.013543410226702699,-8.494127541780038e-05,-0.0012687202543020001,-0.0009994724532589002,-0.0038194945082069,-0.0116380145773291,-0.006700583733618301,-0.0020119897089899003,-0.0008805866818875001,-0.000913133029826,-0.002377594821155,-0.007612505927681999,-0.0030849671456962,-0.0004104641266166999,-0.0014990665949881,-0.0002497907989891,-0.0087719482835383,-0.0072317646117881,-0.0018259616335854,-0.0039010816835798,-0.0013309760943229765,-8.063447967283523e-05
members/member_285.png,1,-0.003242187201976797,-0.030536927282810294,-0.060307610780000694,-0.0005239872261881013,-0.0024847900494933,-0.005431151017546701,-0.00010279566049579969,-0.013651471585035296,-0.025520458817482,0.0008618226274848002,-0.00011945934966199959,-0.0010977995116263997,-0.00023373961448670127,-0.008770421147346504,-0.0123404208570719,-0.0012658955529332994,-0.0013005905784667007,-0.0008894556667655,-0.005345946177840198,-0.0173391234129667,-0.0135353822261095,-0.0003154715523122995,-0.0027943728491664,-0.0018924725009129002,-0.0079120006412268,-0.0136374058201909,-0.005506199784576901,-0.0025425800122321008,-0.0018379221437498999,-0.0004032587166875,-0.007055746391415601,-0.0082047330215574,-0.0024812958436086,-0.0024033822119236,-0.00041517469799140006,-0.00015248165436786037,-0.009425877360627,-0.0055683378013782,-0.0013204684219090999,-0.0021742412354796995,-0.0008288860226457464,-4.883768269792199e-07
members/member_286.png,1,-0.0056815892457962,-0.0212227962911129,-0.050189018249511705,-0.00023925397545099952,-0.0020215800032019997,-0.004164994228631199,-0.004162386059760999,-0.013432372361421599,-0.0254149101674557,-0.0015883585438132009,-0.00022309832274909971,-0.0019313776865602,-0.0012857336550951004,-0.0095503143966198,-0.012780712917447097,-0.00044497614726419967,-0.0009396420791745004,-0.00011788308620450019,-0.003339255228638701,-0.009941004216671,-0.012933945283293702,0.0008940440602599993,-0.0014262585900724,-0.0021879097912461,-0.005138552747666799,-0.007495462894439699,-0.007701846770942199,-0.0032005291432141997,-0.0009985496290028,-0.0011326419189572,-0.0020625367760658004,-0.0041368105448783,-0.0038908380083740005,-0.0005570929497479993,-0.0008704417850822,-0.000623249259661,-0.008485353086143801,-0.004559512482956,-0.0026382512733107,-0.0032760077156127002,-0.0011474647108116055,-9.365493315264284e-05
members/member_287.png,1,-0.009614203125238498,-0.0299399644136428,-0.05588825792074209,-0.002433861605823,-0.00024414714425799976,-0.0029259398579596996,-0.0034636277705430984,-0.0154348686337471,-0.0270628556609153,-0.0007703248411416999,-0.0016886899247765992,-0.0016377363353967996,-0.0032726768404244995,-0.0121072605252266,-0.016214609146118206,3.0525960028100416e-05,-0.0026366920210421007,-0.0019676904194057,-0.0045186933130026,-0.020958852022886297,-0.017034246586263197,-0.0007092854939401002,-0.0023164805024861995,-0.0018573105335236,-0.0035283491015434022,-0.015201590955257402,-0.0081625273451209,-9.734323248270036e-05,-0.0013427021913231005,-0.0009489826043135999,-0.004746602848172198,-0.010348443873226698,-0.0038647460751235,0.0009671640582383,-0.0018511498346924,-0.0003877358685713,-0.0096390310209244,-0.0085891474445816,-0.0022906892991159,-0.0063505701837129995,-0.0010201489822065921,-8.075527148318612e-05
members/member_288.png,1,-0.011003762483596795,-0.019721977412700695,-0.027879752218723297,-0.0015651872381568007,-0.0005198800936341008,-0.0012523625046013996,-0.006438510492444004,-0.010892663151025703,-0.011119488626718597,-0.0027637723833322005,-0.0031162272207438998,-0.00025057699531319966,-0.0028181076049805,-0.007225051522254999,-0.009726770222187,0.0014487225562334009,1.5682540833900603e-05,-0.0020200493745506,0.0012355688959360019,-0.011224931105971302,-0.0159214306622744,-0.0018010335043072995,-0.0019352962262928,-0.0025501382770017,-0.0038863122463226006,-0.0107173658907414,-0.01104895491153,-0.0014507658779621003,-0.0019198970403522002,-0.0011625853949226,-0.006330478936433799,-0.009043972007930298,-0.0054955468513071,0.0007743239402770996,-0.0012414765078575,-0.0003318444432807,-0.0144762799609452,-0.008215901703806601,-0.0030992847168818,-0.0061160691548139,-0.001110638746467804,-5.0140020903181656e-05
members/member_289.png,1,-0.008459961041808097,-0.0295515693724155,-0.0484260879456997,-0.0008196220733225007,-0.004543954972177799,-0.0013733683153986003,-0.0046568214893340995,-0.013359557837247897,-0.022151280194521,0.0002135974355041998,-0.0012249774299562003,-0.0029718643054367,-0.0018890164792538001,-0.0099355690181255,-0.0117796454578638,0.0005539618432522002,-0.0002316641621291993,-0.0011612621601670998,-0.004462106153368901,-0.010670309886336302,-0.0119856595993042,-0.0020529930479825003,-0.0016646257136017006,-0.0011550987837836,-0.0046942718327046,-0.0093230390921236,-0.006043039727955999,-0.0010289778001605996,-0.0016901278868316997,-0.0007424326031469,-0.0025084959343075006,-0.0069034835323691,-0.0032214038074017,-0.00011999113485219957,-0.0013211907935329,-0.00020172721269770002,-0.007021879078820399,-0.0059770859079435,-0.0018320108356419998,-0.0039330765139312,-0.0007615137838001358,-6.765783109579211e-05
members/member_290.png,1,-0.008181799203157397,-0.030846804380416787,-0.06441585719585421,-0.002877839840948599,-0.001760624349117201,-0.0027183950878680004,-0.0078983902931214,-0.020362623035907808,-0.0262301042675972,0.00017072726041079955,-0.003947114106267699,-0.0019001706968992996,-0.0016594585031271016,-0.0141348764300346,-0.012372694909572601,9.677372872799947e-06,-0.0009308652952314004,-0.0007896979805082,-0.0065536927431822,-0.0158031089231372,-0.0107208522967994,-0.0006710775196551999,-0.0014672193210572,-0.0010787779465317,-0.0039002103731035995,-0.007444073446095,-0.0038635707460343994,-0.0018423763103783,-0.0004870600532739999,-0.0003561217599782,-0.005060577765107099,-0.004222484771162301,-0.0016164680127986,-0.0014686528593302007,-0.0011044304119423001,-0.00015357785014193968,-0.0085196931613609,-0.0034187331912108,-0.0008177221898222,-0.0036312970332800995,-0.0008882786569301589,-5.07264121551998e-06
members/member_291.png,1,-0.006261246278881999,-0.0211866423487663,-0.043123371899128,-0.0032460228540002996,0.0007139351218939001,-0.0015275264158844991,-0.0030961371958255976,-0.006307598203420597,-0.021749299019575098,-0.0007047927938402003,-0.0006345184519887005,-0.0012456662952900002,-0.0035357177257538015,-0.006669323891401298,-0.014756914228200906,-0.0017351540736853998,-0.0022319084964693,-0.0013562235981224996,-0.004222782328724799,-0.014513660222292002,-0.021579330787062697,0.00016358355060220025,-0.0009739706292748,-0.0021410837071017003,-0.001794798299670202,-0.0158756896853447,-0.012993746437132301,0.0016954327002167997,-0.0027463976293802,-0.0014007015852258,-0.005718400701880498,-0.0119732907041907,-0.006210200488567399,-0.0015401444397867003,-0.0021304800175131,-0.0003703434413182,-0.0090611785417423,-0.0108612052863464,-0.0034930927649839,-0.004860901099164,-0.0011264309177931207,-6.744212078042763e-05
members/member_292.png,1,-0.006217796355485895,-0.0323948636651039,-0.04426289722323411,0.0002827942371367992,-0.0032949103042483,-0.002972444519400601,-0.0019385945051909013,-0.019055064767599106,-0.024625729769468398,-0.0005277600139379987,-0.0012386073358356996,-0.0021021803840995,-0.005642360076308202,-0.010808642953634297,-0.013249808922410001,-0.0012391693890094002,-0.0001844293437898003,-0.0012408483307808,-0.0050358250737190975,-0.015120493248105004,-0.0124160116538405,-0.0016539315693081006,-0.0030819887761027,-0.0015657132607885,-0.0011556642130017003,-0.010855116881430198,-0.0058977277949453,0.0023983074352145004,-0.0018354987259954002,-0.00040752024506220005,-0.0030888719484210014,-0.0071361032314598005,-0.0026102301198988997,-0.0016324454918502998,-0.0008590298239142,-0.00024230386770789997,-0.007229944691062,-0.0055113917915151,-0.0013703733420698,-0.0031580768991262003,-0.0010403942324045624,-6.72644855512724e-05
members/member_293.png,1,-0.0015720222145318985,-0.0218947231769561,-0.033518671989440904,-0.0036806599237025,-0.0018224101513624,-0.0016964040696620993,-0.0008607096970081017,-0.009716026484966299,-0.020798731595277793,0.0012352494522929998,-0.0002688709646463004,-0.0020525236614049,-0.0017926469445228993,-0.006601702421903596,-0.0120251551270485,0.00021441327407950052,-0.00021560490131379995,-0.0020545313600450004,-0.007130287587642701,-0.006886633113026702,-0.014918174594640801,-0.0002757403999567006,-0.0006385780870914997,-0.0008349595591426,-0.0044091120362281,-0.0072810128331184006,-0.0079012755304574,-0.0020845658145844997,-0.0025051909033209003,-0.0013994990149513,-0.0038692187517881983,-0.0106637086719274,-0.004739649593830201,-0.0009945174679160005,-0.0010874187573789997,-0.0006755891809007,-0.004736464004963601,-0.0103182345046662,-0.0032851574360393,-0.0017507013399154,-0.0015979986528691225,-0.00016004121425791594
members/member_294.png,1,-0.0059620812535285984,-0.026865102350711795,-0.0502208322286606,0.0006881039589643999,-0.0017439550720154996,-0.0018019550479948,-0.004132168367505101,-0.014902275055646903,-0.0216655284166336,0.00013488996773950053,-0.0018009822815656003,-0.0025333324447274,-0.003128426149487499,-0.0107198357582092,-0.015981001779437,-0.004157884046435301,0.0005241814069449,-0.0019621897954494,-0.0032254885882138998,-0.015069298446178499,-0.0166116571053863,0.0031820628792046998,-0.0025323564186692,-0.0013339130673558001,-0.005647757090628201,-0.009549295529723098,-0.0083523499779403,-0.0033155558630824002,-0.0010060593485831998,-0.0010782838216982001,-0.001159640029072699,-0.0072628641501069,-0.0037487037479877997,-0.0011911196634172994,-0.0014218266587704002,-0.0003641456423793,-0.0074221245013178,-0.0073783772822935,-0.0023670005175518,-0.0030325840343721003,-0.0011284247902949493,-0.0001455660021747391
members/member_295.png,1,-0.0058915466070176,-0.03472824394702921,-0.060144141316413796,-0.0012833904474974008,-0.0012346720322966003,-0.0020765606313942996,-0.0011593122035265004,-0.01901328936219209,-0.022318501025438295,0.0006251716986298006,-0.0008181990124286002,-0.0011591515503824,-0.004564883187413202,-0.009423270821571406,-0.011904092505574303,-0.0009528645314276002,0.0008371574804187003,-0.0013020497281105003,0.0015089083462954019,-0.012555338442325596,-0.0115975830703973,0.0014484492130578007,-0.0030723523814231,-0.0014079089742153,-0.0041960701346398024,-0.0107755111530423,-0.0057785739190876996,-0.002760042436420901,-0.0015295424964279001,-0.0009992172126659,-0.005174635909497698,-0.0086574158631265,-0.0033103474415839005,-0.0006031859666108998,-0.0013664434081875,-0.0002939966943813,-0.012740158708766101,-0.0064747294236439995,-0.0018710975564317,-0.0050297610578128,-0.0008714783380127369,-6.488888902819108e-05
members/member_296.png,1,-0.005845416337251601,-0.028895519673824296,-0.07523453980684289,-0.0013526156544686006,-0.0027113785035908005,-0.0030114217661321,-0.0042322594672442,-0.013942543417215299,-0.033148515969514805,-0.0021850140765308996,0.0005288589745760007,-0.0026792902499438,-0.001113591715693498,-0.008690644055604997,-0.0199565254151821,0.0008988361805678004,-0.0021010148338974,-0.0013069594278931002,-0.001700308173894799,-0.012973103672266006,-0.0203509982675314,0.0009961798787116996,-0.0005617835558951005,-0.0021374803036452,-0.007533265277743402,-0.011676127091050096,-0.0100209731608629,-0.0030011292546987993,-0.0016699687112123,-0.0011188628559466,-0.0039013791829346986,-0.0107891317456961,-0.0049595427699387,-0.0005125231109559007,-0.0020632629748433,-0.0003011715161847,-0.011514785001054401,-0.0086681158863939,-0.0029710171220359,-0.0036034505465067997,-0.0010828887134266539,-8.571976650267475e-05
members/member_297.png,1,-0.0037678107619286,-0.0308967605233193,-0.05715446919202799,-0.003020580857992101,-0.0033398857340217,-0.0017673852853476993,-0.0049457848072052,-0.015533868223428698,-0.0315431877970696,0.0007987795397638997,7.638242095710061e-05,-0.0032622315920889005,-0.003131404519081102,-0.012030683457851403,-0.0196642018854618,0.0008794348686934003,-0.0013965764082968,-0.0007510152645409996,-0.004171352833509397,-0.0199302714318037,-0.021274341270327603,-0.0005726907402276993,-0.0039321945514529996,-0.0026711527025327,-0.006108105182647802,-0.0125104486942292,-0.010138076264411199,-0.0015871427021921002,-0.0004476781468838002,-0.0007610980246681,-0.0077037047594785,-0.0081740994937717,-0.0042730644345283005,-0.0023344783112407,-0.0016505017410964,-0.00017326509987469998,-0.014104627422057099,-0.005969467893010101,-0.0023710995155853,-0.0038920497754589,-0.0009026967272802365,-5.331009379004752e-05
members/member_298.png,1,-0.0065223015844822,-0.018398419022560106,-0.0478437170386314,-0.001876946538686801,-0.0042522829025984,-0.0044150725007057,-0.003145121037960101,-0.0104851424694061,-0.0234591588377953,-0.0012631020508705997,-0.0017560180276633003,-0.0024373405613004996,-0.0017485655844210989,-0.007048096507787795,-0.014914035797119099,0.0005260845646261995,4.93796542287003e-05,-0.0012622019276022998,-0.004562566988170201,-0.011008076369762407,-0.0199942421168089,-0.0011145872995258002,0.00037336628884079934,-0.0028824756154790998,-0.0007465090602636008,-0.010283265262842196,-0.0095034372061491,0.0017298278398812008,-0.0028388954233378,-0.0008590274956077,-0.004919038154184799,-0.0104594230651855,-0.0047823369968683,-0.004338523605838401,-0.0019550843862816995,-0.0003566505620256,-0.0079799763625488,-0.011454938852693901,-0.0030301213555503,-0.0029030061559752003,-0.0016350404112017113,-0.00014327765529736938
members/member_299.png,1,-0.0054917372763156995,-0.017738711088895805,-0.03919702023267749,-0.0014700535684824007,-0.0003976374864578004,-0.002716878429055199,-0.0018054284155369013,-0.009291294962167698,-0.024465862661600106,-0.00027002114802599994,-0.0002689636312426004,-0.0021455329842866005,0.0009104982018471007,-0.008150555193424197,-0.0173485167324543,0.0014086393639445999,-0.0014233300462364994,-0.0021532289683817997,-0.003778629004955302,-0.010164894163608603,-0.0196865405887365,-0.0036059743724764,-0.0020586093887686,-0.0019020026084036001,-0.004632381722331099,-0.0133951837196946,-0.0101314405910671,0.00016298005357389973,-0.0021319878287614,-0.0007988855359144999,-0.003274661488831,-0.0084069981239736,-0.004478583810851,-0.00019180588424209943,-0.0013772189849987002,-0.00023346675880011697,-0.013005284010432699,-0.0061348927847576,-0.0024729864235269,-0.003980234323535101,-0.0007273685077961948,-4.812339102500118e-05
members/member_300.png,1,-0.0034108310937881053,-0.0279455482959748,-0.07364211231470111,0.00031562056392430045,-0.0028000948950649,-0.0079004424624145,-0.003770899027585997,-0.016550190746784196,-0.036717865616083104,-8.478667587039947e-05,-0.00023658853024239972,-0.0022160508669912997,-0.002988366410136202,-0.012653641402721405,-0.0199381858110428,-0.0008930158801377002,-0.0024943691678344995,-0.0016463238280267,-0.0039683133363724,-0.018944658339023597,-0.021713951602578198,-0.00015392107889060022,-0.0006968677043915003,-0.0016508080880157001,-0.006089314818382298,-0.0169653929769993,-0.009803307242691501,-5.845911800799776e-06,-0.003444358240813,-0.0006337138474919,-0.005758698098361501,-0.0123814158141613,-0.004327569855377101,-0.0031022680923343,-0.0019359417492523998,-0.0002137171104550236,-0.0110462059965357,-0.009373133012559199,-0.0023378864425466998,-0.0031718929531053004,-0.0010698581281757941,-2.753883381956257e-05
members/member_301.png,1,-0.002408385276794399,-0.023127958178520203,-0.050493173301219885,-0.0002536028623581002,-0.0009520403109491002,-0.0009213713929056991,-0.005248285830020998,-0.012168578803539207,-0.01833034679293641,-0.0013666525483130992,-0.0002808333374560001,-0.0030792485922575006,-0.00047811120748520244,-0.005153741687536295,-0.0120107270777225,9.540189057589965e-05,0.00040824571624399966,0.00018928991630670026,-0.00044103711843489907,-0.009617492556571905,-0.020646341145038598,-0.00041095726191999957,-0.0025398544967174,-0.0021735192276536998,-0.0033006463199852995,-0.012233125045895597,-0.014889902435243199,-0.0012434241361916005,-0.0010993857868015992,-0.0017053835326806001,-0.006145799532532699,-0.011999192647636001,-0.0086562242358922,-0.0006776093505323003,-0.0022178253857419003,-0.00048751229769550004,-0.014666288625449001,-0.012731906608678399,-0.0051319132035133,-0.0049592948053032,-0.001661269736359773,-0.00010073090379585006
members/member_302.png,1,-0.004746319726109501,-0.03194057568907731,-0.0514058694243431,0.00031600240617989973,-0.004359096754342301,-0.0033328831195830995,-0.003199756145477302,-0.019900243729353,-0.023105887696147003,-0.001694098114967399,-0.0011064414866267993,-0.0020311761181801002,-0.004092685878276797,-0.0111871585249901,-0.010737959295511197,0.0005726818926632994,-0.0006460365839303008,-0.0007368337828665998,-0.0054848995059729,-0.0140444468706846,-0.009981282521039301,-0.0014828001148998998,-0.0017312786076217994,-0.0009853708907031,-0.0021988237276673005,-0.0079539730213582,-0.0038213438820094,-0.0005435808561742002,-0.0014462803956121002,-0.00028594858304130003,-0.004431351087987501,-0.0042243388015777,-0.0016264697769656,-0.0001275031827390992,-0.0007208887836895999,-7.566343992944922e-05,-0.006830582395195899,-0.0027904576709261997,-0.0008936614976846999,-0.003973788348957801,-0.00053259892411,-3.489055234240368e-05
members/member_303.png,1,-0.0059950985014438005,-0.0244635492563247,-0.035023596137762104,-0.0018482813611626998,-0.0010601971298456001,-0.0023540630936623,-0.0025606751441956017,-0.013188533484935795,-0.0150289796292782,0.0021908441558480003,-0.0003268728032708003,-0.0014995469246059999,-0.001690838485956199,-0.0063871387392282035,-0.0092736519873142,-0.0006881752051413007,-0.0018719271756708995,-0.0008803978562354998,-0.0021490715444088017,-0.011479271575808601,-0.011808099225163399,0.00047246878966689977,-0.0011520590633154002,-0.0017951022018678,-0.003989630378782699,-0.007740006782114499,-0.005327710416168,-0.0031266123987733997,-0.0016846465878189003,-0.0006276996718952999,-0.0014397669583559002,-0.005074128042906499,-0.0024598910240456995,0.00022456189617510013,-0.0006662136293015999,-0.0001231998176080335,-0.0077343280427158,-0.0040540067857364,-0.00139077717904,-0.0032556136138737,-0.0008417102690145223,-4.503424133872613e-05
members/member_304.png,1,-0.0035205408930777983,-0.0189016237854958,-0.0517415478825569,-0.00032673869282000105,-0.003937583882361599,-0.002814803272485701,-0.0030594170093537,-0.015240799635648707,-0.027593709528446198,-0.0005012061446904997,0.0003515859134495007,-0.0010999543592333993,-0.002610998228192298,-0.0118141770362854,-0.014865506440401105,-0.0009652208536864004,-0.0005676732398570009,-0.0023493692278862004,-0.0048012603074312,-0.0201075542718172,-0.017236562445759798,-0.0010784314945339992,-0.0034490190446376003,-0.0015384953003377,-0.003912804648280199,-0.012372840195894198,-0.008238774258643299,-0.000998995732516,-0.0020619721617549996,-0.0005937255045863999,-0.004306171089410801,-0.0081345778889954,-0.0037847652565688003,-0.0017719767056406004,-0.0008355698082596001,-0.0003173071600032,-0.010066642542369601,-0.0066377076436766,-0.0021303014509613002,-0.0031511161359957995,-0.0011138219560961886,-9.190409764404679e-05
members/member_305.png,1,-0.006612844765186299,-0.013032313436269802,-0.0321692302823067,-0.0025483616627753006,1.399777829699106e-06,-0.0019800802692770993,-0.0020985845476389,-0.012681312859058304,-0.017747543752193395,0.00019678194075820055,-0.002722101286053699,-0.0021792296320200005,-0.001873806118965201,-0.007234051823616097,-0.011709770187735603,-0.0011599319986999,-0.0009007826447486999,-0.0016281518619506996,-0.003141224384307799,-0.010134436190128302,-0.012890575453639,-7.434887811539996e-05,-0.0004926123656332007,-0.0012114581186325002,-0.004293345846235801,-0.0064604114741086995,-0.005802515428513301,-0.00011983746662730041,-0.0013604986015706994,-0.0005401030357461,-0.0023027425631879997,-0.0079062613658607,-0.0026064818957819997,-0.00028056558221579986,-0.0021456623217091,-0.00014619428839070004,-0.0090676613617689,-0.006557952263392499,-0.0014354143058881998,-0.0047551751486026,-0.0013905923224228828,-7.6167099905374e-05
members/member_306.png,1,-0.004687674343585999,-0.018734004348516402,-0.05386912077665332,-0.0009244941174983996,-0.0025248304009437006,-0.003430187702179,-0.00030436180531979995,-0.009477879852056496,-0.024792507290840197,-0.0014711706899106,-0.0006942013278603996,-0.0030656368471682002,-0.0024699531495570998,-0.0084476247429848,-0.015548460185527795,-0.0004174788482487002,0.0016384646296500995,-0.0017544482834636996,-0.0031673032790422995,-0.013094769790768603,-0.018384773284196805,7.83596187830006e-05,-0.0031337137334048,-0.0016401378670708,-0.004250641912221902,-0.0118672344833613,-0.0086748716421426,-0.0007161106914282001,-0.0014801365323364995,-0.0009062588796950001,-0.0029385639354585994,-0.008550719358027,-0.0036640728358178997,-0.0007025864906609006,-0.001454409910366,-0.00038461740041390003,-0.0113055828260258,-0.008141393424011701,-0.0019920088670915,-0.0036199419992044993,-0.001520907193480426,-3.8281716115249166e-05
members/member_307.png,1,-0.0061546452343464,-0.023739341646432897,-0.04743062704801561,-0.0022142524830997008,-0.005018058232963101,-0.002001912798732499,-0.0054092947393655985,-0.011582344770431498,-0.023294292390346492,0.0015789899043738998,0.0028193565085530004,-0.00011519249528650025,-0.0002351794391870013,-0.0090229138731956,-0.013600081205368,-0.0013083452358842,-0.0030610966496169003,-0.0025568364653736,-0.0066264569759369,-0.008861823007464402,-0.014160882681608204,-0.0016574133187532,-0.0007113711908460002,-0.0013654357753693997,-0.0021704230457543997,-0.009184239432215701,-0.009464010596275399,0.00029384763911360044,-0.0021434719674289,-0.0017229515360668002,-0.0039430437609554,-0.00737714022398,-0.0048099996056407,-0.0018488387577235005,-0.0014589796774089998,-0.0003644316602731,-0.0095865301555022,-0.0074442863697186,-0.0028598566277652,-0.0031573275336996,-0.001069474637915766,-0.0001315853260166342
members/member_308.png,1,0.0005787573754788,-0.037822760641574804,-0.061289377510547596,0.0010133320465684006,-0.0006851414218544995,-0.004373935982584999,-0.006143908947706299,-0.0184524059295655,-0.027535445988178295,-0.0005736965686082996,-0.0023126280866563,-0.0003137653693556005,-0.0008314885199070046,-0.012049585580825799,-0.0151249915361404,-0.0010017789900303008,-0.0007186895236373,-0.0019961139187216997,-0.0067080706357956,-0.022999793291091898,-0.0195540990680457,-0.0005662133917212001,-0.0029503111727536,-0.0022512051509693005,-0.007572129368781998,-0.016521808691322803,-0.0088344207033515,-0.0011033634655178,-0.0022973745362833004,-0.0006465719488915999,-0.007603213191032399,-0.0091187860816717,-0.0039582652971148005,-0.0019264980219303998,-0.0007368774968199,-0.00024395077343787683,-0.010542809031903801,-0.0056367004581262,-0.0021644398075296,-0.0038650648202747002,-0.000524058483279037,-4.1343555494677275e-05
members/member_309.png,1,-0.004888271912932399,-0.0295093059539795,-0.065439373254776,-0.0029397220350801997,-0.002635003067553001,-0.0011000540107488,-0.008083853870630299,-0.014386102557182305,-0.025478508323431008,0.00020944280549880026,0.0009126751683652002,-0.0020510656759142997,-0.001029092818498601,-0.010098483413457898,-0.014771897345781299,-0.0006624665111303,-0.0021831123158336,-0.0015659921336919004,-0.003066278994083401,-0.0113357547670603,-0.018050693906843697,-0.0004743896424771006,-0.0019440387841314,-0.0023798850597814,-0.005569211207330298,-0.010807813145220299,-0.009209272451698801,-0.0020406339317559996,-0.0015951939858496,-0.0007476756290998,-0.0025724656879901,-0.0074439463205635,-0.0040164957754314,0.0008768877014518001,-0.0010938795749098002,-0.00016689024050719754,-0.0076879175612703,-0.0050776927964762,-0.0022101580398157,-0.0040290674660355,-0.0006081650099076336,-2.3597778636030853e-05
members/member_310.png,1,-0.0046944394707678985,-0.035330131649970994,-0.057252511382102994,-0.0042064366862178005,-0.002136026509106201,-0.0028942353092134,-0.006251411512494098,-0.024368222802877502,-0.0222673825919628,-0.0019229399040340996,-0.002773534972220699,-0.0010070798452943,-0.004307219758629799,-0.013996284455060896,-0.0107889790087939,0.0015188902616500993,-0.0013462640345095998,-0.0009051060769707001,-0.007545581087470103,-0.0205901842564345,-0.008548811543732798,-0.0010055038146674997,-0.0029538983944804,-0.0006774226785638,-0.006162988953292299,-0.010840854607522502,-0.0032761187758297,-0.0020012799650431,-0.0011625267798081001,-0.0003917317881132,-0.0039727063849569,-0.005392805207520699,-0.0012307076831348,-0.0011961958371102996,-0.0004912950680591,-3.717224899444499e-05,-0.006027666968293499,-0.0036455970839597,-0.0006594298392883461,-0.0027094592805951,-0.000700217813573473,-2.6538935344433412e-05
members/member_311.png,1,-0.0048117637634278,-0.02349279820919041,-0.0733745172619819,0.0007219919934869003,-0.00417126622051,-0.0060824691317975,-0.0060859974473715,-0.015233911573886795,-0.03851819783449179,-0.0015313206240535,-0.0008652242831885997,-0.0013911430723965003,-0.0015653967857359972,-0.010843940079212203,-0.0217265449464321,0.00041109742596740027,-0.0009377710521221005,-0.0022838052827865,-0.004000881686806703,-0.018302410840988197,-0.022885719314217602,-0.0025396058335900003,-0.0019850537646561995,-0.0010642487322912,-0.0017640534788369976,-0.0114024979993701,-0.0094034192152321,0.0010175895877183004,-0.0013159383088350001,-0.0007512656738981,-0.004906885325908701,-0.0074384063482284,-0.0039524293970317,-0.0021548890508712006,-0.0012658492778428,-0.00017642600869300002,-0.0076082404702902,-0.0056232243368868,-0.0021446607715915,-0.0028383656172081997,-0.0007791306015860415,-6.946933353895055e-05
members/member_312.png,1,-0.004911858588457101,-0.022066719830036108,-0.07625651359558111,-0.0020606736652552995,0.00035651680082079973,-0.0024712113663554,-0.0017852596938610008,-0.016953855752944995,-0.031649209558963706,0.0009251334704459,-0.0024506933987140005,-0.001905207987874801,-0.0041406061500311,-0.011234790086746202,-0.018062375485897092,6.521912291640019e-05,-0.0015407479368150998,-0.00037460867315529996,-0.004884788766503299,-0.013698590919375402,-0.014386370778083801,-0.0013447450473904003,0.00024158740416169947,0.0007932311855257,-0.0027033071964979,-0.010082585737109198,-0.012714164331555401,-0.0006526284851133997,-0.0030413665808736996,-0.0051897934172303,-0.0032903915271163004,-0.006561916787177301,-0.011934184934943899,-0.0006813025102019995,-0.0009054990368895001,-0.0009067035280168,-0.0079376440262422,-0.0043205379479332,-0.007139932597056,-0.003964350966271,-0.0008428730834566256,-0.00019702081408458748
members/member_313.png,1,-0.0008658729493617942,-0.028548188507556894,-0.0598844513297081,0.001175304874777799,0.0008390648290514001,-0.0036533204838634006,-4.993006587020177e-05,-0.013797968626022304,-0.024755280464887605,-0.0019282540306449006,-0.0029977210797368994,-0.0018372368067503001,-0.009894562885165301,-0.009985566139221198,-0.0138252098113299,-0.001473977230489299,-0.0004860442131758005,-0.0018236865289508997,-0.0078394748270511,-0.013234982267022199,-0.014222311787307299,-0.0008977223187685004,-0.0012803853023796996,-0.0015232390724122,-0.0051619317382573995,-0.010013449937105099,-0.0061411093920469,-0.0014654183760284996,-0.0015191258862615,-0.00043306089355609997,-0.0049189087003470005,-0.006305795162916201,-0.0027480104472488,-0.0011894865892828005,-0.0011562707368284002,-0.0001388367600157,-0.007104622432961999,-0.0059426127991174,-0.0015216169995256,-0.0033144919434561996,-0.0011860731792694057,-8.387337948078434e-05
members/member_314.png,1,-0.0066559128463268,-0.031948834657669095,-0.055930674076080295,-0.0015224590897559998,-0.0035673426464200002,-0.004197044763714,-0.0012659020721913009,-0.014513034373521805,-0.0249804146587849,0.0012789303436876003,-0.0022836714051663997,-0.0017674700357020005,-0.0049094632267952,-0.011071074753999696,-0.0149584412574768,-0.0023969807662070006,-0.0005002068355679998,-0.0013541599037125997,-0.0038187876343726973,-0.0153342094272375,-0.0133873280137777,0.0001075626350939005,-0.0028219867963344006,-0.0011487263254821001,-0.0024669729173183025,-0.010173570364713702,-0.005529818357899801,0.0002060136757790999,-0.0011707110097630997,-0.0004742382443509999,-0.004430400207638798,-0.0055402694270014,-0.0023338418686762,-0.0021019703708589,-0.0006709837471135001,-0.00010512062726773588,-0.009690184378996502,-0.0037302927812561996,-0.001214311705553,-0.004189677885733501,-0.0008111706501949745,-5.446407158160582e-05
members/member_315.png,1,-0.007135871797799998,-0.025508396327495506,-0.0428986847400665,-0.0017108651809394004,-0.0047890208661556,-0.0013258331455290005,-0.0052573420107365,-0.019177697598934194,-0.015947982668876703,-0.0018406789749860998,-0.0009302333928645004,-0.0013574161566793997,-0.0027998462319374015,-0.0104783363640309,-0.009048989042639698,0.0010184580460190999,-0.0003372989594935998,-0.0009773476049304,-0.0035692267119884005,-0.014043241739273002,-0.0107127968221903,-0.0011324365623296,-0.0012788623571396004,-0.0009339536773041001,-0.0034294016659259987,-0.008737700060009998,-0.0060102129355073,0.0004068128764630006,-0.0013217041268944996,-0.0008840556838549,-0.0028769159689545996,-0.005099751520901901,-0.0036393066402525,-0.0004848102107644003,-0.0010273031657562,-0.0006371268827934,-0.0055209144484252,-0.0066985079320148,-0.0023054373596096004,-0.0035654801176861,-0.001769794958818149,-0.00010501961151018483
members/member_316.png,1,-0.004683639854192796,-0.028594508767128005,-0.05622823536396031,7.487181574099971e-05,-0.0035662585869430993,-0.0051422570832074,-0.005193110555410302,-0.016831122338771792,-0.028662845492363004,-0.002700387965887799,-7.565692067150031e-05,-0.0014013778418302007,-0.002058919519186103,-0.006040625274181401,-0.0175628140568733,0.0015566819347441994,-0.0005272119306027993,-0.0026172248180955995,-0.004302864894270897,-0.0132976546883583,-0.025624943897128098,-0.0011565121822058998,-0.0011953585781157,-0.0020831761648878,-0.003339473158121102,-0.013522444292903002,-0.012343031354248501,-0.0021171704865992997,-0.0032789562828839003,-0.0008665717032273002,-0.005491092801094,-0.011247087270021399,-0.005821295315399799,-0.0013303833547979003,-0.0013004816137254,-0.00029056542552999997,-0.0094970019999892,-0.0103742207866162,-0.0032827245013323,-0.0027816792717204,-0.0013784607726847024,-0.00011072008601329905
members/member_317.png,1,-0.0014812592417000996,-0.011696511879563304,-0.0219346284866333,4.04119491577001e-05,0.00040448084473609924,-0.0018326630815863002,-0.0024708565324544976,-0.0046871304512023995,-0.009616428986191701,-0.0005680280737578999,-0.0013488847762345999,-0.0008061002008617002,-0.0030645951628684998,-0.0018163379281758985,-0.006966581568122,0.0016547949053347007,-0.0005322522483766001,-0.0013990476727486,-0.002582305110991001,-0.004090433940291502,-0.0093128206208348,-0.002597008831799001,-4.499405622479958e-05,-0.0012375154765323,-0.0021007871255279004,-0.003101723268628098,-0.0064661125652492,6.914697587489995e-05,0.0006184168159960998,-0.0009273018804378,-0.0028816228732466993,-0.0028815073892474,-0.0039706830866635,-0.0009484319016337993,-0.0014684977941215,-0.0006216568872333,-0.007321355398744301,-0.0105606050929055,-0.0029417685000226,-0.0034148555714637,-0.0035731063690035997,-0.0001561206881887611
members/member_318.png,1,-0.0022741258144378003,-0.019381057471036904,-0.041899632662534804,0.0006661126390099994,-0.002064842265099301,-0.0036957105621695996,-0.0020303763449192012,-0.0085564218461514,-0.020966421812772702,-0.000897899270057699,4.990724846730063e-05,-0.0018287841230631005,-0.0033812914043665,-0.0080064795911312,-0.010432617738842999,-0.0005405219271779008,-0.0012714639306069002,0.0001933551393449003,-0.005614142864942599,-0.007858596742153098,-0.011991443112492499,-0.0019770874641835993,-0.0014783174265176001,-0.0020553325302898,-0.0036243321374058984,-0.0069380952045322,-0.0081843733787537,-0.00029876874759789986,-0.001277370378375,-0.0014648570213467,-0.0046884343028068005,-0.0051186084747314,-0.004164928570389699,-0.0011629122309387008,-0.0013080112403259,-0.0005110973725096001,-0.0089470033999533,-0.0043370054336265,-0.0025477330054855,-0.003911173553206,-0.0010332530946470452,-6.589228723888438e-05
members/member_319.png,1,-0.0059609264135360995,-0.012635752558708108,-0.0461753718554974,-0.00032839830964800053,0.00021672528237109967,-0.0017621503211558004,-0.0014545992016792991,-0.010880559682846097,-0.022571876645088196,0.0003286758437753001,-0.002026665955781999,-0.002708901418373,-0.004302596673369401,-0.007723625749349601,-0.014231085777282701,-0.0008918824605644001,-0.0002799038775265,-0.0014468638692050999,-0.002501405775547,-0.013753712177276597,-0.0138641633093357,-0.0020810179412365003,-0.0027862284332514,-0.0013891135458835003,-0.003115390427410601,-0.009713180363178302,-0.0064435182139278005,0.0017460994422436003,-0.0014371294528245002,-0.0004900229396298,-0.0010395478457211997,-0.0070410235784948,-0.0028259149985388,-0.0018918667919934004,-0.0014508927706628999,-0.00035643349838209446,-0.0096076305489987,-0.0066901067038998,-0.001520632111351,-0.0044803043128923,-0.0012090815307601588,-4.656487362808547e-05
members/member_320.png,1,-0.0037292167544364964,-0.033767033368349096,-0.023129688575863897,-0.0006028888747096001,-0.0043491586111486,-0.0004863750655204999,-0.0020282194018363987,-0.0120220351964235,-0.007565982639789602,-0.00037344079464670006,-0.0006435676477849002,-0.00037079863250250034,-0.005546316504478503,-0.0042273495346308,-0.0047414321452379,-0.0002830550074577002,0.00038659945130349984,-0.0011797104962169998,-0.002715388312935798,-0.005452355369925499,-0.006503296084701999,-0.0012460290454328,-0.00018572527915240028,-0.0012179910554551,-0.003005510196089701,-0.005807046778500099,-0.004433105699718,-0.0005956664681435004,-0.0021214066073298996,-0.0007324352773139001,-0.0036530811339616984,-0.0055338907986879,-0.0024421541020273997,0.0006707003340125006,-0.0013035929296165,-0.00013828179362458293,-0.009623955818824501,-0.0045456568768714005,-0.0013831509277225,-0.0047754674451426,-0.0006161324527056229,-5.957539542578161e-06
members/member_321.png,1,-0.006136752665042801,-0.0322556346654892,-0.057866804301738795,-0.0015193186700344,-0.0038253096863628006,-0.0050101643428206,-0.004915859550237701,-0.015467021614313195,-0.0259169861674308,-0.002005124930292399,-0.0009456225670873997,-0.0003408696502447007,-0.0036110747605562,-0.0135311968624591,-0.016001220792532002,0.0011964729055762994,-0.0022773058153689003,-0.002216310473159,-0.003801060840487501,-0.016733191907405902,-0.0141633078455925,-0.0007038721814751998,-0.0009286042768508001,-0.0016921748756430998,-0.0034075453877448984,-0.012633222155273002,-0.0067727575078607005,-0.0023154052905738,-0.0014890397433191,-0.0005212037940510001,-0.004357461817562599,-0.006872121710330199,-0.0029847468249499,-0.00038779014721519994,-0.0013418057933449997,-0.00022227389854370764,-0.009230955271050301,-0.0052910718077328,-0.0016361858288292,-0.0032408242113888003,-0.0007146363350329456,-5.656496432493441e-05
members/member_322.png,1,-0.005704930052161199,-0.015986032783985193,-0.0518608167767525,-0.00035857874900100013,-0.0008303485810756996,-0.0022119469940662002,-0.0027234256267547018,-0.011691667139530203,-0.0343412011861801,-0.0003632451407611006,-0.0020827730186283007,-0.0026305005885661004,-0.0009161215275525977,-0.006788358092308003,-0.024319719523191397,-0.0002958448603749995,0.0017184796743095,-0.0015881746076047004,-0.0033969394862652,-0.012841939926147496,-0.0297261457890272,-0.0020727850496768006,-0.0032443637028337,-0.0030365526909008995,-0.0031612850725651013,-0.011000474914908402,-0.0145591096952558,-0.00021902099251749994,-0.0010882765054702993,-0.001100659603253,-0.0023206276819110003,-0.010437780059874,-0.0070212646387518,-0.0012554645072669,-0.0020305549260229002,-0.0006252300954657,-0.008343828143551899,-0.013996692141518,-0.0046383564767893,-0.0026373208966106,-0.0021300945154506664,-0.00012741592581723806
members/member_323.png,1,-0.006241612136363997,-0.033291347324848106,-0.0646354965865612,0.0003990195691585992,0.000997136346995801,-0.004609721247106799,-0.004706572741270003,-0.015641383826732698,-0.0246270410716534,0.0004428699612617007,-0.0028222049586475,-0.0003144589718431,-0.0021159593015909993,-0.0133121348917484,-0.013078019022941596,-0.0025190110318362,-0.00036505656316869993,-0.0022101387148723,-0.0024042241275309996,-0.017689649015665096,-0.0126935141161084,0.0015588491223751996,-0.0033032472711057004,-0.0011316657764838,-0.0040008816868067,-0.0117777623236179,-0.0049284370616078,-0.0009246240369974994,-0.0014438366051763,-0.00034853529359680005,-0.0033373069018125014,-0.0067637450993061005,-0.0020138589898124,-0.0022463938221336,-0.000809823803138,-7.61961127863306e-05,-0.0140611408278347,-0.0044247833575355,-0.0011062935154769,-0.0036709026899188,-0.0007258833065861426,-4.3034006012021564e-05
members/member_324.png,1,-0.003178883343934999,-0.026128642261028304,-0.0435759164392948,-0.0005681514739990009,-0.0026978761889039993,-0.0034629972651601003,-0.006473449990153302,-0.012721147388219799,-0.020853620022535303,-0.0006834259256720994,0.0002698213793336998,-0.0013691172935069002,-0.003910962492227599,-0.009248547255992903,-0.013055494055151998,-3.151502460240017e-05,-0.0007879743352532005,3.4717144444600025e-05,-0.006024012342095299,-0.011870935559272797,-0.0134324878454208,-7.760385051370014e-05,-0.0021361676044761996,-0.0022198492661118,-0.0056429347023368,-0.0114258136600256,-0.0068880291655660005,-0.0015883622691034993,-0.0014951187185943998,-0.0006046320195309999,-0.0020912028849124995,-0.007481574080884399,-0.0037847715429961,-0.0004781512543559005,-0.00013423804193730005,-0.0005355207831599,-0.0078523268457502,-0.010782838449813401,-0.0028518503386295,-0.0040118070319295,-0.0031137588084674934,-0.00024301453959192437
members/member_325.png,1,-0.0024665147066115986,-0.03508093208074571,-0.06036185473203659,-0.004204163793474401,-0.0019720168784260993,-0.0031499406322837006,-0.004572570323944099,-0.021759185940027195,-0.0280728116631508,0.0016981796361506003,-0.002100900281220601,-0.0024376017972827,-0.003983322530984899,-0.010455459356307997,-0.016349647194147103,-0.0015429998748004003,0.00043378258123990057,-0.0008256419096141997,-0.006326362490654002,-0.016392327845096602,-0.0186960659921169,-0.001191939227283,-0.0017766733653843004,-0.0022389085497707,-0.0024034697562455992,-0.009335329756140702,-0.0079660569317639,-0.00044727325439459977,-0.0011265703942627,-0.0009029845823534,-0.003050328232348,-0.007729022763669498,-0.0038452311418950996,-0.0004156059585510999,-0.0021363323321566,-0.0002698124881136,-0.0111250369809568,-0.0080359611893073,-0.0024527944478905,-0.0040540255140514,-0.0011838998543680286,-0.00010186287181558403
members/member_326.png,1,-0.003931205719709403,-0.022758457809686702,-0.028959784656763098,-0.0016750376671553005,-0.0022597904317081,-0.0020417245104909004,-0.0026545953005552986,-0.009440291672945002,-0.010295385494828203,-0.0006012115627527011,0.0013859760947524998,-0.0009747412987052995,-0.003580275923013597,-0.0071897134184836994,-0.007168011739849999,-0.0009258929640054998,-0.0023068669252097,-0.0010973997414112004,-0.007163053378462802,-0.0056841373443604,-0.0104101523756981,-0.0022156341001390994,-0.0005673840641975997,-0.0016553776804358,-0.003831129521131498,-0.005025751888751999,-0.0063445772975683,0.0008574188686906997,-0.0014615990221500002,-0.0009272530733141999,-0.002827545627951702,-0.0043916115537285,-0.003315820125863,-0.0012083612382412,-0.00026859901845459984,-0.0002669427049114,-0.0096209400799125,-0.0059351068339311,-0.0020225624612067,-0.0040539192268625,-0.0020280169519536905,-8.770134081706286e-05
members/member_327.png,1,-0.0044208988547324995,-0.035048738121986306,-0.0626601129770279,0.0009320834651588995,-0.0009986283257603992,-0.004606015514582401,-0.0043199583888054,-0.0131888799369336,-0.028608512133359895,-0.0003703683614730991,0.0015794849023222993,-0.0010533318854868993,-0.0010342355817556,-0.011382512748241397,-0.018956974148750298,-0.0007259435951710008,-0.003489179536700299,-0.0028133264277130005,-0.0047369189560413985,-0.017970405519008602,-0.0201437678188086,-0.0002560429275035008,-0.0019817785359919,-0.0020596144022419997,-0.005208846181631099,-0.0139737017452717,-0.009224096313118902,-0.002356020268052899,-0.0027238535694778,-0.0004913560696878,-0.007132807746529501,-0.009231891948729799,-0.0041716974228621,-0.0017840177752077003,-0.0015701666125096,-0.0001765257038641,-0.0083623804384843,-0.0058497737627476,-0.0022686894080834,-0.0029868439305574,-0.0005300152479321227,-5.22138507221793e-05
members/member_328.png,1,-0.010659692808985696,-0.024990722537040697,-0.05011451244354248,-0.00012751482427120035,-0.0010940618813037994,0.0015762047842144983,0.00044489838182919933,-0.007666576653718997,-0.02534676343202591,7.50962644816e-05,1.6353093087699208e-05,-0.007228491362184299,-0.005084281787276199,-0.004702594131231301,-0.019839972257614094,-0.0027514216490090006,-0.0023131011985243,-0.0005402737297116999,-0.0032572504132986,-0.0103648193180561,-0.0303459204733372,0.00027067726477980007,0.0010069687850774002,-0.0021667222026736,-0.0052230712026358015,-0.011207245290279402,-0.018437810242176,-4.4609420001499867e-05,-0.0029272800311446,-0.0020067907171324,-0.004138694144785399,-0.0123507007956505,-0.0110083227045834,-0.0022614123299718,-0.0021474407985807,-0.0010405068169348,-0.006434323731809901,-0.0127770091057755,-0.0073999167652801,-0.0026278449222445002,-0.0020172712866041724,-0.00046179334094623983
members/member_329.png,1,-0.004221387207508094,-0.0332723632454872,-0.0725273862481117,0.0004992289468645997,-0.0027305111289024995,-0.0048786415718495004,-0.0020556841045618023,-0.013066150248050704,-0.0305598229169846,-0.0013970602303742998,0.0002555884420871995,-0.0019385926425457,-0.004128884524107,-0.013133969157934196,-0.017383746802806903,-0.0005653966218234011,-0.002479799091815899,-0.0017155285459011997,-0.0024447347968815994,-0.012545637786388397,-0.0220927856862545,-0.0016490127891301996,0.0006927847862243002,-0.0010860833572224,-0.004705904051661502,-0.014134531840682002,-0.0107546066865325,-0.00020291889086359975,-0.0047827537637204,-0.0012747863947879,-0.005293764173984599,-0.014849989674985402,-0.0049864656757563006,-0.0003448855131864999,-0.0021427663159556,-0.00030084050376899996,-0.0116822267882526,-0.0121502110850997,-0.0029448686691466996,-0.0052100886823609,-0.0008049853113334142,-6.210248830029001e-05
members/member_330.png,1,-0.0013356693089008054,-0.03304041922092439,-0.05865681171417239,0.001863869838416599,0.0020991186611355,-0.0018658516928552991,-0.005717964842915497,-0.016811385750770604,-0.028885889798402703,-3.695115447049924e-05,-0.0023980583064257995,-0.0034687356092036005,-0.0015240460634232018,-0.0140242278575897,-0.0166797004640103,-0.0003036037087440005,-0.0020393393933773006,-0.0011139556299895,-0.004812503233552,-0.0193890333175659,-0.015410899184644201,-0.0020012101158499995,-0.0018783099949359998,-0.0016303721931762998,-0.0064042573794721985,-0.012868386693298801,-0.0060695041902363005,-0.002262142021209,-0.0011540678096935,-0.0003735217615031001,-0.005088556557893802,-0.0066455686464906,-0.0025300256675109996,-0.0005237003788352004,-0.0012231260188856,-0.00011000589438475524,-0.0087458889465779,-0.0040842434973456,-0.0013607562286778998,-0.0036115425173193,-0.0004578385578496774,-1.8050792277790606e-05
members/member_331.png,1,-0.0064068958163261,-0.026037573814391993,-0.0537178814411163,-0.0006291335448622998,-0.0008545201271773009,-0.004426215309649699,-0.004772245883941699,-0.013306017965078402,-0.020779088139534004,-0.0010301820002496008,-0.0011403183452784998,-0.0014120212290436003,0.003012038767337799,-0.007698509842157399,-0.010427851229906096,0.0019225715659559007,-0.0002655950374901,1.8497230485099887e-05,-0.004503579810261699,-0.0140822362154722,-0.0114784371107817,-0.0008544391021133007,-0.0021537914872169998,-0.0017596625257283998,-0.003380091860890399,-0.0133345453068614,-0.0068703363649547005,-0.0020109713077545,-0.0028520701453089003,-0.0010362043976783002,-0.006023658439517,-0.008726819884032,-0.0034838537685572997,-0.0020446269772947,-0.0009898690041155,-0.0004156643844908,-0.0134296345058828,-0.0064270062430296,-0.0020924775890307002,-0.0033149893861264,-0.0010660956540959406,-0.00011298261051705924
members/member_332.png,1,-0.0016840696334839006,-0.013992521911859498,-0.036040332168340704,-0.0023257839493453,-0.0006608664989471999,-0.0024611570406705,-0.002945359796285598,-0.0115418918430805,-0.0147401038557291,-0.0003188089467585,-0.0015123309567570999,-0.0011490900069475,-0.0019000396132469004,-0.0083654411137104,-0.008102077059447798,-0.0006341491825878993,-0.0027950888033956,-0.000969251501374,-0.0018826927989721003,-0.0105040799826384,-0.008056858554482502,-0.00018426543101670006,-0.0009281985694542,-0.0009430486534256,-0.0041598854586483,-0.005558106116950499,-0.0031017495784907995,-0.0016240566037595003,-0.0005940935807303,-0.0002311842545169,-0.0010988507419823993,-0.0027272499864921,-0.0012893816456199,0.00046665500849489994,-0.0007932142762002,-7.145550625855014e-05,-0.006713921437040001,-0.001561226898047524,-0.0007173087506088678,-0.0029242057353258,-0.0002554211896493981,-4.608200106304139e-05
members/member_333.png,1,-0.007913226261735,-0.024879328906536102,-0.0514170601963997,-0.0042484500445425,-0.0018567778170108995,-0.0038541620597243005,-0.0016802400350569985,-0.011277761310339002,-0.0225320607423782,0.0005981801077723,-0.0004002517089247001,-0.0008406243287026995,-0.004070399329066301,-0.004230380058288602,-0.012615907937288298,0.0014521447010338992,-0.0010290727950632997,-0.0007678768597543005,-0.0031693819910287996,-0.010886717587709399,-0.015226867049932497,-0.0021092030219733993,-0.0008034682832658005,-0.0020816822070628994,-0.0019654575735331,-0.007147137075662599,-0.009556760080158702,0.00045608775690200026,-0.0010962584055959996,-0.0014998848200775002,-0.004198764450848101,-0.009987027384340801,-0.006277292966842599,-0.0016107321716845,-0.0026775031583384,-0.0006238974165172001,-0.010191987035796,-0.0098755130311474,-0.0042417331715115004,-0.0033426384907216003,-0.0012757457661791234,-0.00018036501933229324
members/member_334.png,1,-0.006743181496858604,-0.0354362428188324,-0.04699555039405819,0.0008896030485630001,-0.0023758197203278004,-0.0025015561841428002,-0.0027307420969008983,-0.017753329128026907,-0.0183696262538433,-0.0028187399730085997,-0.0013451566919685,-0.0012448779307306004,-0.0021789949387312005,-0.012378856539726299,-0.0102671477943659,-0.00017910450696950048,-0.0018161181360482996,0.00025943387299780067,-0.0063184835016728,-0.014795269817113897,-0.0129232974722982,-0.0023177429102361003,-0.0020105140283704004,-0.0018782787956298005,-0.004740566015243499,-0.0125483945012092,-0.006707904394715999,0.0008871597237885007,-0.0014535121154039998,-0.0016093701124190998,-0.0059521542862058015,-0.009605389088392301,-0.0046525953803211,-0.0009018429554999005,-0.0020231520757079,-0.0006169129628687999,-0.0108093369053677,-0.0071131924923974995,-0.0028560921637108996,-0.0052152998978272,-0.0005705508810933272,-0.00016951661746129383
members/member_335.png,1,-0.0015357434749602994,-0.033925101161003196,-0.062826082110405,0.0040092249400912995,-0.0013887165114283007,-0.0047190994955599,-0.0079965256154537,-0.016812425106763798,-0.024829313158988897,-0.0022565657272935,-0.0015831836499273994,-0.0006308541633189002,-0.0015549361705781,-0.012927252799272496,-0.012604929506778703,-0.00014639645814889905,-0.0008884901180862999,-0.0013336413539946001,-0.0025330334901809,-0.014902684837579804,-0.0154107511043549,-0.0008559897542000008,-0.0010778754949569997,-0.0007685488089918999,-0.002214638516306898,-0.0129523389041424,-0.0113715771585703,-0.00034395512193440003,-0.0028431033715606,-0.0025578472996130998,-0.0043289642781019,-0.0105394152924418,-0.006735616363585,-0.0023087593726814,-0.0018461343133822,-0.0005499699618667,-0.016770040849223802,-0.009040241129696399,-0.003985793387983,-0.005004190374165799,-0.000857346854900189,-0.00016108217823782882
members/member_336.png,1,-0.004892231896519703,-0.025568190962076097,-0.04775525629520419,0.0005799904465675007,-0.0005808831192553,-0.0019187959842384,-0.005312265828251797,-0.008738342672586497,-0.019448298960924204,-0.0025219176895916002,-0.0008846027776598002,-0.0009003067389130003,-0.0011027306318284018,-0.0069853924214840005,-0.0108609907329082,-0.00014167744666339962,-0.0008263383060693992,-0.0012252109590918,-0.004615865647792799,-0.0082337409257889,-0.0159760918468237,-0.0008338992483914003,-0.0010111997835338003,-0.0021119072334840998,-0.0039798878133297,-0.010453569702804,-0.0093878386542201,-0.0006322683766484,-0.0023379742633552,-0.0012408558977767999,-0.0028215590864420007,-0.006809149868786401,-0.004594418685883299,0.0012695817276835,-0.0009923728648573,-0.0001865272206487,-0.0077684237621724,-0.0052844749006908,-0.0026583113212836997,-0.0054612240055576,-0.0010107076195708322,-6.288597433007373e-05
members/member_337.png,1,-0.0015177093446255008,-0.028180602937936797,-0.05647519975900649,-0.0019331234507262004,-0.0029106545262038994,-0.0042481836862862,-0.0016327854245901004,-0.014482017606496797,-0.0205970108509064,0.0028551551513372993,-0.0017431122250855004,-0.0006856061518193002,-0.0028376448899507,-0.009817816317081403,-0.0102280844002962,-0.0017574047669768004,7.77426175773005e-05,-0.0009799390099942,-0.004228085279464798,-0.010308645665645596,-0.010130089707672601,0.000245631672442001,-0.0020653097890317,-0.0004818614106626004,-0.0019425936043261996,-0.0050881840288639,-0.0050914557650686,-0.0013538952916861005,0.0001886885147542,-0.0006957137957214999,-0.006989023648202402,-0.0040080044418574,-0.0043795024976134,-0.0012387102469801998,0.0004907527472823997,-0.0005948182079009999,-0.0114233251661062,-0.0110714312177151,-0.0054474468051921,-0.0051041296683252,-0.004251346399542,-0.000884429304278386
members/member_338.png,1,-0.003611005842685703,-0.014648303389549304,-0.027875319123268197,-0.000595996156334799,0.00019742222502829986,-0.0005065286532043994,-0.006377665325999298,-0.007441006600856698,-0.014595616608858098,-0.0018510115332902007,-0.00039738789200789975,-0.0013552454765886003,-0.0005679912865162,-0.008329626172781001,-0.007331335917115201,0.0017583719454706001,-0.0019411430694161996,-0.001752731972374,-0.006306370720267299,-0.0124529860913754,-0.0093396743759513,-0.003282202873379,-0.0017512328922749004,-0.0008654308039694998,-0.002649485133588302,-0.0076530976220965,-0.0040411911904812,-0.0006858999840915004,-0.0009839400881901,-0.0006369409384206,-0.0027439482510089996,-0.005007405299693401,-0.001798735698685,-0.0009301905520261002,-0.0008414022158832,-0.00021987641230223698,-0.0091048000613227,-0.0043104429496451995,-0.0009877227712423,-0.0033599049784243,-0.0010302325845258744,-3.8803766074124724e-05
members/member_339.png,1,-0.0026218295097351005,-0.0389528125524521,-0.0956280529499054,-0.0003794459626078016,-0.0027129482477903,-0.0034442795440555,-0.0018432550132275044,-0.028752051293849903,-0.04286003857851021,0.0006217714399099003,-0.0024500065483152996,-0.0039364625699818,-0.004123345017433097,-0.019735660403966897,-0.021966967731714297,-4.484970122579923e-05,-0.0011175540275871997,-0.0010191216133535004,-0.006867330521345201,-0.025802718475461003,-0.0204287283122539,-0.0020990679040551003,-0.0021010213531553997,-0.00021333107724790011,-0.0046928208321333,-0.0144420228898526,-0.0095010017976165,0.0005882261320949,-0.0026222482556477003,-0.0019086266402154998,-0.006002314388751999,-0.009701740462332898,-0.0062491782009602,-0.0023720148019493,-0.0013429764076136,-0.0009001331782201,-0.0103900367394089,-0.0065086351241917,-0.0037794896925334,-0.0037157672923058003,-0.0004887400718871083,-0.00011502806592030308
members/member_340.png,1,-0.006050225347280502,-0.0234363302588462,-0.0605944767594338,-0.0006162691861390998,0.0006464524194598007,-0.0039130044169724005,-0.004801146686077101,-0.01672661304473881,-0.029728509485721505,-0.0023123919963835993,-0.0026651946827769,-0.0006097042933106995,-0.002589836716651899,-0.010994877666234998,-0.018912706524133703,-0.0001784204505384003,-0.0008499072864652001,-0.0018867268227040004,-0.0024423096328974013,-0.015963699668645796,-0.0218945983797312,0.00012541003525249998,-0.0006972942501307002,-0.0024193678982556,-0.006974357180297399,-0.0115088187158108,-0.011171005666256,-0.0007085008546709997,-0.0006793332286178996,-0.0007084179669618999,-0.0033514034003019003,-0.012466249987483,-0.005314947804436,-0.00046782195568080033,-0.0028475950239226005,-0.0003473650722299,-0.0096109827281907,-0.0127558042877354,-0.0029814901645296,-0.0043879301520065,-0.0017324875843768887,-0.00010000559268510858
members/member_341.png,1,-0.005437880754470804,-0.03079406917095181,-0.044808212667703594,-0.0023295050486922004,-0.003414926119148699,-0.0026713102124630997,-0.0028494447469710957,-0.015127398073673297,-0.016153318807482803,0.00041505228728050056,-0.00047645810991529987,-0.0008212414104492001,-0.004732619971036904,-0.008959911763668102,-0.009120948612689899,0.000447499565780201,-0.0021781441755593005,-0.0009023147867992,0.00013078935444350154,-0.014898113906383497,-0.009802040643990102,-0.00041702948510650116,-0.0016887795645742997,-0.0009910527151077999,0.001280086115002698,-0.009862559847533701,-0.0036034595686941996,-0.0015923692844807998,-0.0008642834145576,-0.00043750692566389996,-0.0097709968686104,-0.0070608309470117005,-0.0015919046709314002,-0.0025171018205583,-0.0012166187516413998,-0.00017417792696502915,-0.016139957820996698,-0.0051345216925256,-0.0008581516303820076,-0.0039291259017773,-0.0007120191712601049,-4.064533095515799e-05
members/member_342.png,1,-0.006380541250109697,-0.018796339631080607,-0.0364710614085197,0.00025119259953500055,-0.0011880942620337,-0.0013662916608155,-0.004144892096519401,-0.005552351474761998,-0.016616236418485704,-0.002266308758407801,-0.0010249540209770003,-0.0011041550897061998,0.0004294253885746002,-0.005623359233140904,-0.010995659977197599,0.00045751780271530065,-0.0004005185328423994,-0.0012285416014492997,-0.003717204555869099,-0.009303003549575896,-0.014619786292314498,-0.0009482237510383008,-0.0002851481549442005,-0.0016164528205990002,-0.003323584794998202,-0.009325103834271401,-0.011366188526153601,0.0006196927279234002,-0.0023408001288772,-0.0016361006419175,-0.0052138017490506,-0.0074248784221709,-0.006172920111566799,-0.0025720680132508,-0.0016109006828628,-0.0005096664390294001,-0.0079031488858164,-0.0065503609075676,-0.0036229376564733996,-0.0030016039963812,-0.000896237237611757,-6.853403829145888e-05
members/member_343.png,1,-0.0028525087982416014,-0.0303117521107197,-0.0734517425298691,0.00026272004470230016,-0.0010298257693649015,-0.0025296304374933,-0.005644941702485098,-0.014534406363964102,-0.030377414077520398,0.0003746571019291999,-0.0023415666073559995,-0.0026467663701622997,-0.0017144456505776007,-0.008765134960413,-0.0179097317159176,-0.0007320307195185999,-0.0007911734282971001,-0.0017332903807983002,-0.0027483385056257005,-0.014115596190094896,-0.0153502840548754,-0.0005492647178471002,-0.0008250051178037999,-0.001066645490937,-0.0050197560340166005,-0.010706729255616701,-0.0066469134762883,-0.0011506858281792,-0.002378360601142,-0.0005530022463062,-0.0024965293705464,-0.0076132370159029995,-0.0026673109969124,-0.0012038005515933002,-0.0015198300243356,-0.00014698937593492426,-0.0084502468816936,-0.0051218031730968,-0.0014518117823172,-0.0038958464283496003,-0.0005842694918100448,-3.189943890902214e-05
members/member_344.png,1,-0.009370105341076903,-0.026005133986473097,-0.043422639369964613,-0.0013289852067828994,-0.0007990868762134985,-0.0039490917697549,-0.0044748950749635,-0.013355419039726299,-0.020843289792537703,-0.0007819118909537003,-0.001908137463033201,-0.0003198557533323999,-0.00030071660876280007,-0.008831433951854699,-0.017523095011711093,-0.0005736076273023995,-3.7795864045600015e-05,-0.0025586406700313005,-0.0039764791727066005,-0.0120918825268745,-0.0237269289791584,-0.0006238389760256004,-0.0013611773028969999,-0.0020630578510463,-0.0036855433136224,-0.0135697647929192,-0.0146935926750303,-0.0010286434553563994,-0.0025729290209710997,-0.0018184983055107,-0.0018167570233344997,-0.011141490191221199,-0.0075276340357959,0.0006763567216694997,-0.0020992632489651,-0.00048714652075429997,-0.011170299258083199,-0.010363797016907499,-0.004433193476870699,-0.0050640547415242,-0.0013121780175424289,-0.0001156441139755748
members/member_345.png,1,-0.004896679893136,-0.028802454471588107,-0.04416863620281221,-0.0015617227181793005,-0.0028409864753484995,-0.0023272591643035997,-0.003834316506981801,-0.011504629626870197,-0.013778775930404698,-0.0010863854549824992,-0.0007318626157939998,-0.00037126592360439995,0.00014506094157689872,-0.006186168640852002,-0.0086594019085169,0.0016507250256836995,-0.0005088439211248996,-0.0014283217024058,-0.0026689171791075984,-0.007501098327338699,-0.0083527145907283,-0.0006630802527069993,-0.0008236898574978005,-0.0010263285366818,-0.004240875132381999,-0.0052653243765235,-0.0041181452106683995,-0.0030978624708951005,-0.0018330714665353,-0.0006864729512016999,-0.002591503784060401,-0.0040393006056547,-0.0018698817584664002,-0.00025418587028979995,-0.0008696455624885999,-0.00020951229089402,-0.004114577779546399,-0.0039418297237716,-0.0011243861081311,-0.002419377444312,-0.0007169133550632645,-3.193369775544852e-05
members/member_346.png,1,-0.0023215487599373003,-0.01541813090443609,-0.047628790140152005,0.0018966598436236,-0.0014528026804328,-0.004524133168160899,-0.0013784840703010004,-0.007301196455955505,-0.0210639983415603,-0.0004019821062684007,-0.0012147543020546011,-0.0012687346898019002,-0.0018669776618480995,-0.006884358823299498,-0.013302722945809396,-0.0026023532263933996,-0.0006128023378550998,-0.0015785484574735,-0.0020171944051981007,-0.0159175544977188,-0.014292635954916501,-0.0009929342195392002,-0.0013481751084328001,-0.0012112872209400001,-0.001426966860890399,-0.0102642029523849,-0.0063184541650116,-8.662743493910007e-05,-0.0023488623555749997,-0.0010838326998055,-0.004752466455101901,-0.008996175602078499,-0.0027951985830441,-0.0011191437952221004,-0.0018580076284706,-0.0003118857857771,-0.0088274111039937,-0.0077981557988096,-0.0015334946074290002,-0.0036210639518684997,-0.0012287532263144019,-8.397092824451317e-05
members/member_347.png,1,-0.003742104396224001,-0.026370115578174605,-0.07140392810106279,-0.0009667715057729998,-0.00027343817055230056,-0.0037245955318213004,-0.002728676423430401,-0.015490595251321793,-0.0331833027303219,0.0006742738187312993,-0.0006764135323465001,-0.0022478927858174,-0.0020837262272834986,-0.010197311639785801,-0.0180990044027567,-1.2546777725299524e-05,-0.0009776130318640995,-0.0012068659998476002,-0.0046607088297606,-0.015281286090612401,-0.0177442682906985,-0.0032096374779939,-0.0015530511736870003,-0.0014850861625745999,-0.006322076544165601,-0.012910108081996401,-0.0079505848698318,-0.0006432756781577995,-0.0023283802438527,-0.0007104913092917,-0.004605550318956399,-0.0078876619227231,-0.0033991453237832005,-0.0011910041794181,-0.0011772570433096,-9.999459871317344e-05,-0.0070965214399621,-0.0056500148784834996,-0.0018421637505524999,-0.0025481254560873,-0.0006189776904647231,-3.742364060599357e-05
members/member_348.png,1,-0.0053907986730337,-0.022518932819366497,-0.05187508836388589,-0.0007530306465924003,-0.001402596011757901,-0.0019283313304185,0.00032112561166290285,-0.0093081891536713,-0.0238114409148693,0.0016361628659070006,0.00035324320197110005,-0.0015966824721545003,-0.003582844510674501,-0.010123088955879204,-0.012689869850874,-0.0014642593450845008,-0.0011090277694166002,-0.000974600436166,-0.0028532482683659016,-0.011899366974830596,-0.014669965952634801,0.00023472076281910031,-0.0018286420963704994,-0.0019702429999597,-0.001695156097412099,-0.009895250201225302,-0.0060346070677042,-0.0016954434104264,-0.0016461259219795001,-0.0004034320882056,-0.0018461793661116999,-0.008272483944892899,-0.0027641842607409,0.0011257305741309998,-0.0014793149894104002,-0.0002678400924197,-0.0104378603864462,-0.0083533925353549,-0.0016545899998163,-0.0038752434775233,-0.0015167908131842487,-0.00013083267549508527
members/member_349.png,1,-0.006351992487907403,-0.026065222918987302,-0.0528793409466744,-0.0005978476256132004,-0.0014704186469315997,-0.006028018426150099,-0.0026855356991290977,-0.013254243880510302,-0.024365827441215494,0.0004002526402474005,-0.0007772445678711007,-0.0018200289923698005,-0.0035162232816220024,-0.008954133838415201,-0.013955313712358502,-0.0011089807376265994,-0.0019828132353722997,-0.0009375242516398,-0.0067913997918367,-0.013125251978635798,-0.0137734264135361,-0.0022144340910017005,0.0004225168377161,-0.0012141140759922998,-0.006193719804286998,-0.0109696630388498,-0.0066403429955243995,-0.0010379198938609002,-0.0024082546588034,-0.00043470034142960003,-0.004744933918118402,-0.0091548496857286,-0.0030584812629967997,0.0011541936546564996,-0.0012902410235256,-0.00034228822914880003,-0.010491981403902199,-0.0097709372639656,-0.0016959077474894,-0.0054390567238443,-0.0021864654627278537,-8.311860437964294e-05
members/member_350.png,1,-0.0051791854202747,-0.0200456157326699,-0.058122359216213296,-0.00030627846717840024,-0.0015080934390426012,-0.0028872368857265004,-0.0040362998843192985,-0.016452390700578697,-0.0261162631213665,-0.001563781872391699,-0.0019312230870126993,-0.0003909855149685998,-0.0017746798694134001,-0.0069787353277206005,-0.0165400952100754,-0.0020001409575343,0.0012595467269420008,-0.0013531125150620998,-0.0067440010607243,-0.013937976211309398,-0.018414275720715502,-0.00021499162539840005,-0.001784016843885101,-0.0026133826468140004,-0.004214644432067802,-0.013249186798930203,-0.0121846366673708,-0.0008232486434281002,-0.0029978640377522,-0.0017494613421149001,-0.003925893455743798,-0.0110059147700667,-0.006096555851399901,0.0013737305998803,-0.0024619580944999996,-0.0005974672531010999,-0.010777445277199201,-0.0109824728569948,-0.0038207112374947995,-0.0067477265838534,-0.0014489975510513903,-9.951827814795941e-05
members/member_351.png,1,-0.0029478929936885973,-0.012329008430242601,-0.0243477802723646,0.0003549773246049985,-0.0029968535527586998,-0.0021556559950112997,-0.003267502412200002,-0.0108745545148849,-0.011641593649983399,0.0001030201092363011,-0.0005858791992067996,-0.0007623692508786999,-0.002936240285634998,-0.007571725174784702,-0.005779343657195599,-0.0021095266565681,-0.00015581818297509976,-0.000807968317531,-0.002853113226592501,-0.008393740281462699,-0.005703299306333001,-0.00016214326024050017,-0.0017378597985953002,-0.0008336740429512999,-0.0020030559971929013,-0.0061148405075073,-0.0023666594643146,-0.001942181494087,-0.0010966284899041,-0.0004072609881405,-0.0019494667649269,-0.0030076613184064,-0.0009079800802283001,0.0010089850984513994,-0.0007602060213685001,-0.00010549456055738664,-0.0081649014027789,-0.002918835321907,-0.00045056589442533425,-0.0044735482661054,-0.0008679446946188484,-2.173635220970027e-05
members/member_352.png,1,-0.007311582565307596,-0.02470224350690839,-0.0659977346658707,-0.0003769984468818006,-0.00043502636253829954,-0.0041678189300001,-0.0036720577627421015,-0.018162116408348104,-0.027962341904640198,-0.0010977261699736006,-0.0021963785402476996,-0.0018256055191158997,-0.001998191699385598,-0.012327041476965,-0.0144147668033838,0.00047033419832590104,-0.0017118966206908,-0.0012856930261478,-0.0063764862716198,-0.0133749656379223,-0.0132414847612381,-0.0012652711011469009,-0.00038262084126470045,-0.0008666289504617,-0.0035927360877395006,-0.007259492762386801,-0.005991155281662999,-0.00035513518378140017,-0.0013950045686216,-0.0006265471456573,-0.0035591246560216,-0.0061588077805936,-0.0027757461648434,-0.0018680598586798,-0.0012702023377642,-0.00022559470380648767,-0.0089260498061776,-0.0065979086793959,-0.0015370454930235002,-0.0037038726732134997,-0.0017958973585335976,-5.5921293096616864e-05
members/member_353.png,1,-0.008831581100821502,-0.0235174596309662,-0.05797448754310609,-0.004701374098658599,-0.0033704405650497003,-0.0024565136991441007,-0.0032858066260815014,-0.014413297176361098,-0.026350658386945794,0.0016883509233594001,-8.703209459800729e-06,-0.0015633958391845,0.000125462189316701,-0.0114478506147861,-0.018324643373489297,0.0006601624190808002,-0.0031496793963014993,-0.0014957974199206001,-0.005756083875894501,-0.017425017431378403,-0.017594702541828204,-0.002485160715878001,-0.0014664363116026003,-0.0021641149651259,-0.004613786935806299,-0.014234591275453498,-0.008411808870732802,-0.0009827967733144994,-0.0019282088614999996,-0.0007501025975216,-0.0045767063274979,-0.0093297585844994,-0.0038697118870914,0.0005256999284028998,-0.0011858981451951,-0.00022148575226309998,-0.0102927790721879,-0.0071665052673779,-0.0022052953572710998,-0.0047889839624986,-0.0008770354252191569,-7.206792724898225e-05
members/member_354.png,1,-0.006160864606499599,-0.020765896886587205,-0.0436309278011322,-0.0030577033758164,-0.0010883715003729005,-0.0015409057959914,-0.0015172343701125024,-0.011694505810737596,-0.025644604116678203,-9.214505553199574e-06,-0.00011003529652950025,-0.004233976826071701,-0.002105800434947,-0.007880564779043205,-0.0165450498461724,0.00014342460781339994,-0.0008217273280024997,-0.0030075217364356,-0.002885825932025899,-0.015716724097728698,-0.0161287914961576,5.0420407205800134e-05,-0.0037724464200437,-0.0011611007503234002,-0.0051200538873672,-0.008484250865876699,-0.006215165834873901,-0.0003190850839019004,-0.0012798547977581,-0.00033679755870249996,-0.0044622789137066,-0.0048954435624182,-0.0025288112228736997,-0.0026117628440261,-0.0008009630837478,-9.893748938337682e-05,-0.005936334724538,-0.0035209585767007,-0.0013977333583170002,-0.0020493307383731,-0.0005416865296865216,-4.432677087606862e-05
members/member_355.png,1,-0.0041127018630505024,-0.03294297307729721,-0.06215922534465791,-0.0010695476084946996,-0.001092978753149499,-0.0017721173353493005,-0.0024084150791168005,-0.017278723418712602,-0.029029518365859992,-0.00026198197156190005,-0.0020628147758544003,-0.000507396645844,-0.006027845665812499,-0.012009549885988194,-0.0172868557274342,-0.001391550526022899,-0.00010999664664270055,-0.0024248999543488,-0.002673417329788201,-0.0212226919829846,-0.022476026788353903,-0.0008094171062112011,-0.0017672735266386994,-0.0026764495996758004,-0.004984898492693898,-0.012650338932871801,-0.0121007710695267,-0.0010577677749097998,-0.0023742215707898,-0.0008457065559923999,-0.0020096655935049022,-0.0101301660761237,-0.0053322792518883996,0.0018589585088193998,-0.0014758474426344,-0.0003975201252615,-0.013735027518123399,-0.0081625126767904,-0.0030550643132301,-0.0065148890716955,-0.0013030736809014007,-0.00010227382153966152
members/member_356.png,1,-0.003675382584333406,-0.0293116867542267,-0.074418805539608,0.00016246829181910082,0.0006084479391574998,-0.0029479991644621,-0.0019045136868952942,-0.017326790839433608,-0.0368895716965199,-0.001160433515906301,-0.0022276057861746,-0.0044208220206201,-0.0024298634380103025,-0.013178322464227697,-0.020745109766721698,-0.0010936483740806996,-0.00042409216985099963,-0.0018690717406570998,-0.004285853356122901,-0.0144022703170777,-0.0217996221035719,-0.0005404278635978994,-0.0012101568281651003,-0.0015432350337504998,-0.0053827073425055,-0.013974601402878702,-0.0094143096357584,-0.0006714980117976006,-0.0025357741396874,-0.0007225127192214,-0.0052694641053676,-0.0078908372670412,-0.004086061613634199,-0.0019655965734272996,-0.0006059363950043999,-0.0004443427533261,-0.0124979481333867,-0.009557076497003499,-0.0020562966674334,-0.0032209697528743,-0.0024891054272301737,-6.473437679226383e-05
members/member_357.png,1,-0.0033673662692307975,-0.0159366130828857,-0.06199981272220609,-0.0009196279570460996,6.623473018400015e-05,-0.0039986385963857,-0.0027883350849152028,-0.015569619834423107,-0.03233402967453,-0.0007054270245134006,-0.0031471233814953994,-0.0029852543957531,0.000377014279365602,-0.0111397095024586,-0.0212596915662289,0.0013089147396385002,0.00043302169069639983,-0.0009383256547152996,-0.007152257487177901,-0.017967075109481798,-0.023274639621376998,-0.0030125309713185007,-0.0013241735287010002,-0.0018015683162958002,-0.0024839434772730012,-0.013048594817519202,-0.0114709986373782,-0.0004102718085049993,-0.0011055986396968998,-0.0014081040862947,-0.005714661441743299,-0.011478281579911698,-0.005288835382089,-0.00048132846131920034,-0.0030995188280940004,-0.0004249311750755,-0.0103851793101058,-0.0106153700617142,-0.0029529125313274996,-0.0038811942795292003,-0.001730217576550699,-0.00012498406977096678
members/member_358.png,1,-0.0040758512914181,-0.024119094014167793,-0.0636924095451832,-2.7327798306900353e-05,-0.0026992983184754996,-0.0037696962244809003,-0.004345148801803603,-0.016720313578844,-0.025473954156041104,-0.0016415971331299002,-0.0002523055300116001,-0.0017695066053420006,-0.0011666528880595987,-0.008136805146932602,-0.0126012973487377,-0.0001446087844670001,-0.0018980060704052995,-0.0010474920272826999,-0.0032363785430788994,-0.0144726876169444,-0.0108227333985269,0.0013083652593196002,-0.0016795529518276002,-0.0007211243500932999,-0.0038868384435773,-0.0083978753536939,-0.00425009499304,-0.0015109069645404998,-0.0009152931161225003,-0.0004800354217878,-0.0040678344666958,-0.0057135005481541,-0.0017085453728214,-0.002285982016474,-0.0012252135202288998,-9.491473610974665e-05,-0.0046562112402171,-0.0046894553524908,-0.0009195258971886,-0.0019695322262123,-0.000997956420178446,-2.0783045329153538e-05
members/member_359.png,1,-0.005348620936274501,-0.020141158252954504,-0.04998333752155308,-0.0008122595027088998,-0.0013422239571810012,-0.0043162805959582,-0.004131879657506998,-0.009787533432245199,-0.026303723454475403,-0.0007874253205955003,-0.0010387180373072,-0.0019490472041071008,-0.0005041696131229019,-0.005592565983533901,-0.0161871053278446,0.001644175965339,-0.0011697220616042996,-0.0017907149158417996,-0.005658624693751398,-0.013412106782197897,-0.021179690957069404,-0.0028446787036956,-0.0017571132630110004,-0.0022216669749469,-0.002830971963703601,-0.013119308277964602,-0.011182605288922799,0.00042195804417139923,-0.0026671034283935998,-0.0011164256720803001,-0.0026949383318424,-0.010291749611497002,-0.005010711727663901,-0.0015718345530331993,-0.001105155213736,-0.00023822086950530002,-0.0092645823024213,-0.007591380621306599,-0.0027737319906009,-0.0041035459144040005,-0.001030147232086074,-6.19970669504084e-05
members/member_360.png,1,-0.004625005647540099,-0.0158671848475933,-0.024828515946865,-0.0032945238053798996,8.733803406350046e-05,-0.0018311195308343,-0.005007769912481301,-0.0092707928270101,-0.0097529003396631,-0.0010980484075843993,-0.0025395925622433003,-0.0010665963054634,-0.001053765416145401,-0.005785275250673301,-0.0046081785112619,0.0007186024449764997,-0.00028379634022709975,-0.0002703752252273,-0.0020665703341363993,-0.0078368503600359,-0.0037669562734664,0.0012601893395186,-0.0016715356614441003,-0.0002806434349623,-0.0011024940758944009,-0.0031579886563123,-0.0013394762063397999,-0.0004797745496034995,7.14046182111001e-05,-7.156640640455198e-05,-0.0029068468138575988,-0.0024122011382131997,-0.0005533208022826,-0.0008200453594327008,-0.000866648129886,-3.589984044083394e-05,-0.0086110613774508,-0.0014408431088668086,-0.000276700448011921,-0.0049870110815391,-0.00038783493073420806,-3.0868613976053894e-07
members/member_361.png,1,-0.005980098620057099,-0.020205523818731294,-0.040185354650020697,-0.0021315547637641005,-0.0045723421499133,-0.0027630440890788997,-0.0010534897446632004,-0.005491465330123901,-0.01786810904741279,0.0004208348691463002,-0.0004343185573815996,-0.0015797708183527001,-0.0018313843756914,-0.006289958953857401,-0.015062972903251703,-0.0012976657599211,0.0011031362228095002,-0.0017991745844484,-0.0037938831374048996,-0.005873117595910998,-0.023049075156450202,-0.0008846875280142004,-0.0014990963973105006,-0.0021983359474689003,-0.0013443557545542995,-0.009688539430499101,-0.017260139808058798,0.0003307056613267006,-0.0014115595258772,-0.0015826845774427,-0.0027905376628041007,-0.009517421014606998,-0.0098546179942787,0.0012781457044184,-0.0016075607854872998,-0.0008120107959256999,-0.0071970038115979,-0.011438580462709,-0.006017475825501601,-0.0040730929467826995,-0.0022636680878349194,-0.0001633303872949434
members/member_362.png,1,-0.0036555510014295994,-0.014382559806108405,-0.0328794792294502,0.0005676895380020003,-0.0021694130264222995,-0.005260014906525601,-0.0018015466630458,-0.009112399071455002,-0.022899311035871506,3.3943913877098816e-05,0.00016166456043719985,-0.0013936441391706996,-0.00043888390064240196,-0.0053799487650394995,-0.015081014484167099,-0.000700159929692799,-0.0010796575807035004,-0.0013554603792727002,-0.0048685483634472,-0.0108644999563694,-0.0186964776366949,-0.0025598080828786,-0.0016576834022999,-0.0019531911239028,0.0011801822111010014,-0.007529169321060198,-0.010784538462758099,-0.0005090497434139,-0.0015351483598350997,-0.0013842462794854998,-0.003499479964375501,-0.009335533715784501,-0.0053000929765403,-0.0005485583096743003,-0.0014466214925051,-0.00041264150058850006,-0.0074577962514013,-0.007274100964423299,-0.0032117657974595,-0.002322107553482,-0.0013066177416475927,-0.00015760409223727141
members/member_363.png,1,-0.005140393972396899,-0.031345434486866,-0.056657113134861006,-0.0006504412740468996,-0.0016988469287753,-0.0044498355127871,-0.004664834588766098,-0.013725500553846394,-0.028252396732568796,-0.0016274452209472995,-0.0015010554343462,-0.00020592659711839937,-0.004257103428244601,-0.009572591632604599,-0.0180512517690658,-0.0005800412036478008,-0.0008206805214285998,-0.0019289837218821005,-0.003138130530714999,-0.013245319947600403,-0.021449690684676198,0.0005530645139515001,-0.0013652797788382002,-0.0027905378956348,-0.0016355160623789007,-0.010328562930226302,-0.0105601996183395,5.10318204760031e-06,-0.0015220418572425998,-0.0006816987588536,-0.0032442882657051,-0.009970873594283999,-0.0050765150226652995,-0.0017483476549387004,-0.0022489466937259,-0.00036535310209723,-0.0114406319335103,-0.0082300676731393,-0.002841608133167,-0.0044242781586945,-0.001241404414031332,-4.739018913824111e-05
members/member_364.png,1,-0.000401567667722702,-0.021194584667682696,-0.0371636860072613,0.0006506200879812015,-0.0005296561866997996,-0.0029269028455019006,-0.0052489638328552,-0.013587422668933903,-0.014254245907068301,-0.0005606031045317008,-0.0015325765125454001,-0.0016682636924087997,-0.0013724844902753969,-0.0059332959353923,-0.0089914090931415,-0.0010878765024245002,-0.0009903174359351002,-0.0014788417611272002,-0.002332096919417402,-0.008516216650605198,-0.0083349854685367,0.0004572686739265997,-0.0004588686861097999,-0.0009634197922423,-0.005079826340079301,-0.0058710016310215005,-0.0037481922190636,-0.0013728095218538995,-0.0016321685397997002,-0.0006881906738272,-0.004743274301290498,-0.0035176344681531998,-0.0017056249780580002,-0.0007204851135612002,-0.0006254468462429999,-0.00012349305325183308,-0.0095249289879575,-0.002569595388195,-0.0009203366862493372,-0.004487068508751699,-0.0006894035705044955,-2.7217269234824932e-05
members/member_365.png,1,-0.003459807485341998,-0.0338915586471558,-0.0617948397994042,-0.0011815065518020994,-0.0003325175493955005,-0.0027490667998791,-0.0036779232323170055,-0.017088547348976094,-0.02728806436061859,-0.0028376053087414005,-0.0015621716156601993,-0.0026231817901133997,-0.005729615688323999,-0.011351089924573905,-0.0164223797619342,-6.809923797840029e-05,-0.0013201725669204998,-0.0021068502683193,-0.005734667181968599,-0.020154412835836397,-0.0173734882846475,0.0007134224288165006,-0.0026408671401441,-0.0013442684430629002,-0.007300077006220901,-0.0141604319214821,-0.0077773234806955,-0.0015759584493935004,-0.0017132868524641002,-0.0006787499878555,-0.005258229561149999,-0.010516772046685201,-0.003336631692946,-0.0023001879453658997,-0.0016409876407123998,-0.0001324994373136,-0.0097525453893468,-0.0078907886054367,-0.0018529911176301001,-0.0036212619161233002,-0.0008961908424680305,-6.413447772493788e-05
members/member_366.png,1,-0.0054059755057095996,-0.014835864305496202,-0.03102023527026171,0.0012982357293366996,-0.0036107017658651005,-0.0027192626148462,-0.0016569998115300993,-0.0092848539352417,-0.014138860628008898,-0.0008233864791691,-0.0011671665124595,-0.0003578383475541999,0.00016188248991960003,-0.005535125732421899,-0.0082325991243124,-0.00045485515147450015,0.00023691356182089975,-0.0010168880689889002,-0.004373563453555102,-0.0094517003744841,-0.009842111729085399,-0.0007169181481003995,-0.0020087764132768,-0.0016691284836269998,-0.0014954777434467992,-0.0084722451865673,-0.0048368058633059,0.0025998628698289993,-0.0013739077839999999,-0.0003903703327524,-0.004859483800828401,-0.006061419378966099,-0.002069466165267,-0.0034773997031152994,-0.0009881102014333,-0.00012669138959600117,-0.0080578272463754,-0.0046240940282587005,-0.0011155136162415,-0.0036012643249705,-0.0008118548848869439,-3.132379788439721e-05
members/member_367.png,1,-0.004705155268311497,-0.030915562063455602,-0.0485626719892025,-0.0004014763981104001,-0.003173517063260101,-0.0042253877036274,-0.004179801791906402,-0.0186369717121124,-0.0201522670686245,-4.722177982329975e-05,-0.0014850664883851996,-0.0010470855049789004,-0.001295257359743101,-0.0098889246582985,-0.010478699579835,-0.0021005393937230006,-0.0011908006854355006,-0.0011630628723651,-0.004122119396924997,-0.014105189591646198,-0.010533106978982599,-0.0010616704821587,-0.0027613400015979997,-0.0012492956011556,-0.005566057749092501,-0.0098411263898015,-0.0045120846480132,1.4891847968006092e-06,-0.0011999486014247,-0.00037877341674170007,-0.0039009461179376013,-0.0047503209207207,-0.0018436436075716998,-0.0007389788515866002,-0.0005259115132503,-0.00010935715545201406,-0.008698889228980999,-0.0032335238211089,-0.0010142760365851465,-0.0037563301739283,-0.0006475437767221207,-4.715598333859816e-05
members/member_368.png,1,-0.003000788390636399,-0.029030151665210696,-0.0313517265021801,-0.0014595976099371997,-0.001788303721696199,-0.0026041301898658,-0.0024960823357105012,-0.016138646751642196,-0.009418148547410899,0.0004115272313356998,-0.0020373556762934,-0.0013960292562843002,-0.004852922633290298,-0.006168611347675303,-0.004906198009848602,-0.0008696280419827002,-0.0007112491875886002,-0.00016697891987859986,-0.005989117547869701,-0.008795816451311098,-0.007945307530462799,-0.0014609512872993998,0.0002282520290463998,-0.0014060694957151998,-0.0029462315142155006,-0.0048626381903887,-0.0049618175253272005,-6.559072062369952e-05,-0.0013002811465412998,-0.0008629417279735002,-0.0033285981044172998,-0.0045033837668598,-0.0028808277565985996,-0.0014359210617840004,-0.0010819449089467,-0.0002558580454206,-0.0031781606376171,-0.0041823137435131,-0.0016775696858531,-0.0011855668853968998,-0.001070473022991764,-0.00010018685497921489
members/member_369.png,1,-0.006198402494192196,-0.029822647571563707,-0.0625118315219879,0.0011000242084264998,-0.0020125824958085996,-0.0031027025543153,-0.0039232112467289006,-0.019256472587585498,-0.029867745935916894,-0.0014798338524997,-0.00025226129218939956,-0.0024769268929958005,-0.002369709312915802,-0.010541386902332299,-0.019359227269888,-0.0005897674709558999,-0.0022799130529165,-0.0015376834198832998,-0.0046143345534801,-0.013640817254781702,-0.0217151921242475,-2.4963170290000225e-05,-0.0007462128996848999,-0.0023268874501809,-0.0022473130375147005,-0.012505225837230696,-0.010208287276327601,-0.0007017743773757995,-0.0020198959391564,-0.0009134252904915,-0.004214936867356299,-0.011240879073739102,-0.0049118231981993,-0.0005834437906742,-0.0016035787994042002,-0.0003632220468716,-0.0085775109473616,-0.0090078586363233,-0.0027646619128063,-0.0033143965993077,-0.0010690592680475477,-3.979356552006181e-05
members/member_370.png,1,-0.0075114574283362025,-0.02168089896440499,-0.0699957758188248,-0.000592239201068899,-0.0011352542787789986,-0.004038469865918199,-0.002603081986308098,-0.016568142920732505,-0.0317669436335564,-0.00016299262642860066,-0.0011287685483694007,-0.002474831417203,-0.0019294638186693018,-0.011608030647039497,-0.0183534175157547,-0.0016950936987995997,-0.00024289265275010026,-0.0017066604923456005,-0.0028552580624818975,-0.0157929584383964,-0.022251114249229403,-0.0007739649154246001,-0.0033023166470228993,-0.0018263320671394999,-0.002253167331218702,-0.014378439635038404,-0.010661484207958,-0.0005092308856547,-0.0020294780842960002,-0.0008419557707383999,-0.0041995672509074,-0.0093448311090469,-0.0046924096532165996,0.00022263592109080053,-0.0013393716653809001,-0.00026015385083151993,-0.0108917175093666,-0.0077123286901042,-0.0026194170495728,-0.004811209335457501,-0.0011734510917448843,-5.103677540319039e-05
members/member_371.png,1,-0.0059777591377497,-0.0191501528024674,-0.012850092723965601,-0.0015044333413243996,-0.0012320200912655007,-0.0004864574875683,-0.004847653210163099,-0.0085997227579355,-0.004451674409210699,-0.0004934873431921005,-0.0010074656456707997,-0.00016189925372599992,-0.0032152608036995003,-0.0042099831625819,-0.0028618136420846003,-0.0006601321510969994,-0.00047524878755219983,-0.0012023734161630002,-0.0020713517442346,-0.004019322805106699,-0.0041179386898875,0.0013292105868459,2.8446316719099845e-05,-0.0008084101136774,-0.0021433904767036004,-0.002596740145236201,-0.0022369447397067995,-0.0005165534093976003,-0.0010587607976049,-0.00035529187880459993,-0.0042455438524485,-0.0031265730503947,-0.0010990957962349,-0.003016047179699,-0.0009201255743391999,-0.0001246926985913225,-0.006614395300857699,-0.0033051344071282,-0.0006198367045726614,-0.0023956068325788,-0.0008398007084906178,-1.934815736603923e-05
members/member_372.png,1,-0.007484801113605503,-0.0394851788878441,-0.0876593589782715,-0.0005701286718249009,-0.0021250434219837007,-0.004686848260462301,-0.0027966219931841,-0.0206669233739376,-0.033680960536003196,-0.0009326627478004005,-0.0005563036538659997,-0.0025524368975312,-0.0046879053115844,-0.014194492250681007,-0.018469663336873,0.0014776578173042003,-0.0024218452163041002,-0.0011893721530214002,-0.0014164317399264006,-0.015510939061641697,-0.0158666912466288,-0.0022509004920720993,-0.0015339767560363002,-0.0012297098000999,-0.005830318666994499,-0.008833423722535299,-0.0063817710615694,-0.0024948571808636006,-0.0012491148663685,-0.0003185669629602,-0.004354750271886599,-0.004709441447630601,-0.0026176802348346004,-0.0011409933213144996,-0.0007546675915364,-9.508733637624047e-05,-0.005615986417979,-0.0028644227277253996,-0.0013851741969119,-0.0025091588031501,-0.00039891723281463534,-1.8451253708917654e-05
members/member_373.png,1,-0.0011671036481857022,-0.04756961017847061,-0.06253224611282349,0.0013554450124502009,-0.004803928080946199,-0.0030517154373229,-0.006821736693382298,-0.021543048322200803,-0.02360256947577,-0.0038189245387911007,-0.0006286222487688004,-0.0022474583238362997,-0.00014055147767060017,-0.015625186264514895,-0.012059744447469701,0.0036612506955862,-0.0013177152723073994,-0.0009543180931359,-0.004539690911769902,-0.0171258617192507,-0.0111603802070022,-0.0025579403154552,-0.0006954316049813999,-0.0011866933200508998,-0.002990474924445201,-0.012759817764163,-0.004683395382016901,0.0004542940296231998,-0.0018699830397964005,-0.0004899683408439,-0.006378434598445899,-0.0095543032512069,-0.0020244078477843997,-0.0019045053049921998,-0.0020761982304975,-0.00028041287441731727,-0.0166617990471422,-0.0076634855649899995,-0.0010140948797926,-0.0046838409616612,-0.0008700754369783366,-4.63582509837579e-05
members/member_374.png,1,-0.007156159728765505,-0.0323489978909493,-0.0387230366468429,-0.004148330539464899,-0.003802601713687099,-0.0021713725291193,-0.0025726445019244974,-0.014697264879941899,-0.016036443412304,0.0025477269664406993,-0.0007343348115683001,-0.0023524600546807,-0.0032001957297324995,-0.0092255212366581,-0.0084697306156158,-0.0007749870419502987,0.0002527735196053999,-0.0005336285103112002,-0.001060226932168,-0.0121130980551243,-0.0097611881792546,-0.000545546412467901,-0.0024026681203395,-0.0013188939192333,-0.0034764930605889026,-0.007260238751769099,-0.0042969756759703,-0.0028596445918083,-0.0004619888495654002,-0.0003507390065351,-0.004084265790879699,-0.0055109770037234,-0.0019155062036588,-0.0001475890167058,-0.001808418368455,-0.00012524063640735093,-0.009869971778243801,-0.0040903177432483,-0.0010914018348557998,-0.0035241695004514994,-0.000660600057017274,-3.3031617931555957e-05
members/member_375.png,1,-0.0072979182004929005,-0.03200720995664599,-0.07160968333482741,-0.0007950654253363991,-0.0002956520766020012,-0.0052573713473976005,-0.0022547915577888003,-0.0197855979204178,-0.035371869802475,-0.001962290611118,-0.0028799977153539,-0.0028998292982578004,0.0018177293241024017,-0.014567743986845003,-0.0184647925198078,0.0006794719956815,-0.0018726685084402995,-0.0019924918888136996,-0.007628029212355704,-0.0263742879033089,-0.0183946834877133,0.0005237585864961,-0.002940566977486,-0.0008543414296582,-0.007144780829548798,-0.015345945023000202,-0.0071438429877162,-0.0031539457850158006,-0.0020384931704029,-0.000482207396999,-0.007282596081495302,-0.0087942257523537,-0.0027866349555552,-0.0011130112688988998,-0.0006940174498595999,-0.00010170536552321757,-0.0081614818191156,-0.005796909914352,-0.0015482942544623,-0.0025509334518574,-0.0006484504756371414,-4.420915502123534e-05
members/member_376.png,1,-0.005180623382329899,-0.036434896290302304,-0.0651213303208352,0.0009919740259646988,-0.005526994355022999,-0.005797401536256099,-0.0034955460578204034,-0.022591106593608787,-0.030304804444313,4.3959356844400915e-05,-0.0007580760866403007,-0.0016393275000154998,-0.0036650784313678013,-0.013753607869148303,-0.015913724899292003,-0.0021241214126348,-0.0004624342545866992,-0.0009768677409738003,-0.0040346737951041,-0.018483228981494904,-0.0168914590030909,0.00023575453087690008,-0.0027766963467002,-0.0021073305979371,-0.0036022905260323992,-0.015175847336649898,-0.0073633883148431,-0.0006595165468753,-0.0025160918012261,-0.0008104103908408999,-0.003653958439827,-0.011179200373590001,-0.0031788912601769,-0.0009813411161303,-0.0014420351362787998,-0.00016099858476079998,-0.013878264464437899,-0.0090848652180284,-0.0017595398385311,-0.0046372712822631,-0.0008506395297444208,-6.535282955148746e-05
members/member_377.png,1,-0.005885245278477603,-0.012896589934825897,-0.034394249320030205,-0.0011545335873962004,0.0017856522463263,-0.0027004778385162,-0.003279238939285299,-0.008489433676004403,-0.0172449760138988,-0.0012886864133178988,-0.0019721663556993,-0.0007791896350681999,-0.002123199403286001,-0.005333177745342296,-0.010389825329184602,0.0011492543853820003,-0.0010900315828621995,-0.0011662216857074997,-0.003166303969919699,-0.0113620497286319,-0.013625171035528197,-0.0018915291875601006,-0.0015482823364437,-0.0018265759572387002,-0.0020134504884480996,-0.0097631104290486,-0.008899223059415802,-0.0005218079313636,-0.0027242948999628004,-0.0014566103927791002,-0.004059216007590299,-0.005962925963103801,-0.004362668376416,-0.0011121886782348,-0.0007061389624141,-0.0005077046225779,-0.007637958275154301,-0.0041528813890181,-0.0025809883081819,-0.0038107896689326,-0.0006481200653069707,-0.00012796166629409193
members/member_378.png,1,-0.0029005147516726996,-0.016488619148731204,-0.0537776052951813,-0.0045333844609558,-0.0024260822683572995,-0.0027300175279379004,0.0003727898001671011,-0.012644656002521501,-0.023194253444671596,0.0026078657247126007,-0.00033575482666490034,-0.0031608801800757005,-0.006565425544977202,-0.014974195510148995,-0.013785554096102704,-0.0009490591473878002,-0.0022817472927272,-0.00012254156172279967,-0.0056233908981085,-0.022346787154674502,-0.014265875332057499,-0.0015136790461838003,-0.002825437579304,-0.0015026449691504002,-0.0025290707126259995,-0.015426442027092,-0.006568968296051,-0.0015043108724057995,-0.0022922095376998,-0.0010390371608082001,-0.003839766606688501,-0.0103448526933789,-0.0028916264418513,0.0010589151643217,-0.0014349723933265,-0.00018803781858876226,-0.008214371278881999,-0.0076167004299351,-0.0015903209277894,-0.0042749347630888,-0.001029527462378564,-5.577269257628359e-05
members/member_379.png,1,-0.0029051210731267964,-0.0270202979445458,-0.056326739490032196,0.0018634926527739005,-0.004552500322461099,-0.0033255652524531,-0.0009182859212160006,-0.0150047354400158,-0.027426555752754204,0.0002491185441612989,-0.0008333055302501002,0.00020249281078580077,-0.002136873081326502,-0.0073943100869654985,-0.018984384834766402,-0.001693546772003199,0.0008536726236343991,-0.0016985158436001006,-0.004763334989547698,-0.0157385729253292,-0.022409824654459898,0.0005767196416854989,-0.0023165140300988995,-0.0026236789999529,-0.0033446326851844996,-0.010918725281953898,-0.011514144949615002,-0.0017090276814996988,-0.0011983080767095002,-0.0012864568270743002,-0.0027994588017463008,-0.0106145031750202,-0.005682428134605299,-0.0009231031872332001,-0.0023792658466846,-0.000435333015048,-0.0128830769099295,-0.0108933954034,-0.003077861489146,-0.0048089949996211,-0.0020045628407387626,-0.0001416231534675946
members/member_380.png,1,-0.005684219300746897,-0.02674379199743271,-0.05132197588682179,-0.0025633433833718005,-0.002663650549948199,-0.0035884813405574,-0.005488816648721702,-0.011795312166213996,-0.019156720489263507,0.0012639341875911002,-0.0017924853600562,-4.2087398469400385e-05,-0.0033864937722682988,-0.009766474366188098,-0.013411391526460703,-0.0008472474291921009,0.0007418221794068995,-0.0018084631301462997,-0.004769980907440199,-0.016328234225511502,-0.017900989390909595,-0.0021113432012498995,-0.0028578967321664,-0.0027257509063929,-0.0041223205626011,-0.011650284752249699,-0.0085345390252769,-0.0005564196035264994,-0.0012361842673271999,-0.0007126103737391001,-0.002159271389246001,-0.0076616955921054,-0.0040535137522966,0.0014193118549883001,-0.0009137080051004999,-0.00040904774505179365,-0.0102030686102807,-0.0063118732359726,-0.0022520519560203,-0.005837219068780501,-0.001371799222397321,-3.959349851356819e-05
members/member_381.png,1,-0.006644807755947103,-0.0431505069136619,-0.061431210488081,0.0010508364066482007,-0.0062343743629753,-0.0041028794366866,-0.004892721772193898,-0.023689288645982798,-0.022556573152542097,-0.0015888987109065004,0.00027241418138149957,-0.0010765292681754,-0.0027905087918044004,-0.011977687478065505,-0.010873360559344302,-0.0020152176730335,-0.0017878934741021,-0.0005229585804045001,-0.0050023142248392,-0.011908898130059197,-0.0099041610956192,0.0011220052838325995,-0.0012187969405203997,-0.0007863893406466,-0.0014377869665622017,-0.0095150601118803,-0.004702512640506,-0.0010256241075694995,-0.0014707038644701002,-0.0005044045683462,-0.005030917003750798,-0.006194980815052999,-0.0021518965950235998,-0.0023261634632945,-0.0009839059202932,-0.00011047426232829727,-0.009910468128509901,-0.0043679465015884,-0.0011901299585588,-0.0030996098648757003,-0.0003909232764271318,-2.0978768588975072e-05
members/member_382.png,1,-0.0041439794003962985,-0.032829381525516496,-0.0426519140601158,-0.001192350871861,-0.0032676192931831004,-0.0033463630825282,-0.0054387617856263976,-0.0174777563661337,-0.0163618959486485,-0.0006473474204539992,-0.0011019874364137996,-0.0008982394356279999,-0.0025912523269654014,-0.009218025952577601,-0.007609628140926399,-0.0017485632561147005,-0.0008121775463223002,-0.0007241502171381999,-0.006723360158503,-0.0095517933368682,-0.0064708543941377995,0.00032305344939229964,-0.0015841415151954,-0.00043711048783740003,-0.0023861899971961992,-0.0043342679273338,-0.0024545784108341,-0.0021696053445338995,-0.0006176885217427999,-0.0001673009392107,-0.0035490104928613004,-0.0020294922869652,-0.0009575495496392,0.0003231111913918998,-9.129580575980005e-05,-6.601784480147067e-05,-0.0067834508372471005,-0.0015282359454431172,-0.0005024982456234007,-0.0037291890475899,-0.0007845831769372084,-1.141587199526839e-05
members/member_383.png,1,-0.003629572689533206,-0.032406218349933694,-0.0794931799173355,0.0004793209955096002,-0.0001520542427897991,-0.0042118392884731,-0.004906717687845296,-0.017330586910247803,-0.033219672739505796,-0.0010332809761166,-0.0029411893337964994,-0.0034729656763375005,-0.0013347472995519014,-0.0100976005196571,-0.0192791186273098,0.0003129299730061999,-0.0015785275027156006,-0.0008707800880075004,-0.006593735888600398,-0.021066170185804402,-0.0253602173179388,-0.0006507821381092002,-0.0027810549363493997,-0.0036857875529676,-0.008312723599374301,-0.0176382753998041,-0.012952716089785099,-0.0043658795766532,-0.0026122306007892006,-0.001184744614875,-0.0033281641080974995,-0.0115694403648376,-0.006088473601266799,0.0006095045246183005,-0.0011313714785501,-0.0002646646971698,-0.008370069321245,-0.0076708444103133,-0.0033918013214133003,-0.0033327538985759003,-0.0007836756813048286,-6.238829882924225e-05
members/member_384.png,1,-0.006553461775183702,-0.0159531403332949,-0.022956930100917795,-0.0007509570568800007,-0.004038038197904799,-0.0017420190852135,-0.001922702416777597,-0.007397770881652801,-0.010292769409716202,-0.0009246473200618995,-0.0003391499631107001,-0.0014548619510605999,-0.004065709188580503,-0.005946701392531398,-0.0056436443701386,-0.0006510415114463,-0.00045534409582620016,-0.00028841197490690014,-0.002410559915006199,-0.006484504789114,-0.0050165904685855,-0.0004912153817713,-0.0012892528902739,-0.0007121021626518,-0.0011416589841247004,-0.0047832974232733996,-0.0024058601120486994,-0.0012206425890326006,-0.0009875067044049,-0.0004890829295618,-0.003782456740736899,-0.0025112815201282002,-0.0010135076590814,-0.0018980756867676995,-0.0007199210231193,-0.00016482236242150485,-0.003079238813370501,-0.0026476364728296,-0.0005360952054616001,-0.00015204725787050033,-0.0006777663766114733,-3.983470378443599e-06
members/member_385.png,1,-0.004980836063623498,-0.023061245679855305,-0.056836448609829004,-0.0011460892856120994,0.001003837212920201,-0.002074914984405001,-0.004526983946561803,-0.0150395631790161,-0.03454490005970001,-0.004127321764826701,-0.0038358978927135008,-0.0018759318627416992,-0.004932437092065797,-0.011418063193559702,-0.02024108543992039,-0.0004881527274848002,0.0006242068484425007,-0.0028467518277466002,-0.0053429286926984995,-0.016327861696481698,-0.025969199836254103,-0.0015499289147554995,-0.0025665815919637004,-0.002133287023753,-0.002083372324705103,-0.011006884276866902,-0.0130883380770684,0.0018135057762264997,-0.00021382095292220033,-0.0011502895504236,-0.002096997573971698,-0.011173712089657797,-0.0063897250220179,-0.00048268539831040035,-0.0018710887525229996,-0.0004937630874337,-0.0120243306737394,-0.014655154314823402,-0.0037964531802573,-0.005006240971852099,-0.0024684174568392015,-0.0001577471703058053
members/member_386.png,1,-0.0046245828270913,-0.03392969071865079,-0.07346444576978681,0.00011559482663870031,-0.0010460484772920001,-0.005844394210726,-0.004213580861687598,-0.020450241863727604,-0.032098997384309796,-0.0022588744759559996,-0.0017818687483667998,-0.0015621106140316,-0.001610461622476602,-0.012656636536121403,-0.0159326624125242,-0.0005660108290612004,-0.0015822527930140998,-0.0013130563311279002,-0.0085057634860277,-0.0174786113202572,-0.0168156567960978,-0.0008174953982233992,-0.0025404649786651,-0.0013503896770997999,-0.0047970432788133986,-0.009788901545107299,-0.0072384560480714,-0.0010223323479295002,-0.0007607628358528001,-0.0004534270701697,-0.00431770645082,-0.0063576283864677,-0.0029889945872127997,-0.0014298129826784004,-0.0011933845526073,-8.902368426788292e-05,-0.005691823549568599,-0.0037274704081938,-0.0016065844101831,-0.0020521534606814996,-0.00041366780351379163,-3.510625901981257e-05
members/member_387.png,1,-0.005377301946282401,-0.017229240387678195,-0.05111789703369139,-0.0025693206116557997,-0.0020643598400056007,-0.003018424846231901,-0.0025609955191612,-0.0088021643459796,-0.027307245880365406,0.0004218812100590004,-0.00014643836766489986,-0.0028310688212513993,-0.001278530806303,-0.003211703151464497,-0.016166154295206098,-0.0004965243861078999,8.969008922580027e-05,-0.0005606678314507003,-0.0036489665508270992,-0.0059778466820717,-0.0190300680696964,-0.0020118854008616006,-0.0018092202953994005,-0.0021044670138508003,-0.0002914294600485992,-0.013126108795404403,-0.010627607814967601,0.0027481941506267,-0.0029125453438609995,-0.0009990461985581,-0.0053552258759737015,-0.011120750568807198,-0.0054825742263347,-0.0031455024145542994,-0.0012263794778846,-0.0003957269873353,-0.005733129102736699,-0.008304430200951101,-0.0031978544866434,-0.0021443523000926005,-0.0009102026269829057,-7.071614163575683e-05
members/member_388.png,1,-0.005725521594286003,-0.020272374153137193,-0.05580337345600128,-0.0002714833244682,-0.0021414747461676008,-0.003154603764414801,0.00031852349638939945,-0.0111382082104683,-0.037247031927108806,0.0021534385159611997,-0.004067587200552199,-0.002812768332660199,-0.0031453985720872983,-0.009538717567920706,-0.023228935897350297,-0.0035691116936504997,0.0016410439275204997,-0.0023260856978595005,-0.003181526437401702,-0.0150951854884624,-0.027212154120206805,-0.0002449611201881998,-0.0024244603700935997,-0.0018064551986753997,-0.004078278318047499,-0.0168649386614562,-0.021196698769927098,-0.0008355770260095995,-0.0026208765339106005,-0.0024629860417916998,-0.0033222530037165,-0.0115705803036689,-0.0110188168473542,-0.0015858490951359003,-0.0017096357187256998,-0.0007583036785946001,-0.010563333518803099,-0.008648468152387099,-0.0064436257816851,-0.0029569668695331,-0.0011935961010748623,-0.00022670678299610477
members/member_389.png,1,-0.0020145326852799017,-0.032243810594081906,-0.08951261639595039,-0.001300794072449301,-0.0025936523452400988,-0.0027593178674578996,0.00022118911147119696,-0.020234972238540608,-0.040957890450954396,0.0032388307154179,-0.001002771779894801,-0.004134241491556101,-0.001605518162250498,-0.0119148343801498,-0.025522854179143906,-0.0040288432501256,-0.0005419962108134998,-0.0003121201880275995,-0.004780327901244198,-0.025891281664371497,-0.0289029590785504,6.941100582479997e-05,-0.0032781301997602003,-0.0035263631725684003,-0.005622657015919703,-0.017363425344228797,-0.0153382895514369,-4.520406946540052e-05,-0.0019994985777884995,-0.0012705267290584999,-0.0069205034524202,-0.0119869988411665,-0.0073976209387183,-0.0023916559293865993,-0.0015835765516385002,-0.00046206281695050004,-0.0148154268972576,-0.008901601278921601,-0.0042093061347259,-0.0036558667197824,-0.0011393516106181765,-7.046047176112666e-05
members/member_390.png,1,-0.002423267811536796,-0.024975255131721497,-0.043186053633689894,0.0018435660749674,-0.0001364238560199009,-0.0031512128189206,-0.005127292126417202,-0.017419952899217696,-0.0198701433837414,-0.0020408742129803,-0.0028118398040533994,-0.0008078899700194996,-0.0027374066412448016,-0.011822883039712899,-0.012080488726496703,-0.0002082530409098001,-0.00020539620891210034,-0.0012185839004814,-0.004858007654547698,-0.017386524006724302,-0.0110862599685788,-0.0012764451093971998,-0.0029550413601099994,-0.0014192473026924,-0.005976174026727701,-0.0104286428540945,-0.005332643631845699,0.0001806011423469006,-0.0015231948345900003,-0.000351874390617,-0.002708308398723599,-0.007752750534564301,-0.0022942358627915,0.00021167797967789996,-0.0016664516297169002,-0.00021032500808358846,-0.012989780167117701,-0.0059803501353599,-0.0012096003338229,-0.005950664519332301,-0.0008585859395679469,-1.1981668649241328e-05
members/member_391.png,1,-0.003603026270866394,-0.025958664715290097,-0.06649073958396912,0.0014564869925379007,2.688635140660027e-05,-0.0005945032462477007,-0.003580138087272703,-0.015107229351997292,-0.0352060794830322,0.0005941148847341989,-0.0004022354260087013,-0.0035801837220787993,-0.0014880467206240013,-0.014275964349508306,-0.0238112546503544,-0.00024088937789200002,-0.002665588632225999,-0.0037311208434403003,-0.0014114882797001994,-0.014056690037250498,-0.024612924084067397,0.0010188855230807998,-0.0015020086430013006,-0.0018058567075059,-0.0046323500573635,-0.020037237554788603,-0.0129100810736417,-0.0030712676234542994,-0.0034925690852106,-0.0010108801070601,-0.0048895850777626,-0.014273766428232198,-0.006215411704033601,-0.0021748449653387,-0.0016888378886506,-0.000411853499827,-0.014908201061189199,-0.012520058080554002,-0.0036715840979014,-0.0034754312364385,-0.0017994490262935102,-0.0001717596242087054
members/member_392.png,1,-0.0027718208730221003,-0.025463007390499087,-0.052634589374065406,0.0006802678108215002,-0.0035231458023191,-0.0020493268966674996,-0.0013962648808955938,-0.020350646227598204,-0.0230868086218834,-0.0013749096542597008,-0.0029513076879084006,-0.0025120475329459,-0.0036845598369837015,-0.008823014795780099,-0.014475639909505799,-0.0010007685050367997,-0.00025616586208340036,-0.0020632916130125,-0.005251938477158602,-0.018475662916898804,-0.014409407973289498,-0.00034955609589809936,-0.0014699553139507996,-0.0014888668083586003,-0.006537474691867801,-0.011447365395724699,-0.006055789999663801,-0.001803401391953301,-0.0028812306700274,-0.0004176134534646,-0.006131993606686599,-0.0086139356717468,-0.0027131413808092995,-0.0022204220294951994,-0.0007535175536759,-0.0001752602984198,-0.0100872573675588,-0.0063720469188411,-0.001478060541558,-0.0031998759368435004,-0.000890079581949965,-6.614135418194049e-05
members/member_393.png,1,-0.001581232994794804,-0.024750947952270508,-0.07191219180822368,0.0010386602953075998,-0.0029017385095358,-0.0033174371346832,-0.003297407180070898,-0.013536065816879293,-0.0347758829593658,-0.00018277019262310026,1.3175420463099052e-05,-0.0031956071034072997,-0.0029580052942038,-0.013297133147716501,-0.02268685400486,-0.002074823714792699,-0.0039068297483027,-0.0029666330665350004,-0.0071179196238517,-0.0168815907090903,-0.024973774328827802,0.0006336066871880999,0.0009436463005841004,-0.0022333745146170996,-0.007841781713068501,-0.0115154702216387,-0.0134762218222022,-0.0032943384721875,-0.0021369603928179004,-0.0014507293817587,-0.0043292418122292,-0.008132285438478002,-0.006060714367777099,-0.0006147525273264001,-0.0014546164311468998,-0.00033481461287010006,-0.009424549411051,-0.0078957609366625,-0.0033346249110764,-0.0040080813341774,-0.00180897823884143,-0.00012599335241241983
members/member_394.png,1,-0.006738536059856498,-0.03921701014041899,-0.0853186398744583,0.0009147515520453002,-0.0034732501953839996,-0.003787520807236401,-0.005144104361534101,-0.01676334813237191,-0.03606848791241649,-0.0040441756136715004,-0.0003562094643712009,-0.0026657157577575,-0.0011052843183279003,-0.014941412955522496,-0.019327979534864398,0.0003296113573013999,-0.0007258234545588996,-0.0016433673445135,-0.0039901193231344015,-0.0191371310502291,-0.019559034146368504,-0.00032652541995040023,-0.0037750359624624,-0.0016627074801362999,-0.005732042714953398,-0.013314705342054402,-0.0084776086732745,-0.0020156623795629,-0.0014928008895368002,-0.0005600649892585,-0.006878358311951202,-0.007219888269901299,-0.0036161064635962,-0.0012315686326474,-0.0010159980156458,-0.00014501545956590505,-0.007574009010568299,-0.0049726758443284,-0.0019653101626318,-0.0028732086648233,-0.000778446046751918,-5.275176226859912e-05
members/member_395.png,1,-0.006327947601676001,-0.012938126921653796,-0.023910807445645298,-0.0028493637219072013,-0.001796289812773499,-0.0021085015032440003,-0.0032274257391692006,-0.011354662477970102,-0.011032495647668901,-0.0012604710645972997,-0.0010404959321022,-0.0012901215814054,-0.0031668543815611995,-0.002094713971018798,-0.005566463805735099,-0.0010454929433763001,7.185852155089986e-05,-0.00037446641363200013,-0.0023781005293130996,-0.0074288723990321,-0.0062778685241938,-0.00039757648482919954,-0.002381289144978,-0.0011849969741889,-0.0015965057536960012,-0.007370708975941,-0.002891261363402,-0.00011199619621039998,-0.001267877058126,-0.0004561139503494,-0.003456318750977499,-0.0037731379270553,-0.0014066880685277001,-0.0007779775187373005,-0.0008187183411791999,-0.00024268201377699894,-0.008363523869775201,-0.0029832665750291,-0.0007380746683339,-0.004005953087471499,-0.0006081726460251239,-3.929834929294884e-05
members/member_396.png,1,-0.007124701514840202,-0.0328390672802925,-0.0493171401321888,-0.002743164077401201,-0.0018641538918017994,-0.0022882036864757998,-0.0037635471671818993,-0.0175352692604065,-0.022321164608001702,0.000993137247860501,-0.0013875672593712998,-0.0012893490493298002,-0.001598751172423401,-0.013832621276378597,-0.012566862627863898,-0.001156804617494401,-0.0022701937705279004,-0.0017471625469625,-0.0020499881356953985,-0.015329148620367102,-0.012858830392360701,-0.0011810236610471994,-0.0012529771775007005,-0.0014221435412763998,-0.0007707029581070016,-0.011168295517563799,-0.0054795318283141,0.0009604059159756002,-0.0017626476474105995,-0.00048736037570049995,-0.0073825065046549,-0.006204535253346,-0.0024791209725663005,-0.0032301819883287005,-0.0015332058537752,-0.00025881995679809104,-0.0118531994521618,-0.0059742766607087,-0.0013825380883645,-0.0032610023044980997,-0.0009532634940113863,-5.257837983663194e-05
members/member_397.png,1,-0.0046446025371552,-0.025367677211761502,-0.05321083217859271,-0.0013817073777317992,-0.0021356884390116,-0.0016092304140328997,-0.0016834903508423996,-0.012623641639947891,-0.026101715862750993,-0.0006948742084205003,-0.0012642401270567998,-0.0046200472861529,-0.002496931701898599,-0.0078513696789742,-0.019612330943346003,0.0010592383332550005,-0.0009214319288731003,-0.0009511262178421003,0.0004482995718716985,-0.0132463835179805,-0.0283927898854017,-0.00012840609997510043,-0.0006162147037685004,-0.0023190316278486997,-2.0347535610198975e-05,-0.009759763255715401,-0.0166804306209088,-0.0007238606922328004,-0.0018423288129269999,-0.0013183475821279002,-0.003802275285124699,-0.0127336997538805,-0.008605811279267,-0.0015787561424077,-0.0020386064425109997,-0.0004632983909687,-0.014642660506069702,-0.015337199147325,-0.0052139251201880005,-0.0036984452744945997,-0.0019540108696673984,-0.00015038732090029192
members/member_398.png,1,-0.002437617629766499,-0.022137381136417403,-0.0518948882818222,-0.0009202286601066,-0.0020636208355426996,-0.006217270158231199,-0.0008587427437306006,-0.015055850148200996,-0.0195230767130852,0.0013662409037351001,-0.0021189181134105006,-0.0019923392683268,0.0004353448748589048,-0.009853992611169801,-0.0116174519062042,-0.0002236291766165993,-0.0012967111542820991,-0.0011134722735732998,-0.0033302269876003023,-0.0192815251648426,-0.011118616908788698,-0.00036109145730740116,-0.0025941557250917,-0.0009512364049442001,-0.006616741418838501,-0.0133854364976287,-0.0046668748836964005,-0.0029591582715510992,-0.0016555627807975002,-0.0005176008562557,-0.006949019618332398,-0.008730940520763399,-0.002081256126985,-0.0014598928391932999,-0.0009881317382678,-0.00020048928126921298,-0.013417843496427,-0.0056928205885924,-0.0010690815252019001,-0.0039489353075624,-0.0015219663800962314,-1.7998994735535234e-05
members/member_399.png,1,-0.007147721946239499,-0.023153699934482602,-0.0376717261970043,-0.0009420197457075015,-0.0020224470645189,-0.0025373771786689997,-0.004635481163859298,-0.013959098607301698,-0.015374401584267599,-0.0001403605565428994,-0.0012425421737134006,-0.0011621110606939004,-0.0060387309640646016,-0.010491047054529204,-0.008109537884593,-0.0020953076891601,-0.0014791297726332994,-0.0011283631902187998,-0.006954647600650798,-0.0140977017581463,-0.0074977693147956995,-0.0004964852705597999,-0.0016046115197242005,-0.0005580140277743,-0.005474041216075401,-0.007799075916409499,-0.0030853198841215004,-0.0011160406284034,-0.0013189351884648,-0.0002776846376946,-0.0037594782188534997,-0.004028424387797699,-0.0012423586449584998,0.0016223327256739,-0.00048465636791659994,-9.73665810306454e-05,-0.0072161769494414,-0.0026171616773354,-0.0006631345531786668,-0.0051703894860111,-0.0005973547977191256,-1.2922475434606895e-05
members/member_400.png,1,-0.005841175094246802,-0.0243223682045937,-0.06313060969114301,-0.0019101826474070011,-0.002262281719595201,-0.005820719059556799,-0.003808770328760199,-0.010179691016674,-0.023934438824653598,-0.0010189646854996993,-0.0010724635794759005,-0.00023818062618370054,-0.0010240767151117013,-0.006933249533176394,-0.016738131642341704,-0.0006600269116460999,0.00014744652435180056,-0.0016682739369571,-0.002136245369911201,-0.009456295520067201,-0.0177109539508819,-0.00020254775881770049,0.0003273431211710002,-0.0024358420632779997,-0.001033902168273898,-0.0119230262935162,-0.0129463421180844,0.0007523503154516003,-0.0033095406834036003,-0.0013442923664115,-0.0061483429744840015,-0.0119233960285783,-0.0071217487566174,-0.0018963338807225002,-0.0023455858463421,-0.0005406155105447999,-0.0110750233288854,-0.0111391257378273,-0.0043886412167920994,-0.0033164543565362,-0.001144766243669412,-0.00011507685485405249
members/member_401.png,1,-0.002799674868583596,-0.025015238672494902,-0.0366464368999004,0.000398763455450599,-0.0022201077081262996,-0.0028485907241703004,-0.004052169620990802,-0.011345013976097097,-0.013726798817515398,0.0015648799017072001,-0.0004872926510869997,-0.0013960157521068998,-0.002136070281267201,-0.007133811712265101,-0.0079730125144124,-0.0020020687952638,-0.0010327170602976998,-0.0009106488432735001,-0.004406530410051297,-0.009149719029665,-0.0076036248356104,-0.0016052490100264992,-0.0012043144088239002,-0.0007780567975715001,-0.002030653879046402,-0.005684856325387899,-0.003648329526186,0.0007483339868485997,-0.0014652038225903999,-0.0004950970469507999,-0.0027055162936449988,-0.0032345287036151,-0.0015430182102136002,-0.0006379438564180998,-0.0005968940095045,-0.0002141193435817868,-0.0106030381284654,-0.0032282190804835,-0.0007813438787707,-0.005258952151052701,-0.0007745542206975293,-1.2627497198991477e-06
members/member_402.png,1,-0.004524774849414895,-0.029325008392333998,-0.0754442811012268,-0.0024656830355525,-0.004836617968976499,-0.0040246555581689,0.0006895065307617951,-0.019452035427093506,-0.03786403685808179,0.001684994436800499,-0.0027387314476073005,-0.0038570072501897005,-0.0034093037247657984,-0.009757533669471699,-0.0278166756033897,-0.0034025791101157995,0.00032648257911209976,-0.0009590652771293996,-0.006037035956978798,-0.0197580829262734,-0.0340980384498835,0.0005473187193275001,-0.0026129754260182,-0.0041909205028788,-0.003964947536587701,-0.017418675124645202,-0.016414933837950202,-1.3880431652100317e-05,-0.0019616519566626,-0.0009572426497470001,-0.0049979891628027,-0.011262624524533799,-0.0077056544832885005,-0.00042293360456819966,-0.0019094536546618002,-0.0003161306667608,-0.0126005131751299,-0.0086763352446723,-0.0043493870034582,-0.0057057832600549,-0.000933938314119491,-0.00012124066415699605
members/member_403.png,1,-0.004065260291099597,-0.028305381536483695,-0.05598206818103789,-0.0013326955959200998,-0.002718857489526199,0.0015091728419064998,-0.004530126228928604,-0.016732070595026002,-0.033037170767784105,-0.0018224460072814993,-0.002769992221146901,-0.0041181067936122,-0.0025283414870499975,-0.011000808328390198,-0.020485382527113002,0.0011936114169656996,-0.0005502887070179003,-0.0016369847580791001,-0.004425859078764902,-0.0178402811288833,-0.0248602777719497,0.0009127371013164,-0.0013561630621552,-0.0019706467865035,-0.005318211391568201,-0.0134670343250037,-0.011030413210392,-0.0030941059812902997,-0.0032074095215647996,-0.0009254907490685001,-0.0063851866871119,-0.0106358369812369,-0.0052473030518741005,-0.0011329744011163998,-0.0012372538913042,-0.00023546723969049998,-0.0098654995672404,-0.0075506306020543005,-0.0029311119433259,-0.0035575601505115004,-0.0008856106323946025,-7.742887100898648e-05
members/member_404.png,1,-0.004019932821392999,-0.02665010839700699,-0.0531841740012169,-0.0034430180676282,0.00025099981576210025,-0.0036294553428889006,-0.0002929829061032001,-0.012154918164014802,-0.024579700082540505,0.0030824239365757006,-0.0033722766675055,-0.0033689262345433,-0.002215184271335602,-0.009370367974042906,-0.0165800526738167,0.0005053924396633998,0.00021769944578409976,-0.001583315897733,-0.0033340267837046987,-0.015704115852713595,-0.019540874287486097,-0.0017345566302538005,-0.0016128811985255,-0.0016951028374023,-0.006562197580933599,-0.0133669078350067,-0.008577717002481201,-6.465241312999734e-06,-0.0025361287407577,-0.0005770323623438,-0.004465145990252502,-0.009497735183686,-0.0035433201119304003,-0.003529941663146,-0.0015744119882582998,-0.00018989324598798221,-0.0093242444563657,-0.0065002887567971,-0.0019048286485486001,-0.0033472378272563002,-0.0006343275490507724,-2.042569758486934e-05
members/member_405.png,1,-0.002560857683420202,-0.030260507017373997,-0.056320313364267294,-0.0004658550024033009,-0.0016456367447971994,-0.004761644406244101,-0.005967326462268798,-0.012597575783729595,-0.0255300402641297,-0.0009271558374165986,-0.0015048612840473999,-0.0017046241555363,-0.0015488825738429988,-0.0104601662606001,-0.012062752619385698,7.537286728619835e-05,0.00039565423503520013,-0.000565035501495,-0.0020127724856138993,-0.013081325218081502,-0.0113484566099942,0.00029216147959230075,-0.0034289183095097004,-0.0010302974260412,-0.006844257935881601,-0.008174458518624299,-0.0045653791166842,-0.0018988610245287002,-0.0012729846639558998,-0.00039127486525110004,-0.0050531309098005,-0.004461383214220401,-0.0017746100202202999,-0.0020579909905791994,-0.0005109587218612001,-9.454872633787929e-05,-0.0085535331163555,-0.0035537946823751,-0.000938122968364,-0.002882596803829,-0.0006931817661097732,-1.0316551197320223e-05
members/member_406.png,1,-0.006947312504053102,-0.036144144833088004,-0.0758131667971611,-0.0025168131105602004,-0.0031566340476274005,-0.003874305170029399,-0.006067881360650101,-0.020287983119487707,-0.03401642665266991,-0.00014125602319829938,0.0013848673552274999,-0.0021519605070352,-0.002218509092927,-0.019021928310394294,-0.01939339004457,0.0012245345860719004,-0.002308730501681599,-0.0017479653470218,-0.0063859913498163015,-0.0261291731148958,-0.0186308324337005,-0.0020478451624512005,-0.0042304540984333,-0.001528803666588,-0.0043755806982517,-0.014440346509218202,-0.0074793458916246995,-0.0003391024656594008,-0.0013240342959761,-0.0005041293625254,-0.0037711085751652995,-0.0088590285740793,-0.0030066622421146,-0.0007612304762005997,-0.0011496874503792,-0.0002275906663270954,-0.0104056078707799,-0.0066573754011188,-0.0015702650562161,-0.0042419609962963,-0.0010371878197473964,-2.2721684217685834e-05
members/member_407.png,1,-0.005878260359168101,-0.017054833471775097,-0.05525439977645881,-0.0005224151536822007,0.0010566525161266986,-0.0056693679653108,-0.0007796492427587023,-0.010740950703620897,-0.0237845629453659,-0.00017261551693079948,-0.001100305467843999,-0.0012294538319111,-0.0032835099846124996,-0.008251808583736399,-0.012077007442712798,-0.0003596586175263006,-0.0010621193796397001,-0.0021434850059450002,-0.00012771785259239887,-0.0157802328467369,-0.0211186334490776,-0.00027725053951149943,-0.0014090659096837,-0.0021978688891977002,-0.0024279281497001995,-0.010568395256996203,-0.014492678456008401,0.00011004088446499999,-0.0015871364157647003,-0.0013789748772977998,-0.004411282017827001,-0.009083450771868198,-0.0074889697134495,-0.0003502513282001001,-0.0015896477270871002,-0.0005541133868973999,-0.0128578417934478,-0.011541247600689501,-0.0045729435514659,-0.0051866725552827,-0.0021275304243317376,-0.00014226155326464625
members/member_408.png,1,-0.0011161789298058042,-0.036580048501491505,-0.0742172226309776,0.0016676569357514,-0.0017179693095386002,-0.004966941662132801,-0.002397548407316201,-0.022056639194488498,-0.0303942821919918,-0.0013361554592846991,-0.0013393359258771003,-0.0013914355076848997,-0.004799511283636097,-0.015271943062543897,-0.015014467760920497,-0.0022812960669399,-0.0023867692798375997,-0.0006666735280305,-0.009077774360775899,-0.017276316881179803,-0.015320787206292201,-0.0009724455885589001,-0.0019049183465541003,-0.0017571427742951002,-0.005407399497926301,-0.008736445568502001,-0.006780347786843799,-0.0008592247031628999,-0.0006729604210704001,-0.000430925967521,-0.0054286047816275995,-0.0047969727311282994,-0.0028324619634077005,-0.0027109901420771998,-0.0008398535428568999,-9.975983994080548e-05,-0.0078404995147139,-0.0028390075749485,-0.0015322304680012,-0.0034282524720766,-0.0004658220859709471,-2.7409038011683144e-05
members/member_409.png,1,-0.0034007895737885978,-0.02147276699543,-0.036401502788066795,-0.0016022953204811,-0.0034235902130604,-0.0025228334125132,-0.0013511888682842012,-0.0093771629035473,-0.015283606946468398,0.0030528022907674,0.0007849708199501003,-0.0014922907575964,-0.0025980323553085986,-0.007237069308757803,-0.0083298366516829,-0.0028806724585592,-0.0021465634927152998,-0.0007119805086404998,-0.004207920283079099,-0.0112887620925903,-0.0078252078965306,0.0008292249403894,-0.0019525801762939003,-0.0008979576523415,-0.004250710830092402,-0.009344388730823999,-0.0036853903438895997,-0.0016366350464522995,-0.0011525067966431002,-0.00048088699986700004,-0.0033222464844584985,-0.0062267519533634,-0.0015369798638857999,-0.0013543423265219004,-0.0011799879721366,-0.00012911839803554664,-0.010698077268898501,-0.0058303274272476,-0.0008098453181446,-0.003778412938118,-0.000771427146901219,4.424033249961212e-06
members/member_410.png,1,-0.006337843835353896,-0.027688860893249595,-0.04290542006492609,-0.0007607415318488988,-0.0010914299637078996,-0.003898784518241801,-0.003066696226596801,-0.005678988993167801,-0.032616138458251995,-0.0012048017233610006,1.591630280020108e-05,-0.0022292030043899996,-0.0025008209049702003,-0.0099799185991288,-0.020852725952863707,-0.0008090976625681002,-0.0012371893972159004,-0.0017218939028681001,-0.0045355465263128,-0.015311785042285898,-0.028522366657853095,0.0005659307353198997,-0.0017835735343396004,-0.0023537552915512995,-0.0034396406263113005,-0.010149551555514301,-0.0156873650848866,-0.001880647148937,-0.0007071029394865001,-0.000999890442472,-0.0020031938329338993,-0.008356411941349501,-0.0079872827045619,0.00022508809342980038,-0.0013994802720844997,-0.0006798894901294,-0.0100899981334805,-0.013448013807647,-0.0051611986127682,-0.004289890115615,-0.0030015567608643002,-0.00019639822858148024
members/member_411.png,1,-0.005134146660566299,-0.020760320127010297,-0.0461913272738457,-0.0005093459039926997,-0.0019077872857452011,-0.0027303285896778003,-0.005196431651711499,-0.0139434188604355,-0.023226663470268194,0.0004522167146206006,-0.0018303818069397996,-0.0018526962958276003,-0.0010728184133768012,-0.008921168744564098,-0.013148823752999299,-0.000989045482128901,-0.0001645842567086003,-0.0007930153515189995,-0.0029542511329055006,-0.010733598843216903,-0.014197742566466401,-0.0014092926867305998,-0.0014708195812999994,-0.0019807541975751,-0.0016417745500802994,-0.009796489961445299,-0.0068320906721055,0.00022382382303479977,-0.0020654071122408004,-0.0009288393775933,-0.0020369524136185004,-0.0068517653271556005,-0.0033757914789021,-0.0011096708476544,-0.0015762585680932,-0.00034782206057569996,-0.0072900434024631994,-0.0074739616247824995,-0.0021455678943312,-0.003071810118854,-0.0011196120394742764,-0.0001399873908666853
members/member_412.png,1,-0.005618870258331302,-0.018878225237131195,-0.0484421923756599,0.0011798236519097987,-0.0009338138625025992,-0.0030891518108545997,-0.003789305686950701,-0.011165741831064203,-0.0256929956376553,-0.0014636614359914996,-0.0018197218887508002,-0.0007127895951271005,-0.0019045528024435009,-0.008275605738162994,-0.015471119433641399,-0.0007809074595570998,-0.0005987873300909996,-0.0021389226894825996,-0.002139313146471998,-0.009973622858524302,-0.0178760346025229,-0.00012968387454749975,-0.0019218986853957003,-0.0012830279301852,-0.0013801828026771996,-0.011415291577577601,-0.0091045200824737,-0.0007267268374562003,-0.0006628544069827002,-0.0011619467695709,-0.0023452611640095017,-0.0107784159481525,-0.0043862541206181,0.0005235522985458001,-0.0023514535278082,-0.0002890982286772,-0.013165052514523299,-0.0099003439536319,-0.0025147169217234998,-0.00594320113305,-0.0015220320346997112,-0.00013811348253507837
members/member_413.png,1,-0.008593486621975902,-0.0285590253770351,-0.0547031573951245,-0.0026715388521552008,-0.0004082727245986002,-0.0021237330511211993,-0.0025669559836386975,-0.012326300144195605,-0.0218909196555614,0.0009812284260988001,-0.0005488949827849995,-0.0009220996871591005,-0.004943190142512301,-0.006187550723552697,-0.011907907202839903,0.0012589292600750993,-6.181141361600011e-05,-0.0014837577473372,-0.002071587368846002,-0.010027650743722902,-0.0117161832749843,-0.002186029218137299,-0.0013044909574091,-0.0009466782212258001,-0.0014484878629445995,-0.0042613167315722,-0.006885537877678899,-0.00021162349730730057,-0.0006985920481384,-0.0013682029093615,-0.0035770926624535994,-0.0092687075957656,-0.0049275672063231,-0.0014159535057843,-0.0026122403796762002,-0.0007028661348159,-0.009913465939462199,-0.0097500046249479,-0.0032850564457476998,-0.0043877034913748,-0.0013632723748741688,-0.00013720255446961836
members/member_414.png,1,-0.0031715966761111936,-0.03136560320854179,-0.04612664133310321,0.0002757729962467991,-0.0009496351704001999,-0.0026092743501066997,-0.0036575421690941065,-0.01812291890382771,-0.0198343191295862,9.194482117890097e-05,-0.0009388555772602003,-0.0017030192539096004,-0.0036782883107661993,-0.014212716370821,-0.012238217517733598,-0.0023042610846459007,-0.0026116888038814,-0.001528812921606,-0.006802624091505997,-0.0199910029768944,-0.0102595454081893,-0.0003428650088609002,-0.0016798030119390002,-0.0009174947626889,-0.0066875666379929005,-0.011172231286764098,-0.0044143504928797,-0.0001221084967254994,-0.0014484029961749998,-0.00044271619117350005,-0.005799434147775099,-0.0072015635669232005,-0.0018616634188219998,-0.001349232159555,-0.0012481791200116,-0.00010086499241879999,-0.0117992972955108,-0.0048377607745351,-0.001015928988636,-0.004490765160881,-0.000638016481389007,-6.306558861973697e-05
members/member_415.png,1,-0.008099935948848697,-0.037805892527103396,-0.06659755110740671,-0.0021965405903755994,-0.0006676679477096003,-0.004500752780586501,-0.0024509541690349995,-0.018068853765726103,-0.03158369287848469,0.001518104691058399,-0.0027910210192203,-0.0018321634270250997,-0.003687251359224302,-0.011390008032321902,-0.018253792077302905,6.033107638350049e-05,-0.0023185340687632994,-0.0029979415703565,-0.003515081480145399,-0.018853491172194498,-0.0209318622946739,-0.0004781885072588001,-0.0026305911596864002,-0.001804003957659,-0.0008918941020965993,-0.0129312351346016,-0.009192964062094699,-0.0009761112742125997,-0.0005071561317891004,-0.0006514698034152,-0.0030050724744796996,-0.0094085372984409,-0.0043410526122898,-0.0008502532728017001,-0.0019392067333682999,-0.00036833831836700004,-0.0159285925328731,-0.008036739949602701,-0.0024681779032107998,-0.0059160137898289,-0.001273358589969558,-8.984311170931183e-05
members/member_416.png,1,-0.0009027030318975032,-0.023578390479087788,-0.05375895649194719,0.0006521497853100005,0.0005027707666158988,-0.003371300175786001,-0.0021107178181409975,-0.0141415074467659,-0.0332273133099079,0.0007412759587168988,-0.0017060795798897986,-0.0030751605518162988,-0.005351716652512502,-0.010091044008731904,-0.020185790956020307,-0.0025060498155653,-0.0014174319803715004,-0.0016453720163554005,-0.0005469396710395986,-0.018377631902694702,-0.022485520690679595,-0.0010543917305767996,-0.0010053762234747002,-0.0021090371301396996,-0.006330357864499101,-0.015850057825446098,-0.009901864919811501,-0.0015707979910076003,-0.0026345129590482,-0.0007428522803821,-0.003164547495544,-0.010809619911015101,-0.0041838677134365,0.0030855960212648,-0.0019832073012367,-0.0002742648794082453,-0.009374109795317,-0.0081402548821643,-0.002304094217834,-0.0063076030928641,-0.000873592834977831,-3.1711031624581665e-05
members/member_417.png,1,-0.008459862321615202,-0.030881553888321006,-0.0579050444066525,-0.0041357008740306005,-0.0006187190301715998,-0.0028247567825019993,-0.0038549676537513976,-0.016544297337532002,-0.0224329680204391,-0.0018094247207045,-0.0016112760640680998,-0.0022009594831615,-0.0009130910038948024,-0.003998469561338397,-0.011543186381459302,0.0006030453369020999,0.0007831049151718998,-0.0003928570076824002,-0.004412967711687098,-0.011804433539509801,-0.013486400246620199,-0.0003224322572349999,-0.0010441732592881003,-0.0013756449334322999,-0.002622364088892902,-0.0076694879680872,-0.0067163486965000005,-0.0020354585722088996,-0.0018037839327006999,-0.0008616872364655,-0.004598328843712798,-0.007872737012803601,-0.0032062232494354005,-0.0009285216219722999,-0.0011108967009931998,-0.0003574171860237,-0.010911858407780601,-0.0128380710375495,-0.0019481117633404997,-0.0042840332025662,-0.0026203007691947026,-8.677087316748332e-05
members/member_418.png,1,-0.004331547766923904,-0.023972846567630796,-0.07238239049911499,0.00015163142234090113,-0.0017143841832876986,-0.003603331744670901,-0.0012858770787715981,-0.016622446477413205,-0.03293108195066449,0.0004214914515613989,-0.000595519319176601,-0.002418074756860699,-0.0020664036273956993,-0.0076358728110789975,-0.021542537957429907,-0.0007876055315136996,-0.00041426904499539986,-0.0015461719594896004,-0.0021371357142924985,-0.018833715468645103,-0.0256415437906981,1.2703239917997988e-06,-0.0026605813764035,-0.0031408879440277997,-0.006035156548023203,-0.0147310048341751,-0.0140524031594395,-0.002129204571247099,-0.0009479834698140994,-0.0013806803617626004,-0.006517486646771398,-0.0103208553045988,-0.0075920033268631,-0.0013661384582520008,-0.0024908094201237002,-0.0006098842568463,-0.0133297179127112,-0.0128941159928218,-0.0050531993620096995,-0.005010956374462699,-0.0021222864670561877,-0.00017210772057291442
members/member_419.png,1,-0.0069986470043659,-0.022556565701961503,-0.047930043190717704,-0.0026091840118169993,-0.0018903249874711002,-0.0027459687553345992,-0.0043207183480263,-0.01258847862482071,-0.020057301968336105,-0.0011442089453340002,-0.002464768476784199,-0.0011691986583172997,0.0010786782950162992,-0.015021651983261192,-0.013355512171983698,0.002570734359324,0.00030725635588169965,-0.0009576070588082001,-0.008299307897687,-0.0197759121656417,-0.0134213082492351,-0.0037353509105742004,-0.0010532913729549,-0.001660069799982,-0.0026972051709889984,-0.013609440997243,-0.0076149730011821,0.0006169895641506004,-0.0017160244751720996,-0.0010052486613859,-0.006996193900704401,-0.0094720898196101,-0.0034019399899989995,-0.0025969929993153,-0.0019396970747039002,-0.0003185363166267,-0.0115005444968119,-0.0086869887891225,-0.0018966154166264002,-0.0033427636954002004,-0.0014165700667944645,-9.177154424826528e-05
members/member_420.png,1,-0.002701587975025104,-0.015799913555383606,-0.041196200996637296,-0.001247790642082601,-0.0003305794671178003,-0.002239135792479,-0.006889650598168397,-0.0129104889929295,-0.0149896927177906,-0.0011886656284332995,-0.0035329353995621005,-0.0008896947838365997,-0.0049755815416575,-0.007502652704715701,-0.007758934050798499,-0.0015021455474197995,0.0015479181893169004,-0.0007326779887080002,-0.0035282848402857017,-0.012638995423912999,-0.0074025373905897,0.0008840668015182001,-0.0023539294488728003,-0.0005475064972415,-0.0035942355170846003,-0.0069772899150849,-0.0040937678422779,-0.0019814711995422,-0.0012395698577165,-0.0007438563625329,-0.002830445766448999,-0.0061249723657965,-0.001793441362679,0.00036075059324499996,-0.001252455287613,-0.00019947710097760002,-0.0071062531787902,-0.0059375995770097004,-0.0009727786236907998,-0.0036127343773842005,-0.0015028480265754714,-5.339576819095564e-05
members/member_421.png,1,-0.004914818331599298,-0.026949603110551806,-0.046589381992816994,0.0013761064037681008,-0.0006375825032591993,-0.0013664998114109005,-0.005239658057689698,-0.010310765355825396,-0.021577775478363002,-0.0028295973315835008,-0.001802850980311601,-0.0020501813851297006,-0.0040700025856494,-0.008015725761652,-0.015628080815076797,0.002264969050884201,-0.00013788137584919927,-0.0020386849064379996,-0.0009034108370543012,-0.011278178542852402,-0.015056659467518402,-0.0009754113852977007,-0.0021266741678119,-0.0014066268922761002,-0.0036630425602197994,-0.011663520708680201,-0.008339313324540798,-0.0016569397412241,-0.0021412405185402003,-0.0007423708448186,-0.0045959753915667,-0.010655288584530298,-0.004074245691299501,-0.0011453763581812,-0.0016767316265031,-0.00039492313226220004,-0.009323313483037101,-0.0092270761379041,-0.002328316157218,-0.0044684401946143,-0.0010431573864479757,-7.34863860997981e-05
members/member_422.png,1,-0.005006074905395501,-0.016426078975200695,-0.043448887765407604,0.0006650919094681011,0.00014972500503069967,-0.003840539604425401,-0.0034771468490361994,-0.009734272956848103,-0.022253446280956296,-0.0006548576056957002,-0.0014276476576924992,-0.0006395978853107002,-0.0015646368265152012,-0.007569391280412702,-0.0129733122885227,-0.0025958400219679,-0.0016106129623948999,-0.0012997607700525994,-0.0016405191272497004,-0.009309208020567897,-0.0160588957369327,0.0006443895399571003,-0.0005328995175660003,-0.0020983696449548,-0.004330773837864399,-0.0085464548319578,-0.009800292551517499,-0.0012611881829799002,-0.0013969345018267996,-0.0014230710221455002,-0.0023706387728452995,-0.007035497575998301,-0.0052501978352666005,-0.0013028178364038,-0.0008275809232145001,-0.0005512372299563,-0.0086023714393377,-0.0096913420129568,-0.0035910820297431,-0.002526092226617,-0.0021585888971457747,-0.00018232108413936121
members/member_423.png,1,-0.0020068772137164965,-0.0258032009005547,-0.0394519008696079,0.00026215147227049915,-0.0025290865451097003,-0.0018573813140392,-0.004555126652121603,-0.012088090181350708,-0.016898157075047503,0.0003734091296792013,-0.00022565573453909964,-0.0023835012689233004,-0.0005130469799040985,-0.011184375733137096,-0.009493296965956698,-0.0016788700595498007,-0.0023864028044045006,-0.0010096766054629998,-0.0026591718196869,-0.018417624756693902,-0.010791380424052501,-4.3408479541599994e-05,-0.0020114728249608998,-0.0013121425290592002,-0.0026426110416651015,-0.0124448556452989,-0.0046068786177784,0.0015508173964918007,-0.002112444373779,-0.0005041012482252,-0.007597895339131399,-0.0082007977180183,-0.0019680679542944,-0.003809682559222001,-0.0009913005633279998,-9.778219828148041e-05,-0.0118543227436021,-0.0056390942481812,-0.0010796375063364,-0.0039505955064669,-0.000756685345549983,-2.9236893169581897e-05
members/member_424.png,1,-0.006575824692845397,-0.020343754440546008,-0.04516515135765069,-0.00040275231003760077,-0.0006010197103023997,-0.0008272835984826001,-0.002770800143480301,-0.007405642420053496,-0.020259644836187404,-0.00010641291737559927,0.0013834154233336986,-0.0022815316915512,-0.002414820715784999,-0.006676848977804205,-0.0140830688178539,-0.0011499640531838,-0.0033416594378650995,-0.0020084229763597,-0.005029801279306401,-0.0130000710487366,-0.019215499982237802,-0.0010362379252910996,-0.0009440644644199995,-0.0016375547274947002,-0.0003235340118407995,-0.015081822872161896,-0.0111555112525821,0.00022528553381569952,-0.0023864910472185,-0.0009954336856025999,-0.0052375160157681,-0.011106987483799402,-0.0052829314954579,-0.0018597058951855,-0.0012995649594813002,-0.00027968133508699997,-0.0098749750759453,-0.0085238969768398,-0.0030364337726496004,-0.0033665398368611997,-0.001223514340381352,-9.844631495062108e-05
members/member_425.png,1,-0.0063936039805412015,-0.0311233922839165,-0.07076312601566309,-0.0020181806758045994,-0.0011990843340754995,-0.003689825534820601,-0.004703603684902198,-0.018241137266159002,-0.0316625237464905,-0.0007457314059138003,-0.0032580443657933998,-0.0028789620846510003,-0.0015034023672342994,-0.0109042376279831,-0.0195283591747284,0.0003245584666728991,-0.0004245350137353004,-0.0015806988812982997,-0.0032854154706001004,-0.0193001367151737,-0.0213017724454403,-0.0029580043628811992,-0.0010416405275463997,-0.0020966967567801,-0.0072881653904914995,-0.014430807903408997,-0.0092049604281783,-0.00021947408095000006,-0.0017189709469676,-0.0007009027758614001,-0.0032607596367597025,-0.009472321718931202,-0.0038859003689140003,0.0011751297861336994,-0.0015276394551619998,-0.00022094786982043317,-0.013839408988133099,-0.009037488081958199,-0.0021364418935263998,-0.0053515415638685,-0.0015289450493582819,-4.929372516926378e-05
members/member_426.png,1,-0.0012112036347389984,-0.02481136471033099,-0.0374088957905769,0.0031181070953607993,0.0008303569629789006,-0.0019127470441161996,-0.004253420978784499,-0.015502847731113406,-0.014886941760778497,-0.0030587203800677993,-0.0024690916761756004,-0.0008492004126310999,-0.002881370484829001,-0.013144623488187797,-0.0089670848101377,-0.0005971770733594998,-0.0012033507227898,-0.0024660755880177004,-0.0040375739336013,-0.017979949712753303,-0.010051900520920802,0.0004778308793901998,-0.0012545920908450994,-0.0010758216958492999,-0.007274115458130902,-0.011194577440619496,-0.0045294074807315995,-0.0023983079008758007,-0.0003822883591056,-0.0006586379604414,-0.005910773761570398,-0.0091255074366927,-0.001996029051952,-0.0016161054372786999,-0.0019931385759264,-0.00023793314176139848,-0.011381845688447401,-0.0112736774026416,-0.0010769880973385002,-0.0038574059726671,-0.002162511285860044,-9.19952071853914e-06
members/member_427.png,1,-0.005297511816024801,-0.019236065447330496,-0.040243349969387096,-0.00014189118519420015,-0.0008886912837625001,-0.001329633872956001,-0.0031532738357782017,-0.007864475250244099,-0.0225091837346554,-0.0005135857500136003,-0.0002857325598597006,-0.0030076894909143994,-0.004150008782744401,-0.0057163909077644,-0.0150925032794475,-0.00022657215595249958,-0.0007722778245806998,-0.0010175388306379002,-0.004091626033186999,-0.011559525504708304,-0.018072260543703998,-0.0019278051331639004,-0.0008886591531335995,-0.0021492692176253003,-0.0016829483211039994,-0.0090159811079502,-0.009408628568053301,0.0008803354576229997,-0.0018334693741054002,-0.0009386871824972001,-0.0022297715768218006,-0.006965799257159299,-0.005050397478044,-0.0012695891782640994,-0.0020526066655293003,-0.00042560440488160003,-0.0097151137888432,-0.009027460997458499,-0.0031088859250304,-0.0033771417220124006,-0.001674563634878653,-0.0001341469906037152
members/member_428.png,1,-0.003884872421622297,-0.0276045501232147,-0.060816250741481795,-0.0003647599369287994,-0.002843719441443699,-0.0019425735808909,-0.0035438593477011004,-0.015193622559308999,-0.025181375443935394,-0.0014723399654031,-0.0013681128621101006,-0.0018251561559736,-0.001987366005778299,-0.010113757103681599,-0.017986636608839,-0.00022646877914660017,-0.0012593334540724997,-0.0008497959934175995,-0.005419656634330701,-0.010594628751277903,-0.019593512639403402,2.158293500539952e-05,-0.0009012341033667998,-0.0033759807702153,-0.003593204542994501,-0.009030744433403,-0.0111392177641391,-0.0014586867764591997,-0.0020677032880485,-0.0008629761578049999,-0.0037256628274918,-0.007413060870021601,-0.005283683072775601,-0.0010181786492466996,-0.0010936197359114998,-0.0003123668284388,-0.0085848986636847,-0.00514008582104,-0.0029326115618459997,-0.0036452096537687,-0.0007012314381426133,-7.620327232868193e-05
members/member_429.png,1,-0.006465619429945897,-0.02277328446507449,-0.0383224338293075,-0.0017217434942722,-0.0012930659577251,-0.0011856695637105993,-0.0033005103468894993,-0.013363670557737406,-0.014304764568805698,0.0016332790255546006,-0.0029461737722158007,-0.0015357993543148002,-0.001625694334506999,-0.0078656822443008,-0.009395152330398598,-0.0006748065352440002,-0.0014119246043264996,-0.0013229304458946003,-0.004098836332559603,-0.013719813898205795,-0.0102832047268748,-0.0003267494030297002,-0.0024057168047875,-0.0015389964682981999,-0.005237033590674399,-0.008535117842257002,-0.0051313855219633,-0.0023892601020634,-0.0012137439334764999,-0.0006673370953649001,-0.0032018152996897004,-0.0061560394242405996,-0.0022592151071876,0.0001404886133968995,-0.0009778894018381999,-0.000164416829648,-0.0085288784466684,-0.0041650499042589,-0.0012642511283047,-0.0048202050966211,-0.0006580900426342459,-6.316670260268125e-05
members/member_430.png,1,-0.0017089769244193961,-0.0339156463742256,-0.08574612438678741,-0.0028982264921069995,-0.0022498648613691,-0.0040242448449135,-0.0019964054226875028,-0.021113485097885104,-0.03903913497924799,0.0022950572893023994,-0.0024579046294092993,-0.0007396694272756993,-0.0019626952707767972,-0.013315428048372296,-0.023362874984741294,3.4095719457002266e-06,-0.0002998709678649998,-0.0029689124785362998,-0.005269570276141104,-0.021608352661132806,-0.035209055989980705,-0.0035428851842880995,-0.0028528077527881007,-0.0041508057620377,-0.008393235504627297,-0.015818070620298396,-0.0197396036237478,-0.0012220684438943004,-0.0017126682214438998,-0.0011231918470002,-0.006603727117180802,-0.0113613894209266,-0.0090057849884033,-0.0010062102228403993,-0.001958881970495,-0.0003341518095113,-0.0124646502081305,-0.0086444301414303,-0.0049970815889537,-0.004061611485667501,-0.0011564981323316948,-6.38469573458913e-05
members/member_431.png,1,-0.004299625754356405,-0.0405683815479279,-0.08739432692527771,0.0002780519425868988,-0.0005618557333946991,-0.007076111622154799,-0.006720310077071197,-0.0208286270499229,-0.0432251393795014,-0.0022097527980805,-0.002533361315727201,-0.0007513617165386,-0.002381335943937298,-0.011892847716808388,-0.0232944637537002,-0.00011841766536229911,-0.0011006267741321997,-0.0018648137338460003,0.0003719199448823998,-0.019595403224229806,-0.028335556387901306,0.0008585583418607001,-0.0020787250250577996,-0.0015879445709287999,-0.005184547975659301,-0.0167216956615448,-0.017260380089282996,-0.0023332056589424003,-0.0023140052799136,-0.0026773200370371003,-0.003891624510288301,-0.013272495009005101,-0.0090942652896047,-0.0016592210158705998,-0.0019243567949161,-0.0006523512420245,-0.0112869024742395,-0.0134515797835774,-0.0054957100655883,-0.0036519343266263006,-0.0015030055219539577,-0.00018856079987010008
members/member_432.png,1,-0.006070297211408601,-0.011342369019985199,-0.057333365082740784,-0.0014662262983621,1.7292797565401224e-05,-0.0023832526057959,0.0001390781253576001,-0.006566874682903304,-0.028630197048187207,0.00021747080609210018,-7.60201364755006e-05,-0.0035908529534935995,-0.0018131211400032009,-0.0067125894129276,-0.0179815888404846,-0.0006862161681055997,-0.0004980792291463003,-0.0019751905929297005,-0.002408672124147398,-0.007973223924636896,-0.0193172674626112,0.0006887214258312997,-0.0027581355534493993,-0.0013553929748013997,-0.0012369398027658011,-0.010947411879897104,-0.0104449586942792,-0.0012839459814131,-0.0016058967448771004,-0.0012663479428738,-0.002451256848871701,-0.011254691518843198,-0.0051455707289279,0.0011610235087573,-0.0017935172654687998,-0.0003286224819021,-0.0112392501905561,-0.0108169948216528,-0.0029383372311713,-0.0060619239229709,-0.0015495782972720605,-6.833884981458956e-05
members/member_433.png,1,-0.005261698737740503,-0.0407260507345199,-0.07621835917234421,0.0010907594114542007,-0.0028650024905800004,-0.004581652116030401,-0.0037531089037656992,-0.019386954605579404,-0.02966709807515141,-0.0025300662964583007,-0.0023166895844043004,-0.0022294104564934995,-0.001302791759371702,-0.0126884244382382,-0.016255553811788597,0.001260658726096201,-0.0007432340644299993,-0.0011703084455803002,-0.004924258217215597,-0.0179607737809419,-0.0136394435539842,0.0009901188313960994,-0.0018964670598507001,-0.0009635249734856,-0.0023577623069286,-0.009754573926329599,-0.0055794725194572995,-0.0014785374514759003,-0.0005513785872608003,-0.0003507176297717,-0.004712286405265302,-0.006179457064718001,-0.0022565822582692003,-0.002765504643321,-0.0014853189350106,-0.0001352978215436028,-0.010575367137789799,-0.0042901422712021,-0.0011940236654482,-0.0030771959573031,-0.000882836871824041,-1.7508675227873027e-05
members/member_434.png,1,-0.004966460168361598,-0.031481184065342,-0.052102573215961484,0.001140237785875799,-0.0003361469134689002,-0.0019863350316882003,-0.001972019672393799,-0.009523719549179098,-0.024737223982810905,-0.0015979055315255997,0.00017532426863909982,-0.0009776419028640002,-0.002765268087387099,-0.006370808929204899,-0.013871524482965497,0.0015280069783329998,-0.0008171056397259001,-0.0007701246067881003,-0.004556369036436102,-0.0108175314962864,-0.016419127583503702,-0.001059901900589499,-0.0014661285094917003,-0.0016452870331704998,-0.002365941181778901,-0.013155424967408201,-0.0119449570775032,-0.00010615866631270149,-0.0029911322053521997,-0.0021040316205471997,-0.004891435615718399,-0.011189089156687301,-0.0070877964608371995,-0.0037826341576873996,-0.0013637942029162999,-0.0007968680147314,-0.0100513608194887,-0.0099025460076518,-0.0043707132572308,-0.0027442995924502997,-0.0015784213683218223,-0.00012704621622104065
members/member_435.png,1,-0.004624990746378902,-0.024365749210119303,-0.0378294438123703,-0.0009366478770970995,-0.0034718401730061002,0.00011610239744189871,-0.0009535178542136973,-0.010904632508754696,-0.017782457172870705,-0.00025905435904859976,8.106091991070055e-05,-0.0020806770771741997,-0.0045209191739559,-0.007483102381229401,-0.011218816041946397,0.0002208487130701993,-0.00029278080910449984,-0.0011193496175109993,-0.002221537753939601,-0.009693693369626999,-0.0179630722850561,0.0007839701138436005,-0.0011794948950410002,-0.0028069892432541,-0.003623435273766601,-0.006863608956337001,-0.010891644284129101,-0.0025886492803692002,-0.0011577859986573002,-0.0014694193378091002,-0.0016646031290291994,-0.0063785342499614005,-0.005497236037626901,0.0013733603991568002,-0.0012322404654697,-0.0004478965856833,-0.0108475317247212,-0.0065645866561681,-0.0033260821510339,-0.0056682191207074,-0.0014641925881732237,-0.00012188352411607724
members/member_436.png,1,-0.0036967843770981043,-0.028477311134338296,-0.07379989326000219,-0.0017018495127559003,-0.0011535752564669002,-0.0044570690952241,0.0023060180246829987,-0.019896917045116508,-0.03292915970087049,-0.000799546483904099,-0.0017336383461951984,-0.0010294471867383003,-0.004917159676551798,-0.0148982554674148,-0.0172489397227764,0.0011656130664050995,-0.0011667557992041007,-0.0007126820273696999,-0.0075645055621861995,-0.019991740584373495,-0.0195454489439726,-0.0022478434257209995,-0.0023397430777550004,-0.0022266702726483996,-0.0063982661813497994,-0.0180522426962852,-0.008653694298118401,0.0011544777080417,-0.0013915244489908002,-0.0009387689642608001,-0.005655578337609799,-0.011321973986923702,-0.0043938506860286,-0.0023586535826326006,-0.0020268533844500997,-0.0003702816029545,-0.011621496640145801,-0.0139247752376832,-0.0025791311200009,-0.003939984366297699,-0.0019169041297572229,-0.00013801160457652464
members/member_437.png,1,-0.004911979660391801,-0.0193286612629891,-0.038121547549963,0.0003404198214411996,-0.0027957116253674004,0.00023564416915180034,-0.0025656577199696974,-0.010354610159993099,-0.0166216306388378,-0.0012340396642684989,-0.00022649904713030033,-0.0016732532531023,-0.0020522587001324012,-0.005306903272867199,-0.008287429809570299,-0.0018400447443128005,-0.0020136507228017,-0.0021767965517938,-0.0015166196972132007,-0.008935539983213,-0.012493291869759601,0.0003060968592762999,-0.0012690729927270997,-0.0020529304165393,-0.0029915198683739003,-0.006700173951685399,-0.0063898982480167996,0.0003456147387624004,-0.0012985459761695,-0.0007996600470506001,-0.0018004644662141002,-0.004280334105715201,-0.0027051338693127,-0.0010210941545666001,-0.0006598961772397,-0.00018654230370889998,-0.0092339476104826,-0.0032262516906485,-0.0014618265413446,-0.004477871581912,-0.0009650953270465043,-7.031896348043648e-05
members/member_438.png,1,-0.005685441195964796,-0.021456997841596596,-0.036247678101062705,2.4121720343800446e-05,-0.0015334854833781997,-0.0009896662086248996,-0.0016645081341267014,-0.010705906897783196,-0.014586208388209398,0.0009880964644254,0.00013329321518540035,-0.0017286885995417005,-0.0022422596812247987,-0.010085232555866304,-0.008518772199749901,0.0002508619800209999,-0.0034339111298323,-0.0019357553683221997,-0.0047961883246899,-0.013006275519728598,-0.010286604054272199,-0.0014476785436273003,-0.0005054462235421003,-0.0010539971990511,-0.0034942626953125,-0.008574982173740898,-0.0048982149455696,-0.0016376450657844994,-0.0018494639080016998,-0.0006129633402452001,-0.004675185307860402,-0.0054880189709365,-0.0023223207099364,-0.0008676964789629,-0.0007571829482913002,-0.00021155735885249,-0.0096101877279579,-0.0045300054480322,-0.0012675694015342,-0.0039480952546,-0.0011979256069025574,-3.267878128099255e-05
members/member_439.png,1,-0.005601948127150501,-0.0243378058075905,-0.060137704014778096,0.0024004750885069995,0.0011488171294330995,-0.0037313401699066006,-0.004742056131362901,-0.013236314058303798,-0.030514985322952298,-0.0019144420512020996,-0.002147258259356001,-0.0034987954422831995,-0.0021018814295529972,-0.009642403572797803,-0.0187301449477673,0.00045015336945649926,-0.0012209471315145996,-0.0006205693352967999,-0.004283474758267403,-0.017762329429387998,-0.0216105859726667,-0.0022315387614070996,-0.0020613204687832997,-0.0022511235438287002,-0.0008627176284790976,-0.013327697291970298,-0.0104809612967074,0.0008336403407157005,-0.0013410418760032,-0.0009857348632067,-0.0052597979083657005,-0.0108068091794848,-0.0045794870238751,-0.0025979252532125005,-0.0019804927287623,-0.0002371176233283,-0.009685243014246201,-0.0080673040938564,-0.0024353892658837,-0.003490318544209,-0.0012051574103679394,-7.306555926324644e-05
members/member_440.png,1,-0.007368940860033098,-0.026710636913776398,-0.07320775091648109,-0.0010576890781521988,-0.0021263640373944993,-0.004166660364717301,-0.004508730024099301,-0.0174717642366886,-0.03228655830025671,-0.0025547975674271002,-0.0018080496229232,-0.0015970142558217,-0.0014953315258025984,-0.009094811975956005,-0.015937302261591,0.00017103226855389939,-0.0010239342227578007,-0.0014329326804727,-0.004074253141880101,-0.016393080353736898,-0.0164936678484082,-0.00018366100266570002,-0.0027636459562926994,-0.0015652602887711998,-0.0048483274877071,-0.011039046570658599,-0.006949791684746699,4.054838791490035e-05,-0.001510032452643,-0.00034685606078719997,-0.0059480527415872,-0.005248309345916,-0.0028616893105209004,-0.0018022134900093,-0.0006678936479147001,-0.00015181400522114292,-0.006228692247532299,-0.003363432813785,-0.0015522433823207998,-0.0025854228297249,-0.00040427940257355285,-2.1566011128015816e-05
members/member_441.png,1,-0.004405327141284998,-0.026859909296035794,-0.0434241183102131,-0.0028150910511612996,-0.0027412283234298004,-0.004937372636050001,-0.0008724462240934025,-0.014974385499954203,-0.0184085555374622,-0.0006215199828148001,-0.0007031257264316004,3.0385795980699716e-05,-0.0043841749429703,-0.011788252741098397,-0.009911363944411299,-0.0007747514173387995,-0.0002711429260671,-0.0012303744442760996,-0.003448631614446602,-0.009552443400025402,-0.010238349437713599,0.00017394404858349973,-0.00029999529942869967,-0.0009452551603317,-0.004779681563377398,-0.0078461393713951,-0.007927952334284801,-0.0009027672931552003,-0.0019410885870457,-0.0009569304529578001,-0.0030623534694314003,-0.007360369898378799,-0.0045752821024507,0.0004678540863097,-0.0012434520758689,-0.0006033559475327,-0.011347804684192001,-0.0129647066351027,-0.0032747202785686,-0.0050035864114761994,-0.0027489710410008154,-0.00011611936133697662
members/member_442.png,1,-0.008970912545919401,-0.035522431135177696,-0.0549858547747135,-0.0024403408169747006,-0.0019975984469056,-0.0036817223299294003,-0.0017892215400935017,-0.017497161403298298,-0.018590901046991397,-0.0001218654215334996,-0.0021795486100018996,-0.0012590158730745999,-0.0039048083126544987,-0.0097571909427643,-0.0086072450503707,0.00022179819643490008,-0.00047932751476759995,-0.0007483002264052001,-0.003215836361050599,-0.0109298517927528,-0.0069433120079338,-5.085114389660056e-05,-0.0009852356743067002,-0.0003747756127268,-0.0046253707259893,-0.0041432282887399,-0.0025502042844892,-0.0022572358138858994,-0.0003487691283226,-0.00020171553478579997,-0.002877832390368002,-0.0025482857599854,-0.0010426951921545,-0.0011486462317407001,-0.0008285843650811,-2.0775281882400007e-05,-0.011535679688677199,-0.0014550917258020378,-0.0005497246238518667,-0.0036753385793418,-0.00047214857295324293,-4.774731496573892e-05
members/member_443.png,1,-0.005571041256189402,-0.024625614285469,-0.0548391565680504,0.0009191278368234999,-0.0020699063315987015,-0.0052946275100112005,-0.004140965640544902,-0.014088742434978499,-0.023709550499916104,-0.0006367927417158994,2.058688551180056e-05,-0.0010321859735994998,-0.0033211931586264974,-0.006523635238409105,-0.014848204329609899,-0.0012182337231935007,-0.0003788881003856,-0.0013452065177261999,-0.005222419276833503,-0.017826544120907797,-0.0157005740329623,-0.0009298846125601994,-0.0034514470025897,-0.0015206790994853002,-0.0032321996986865997,-0.013162084855139202,-0.0067296442575753,-0.0001052920706570001,-0.0022208911832421996,-0.0005435062630566999,-0.005797710269689598,-0.0088172322139144,-0.0026913059409707997,-0.0019608633592725,-0.0014028025325388003,-0.0001917852350743386,-0.008387840352952501,-0.0064041271689348,-0.0014984945446485,-0.0031260657124222,-0.0011121482457383159,-1.1429186997702345e-05
members/member_444.png,1,-0.006405595690011999,-0.0233217291533947,-0.040673293173313196,-0.0016110460273921004,-1.3917684555098814e-05,-0.0008979002013802997,-0.0030745491385459,-0.0112062990665436,-0.024008400738239205,-0.0003878637216985,-0.0015948652289808005,-0.0041199298575519995,-0.0015843864530325005,-0.0073268823325634,-0.013748366385698402,-0.0003012637607753997,-0.0010264320299029003,-0.0014555470552296006,-0.0036893691867589985,-0.014035157859325399,-0.016701659187674495,-0.00035968888550990015,-0.0018153889104724,-0.0018250002758576998,-0.0041545741260052005,-0.012096143327653398,-0.0088322157971561,-0.0012472094967961997,-0.0027471167268231997,-0.0010387535148766,-0.005449737422168302,-0.007234961260110101,-0.0041825545486063,-0.00030986405909060044,-0.0007120609516277001,-0.0002174824257963,-0.0073291468434035,-0.0056840183970053,-0.0023542452108813003,-0.0035211051581426995,-0.0011859504447784195,-6.30669819656602e-05
members/member_445.png,1,-0.006048340350389501,-0.02843000739812851,-0.0528098233044147,-0.0007891580462455992,-0.0019303727895021005,-0.0035322485491634005,-0.005449289456009799,-0.01599134877324109,-0.022231940180063296,-0.0011632498353719998,-0.0009628762491047998,-0.0017814585007726999,-0.004058610647916797,-0.015821464359760305,-0.012419426813721601,0.00034706527367239955,-0.0006313039921224005,-0.0002998113632202001,-0.005293624475598401,-0.0161013174802064,-0.014411053620278901,-0.0012785708531736998,-0.0032366772647947,-0.0018604104407132,-0.004882988519966601,-0.011546313762664798,-0.006745673716068299,-0.0012836926616729,-0.0002755785826594002,-0.0006929986702744,-0.0031828265637159,-0.0086696287617088,-0.0033060172572731,0.0007261321879923994,-0.0017484896816312998,-0.0002956070165965,-0.0106803909875453,-0.007746227347524799,-0.0019352374947630001,-0.0050281641306355995,-0.0013029958281549048,-5.121822323407994e-05
members/member_446.png,1,-0.003722719848156003,-0.0192839913070202,-0.03390070423483851,0.00022883899509900003,-0.0032022227533161996,-0.0018684458918868992,-0.006631614640355096,-0.013920404016971602,-0.0164019241929054,-0.0022080950438975993,-0.0021568299271165995,-0.0014226976782084006,-0.002192519605159801,-0.007726367563009297,-0.008062314242124599,-0.0008410364389419001,-0.0009958720766008004,-0.0014423059765248999,-0.005741845816373801,-0.010657800361514098,-0.009141420945525102,-0.0010083331726491998,-0.0009229911956936,-0.0007890914566814999,-0.005046700127422799,-0.006144695915281802,-0.004977892152965099,-0.0005141906440258,-0.0004477330949157997,-0.0006955821299925999,-0.0024708993732929004,-0.0048572476953268,-0.0024513381067663006,-0.0010523218661547002,-0.0015221807407215001,-0.00033828130108295773,-0.0071303665172308996,-0.0050246424507349,-0.0015111291431822,-0.0029729875968769,-0.0010351824603275757,-4.8169818910537274e-05
members/member_447.png,1,-0.006532341241836603,-0.021437466144561705,-0.039710126817226396,-0.0016668341122567003,-0.0014855954796076003,-0.0035182391293347,-0.0019298456609248976,-0.009745031595230103,-0.014574903994798605,-1.3570766895999904e-05,-0.0022041597403585998,-0.0011378496419638,0.0027492251247168004,-0.005937833338975896,-0.008260389789939,0.0016450313851237002,0.0015507815405726997,-0.00034828041680160004,-0.0042053125798702,-0.006124574691057202,-0.008469794876873498,-0.0016710590571164998,-0.0009874398820101998,-0.0012077331775799,-0.0054168421775103014,-0.005984213203191799,-0.004697671625763101,-0.0016292124055326002,-0.0015528225339949998,-0.000855114456499,-0.0027303481474519,-0.004733434878289701,-0.0023470928426831995,-0.0013488442637025998,-0.0017178280977532,-0.00025564150564602654,-0.0077250592876226,-0.0088307659607381,-0.0014929129247320998,-0.0029759600292892,-0.0016009208775357579,-6.001210931572132e-05
members/member_448.png,1,-0.008739355951547595,-0.0360737442970276,-0.07978029549121861,-0.004573089070618101,0.001179192215204199,-0.0031550982967019003,-0.0029968358576298003,-0.019390374422073406,-0.033867686986923204,0.0014648409560321998,-0.0028369757346808997,-0.0038183205761015996,-0.0047034863382578,-0.017214372754096992,-0.0178733710199595,0.0003026910126210005,-0.000527773052454,-0.0007949228165671002,-0.007202984765172001,-0.0240693744271993,-0.0155602395534515,-0.0038829804398120005,-0.0043180091306567,-0.0011765795061365,-0.002283439040184,-0.0148070482537151,-0.006483496632427,0.0022466103546321,-0.0014130995841697002,-0.0003593040019041,-0.0036379005759955008,-0.0081295254640281,-0.0024952146923169,-0.0023525543510913,-0.0010716640681494,-7.919617200960929e-05,-0.0103371676523238,-0.0046850096987327,-0.0013566630368587,-0.0040742461569608,-0.00044002283902947717,-2.9188060580054298e-05
members/member_449.png,1,-0.003816489130258602,-0.03588963299989699,-0.055400051176548004,-0.002926551736891299,-0.0010014269500970997,-0.0040981206111610005,-0.006270935758948298,-0.018584489822387695,-0.022373303771018996,-0.0010535409674048007,-0.0035962397232652005,-0.0006500021554529996,0.0005182269960642,-0.008711963891983102,-0.0139153972268104,0.0015034787356853,0.0018672617152333,-0.0021686735562980006,-0.0065250545740128015,-0.020572714507579803,-0.019385240972042098,-0.00023700669407840033,-0.0035660518333315997,-0.0016636797226964998,-0.0023579355329274992,-0.0196413844823837,-0.0098614562302828,-0.0019378396682440992,-0.0011524646542966002,-0.0010332969250158,-0.004513979889452499,-0.0151895089074969,-0.005003332160413199,0.00040901126340029976,-0.0029728948138654002,-0.00039458528044629995,-0.0106295496225357,-0.0132552495924756,-0.0029453042661772002,-0.0042670508846641,-0.001470695882744588,-0.00010704797023206703
members/member_450.png,1,-0.0068450905382633,-0.017881542444229105,-0.0446517243981361,-0.0018921801820396995,-0.0019791848026215995,-0.0023234346881509,-0.0029367990791797013,-0.008786007761955199,-0.012650214135646903,-0.0005638846196234001,0.0012452141381799993,-0.0009977538138628006,0.000630712136626202,-0.006306834518909496,-0.0052033215761184,-0.00011333776637909975,-0.0007639671675860995,-0.0007310695946217,-0.003882264718413301,-0.0072593167424202035,-0.021836377680301694,0.0005749999545514002,-0.0016200873069465004,-0.0024260738864541,-0.005105696618557001,-0.007495917379856099,-0.021157007664442097,-0.0026578600518405004,0.00015734462067479998,-0.0032220904249697997,-0.0011014258489012996,-0.0126706790179014,-0.019147080369293603,0.0003820946440100002,-0.0032969913445412996,-0.0017756159650162,-0.0080769094638526,-0.0149644062621519,-0.0128414682694711,-0.0036407458828762,-0.002053316162346108,-0.0007208618626463289
members/member_451.png,1,-0.002798032015562099,-0.03332814574241641,-0.075154148042202,-0.0008511776104569001,-0.0025221053510904,-0.0039412286132573995,-0.005648456513881701,-0.017820902168750694,-0.0383031219244003,-0.0012498213909567,0.0006214352324604988,-0.0036097746342421003,-0.002905514091253201,-0.013199709355831202,-0.022352926433086402,-0.0007543521933256999,-0.0016823848709463986,-0.0025301049463451,-0.0044449996203184995,-0.022213652729988098,-0.025386923924088502,0.0004202998243272001,-0.0033124145120382005,-0.0017032641335389999,-0.0019416846334933992,-0.0176270175725221,-0.0116858305409551,0.00010905135422949967,-0.0020848885178566,-0.0006395409291145,0.0003972444683313994,-0.012137814424932001,-0.0048824013210833,-0.0018463912419974995,-0.001595824607648,-0.0002224975251009709,-0.0166773234959692,-0.010061905777547599,-0.0026534907519817,-0.0040290971519426,-0.0009579363577358188,-2.68670883087907e-05
members/member_452.png,1,-0.0006190501153469016,-0.0243517383933068,-0.0664392933249473,-0.0016038874164222994,-0.0025954917073250008,-0.003857683856040299,-0.0022720471024512967,-0.0162215158343315,-0.0290155895054341,0.0014979327097534995,-0.0014711334370075997,-0.0029783938080072004,-0.004520928487181702,-0.014567703008651699,-0.014810908585786799,-0.002254734747111801,-0.0034720003604889003,-0.0009028351632878,-0.007099140435457198,-0.019922584295272903,-0.013726704753935299,-0.001495348755270299,-0.0018304376862944,-0.0007926695689093999,-0.007800988852977801,-0.009541775099933099,-0.0049759147223086,-0.0023386217653751,-0.0013281621504575,-0.0001665419549681,-0.004873345606029001,-0.0048634519334883,-0.0019910224946215003,0.00018586497753859954,-0.0006065131747163001,-7.856088632245001e-05,-0.0082087346818298,-0.0031832970416871002,-0.0010612749902066,-0.0039880874101073,-0.000499537269206478,-3.294384077889845e-05
members/member_453.png,1,-0.007346436381340103,-0.0271455645561218,-0.047220028936862904,-0.0003738263621926013,-0.0034034834243357,-0.003901162184774899,-0.0014498643577098014,-0.014315672218799598,-0.0188673734664917,-0.0003355136141180992,-0.0006732922047376997,-0.0009505655616521003,0.0026504881680010986,-0.007793806493282304,-0.0108061023056507,0.0005815345793961993,0.0003494741395116,-0.0005116714164614998,-0.002598665654659195,-0.016284592449665097,-0.0132779926061631,-0.0035044825635849996,-0.0029269689694047,-0.0017721861368045003,-0.0089090690016747,-0.012939777225256,-0.006159726995974699,-0.00046657491475339975,-0.0019666685257106998,-0.0007516679470428,-0.008145290426909901,-0.007463909685611701,-0.0029838524060324,7.418729364869984e-05,-0.0013180370442569,-0.00020796886383319998,-0.0125360358506441,-0.0054457982187158995,-0.0017098619573516999,-0.0050327824428678,-0.0007870622193876805,-5.473470082500978e-05
members/member_454.png,1,-0.005496753379702599,-0.014869660139083904,-0.028301011770963697,-0.0008413963951171,-0.0006153117865324003,-0.0020192638039589006,-0.0026405993849038974,-0.009293131530284895,-0.0144587084650994,-0.0009292727336287004,-0.0012499168515205002,-0.0017370872665196995,-0.0013679526746273006,-0.005151050165295601,-0.0085672419518232,0.0008729095570743006,0.0006019296124577002,-0.0004919266793877003,-0.003979966044425999,-0.0087892916053533,-0.0102071333676577,-0.0006477320566774004,-0.0021259998902678004,-0.0017866498092188998,-0.0029851309955120017,-0.009635144844651201,-0.0067890677601099,-0.0007774555124341999,-0.0017273821868002996,-0.0010661195556168,-0.0035937419161200003,-0.0068866703659296,-0.0032338362652808003,-0.0002672984264791003,-0.0011164905736222,-0.00030330756999310946,-0.0094068630132825,-0.0052286823483883,-0.0018896711844718,-0.0040404760511592,-0.001059330874340948,-4.887832983513363e-05
members/member_455.png,1,-0.005750842392444604,-0.0319080576300621,-0.0749446526169777,-0.0023530842736364,-0.0011848779395222005,-0.0050436747260392,0.0024524554610252033,-0.01823555678129199,-0.04069849848747249,9.831134229900014e-05,-0.001818829216063,-0.0022261864505708,0.002647012472152696,-0.010731145739555303,-0.025964789092540803,0.0031719002872705997,0.0003947997465729002,-0.0014092135243118,-0.006388513371348398,-0.0270793475210667,-0.0273205768316984,-0.0038579925894738007,-0.004199066199362199,-0.0018181634368375,-0.0055940505117178,-0.0197227988392114,-0.012561001814901801,0.0032840808853507996,-0.0021340281236917006,-0.0007830382091924999,-0.006176738068461401,-0.0132833914831281,-0.0054633133113385,-0.0045900531113148,-0.0018813114147633997,-0.00018854433437800973,-0.0164174668025225,-0.0108983890968375,-0.0030731328588444002,-0.0054413298494182995,-0.0012715978227787665,-5.878777301404625e-05
members/member_456.png,1,-0.0068947076797485005,-0.0213286057114601,-0.070629358291626,-0.0006211763247847002,-0.001701517961919299,-0.004465064033865901,-0.0016863215714693,-0.013804823160171509,-0.030540682375431102,-0.0009621391072869995,0.0007683802396059002,-0.0005248901434242994,-0.0039306953549385,-0.008175406605005299,-0.016886956989765098,-0.0017461795359849002,-0.002632004674524101,-0.0015262374654412,-0.002227323129773199,-0.0150448903441429,-0.0190462823957205,-0.0007021967321634995,-0.0019206143915652995,-0.0019111377187073,-0.002865804359316798,-0.010175390169024499,-0.0109606357291341,-0.00010628532618280062,-0.0008134958334267001,-0.0009832953801379002,-0.004380297847092202,-0.0074364673346281,-0.0065711950883269,-0.0008370345458388996,-0.0011930789332837,-0.0009744293638504999,-0.0089806574396789,-0.0130876997718587,-0.0045524527085945,-0.003689395613037,-0.002770471422991174,-0.00030235377198543033
members/member_457.png,1,-0.007113590836525005,-0.04617328196763999,-0.06194234639406201,-0.0025835409760475003,-0.005233142524957699,-0.004784716060385099,-0.005886882543563898,-0.018544740974903107,-0.0250894799828529,0.0008812500163912999,-0.00020419573411349992,-0.0011071264743804997,-0.0039038490504025997,-0.012677460908889701,-0.012109953910112398,-0.000983436591923301,0.0010043499059975997,-0.0005619782023132001,-0.0021832101047038997,-0.015704400837421497,-0.012036176398396499,0.0005090897902847013,-0.0032416549511254,-0.0011227145441808002,-0.006801171228289601,-0.0104682464152574,-0.005189302377402801,-0.0014700116589666003,-0.0022907395614311,-0.0005613724642899,-0.004259856417775199,-0.0068951896391808995,-0.0023648394271731,-0.0012555448338389006,-0.0008362342487089999,-0.00012439611600703176,-0.0091650509275496,-0.0050762820465025,-0.0013035308729741001,-0.0044344156049191995,-0.0008615858496340582,-5.646505087497643e-05
members/member_458.png,1,-0.005376916378736496,-0.028708368539810195,-0.0888961181044579,2.2905878722598305e-05,-0.0022741155698895992,-0.0034324927255511995,-0.003986015915870701,-0.019474096596240997,-0.0343219786882401,-0.0017142584547399989,0.00019820593297479976,-0.0033083255402743,-0.0013002585619688,-0.010983098298311206,-0.0211408138275146,1.6022473573700305e-05,-0.000927026383578701,-0.0013838696759194001,-0.0035415533930063005,-0.021385528147220598,-0.021285714581608804,-0.0017900373786688007,-0.0035270382650196995,-0.0019213008927181998,-0.0026839990168809995,-0.0153859239071608,-0.0109190470539033,-0.00022098422050479977,-0.0014466068241745,-0.0009001231810544001,-0.008792072534561199,-0.010842321440577502,-0.004778012400493,-0.0028865146450698003,-0.0016496722819284001,-0.0002978275879286,-0.013236795086413601,-0.0084309456287883,-0.0027107602218166,-0.0040394631796516,-0.0012851667197536795,-8.834133041084026e-05
members/member_459.png,1,-0.006638336926698702,-0.027566723525524195,-0.05705137550830838,-0.0025612693279981006,-0.005680474452674399,-0.0046873483806848006,-0.005001025274395898,-0.0148985311388969,-0.030850797891616905,0.0024739867076277004,6.203539669499825e-06,-0.0030684969387949,-0.002008609473705302,-0.010884288698434802,-0.020231142640113803,-0.0027532805688679,-0.00034094415605070115,0.0004072422161698003,-0.003907160833477998,-0.016996826976537795,-0.023425221443176297,-0.0015579387545586005,-0.0025627319701015993,-0.0037100452464073003,-0.002598999068141001,-0.014278007671236902,-0.013078745454549803,0.0002972455695272004,-0.0017775848973542,-0.0012530784588308,-0.00024602748453620045,-0.013695161789655701,-0.011441280134022198,0.0006076856516301996,-0.002274243044667,-0.0018214474548584997,-0.012377944774925698,-0.012633618200197901,-0.0093200994597282,-0.0057509777834639,-0.0014683627159683328,-0.00044184909347675294
members/member_460.png,1,-0.0027525685727596005,-0.026161529123783098,-0.07590238749980929,-0.00014171283692119944,-0.002649393863976,-0.0041004261001944,-0.0024171248078345975,-0.013204067945480291,-0.0416729971766472,-0.0021706093102694,-0.002230243757367101,-0.0015651239082217997,-0.0004875846207142015,-0.0110811293125153,-0.028555721044540405,0.0025602662935852996,-0.0018517840653657991,-0.0021024257875979,-0.003041040152311301,-0.022724594920873607,-0.0338567569851875,0.0001656869426370014,-0.0011022477410734003,-0.0030560111626982004,-0.0036935284733773006,-0.016536444425582896,-0.0173432640731335,-0.0024645593948662003,-0.002618022961542,-0.0008654305711389,-0.007882501929998401,-0.013864844106137801,-0.007966503966599701,-0.0011554630473256007,-0.0010034597944468,-0.00041357506415809996,-0.015212473692372398,-0.0126985928509384,-0.004544432915281499,-0.005375296343117999,-0.0019625528511823895,-0.00010633860802035865
members/member_461.png,1,-0.005340116098523102,-0.012398287653922993,-0.0482367724180221,-0.0044359005987644005,0.0013910685665906005,-0.0033525554463267005,-0.0047320406883955,-0.005468122661113697,-0.0236463472247124,-0.0018363529816270005,6.323307752609947e-05,-0.0015134029090405005,0.0013014040887356013,-0.007579531520605101,-0.017553605139255503,0.0012920522131026,-0.0034587844274938002,-0.0015704948455094996,-0.00014505162835120114,-0.015446096658706707,-0.021993542090058396,0.0006805751472712005,0.0010195337235927,-0.00232172338292,-0.0009410195052623992,-0.015990970656275697,-0.0122080016881227,-0.0002583521418274004,-0.0027123587206006,-0.0010911595309154,-0.003597212955355599,-0.0109619041904808,-0.0061598625034094,-0.0008889567106961996,-0.0008770008571445998,-0.0003831006470136,-0.013174817897379402,-0.013480736291967301,-0.0037593882152577997,-0.004672630690038201,-0.0023859939610701123,-0.0002304476183780329
members/member_462.png,1,-0.005493687465786899,-0.0193767100572586,-0.0250201504677534,0.00024797394871709996,-0.0010886555537581001,-0.0019086010288446999,-0.0042723994702101,-0.006914068013429597,-0.010459467768669097,-0.001788227353245,-0.0011153398081660002,-0.0017271940596401002,-0.0020835585892199984,-0.005770096555352201,-0.005151591263711501,-0.0005831546150147993,-0.0006332204211504,0.0003059646114707002,-0.0011844262480736022,-0.0071259140968323,-0.0070523042231798,-0.0003342987038195003,-0.0007236471865326001,-0.0015125614008867,-0.0033847317099570985,-0.0057327663525939005,-0.0033432194031775,-0.00046574836596849963,-0.0008463435806333997,-0.0006363691936712001,-0.0037326244637370005,-0.0041625492740422,-0.0017020473023877,-0.0012111612595617008,-0.0012573439744301002,-0.0001543718681205,-0.010272657033056,-0.0036318542406662,-0.001066760996764,-0.0036012832424603997,-0.0008016457504708644,-7.568215005448156e-05
members/member_463.png,1,-0.003729047253727899,-0.0309227108955384,-0.050070259720086996,3.066565841440029e-05,-0.0008679274469614012,-0.002987658139318199,-0.004262680187821399,-0.018324084579944597,-0.020808100700378397,0.0009830119088292,-0.0013694432564079996,-0.0016285488381982001,-0.004002690315246599,-0.011245891451835605,-0.010206228122115201,-0.0014793844893575,-0.002579753287136499,-0.0014468780718742999,-0.0035992302000522995,-0.014770984649658196,-0.0114646237343549,3.5614706575900004e-05,-0.0006569554097951005,-0.0009772472549230001,-0.0018182042986154001,-0.009022873826325,-0.0061336695216597,0.00022935681045059986,-0.0021182550117373,-0.0007441116613335999,-0.0021312078461051005,-0.0059692696668206995,-0.00290897290688,-0.0007033515721560002,-0.0008404009277001002,-0.00024240807397288565,-0.0106765655800701,-0.0066645218757913,-0.0016976444167084998,-0.0047956435009836994,-0.001295462159760031,-1.6326092008966953e-05
members/member_464.png,1,-0.004830736666917801,-0.03906859084963799,-0.0529099963605404,0.001022565178573201,-0.0029547992162406002,-0.0027499189600348,-0.005086086690425897,-0.0176775529980659,-0.019420456141233396,-0.0015760967507959002,-0.0017230603843926993,-0.0013341652229428,0.0001351982355118006,-0.0110073313117027,-0.008681422099471101,0.0007724780589341996,-0.0015779533423484005,-0.0012093026889488,-0.005421943962574002,-0.0133542977273465,-0.0084670893847942,-0.0020376043394207998,-0.0009568824898450999,-0.0005393723258749001,-0.003402967005968101,-0.008651873096823701,-0.0033880556002260005,-0.0006454992108047,-0.0014576367102564001,-0.0003982378402725,-0.007828334346413598,-0.0056342082098125995,-0.0014568108599633,-0.0015368703752755997,-0.0011282574851066,-0.0001827954692998359,-0.009745383169501999,-0.004043351655127501,-0.0007790185263728999,-0.0037008109502494,-0.0008311437923111039,-2.2861808247398585e-05
members/member_465.png,1,-0.003211908042430902,-0.0246455557644367,-0.0518781691789627,0.0003885151818394002,-0.0037837461568415,-0.0034899725578725,-0.0038843769580125982,-0.0080335289239883,-0.021078161895275102,-0.0002895379438996003,0.0019972440786660004,-0.0016944629605860004,-0.0034209489822388008,-0.007384721189737396,-0.0126313101500273,-0.0015546632930635998,-0.0015211664140225003,-0.0007616989314556,-0.002233536913990898,-0.012504829093813903,-0.0126958563923836,5.579134449359979e-05,-0.0027756905183196,-0.0019475864246487,-0.002071705646813001,-0.0108255511149764,-0.0064649283885955,-0.0017403298988938002,-0.0011527556926012,-0.0005992551741656001,-0.002433832734823201,-0.008589304983615799,-0.0027888275217265,0.0001327767968177006,-0.0016847020015119999,-0.00018649385310710002,-0.009992424864321899,-0.0064277524943464,-0.0015871833602432,-0.004277350148186101,-0.001047608260705565,-7.019308395679819e-05
members/member_466.png,1,-0.0027205236256123005,-0.023188166320323902,-0.0681665092706681,0.0008737444877625006,-0.0005513057112693995,-0.0046805609017611,-0.001532208174467,-0.016981348395347595,-0.034978978335857294,-1.0783784091500381e-05,-0.0034261634573340997,-0.0028157471679151006,-0.005831282585859302,-0.014405313879251501,-0.0221692845225335,-0.0013488973490894006,-0.00037554139271370017,-0.0009707622230053,-0.0032125283032655993,-0.017233390361070598,-0.0235107932239771,-0.00043718144297599966,-0.0013560093939305002,-0.0029468894936144,-0.0034807268530130005,-0.0156737845391035,-0.0110762827098369,-0.0020671528764069002,-0.0028550890274345996,-0.0007722903683315999,-0.005251063965260998,-0.0118096740916372,-0.0049809638876467995,-3.6349054425900175e-05,-0.0017420962103642,-0.00023506311117670002,-0.0093507509445772,-0.008680906787049,-0.0027809450548375,-0.004003445559646999,-0.0008373859418497542,-9.147382661463323e-05
members/member_467.png,1,-0.0026389956474304962,-0.029950156807899496,-0.04771998152136799,-0.0028975452296435998,-0.0028140153735876005,-0.0011694342829287,-0.001769941300153701,-0.012510232627391801,-0.0194484610110522,0.002396257128566501,-0.0011177081614732994,-0.0022346288897098,-0.002287471666932099,-0.007105614989995998,-0.0101139415055513,0.0010212799534201986,0.0005038324743508998,-0.0011895149946212,-6.929226219650267e-05,-0.012313045561313601,-0.011344145983457602,-0.0031593241728842996,-0.0023609977215528002,-0.0013826134381816,-0.001379009336233198,-0.0078645208850503,-0.005457006394863099,-0.0006744214333592995,-0.0014500643592327998,-0.0005909504543524,-0.005762398242950401,-0.0066358968615532,-0.0024216297315434003,0.0006077121943234998,-0.0016177706420422,-0.00019012274424319998,-0.017128895735368098,-0.0072305984795093,-0.0014781875142944,-0.0067451725481078,-0.001053705789672608,-6.318173473110239e-05
members/member_468.png,1,-0.005053594708442702,-0.043816946446895585,-0.0808534175157547,-0.0006668996065854992,-0.003955785185098699,-0.002723491750657601,-0.005594555288553196,-0.025993213057518005,-0.0317821614444256,-0.0020930687896908006,-0.0015347134321927998,-0.0020611744839698,-0.0008745528757572001,-0.015623558312654502,-0.0163077339529991,0.0021682507358491993,0.0002188147045671992,-0.0010636835359037,-0.0057191941887141,-0.0199058707803488,-0.0173160033300519,-0.003023497294634599,-0.0024984078481792996,-0.0017455228371545998,-0.004598550498485501,-0.0106858387589454,-0.0074030049145222005,-0.0008259420283139004,-0.0015505345072598,-0.0006820180569775,-0.0034164944663643993,-0.0062445844523609005,-0.0033847948070614997,-0.0002183779142797002,-0.0007697804830968,-0.00021560304594453103,-0.0087993757333607,-0.0052151466370559995,-0.0018286259437446,-0.0037256034556776,-0.0010835789944393902,-1.7833233869168894e-05
members/member_469.png,1,-0.002527534961700398,-0.0274374186992645,-0.0669201463460922,-0.0007933741435408002,0.0012435559183359007,-0.004902101121842901,-0.000276960432529505,-0.017143845558166504,-0.029678985476493808,0.0024922266602516,-0.0011795097962022001,-0.001165057532489299,-0.00044358521699899844,-0.010871786624193198,-0.0185399763286114,-0.000945612788200401,-0.0016635344363749001,-0.0017161122523248005,-0.006133405491709799,-0.021074578166008003,-0.022950528189539895,-0.000940321944654,-0.0034699095413088,-0.002549811732024,-0.008405033499002401,-0.014917220920324298,-0.011926952749490701,-0.004121726844459699,-0.0007421392947436004,-0.0014837475027888998,-0.006140361540019498,-0.010519636794924798,-0.0064430194906891,-0.0011052177287639003,-0.0012252852320671,-0.0008096284000203,-0.0113598838215694,-0.0115856042248197,-0.0049574250879232,-0.0034051255788654,-0.0022997101041254916,-0.0003657542911241083
members/member_470.png,1,-0.0035933181643486023,-0.03898044675588609,-0.06590286642313001,-0.0008689826354384006,-0.002887227106839501,-0.004628604743629699,-0.006635116413235699,-0.020139448344707503,-0.0347300283610821,-0.00033944519236689917,-0.0014897249639034002,-0.0021613801363856004,-0.0011691618710756024,-0.012927856296300902,-0.0188924446702003,-0.0005394862964748998,-0.0011004996486007994,-0.0017614285461604,-0.005196552723646199,-0.0187593605369329,-0.019353939220309303,-0.0007443800568581,-0.00043537467718120053,-0.0013489309931173999,-0.0037284307181835,-0.009370160289108798,-0.007240328006446401,-0.0008853697218001002,-0.0027370881289243997,-0.00044968523434370006,-0.004388328641653101,-0.006097759120166301,-0.0030048510525375,-0.0011097709648311,-0.0010898978798650001,-0.00015210512356124582,-0.007242380641400799,-0.0048079275293276,-0.0016415189456893,-0.0033328087301925003,-0.0008290594741992937,-4.178085146122612e-05
members/member_471.png,1,-0.006300333887338701,-0.02721301466226579,-0.05620498210191721,0.0009770235046744,-0.0019107898697257007,-0.0037270099855959,-0.004448238760232898,-0.016631428152322707,-0.0298401154577733,-0.004668865818530301,-0.0027135112322866995,-0.0024451962672174003,-0.0024096705019473995,-0.0104661956429482,-0.017972346395254093,0.0010708183981477997,-0.0009735184721648997,-0.0021565498318523,-0.005808727815747202,-0.016577731817960698,-0.018163355067372305,-0.003424469847232099,-0.0014090300537646,-0.0011542817810551,-0.0035107806324958975,-0.0114709110930562,-0.009312192909419599,0.0025306604802607996,-0.0019517887849360002,-0.0008312096470035001,-0.0043571870774031015,-0.0070800767280162,-0.0039420966058969,-0.0031717512756585997,-0.0012720941449516003,-0.0002996913681273,-0.0098170391283929,-0.0064048695785459,-0.0023531397600891,-0.0038942429237067,-0.0009332594745500652,-6.824728552592181e-05
members/member_472.png,1,-0.007804809138178798,-0.02479641884565359,-0.0437607578933239,-0.000552339479327201,-0.0024210177361965006,-0.0023982683196662998,-0.0012098159641027,-0.01627585291862481,-0.018113831058144497,-0.0005848025903104999,-0.0021093799732625,-0.0010112232994289,-0.0015789959579706019,-0.0134196504950524,-0.010337896645069101,0.0015273429453373007,0.00022336281836030005,-0.0015382209094241,-0.0044981073588133,-0.019259650260209996,-0.0103905946016312,-0.0003141593188047999,-0.0026585841551423003,-0.001283802499529,-0.0041793603450059995,-0.013317696750164101,-0.0042111254297197,-0.0022675651125610005,-0.0022355988621712,-0.00022818028810429994,-0.0053470209240914,-0.0091158370487392,-0.0018589665414765,-0.0018477509729564,-0.0012938909931108,-0.0002124336460837684,-0.0112416470656171,-0.0065288686600979,-0.0010072512159241,-0.0034895485732704,-0.0009607171705283525,-4.433820504345931e-05
members/member_473.png,1,-0.0049673449248075,-0.022680692374706296,-0.03995348513126369,-0.0010911189019680006,2.4674460291900652e-05,-0.002914757002144999,-0.0010332670062781005,-0.0108963698148727,-0.023561749607324607,1.611839979890131e-05,-0.0026316642761231007,-0.0016906308010221005,-0.0015455577522516008,-0.0072651542723179,-0.013090781867504099,-0.0013250033371151005,-0.0008908477611838999,-0.0004448143299668997,-0.002382054924964898,-0.011962030082941104,-0.014658292755484598,0.00028897635638719995,-0.00024560000747449965,-0.0019140697550028,-0.002388525754213302,-0.0085015054792166,-0.0091232741251588,-0.0017499742098153002,-0.0018939820583909004,-0.0012204668601044,-0.0023656431585551,-0.0082774152979254,-0.0044756024144590005,-0.00019944086670879973,-0.0015579913742840997,-0.00041545290150679995,-0.013634216273203398,-0.0080196943017654,-0.0027674525481416,-0.004505921504460201,-0.0019828454423986013,-0.00011456890206311342
members/member_474.png,1,-0.006700374186038999,-0.0326447859406471,-0.06247622519731519,0.0005770223215221994,-0.0015866309404374002,-0.0035796929150820004,-0.0036987531930207963,-0.0224878750741482,-0.02655926719307901,-0.0007831808179616997,-0.0017490866594015997,-0.0011155204847454999,-0.0037529896944761033,-0.011064339429140098,-0.013687461614608699,0.0006944201886654004,-0.0008903048001229997,-0.0007971697486937003,-0.0059103202074765986,-0.0168250259011984,-0.013372950255870899,-0.0033467640168965,-0.0010433588176966,-0.0016443252097816,-0.002444999292492901,-0.012749455869197797,-0.0056198616512119,0.0009895591065287998,-0.0013317838311195,-0.0008273235289379,-0.004234476014971698,-0.007937184534967001,-0.002190190483816,0.0011176844127475999,-0.0023555238731205004,-0.0002078686520691,-0.0111349747749046,-0.0076070881914347,-0.0011243140615989,-0.006870039273053399,-0.0019610930030466954,-5.469027382778176e-05
members/member_475.png,1,-0.0061265751719475,-0.0295213982462883,-0.06103694438934329,-0.0012140851467847998,0.0004496546462179011,-0.003246320877224199,-0.002525692805647902,-0.01136785745620729,-0.025879524648189503,0.0006501823663711999,-0.0011328663676978008,-0.0012596789747476005,-0.0008695553988217995,-0.012876771390438108,-0.017073951661586796,-0.0009800335392356006,-0.0006750584580003998,-0.0017251707613468994,-6.0167163610399393e-05,-0.018055919557809795,-0.022711690515279704,-0.0006378353573381996,-0.0035511064343154,-0.0023505573626607,-0.006407765671610902,-0.016109596937894804,-0.0132917556911707,-0.0011446238495408994,-0.0015077805146575,-0.0013953680172563,-0.0073732836171984,-0.0113858664408326,-0.006351688178256199,-0.0013724402524531,-0.0012377125676721,-0.000451542531664,-0.0126729832263664,-0.0083819038118236,-0.0036377108335728,-0.0038929647998885005,-0.000999288698949382,-8.076840640565194e-05
members/member_476.png,1,-0.005484310910105698,-0.025245711207389894,-0.06324013322591782,-0.0032074400223792,-0.0023641120642423994,-0.0040097502060235,-0.0026286672800778996,-0.015272513031959499,-0.030516799539327698,0.0004889941774308994,-0.0013962625525891009,-0.00287562655285,-0.0006949994713068008,-0.009437996894121205,-0.0194331929087639,0.00024361815303560082,-0.0014242595061659995,-0.0018801593687385,-0.0026445221155881986,-0.015454672276973697,-0.019414672628045,0.0006700484082103001,-0.0011781225912273004,-0.0020011174492538,-0.003636678680777602,-0.0103787938132882,-0.008816646877676299,-0.0013131471350789,-0.0019463752396405,-0.0007174680940807,-0.0046473294496535995,-0.006466356571763801,-0.0036660728510469003,-0.0026589594781399007,-0.0010578465298749,-0.00024516200937790643,-0.009388385806232701,-0.0046212199958972,-0.001983281064895,-0.0032646330073475994,-0.000805600284365927,-3.539674071362242e-05
members/member_477.png,1,-0.0010505411773920025,-0.017951302230358096,-0.055116005241870894,0.0001498665660619007,-0.0015837689861654992,-0.0025457311421633,-0.005537325516343099,-0.008967421948909801,-0.028308954089880004,-0.002033645752817401,0.0003539118915796991,-0.0028717494569719003,-0.004057658836245499,-0.0104429833590984,-0.015243314206600203,-0.0008772881701587998,-0.0019546914845704998,-0.0010877817403525001,-0.003295233473181801,-0.0170757584273815,-0.020721888169646197,-0.00015575485303999988,-0.0007729236967861999,-0.0021336901700123997,-0.005280006676912299,-0.014580896124243799,-0.011072251945734102,-0.0012427354231477,-0.0032613906078041,-0.0007957769557834001,-0.0014351308345794001,-0.0098103862255811,-0.0049774174112826,0.0006682672537863003,-0.0013308920897543,-0.00028547082183649997,-0.0081219801213593,-0.0078592686331831,-0.0028655610512941998,-0.004195355228148401,-0.0012529404739325084,-8.756816532688146e-05
members/member_478.png,1,-0.009402051568031297,-0.03078813105821611,-0.0750866681337356,-0.0028313440270722,-0.00046668481081730065,-0.0033181328326463005,-0.0006746202707290996,-0.0218038409948349,-0.041358970105648096,0.0031292731873690995,0.00018824730068450063,-0.0047550345771015,-0.00013194605708120172,-0.0129363387823105,-0.024897463619708994,-0.0005754418671130995,-0.002317862585187,-0.0010275081731378997,-0.004313841462135298,-0.028050214052200297,-0.030434288084507002,-0.0008152732625604005,-0.00418496504426,-0.0041248193010688,-0.0057311989367008,-0.0234848540276289,-0.0168023090809584,-0.0015794010832905995,-0.0026232302188873005,-0.0013210180331953,-0.0104699535295368,-0.0143901444971561,-0.0076593267731367995,-0.0031666313298046,-0.0010302183218300997,-0.000512717073434,-0.011571060167625501,-0.010930722928606001,-0.0043597307667369,-0.0036459583789109997,-0.001375911153445398,-9.907420098894258e-05
members/member_479.png,1,-0.006022483110427898,-0.0075338743627072005,-0.0114312339574099,-0.0016054604202509004,-0.0005907819140703002,-0.0014472836628557002,-0.003461200743913602,-0.002976084128022201,-0.0046607134863734,-0.0005210018716753006,9.742192924030004e-05,7.224408909679977e-05,0.0008823927491902993,-0.00042398460209370006,-0.0039942692965269,0.0008256053552032003,0.00043541681952770014,-0.0010647615417838,-0.0031995605677365997,-0.004271022044122198,-0.005973603576421799,-0.0008840095251799003,4.3937470763900054e-05,-0.0009854006348177999,-0.0012493617832660987,-0.0031471587717533007,-0.0031373540405184,-0.0005862950347363992,-0.0020338564645499,-0.0005097244284115001,-0.0020224023610354008,-0.0042707426473498,-0.0014085136353969002,-0.0006971238180995005,-0.0013203283306211001,-0.00014297008601715566,-0.007649473613128,-0.0043617186020129,-0.0008203807592509,-0.0038248706841840997,-0.0005987408258078554,-2.7112775569548824e-05
members/member_480.png,1,-0.005650071427226101,-0.0313828662037849,-0.07245299965143209,0.0006428426131605998,-0.0037088477984070995,-0.0062654740177095,-0.0005941558629273987,-0.016159333288669593,-0.031029842793941498,-0.0007797009311616004,-0.0005211369134486008,-0.0013386360369622005,-0.0026007220149040014,-0.012453015893697704,-0.0157209858298301,0.0018394440412520998,-0.0009432099759577994,-0.0010663284920155998,-0.0033826474100351993,-0.014494080096483297,-0.016337573528289802,-0.0020538703538476996,-0.0010653277859092002,-0.0014218657743186001,-0.004393808543682098,-0.011574598029255801,-0.007308491971343799,-0.0005186353810132001,-0.0017674514092505,-0.0007528142305091,-0.0034198267385363024,-0.00860218051821,-0.0034591751173138003,-0.001704279333353,-0.0017836561892182001,-0.00022868443920740002,-0.0105995342601091,-0.007594439550302899,-0.001864583711722,-0.0034957887837663,-0.0010142205683222754,-6.325375943560784e-05
members/member_481.png,1,-0.002363519743084897,-0.017566401511430706,-0.043464753776788705,0.0009639384225010993,-0.0028197024948895004,-0.0046588499099016,-0.0024143066257238006,-0.010875515639782,-0.022055547684431,-0.0015145787037908996,-0.0011527449823916002,-0.0014828457497060997,-0.00047282502055169887,-0.005903255194425597,-0.009303055703640001,0.0015792809426784004,-0.00012288009747869928,-0.00028648995794350015,-0.0032340474426747028,-0.013557042926549905,-0.013292252086103,-0.0021252911537886004,-0.0022815351840108004,-0.0019742872100324002,-0.003192160278558698,-0.009728760458528999,-0.0066197947598993995,0.0004609362222254996,-0.0006304520647973,-0.0007460849301422999,-0.0042041270062327,-0.0061856624670327,-0.0029449379071593,-0.0011112764477729997,-0.0015593376010656,-0.00021912765805609302,-0.008368127513676901,-0.003930490478524,-0.0015939852601149999,-0.0035983473062515,-0.0010658919818524696,-5.215263809077442e-05
members/member_482.png,1,-0.006612386554479606,-0.0330044105648994,-0.06353506445884709,-0.001964082010090301,-0.0042100278660655,-0.0011180127039551995,-0.005230758339166596,-0.0218599736690522,-0.0317641235888004,-0.001230198424309499,-0.0022207633592189,-0.0026559901889414003,-0.0015182904899120019,-0.014306560158729498,-0.015642710030078902,-0.0008983495645225005,-0.0009551718831061996,-0.0011072852648793996,-0.006196983158588399,-0.0172838047146797,-0.0179752064868808,-3.1571369618199965e-05,-0.0010381746105850003,-0.0016081985086203,-0.0048837531358004,-0.0133899357169867,-0.0081325410865247,-0.0016653765924275,-0.0023036198690532996,-0.0007668038306292001,-0.0050029186531900995,-0.008458819240331601,-0.0034642808604986,-0.0010273782536387999,-0.0012817909009755,-0.00018411363998900002,-0.0096762017346919,-0.0063669706869405,-0.0020060611859662,-0.0031478105229325,-0.0011219171537959131,-7.982168608569015e-05
members/member_483.png,1,-0.006522431969642702,-0.0391734912991524,-0.053295724093914004,-0.0023740297183394,-0.0010127136483788993,-0.0023695719428361,-0.003604061901569304,-0.021687358617782496,-0.0217763353139162,-0.0006654337048530995,-0.0032837409526110008,-0.0021425918675959,0.001159802079200703,-0.015746146440505995,-0.010804706253111399,0.0023858305066823994,0.0004099286161364001,-0.0008674155687912999,-0.007051277905702601,-0.021415280178189302,-0.0091151944361627,-0.0041176024824381,-0.0029635317623616,-0.0008982747676783001,-0.002289038151502599,-0.012554186396300801,-0.0035362767521291997,0.0005461079999805,-0.0021381711121647995,-0.0002550628996687,-0.0097681265324354,-0.0073471600189805,-0.0013894631410949,-0.0029728394001722995,-0.0009956349967978999,-7.22995027898862e-05,-0.014965851791203001,-0.0049867735069710995,-0.000759925060265148,-0.0044131531612947,-0.0007575695817649445,-5.21485762874363e-05
members/member_484.png,1,-0.008616808801889402,-0.018440444022417103,-0.033854793757200304,-0.0014895093627273993,-0.0019187396392226002,-0.0026708794757724,-0.003985384479165098,-0.0121453516185284,-0.0167200285941362,-0.0001383782364428,-0.00023411121219399974,-0.0013845702633261,-0.0014851298183203021,-0.0061722844839096,-0.007829034700989699,0.00013701524585479994,0.0002647507935761998,-0.00028967438265679966,-0.004366198554634999,-0.006073260679841,-0.010579451918602,-0.0010583847761154001,-0.0012387079186737,-0.0015369029715658002,-0.0035665817558766,-0.006100410595536201,-0.0064529706723987995,-0.0006923433393240001,-0.0014785004314034995,-0.000810219644336,-0.0032836291939019983,-0.006531451828777799,-0.0034510134719313,-0.0012463997118174995,-0.0014334571314976003,-0.0003524423809722,-0.0118832769803703,-0.007646821031812601,-0.0021873288642381998,-0.0036190831451677003,-0.001306938771449442,-5.085809607402202e-05
members/member_485.png,1,-0.004095386713743199,-0.005994912236928905,-0.025965481996536297,-0.0010347068309784005,-0.00014176080003379995,-0.003323819953948301,-0.0024116486310959,-0.0033574718981980965,-0.012983500957489,-0.0005859048105775998,-0.00029321853071449973,-0.00022970326244829958,-0.0002787625417113009,-0.003735529258847299,-0.009943634271621697,0.0016903909854591006,-0.0009001498110592001,-0.0005677700974047002,0.00016133300960059944,-0.003609785810112901,-0.0140132382512093,-0.0006069834344089005,0.0011593182571231998,-0.0026061811950058,-0.002620848827063999,-0.007300376892089899,-0.0094381049275398,-0.002354380208999,-0.0020244945771992,-0.0011439476511440998,0.0011479631066321997,-0.007027754560112901,-0.0054436742793768,0.0022382372990251004,-0.0017699912423268002,-0.0005956210079602999,-0.006003278307616699,-0.0084651009528898,-0.0035365592775633997,-0.0029007953125984,-0.001470014842197982,-0.0001801114849512933
members/member_486.png,1,-0.0061934608966112,-0.03131821006536481,-0.07393865287303931,0.0011156508699059,-0.0007002428174018999,-0.0033033667132258,-0.00029687955975540165,-0.0122426860034466,-0.032001115381717696,0.0008955067023634997,-0.0014358409680426,-0.001326906029135,-0.0009490177035330997,-0.007446434348821598,-0.0202049538493156,-0.0011078659445046997,-0.0003599305637180996,-0.0015018340200186001,-0.005065290257334699,-0.015815287828445497,-0.023498598486185098,-0.0021307966671884,-0.0015204194933175997,-0.0031015507411212,-0.004558697342872699,-0.0123668294399977,-0.015414142049848999,-0.0009082732722163998,-0.0006006709299982002,-0.0021724823163822003,-0.004144818522036001,-0.008222267031669601,-0.0077534522861242,-0.0005684741772710999,-0.0017317452002316002,-0.0005392767343437,-0.0111771755618975,-0.012341350200586,-0.0048201531753876,-0.0046841988223605005,-0.0025686675871838607,-0.0001685318129602803
members/member_487.png,1,-0.00010773539543149774,-0.02168349176645279,-0.05418081581592561,0.0009111277759074991,-0.0020484272390604,-0.0025999480858444994,-0.005810176953673401,-0.018042143434286104,-0.0266949236392975,-0.0018105702474712996,-0.001344664487987801,-0.0033251219429075007,-0.004917241632938399,-0.008198041468858698,-0.0179916732013225,-0.0010402090847492001,-0.0007843514904380001,-0.0005826535634696995,-0.0057974923402071,-0.015580341219902004,-0.021635888144373897,-0.0010981685481966002,-0.0017084036953746995,-0.0027652224525809,-0.0007144492119550983,-0.0137984305620194,-0.0109192952513695,0.0024726926349104006,-0.0008730343542992999,-0.0013326640473679,-0.0065043782815337025,-0.009826955385506198,-0.0056194062344730004,-0.003930489765480201,-0.0015711288433522003,-0.0005729532713303,-0.010192375746555599,-0.011598026438150501,-0.0032613616785966003,-0.0032515436178073,-0.0024051889049587997,-0.00013716085231860853
members/member_488.png,1,-0.005216363817453301,-0.032103687524795504,-0.09737014770507812,-0.0007624644786118993,-0.002467446029186299,-0.004720609169453401,-0.0038123931735754013,-0.0220638960599899,-0.04580703377723688,0.0004522493109107,-0.0020940494723618005,-0.0020227050408720996,-0.003926346078515098,-0.017545990645885502,-0.029915180057287306,-0.0013637440279127,-0.0013278406113385998,-0.0023345712106675,-0.0054389331489801025,-0.020506687462329896,-0.0328076966106891,-0.0029131108894944,-0.0015604272484779002,-0.0020352586871013,-0.0056967064738273985,-0.0141501072794199,-0.014291096478700699,0.0008554602973162998,-0.0013155643828213002,-0.0009179275366478,-0.002965684980154001,-0.008132022339850602,-0.0060596547555178005,-0.0013418924063443999,-0.0013260320993140997,-0.0002535669555071741,-0.0082965688779951,-0.006414004223188399,-0.0032438171911053,-0.0030660061165689997,-0.0009706145046947448,-3.1464478524867445e-05
members/member_489.png,1,-0.007763277739286499,-0.026017300784587895,-0.053877685219049495,-0.0014118105173110997,-0.0034591555595397993,-0.004117544740438399,-0.0013774819672107003,-0.018828745931386906,-0.023550380021333694,-0.00046162726357579925,-0.0005171070806681997,-0.0014988051261753004,-0.002614898607134798,-0.009774034842848795,-0.012170992791652704,-0.0006880466826260003,-0.0003632516600192001,-0.001319338567555,-0.004850773140788099,-0.0141037497669458,-0.0115785519592464,-0.0004387996159494001,-0.0024410297628492004,-0.0011391245643608,-0.004555875435471601,-0.0049945898354054,-0.0046795157250017,-0.0006481898017227997,0.0011538537219167003,-0.00044419546611609997,-0.0044354191049933,-0.0047432230785489,-0.0019102075602858998,-0.0013526943512261,-0.0023094248026609,-0.00018574679415898763,-0.0079815771896392,-0.004950312199071,-0.0010130930531885908,-0.0035696390550583003,-0.0014236252864065864,-5.344122837414034e-05
members/member_490.png,1,-0.005923375487327499,-0.031490392982959706,-0.052487410604953696,0.000995590351522,-0.0023598661646246997,-0.005050339736044399,-0.0074495300650597035,-0.0106479860842228,-0.028858680278062807,-0.0018925610929727,9.038206189869967e-05,-0.0010005296207964004,3.5330653190602385e-05,-0.011985678225755698,-0.016989946365356494,-0.000597165897488601,0.00044015981256959914,-0.0003430349752306999,-0.004010030999779701,-0.011241156607866301,-0.018992176279425604,-0.0001739612780511995,-0.0025463495403527997,-0.0019067022949457,-0.0021748319268227005,-0.014901537448167801,-0.012821807526052,-0.0027692201547324,-0.0029095499776304,-0.0020001289085484998,-0.0068705305457115,-0.012859847396612199,-0.007390945684164799,0.00039335666224359946,-0.0019637554651125997,-0.0007189625466708,-0.011878754012286599,-0.0101864116732031,-0.0045342980010900005,-0.0042170458473265995,-0.0010460072699060915,-0.00017379287237416429
members/member_491.png,1,-0.007179671898484199,-0.021912164986133603,-0.0440736711025238,-0.0003798655234276997,-0.0026328298263252007,-0.0023088390007614994,3.524310886859894e-05,-0.013058230280876194,-0.017993096262216603,0.0011439346708356996,-0.0005473443306982994,-0.0016096315812320003,-0.003575799986720099,-0.010356396436691298,-0.010736558586358996,-0.0007750820368528002,-0.0010009785182774006,-0.0014295978471636998,-0.005020583048462902,-0.0122304353863,-0.012602550908923201,-0.0013995422050356995,-0.00019105756655329962,-0.0011542976135388002,-0.0023971647024154975,-0.0078167971223593,-0.0062094749882817,0.0012736446224152998,-0.0023378101177514,-0.0006929384544492,-0.006644755601882902,-0.009888824075460502,-0.0028666728176177,-0.0035901390947401003,-0.0021029729396105003,-0.00022431079560182766,-0.0099588008597493,-0.0091432381886988,-0.0016806016647024,-0.0035194870433770996,-0.0012786451225110043,-5.043232886237092e-05
members/member_492.png,1,-0.010488625615835204,-0.03613251447677619,-0.061882421374321,-0.0026282463222743,-0.0026848600246012003,-0.0025173816829920006,-0.003535188734531399,-0.010283656418323503,-0.0335466414690018,-0.0007820175960659998,0.0028406460769474003,-0.0040559405460954,-0.001206999644637101,-0.008889913558959905,-0.022195398807525607,0.00023803766816860028,-0.0023526358418167,-0.002438239287585,-0.0058196634054183995,-0.015501450747251497,-0.029222883284091998,-0.0023842235095799004,-0.0026854020543396005,-0.0026433800812810998,-0.0038343481719493987,-0.013886658474803002,-0.013727851212024699,0.00010663457214829964,-0.0017654779367148998,-0.0008053400961215999,-0.0027051949873566003,-0.0110397767275572,-0.0065213260240853,-0.0002339384518563999,-0.00185118871741,-0.00024305062834179998,-0.008176782168448,-0.0084181140991859,-0.0037290290056262,-0.0043720540124923,-0.0009810676274354647,-9.195927850660698e-05
members/member_493.png,1,-0.007431693375110696,-0.028841145336628002,-0.05942352116107939,-0.00014954432845109937,-0.0015358841046690993,-0.0034303897991777004,-0.0035076476633548043,-0.012667939066886902,-0.028135348111391102,-0.0018778555095196013,0.0007767118513583998,-0.0016276733949780004,-0.0024578161537647976,-0.010104004293680205,-0.014858189970254898,-0.001011000014841599,-0.002769848797470301,-0.00045893806964159966,-0.0017065890133380994,-0.014945454895496396,-0.0186458267271518,0.0013191374018789006,-0.0010984232649206994,-0.0023171516368166003,-0.005964955314993799,-0.012576974928379003,-0.009826490655541502,-0.002385638188570801,-0.0009315563365817001,-0.0010759345022960999,-0.006456415168941,-0.0115948226302862,-0.004932801704853699,-0.0012593232095240992,-0.0031256325310096006,-0.0005148923810339,-0.011954908957704902,-0.0119676603935659,-0.0027896926912945,-0.0038730370579288004,-0.0017906152279465453,-7.295702380352221e-05
members/member_494.png,1,-0.002945836633443902,-0.020858768373727805,-0.0317789763212204,0.000684858299791799,-0.0027581104077398994,-0.0027909707278012995,-0.005624033510684898,-0.0066586248576641985,-0.013652576133608797,-0.0022588088177144,-0.00014118850231170047,-0.0004843794740737005,-0.001817172393202799,-0.007113199681043597,-0.0080010555684567,-0.0001440881751477996,0.0003493851982057008,-0.0015759868547319997,-0.001020235940814001,-0.0109081119298935,-0.007874679751694199,0.0004536206834017996,-0.0021620523184538,-0.0010187145089731,-0.0039622178301216004,-0.0101549560204148,-0.0037607818376273,-0.0013536107726395,-0.0022349655628204003,-0.0006056693964637001,-0.002297515980899301,-0.006984767969697701,-0.0019201873801647999,-0.00027446867898099983,-0.0014824669342488,-0.00032958725932990006,-0.008549737045541399,-0.0055201672075782,-0.0011186581468792,-0.0042600069427863,-0.000966064515523585,-0.00012587129458547223
members/member_495.png,1,-0.0026007257401943,-0.019179612398147604,-0.03497925028204919,-0.0007538516074419004,-0.0009787920862436,-0.0014175628311932,-0.005272846668958699,-0.010556839406490305,-0.015797011554241104,-0.0029599131084979005,-0.0023320754989982,-0.0018450773786753997,-0.002444293349981301,-0.0095619820058346,-0.011282738298177799,0.0010349242947996,-0.0003808806650340002,-0.0015951374080032002,-0.0012413058429955985,-0.014747560024261499,-0.0124224089086055,-0.00031686667352920014,-0.0017227469943464002,-0.0012091534445062,-0.004959247075021302,-0.011192524805664999,-0.005796566605567999,-0.0015183715149759995,-0.0017770568374545,-0.0005766133544967,-0.004177144728601,-0.0072610736824572,-0.0025186982238665,-0.0008026715368033002,-0.0009250905131921,-0.00012886719196093636,-0.0091209480306133,-0.0050769082154147,-0.0014091244083829,-0.0039167391951195,-0.0009138009372690496,-5.2496739954221994e-05
members/member_496.png,1,-0.006297048181295398,-0.023213908076286288,-0.05450028926134119,-0.0025007384829223997,-0.0019415696151553995,-0.0011401008814574,-0.0004213154315948972,-0.013687167316675207,-0.027984373271465295,0.0021842769347132007,0.0010653636418283003,-0.0034519191831350006,-0.0047697033733129016,-0.010070424526929897,-0.016645602881908403,-0.0026197507977486004,-0.0010426691733301007,-0.0008220411837101,-0.0015815570950508014,-0.0175832137465477,-0.018557008355855897,0.0020387596450746,-0.0030050482600926997,-0.0026444939430803,-0.003839002922177398,-0.015761252492666203,-0.008679733145982,-0.0021716034971177006,-0.0023725528735668005,-0.0006974988500588,-0.0063091265037655,-0.0103503614664078,-0.0037537873722613,-0.0012975246645510995,-0.0009738135850056997,-0.0002162297969333898,-0.0096045410027728,-0.0075772881391458005,-0.0020862735837000003,-0.0033850439358502,-0.0011848720350826078,-3.467495844233781e-05
members/member_497.png,1,-0.004420051351189603,-0.0100387632846832,-0.0347522534430028,0.0014680461026729003,-0.0012968662194907006,-0.002255636267364,-0.0011013876646756987,-0.009339615702629096,-0.0141090806573629,0.0013005184009671003,-0.0017558736726641993,-0.0015048875939101002,-0.0021161176264286007,-0.010292738676071202,-0.007909607142209998,-0.0022410051897168003,-0.0014381571672857007,-0.0007948812562971999,-0.006624799221754098,-0.011577004566788701,-0.0079288305714726,-0.0016917693428696,-0.0013987871352582996,-0.0010340311564506,-0.0024209329858422,-0.0067308824509382005,-0.0037850935477764,0.0006541041657328996,-0.00048051192425190015,-0.0006335561629383999,-0.0030923392623663,-0.004971040412783599,-0.0017858886858448,-0.0013339258730411998,-0.0011549172922968999,-0.00034014791162915694,-0.008075751364231101,-0.0050983754626941005,-0.0009132109553321,-0.0044351698597893,-0.0014279358729253938,-4.2651234252844006e-05
members/member_498.png,1,-0.0044424869120121,-0.0273755453526974,-0.05062684044241911,-0.0005823001265526009,-0.0024017663672567004,-0.0028777944389730002,-0.0035729687660931986,-0.012390859425067902,-0.015374632552266097,-0.0002285423688590995,-0.0013995538465677998,-0.0015206872485578,-0.0047917952761054,-0.007711060345172799,-0.0093456562608481,-0.0029891738668083997,-0.0009390451014042,-0.0006511909887195,-0.0009851539507509006,-0.0097609842196107,-0.008133500348776499,0.0009010140784084996,-0.001074783038348,-0.0009302342077716999,-0.002518849447369501,-0.005043487064540401,-0.0031198768410832,-0.0010456689633428998,-0.0006836797110736001,-0.0001644153671805,-0.0027876696549355992,-0.0027221525087953,-0.0012501797755249,-0.0001920294016600002,-0.0004844180657528999,-3.7289202737199995e-05,-0.0063026699353941,-0.0022670375838060998,-0.0007122685856301722,-0.0037742615095339,-0.0006722253347105758,-9.866499931368829e-05
members/member_499.png,1,-0.007176917046308504,-0.0348295792937279,-0.0936491116881371,3.967061638840072e-05,-0.003161640837788599,-0.005124778952449599,-0.004301078617572798,-0.0194139033555985,-0.03930801153182979,-0.0006689103320241009,0.0003192825242876989,-0.0026434529572725,0.0006304811686277008,-0.011622689664363799,-0.020818114280700704,0.0002651326358317999,-0.001560476608574399,-0.0006513975095004004,-0.004087597131729098,-0.014803089201450396,-0.022956343367695798,-0.0006278781220317,-0.0007741958834231004,-0.0020764438668266,-0.0041342042386532,-0.009844902902841603,-0.0101697444915772,-0.0016782446764408996,-0.0007728738710283999,-0.0010299719288014,-0.0046869413927197005,-0.0096306195482611,-0.005460584070533499,-0.0015838872641324997,-0.003061446477659,-0.0004714393871836,-0.013354233698919402,-0.0129928273963742,-0.0034062709455610998,-0.0040374451200478004,-0.0019033645912713637,-0.00011608123168112031
nonmember_0.png,0,-0.002790406346321099,-0.027316182851791396,-0.06266719102859501,-0.0016266368329524994,-0.0027643721550702997,-0.0014456026256085006,-0.0015221871435642034,-0.01484677940607071,-0.0308994278311729,-3.117602318519937e-05,-0.0005055228248238008,-0.0023815287277102,-0.003148002550005899,-0.014878083020448699,-0.016700595617294298,-0.0018708780407906012,-0.0033734822645783997,-0.0013547041453420994,-0.0026662107557058994,-0.020983491092920296,-0.0193912442773581,0.0017040567472577008,-0.0022008451633155,-0.0024105110205710004,0.00014134868979459939,-0.0162011981010437,-0.009642790071666199,-0.001991196535527701,-0.0016002107877283998,-0.0008456308860332001,-0.010112896561622599,-0.0103371436707675,-0.004109881119802599,-0.0038253683596849,-0.0015974725829438002,-0.0001872629436547565,-0.016411028453149002,-0.007068888633512,-0.002324299843167,-0.0034811049117706994,-0.0006842131533630156,-4.4533466279972345e-05
nonmember_1.png,0,-0.004914456978440302,-0.018570877611637095,-0.038427211344242096,-0.0006049750372768004,7.787719368940009e-05,-0.0025721304118632993,-0.0024355426430702,-0.009303916245698901,-0.018801931291818702,-0.0004761703312396986,-0.0013926457613707005,-0.001156321261078101,-0.002897063270211199,-0.005680449306964895,-0.013721514493226998,0.00020637828856709915,-0.0022626826539635997,-0.0024952366948128,-0.0052033718675374985,-0.0159775763750076,-0.017680024728179,-0.0024907551705837996,-0.0018754554912447006,-0.0023139661643654,-0.005558690056204801,-0.011005207896232702,-0.0134856337681412,-0.0005645197816193,-0.0011979348491877998,-0.0017681826720945997,-0.0019576502963901,-0.009359102696180299,-0.0068442402407527005,0.0003046090714633994,-0.0011002582032233,-0.00043637929775280004,-0.0094329242128879,-0.008246366342064,-0.0039058620895957995,-0.003633527434431,-0.0013336959746083933,-0.00012627985779542486
nonmember_2.png,0,-0.005437692627310704,-0.022181361913681003,-0.05462527275085449,0.0003505451604724,0.000793680548667899,-0.0014219270087778004,0.0003077518194914003,-0.017068810760974898,-0.029077682644128806,-0.0004125097766519009,-0.0008248314261435994,-0.0037483521737159,-0.004065766930580198,-0.009955208748578998,-0.015666615217924097,-0.0008478495292364996,-0.0034503461793065,-0.0014928102027624,-0.004233133047819099,-0.015684807673096702,-0.0163678023964167,4.689721390600029e-05,-0.0007451958954335005,-0.0013488725526259002,-0.0038369987159967006,-0.010173731483519098,-0.007063141092658,-0.0009333444759249002,-0.0018684314563869996,-0.0007415372238029,-0.0032882681116461997,-0.0058677960187196,-0.0029828894184903,-0.0017070784233510997,-0.0010228937026113,-0.00023332118871612295,-0.0112690972164274,-0.0047804829373490005,-0.0015809348406037,-0.0038328213850036003,-0.0010458144934091106,-5.5101500038290396e-05
nonmember_3.png,0,-0.008499925956130097,-0.02718650549650191,-0.058767840266227694,0.00042339321225880015,-0.0017081573605536998,-0.0016666948795317996,0.0003501642495393996,-0.0124168135225773,-0.034362465143203805,9.327940642839955e-05,-0.003380749374628101,-0.003882994875311901,-0.0029066950082779,-0.013516027480363894,-0.0219123773276806,-0.0032833339646459,-0.0010802717879415,-0.0013489150442182996,-0.0051889307796955005,-0.014864008873701103,-0.0217266492545604,0.0002919067628681998,-0.0005561816506086999,-0.0017193688545376002,-0.0045518474653362985,-0.008632862940430601,-0.010599675588309798,-0.0014463062398136,-0.0016819150187075997,-0.0014306819066405,-0.0019996790215373005,-0.006834059022366999,-0.005275533068925101,0.0018001231364906,-0.0015727906720712,-0.0005523551226361,-0.0095854904502631,-0.0069875575136394,-0.0031250490428646996,-0.0060637395363300995,-0.0010697076941141711,-0.0001247744075953309
nonmember_4.png,0,-0.003932904452085502,-0.02968765795230871,-0.0786384046077729,0.0006271740421653002,-0.0013327067717910004,-0.004459232557565001,-0.0027367323637008945,-0.0154042169451713,-0.034284640103578595,-8.897762745620034e-05,-0.0016208067536354004,-0.0014254213310778002,-0.006073322147130904,-0.014944028109312092,-0.019955120980739496,-0.0021314611658453993,-0.0010931640863418995,-0.0021168871317058997,-0.0056859534233809,-0.019178204238414702,-0.021489499136805604,-0.0011082771234214002,-0.0022885384969413003,-0.0017848393181339002,-0.006174309179186798,-0.0144464131444693,-0.009752019308507397,-0.00029830494895579946,-0.0018663958180695998,-0.0008073593489825999,-0.004950331524014501,-0.0087512792088091,-0.0042594608385116,-0.0015419246628879998,-0.0007688722689636001,-0.00015194102888919225,-0.0091163405450061,-0.005326573358615899,-0.0022863110934849998,-0.0036005469737575005,-0.00045956781104901096,-3.7946832890156657e-05
nonmember_5.png,0,-0.005222450941801099,-0.03385736793279649,-0.06376128643751139,-0.00022659450769420102,-0.0010371105745433998,-0.0046693538315594,-0.004720665514469102,-0.0176219306886196,-0.029146805405616802,0.00022823177278040105,-0.0013488898985088002,-0.0013287265319377002,-0.0013745352625847002,-0.008569441735744504,-0.0169878862798214,7.877126336099972e-05,-0.0008754893206059993,-0.0019109426066279,-0.0022558830678462982,-0.014677152037620596,-0.015287364833056899,-0.0017093382775784007,-0.0021393683273345,-0.0012396745150909001,-0.005657184869051,-0.011240144260227602,-0.0062602078542114,-0.0005885809659957998,-0.0018345505231992002,-0.0004426150408108,-0.0044955788180232,-0.006935366429388599,-0.0026513712946325,-0.0010695639066397996,-0.001078340690583,-0.00011237496801181249,-0.0115323519567028,-0.0045319433847908,-0.0014238349249354,-0.0042496964451857,-0.0006628928895224084,-3.2458083296660334e-05
nonmember_6.png,0,-0.0073664188385009,-0.023865044116973794,-0.05661398917436598,-0.0030110664665698988,-0.0009091356769204001,-0.001171050593256999,-0.0030657090246678023,-0.014342077076435103,-0.026640642434358604,-0.0004470180720091005,-4.0004029870099184e-05,-0.003166413865983501,-0.00011347606778139979,-0.010335475206375198,-0.015125479549169499,-0.0007834215648471997,-0.0005999114364385015,-0.00039607612416150007,-0.0068995747715235,-0.017177883535623502,-0.01879857853055,-0.0004571536555886,-0.002172803040593899,-0.002538833534345,-0.0012750755995512009,-0.011635346338152903,-0.0109901316463948,0.002434282097965499,-0.0029159046243876,-0.0014657307183369999,-0.0019647218286991015,-0.013446645811200099,-0.006895706523209801,-0.003637083806097499,-0.0020520319230855,-0.0007393425476039,-0.018233163747936498,-0.0114792529493571,-0.0041663080337457,-0.0042806357378141,-0.0013249466792330162,-0.00012604306539280096
nonmember_7.png,0,0.008044023066759103,-0.033778510987758595,-0.0475507751107216,0.0006170095875859,-0.0043947240337728994,-0.0038434593006969,-0.007441453635692603,-0.024930205196142204,-0.020394261926412603,-0.0008733160793781003,-0.0013025170192122997,-0.0018177621532231001,-0.007097981870174394,-0.015888802707195303,-0.010233664885163297,-0.0026515698991715995,-0.0017413510940969,-0.0010307546472176998,-0.010540580376982703,-0.017329156398773197,-0.009694966487586502,-0.0011768527328967996,-0.0014584655873477004,-0.0009183681104333,-0.0057183746248484005,-0.0095594981685281,-0.0039646329823881,0.0010000197216868002,-0.0016806233907118,-0.0004814621934200999,-0.0052611008286476,-0.006126396823674399,-0.0015623368090019003,-0.0026320926845074004,-0.0009206241811626,-0.00013897088865628924,-0.0120931437704712,-0.0039058402035153004,-0.0007915784808573708,-0.0038626501336693,-0.0005631460899166649,-1.0322146408725537e-05
nonmember_8.png,0,-0.0019467137753962985,-0.025782413780689198,-0.04795563593506821,-0.004541352391243,-0.0011229505762457986,-0.0024686567485332003,-0.006259050220251104,-0.016583103686571107,-0.0229912139475345,-0.0007010600529610989,-0.002591134048998401,-0.002475532470271,-0.005673091858625398,-0.010995663702488001,-0.013248797506094,-0.0013019870966673001,-0.0013565975241362997,-0.0011409132275731002,-0.004431299865245802,-0.019499313086271296,-0.0128619791939855,0.0011257957667111995,-0.0024721829686314,-0.0011329784174449,-0.005107970908284198,-0.0122581925243139,-0.0054075357038527,-0.0023701586760579993,-0.00042788521386679995,-0.0004974175972166001,-0.002956191077828402,-0.0080722300335765,-0.0023226722842083,0.0014933655038476,-0.0018356394721194998,-0.0001319716247963,-0.0110915955156088,-0.0053341935563367,-0.0012879413479823,-0.0051119541749359,-0.0006756391139787946,-7.038810508665862e-05
nonmember_9.png,0,-0.0009973049163818984,-0.021149270236492088,-0.062248036265373216,-0.002083542291075,0.002665592357516301,-0.001201412640512,-0.0070417653769255,-0.017539042979478905,-0.0342367663979531,-0.0003324542194604995,-0.0031808894127608005,-0.0029775639995932,-0.0019459035247564004,-0.009533759206533397,-0.021016892045736292,0.00042476831004019996,-0.0006767110899089995,-0.0015104953199625007,-0.0027546379715203996,-0.017094569280743602,-0.025537844747304903,-0.0016118716448545005,-0.0020470460876823,-0.0035839292686432995,-0.0055267717689275984,-0.012906724587082901,-0.014155916869640399,0.0006659952923656004,-0.0013481010682881,-0.0016110537690110002,-0.0036780573427677016,-0.0091689052060246,-0.0069187004119157,-0.0012690522707999004,-0.002156589529477,-0.0005340370407793999,-0.0130622053984553,-0.0085038481629454,-0.003951102582505,-0.0037758122198283998,-0.001388971977576131,-0.00019571606753738093
nonmember_10.png,0,-0.003252211958169899,-0.012577071785926895,-0.024927780032157898,0.0019381474703550998,-9.244540706280016e-05,-0.0015484662726522004,-0.0016942359507083997,-0.004032324999570805,-0.012160835787654,-0.0005930373445152994,-0.00023391982540480003,-0.0020758402533828995,-0.0040425229817629,-0.005768705159425694,-0.009367462247610002,-0.0005694371648133001,-0.0017160619609057999,-0.0014169535133987002,-0.0010815057903528005,-0.013913951814174704,-0.0102350390516222,9.295763447879964e-05,-0.0016224286518991002,-0.0012885765172542,-0.005059595219790901,-0.010115566663443999,-0.004361515166238001,-0.0018851994536816996,-0.0015149180544541,-0.0003340778348501001,-0.0014395155012608008,-0.0063411197625101,-0.001759745995514,-0.0001128111034631998,-0.0010923636727966,-0.00015081535821080122,-0.0096791258547455,-0.0037128457915968998,-0.0009530206370983001,-0.0046044811606407,-0.00036513783197729085,-2.323703301954083e-05
nonmember_11.png,0,-0.0010318681597710037,-0.023901090025901794,-0.0611527860164643,-0.00012570247054100037,0.0011400347575546005,-0.0008792486041783992,-0.0043199453502893,-0.0157828852534294,-0.0349780619144439,-0.0008410615846514997,-0.0032379636541009,-0.0031497916206718003,-0.001763366162776999,-0.008456196635961505,-0.020591691136360196,0.00012292061001059965,-0.001111978199333001,-0.0015241154469548997,-0.0046192985028028,-0.018653828650713,-0.0288471058011055,-0.0009019854478538002,-0.0016362401656805992,-0.0025856792926789002,-0.0041716694831848995,-0.012095367535948698,-0.0164358895272016,-0.0010714214295148,-0.0016149177681655004,-0.0014035593485459,-0.005603861995041301,-0.011459274217486399,-0.007961017079651399,-0.0020145520102233,-0.0019196835346520001,-0.0004263569717296,-0.008233095519244699,-0.011614337738137701,-0.004506032099016,-0.0023223633179441,-0.0017060360696631797,-0.00013645097351394208
nonmember_12.png,0,-0.005949385464191499,-0.03006591647863391,-0.05859941244125359,-0.004465171135962001,-0.0014402205124496997,-0.0039049014449118995,-0.004592873156070702,-0.013659436255693394,-0.026781931519508397,0.0010828841477633008,0.0014863600954412998,-0.0019455335568637003,-0.0035179611295460995,-0.011407498270273202,-0.014092434197664296,-0.0008241054601968003,-0.0040359692648053004,-0.0011027489090338,-0.005647433921694801,-0.0189099609851837,-0.015453207306563802,0.00016527948901059932,-0.0010849270038307,-0.0011023648548871001,-0.0055445488542318,-0.0132902171462775,-0.0064921090379358,-0.0036798575893043995,-0.00216328445822,-0.0005035546782893,-0.0053566722199321,-0.0090495483018458,-0.0028828856302424996,0.00021910341456529963,-0.0012573171406984,-0.00019510857237028923,-0.008692595874890699,-0.007386639830656299,-0.0015448423946509,-0.0033899089321494,-0.0011028719309251374,-3.873422974720597e-05
nonmember_13.png,0,-0.010704481974244097,-0.017015889286994906,-0.04963746666908271,-0.0038346438668667993,0.0003700465895235998,-0.0009086579084397004,-0.0006309598684311017,-0.012317106127738994,-0.0317785777151584,-0.0004856106825173005,-0.0012813243083656,-0.0026904256083071006,-0.0027117654681205992,-0.0083863511681556,-0.017162133008241702,3.272481262680052e-05,7.087923586369949e-05,-0.0013420754112302997,-0.0055653257295489,-0.0094209127128125,-0.018752945587038997,-0.0025290972553193005,0.0006787939928472007,-0.0015807952731848002,-0.0017184503376483987,-0.0096693579107523,-0.011286368593573601,-0.0002370090223849002,-0.0037088571116328005,-0.0017248595831916,-0.001763986423611601,-0.0104836486279964,-0.0064506018534302,0.00010777451097960036,-0.0016877616290002996,-0.0004966236010658999,-0.0063307080417871996,-0.0127098587690853,-0.0041425357194385,-0.0024887258186936,-0.0019566073860914648,-0.00015979896124915084
nonmember_14.png,0,-0.0009741447865962982,-0.026170633733272594,-0.07426634430885319,0.000854094512760601,-0.0019492665305733004,-0.0036743776872753993,-0.0006623938679694991,-0.016408860683441107,-0.0376447141170501,-0.00014924071729180075,-0.0028216922655702,-0.0023363535292447004,-0.004732899367809299,-0.013966456055641195,-0.022866461426019696,-0.0016652815975248996,-0.0006235381588339996,-0.0030703083612025,-0.0011514350771904026,-0.020936712622642503,-0.028768554329872197,0.0007868721149861995,-0.0021777739748358,-0.0020050886087119,-0.006333963945508,-0.013948958367109299,-0.015514549799263401,-0.0021303202956914997,-0.0014365375973285,-0.0015760710812173998,-0.008199253119528299,-0.0108743673190475,-0.0070085753686726,-0.002290042117238,-0.0021763663971796,-0.00038653751835229994,-0.0121816011378541,-0.010944976995233401,-0.0039342884847429005,-0.0029445072868839,-0.0015814655271242232,-0.00012367306771912483
nonmember_15.png,0,-0.007589302957057897,-0.0352010577917099,-0.07026579976081848,-0.0012306850403546992,-0.003328378312289701,-0.004449722357094299,-0.0007539391517639021,-0.0184077098965644,-0.03487267345190051,0.0009909272193907998,0.0009109592065215007,-0.0008467584848404,-0.0021417997777462006,-0.012852173298597398,-0.020533327013254193,0.0005012117326259995,-0.0011237808503210007,-0.002363238716498,-0.004901140928268495,-0.0170615427196026,-0.023725654929876303,0.0008516618981957002,-0.0027835569344461,-0.0019282317953184002,-0.0062955655157566,-0.015793249011039703,-0.0121282748878002,-0.0038039656355976998,-0.0014780864585190998,-0.0011563632288017,-0.007617631927132603,-0.0121825039386749,-0.005995308281853799,-0.0032940567471086996,-0.0020407066331244996,-0.00021535805717569999,-0.015621841419488199,-0.0089052742114291,-0.0034213437029393,-0.0033073915401473,-0.000889932700374607,-0.00011465468196547089
nonmember_16.png,0,-0.0069606900215148995,-0.027838103473186507,-0.053187787532806396,-0.005046363919973299,-0.0008071986958383993,-0.0039954227395356,-0.005200527608394602,-0.013067297637462588,-0.025982286781072596,-0.0014596129767597008,0.00013568811118599977,-0.0020252563990652995,-0.000893948599696201,-0.011573255062103306,-0.019610490649938604,-0.0006847348995506998,-0.0023209066130221003,-0.0013040048070252002,-0.0019786525517702,-0.014822147786617203,-0.021537659689784095,0.0008157985284925002,-0.0010017734020948002,-0.002572787576355,-0.004214240238070498,-0.015558216720819498,-0.011099368333816502,-0.0011153114028275004,-0.0019879268947988996,-0.0007825609645806,-0.002327311784029,-0.0107797682285309,-0.0051468436140566995,-3.384472802279992e-05,-0.0012718425132333998,-0.0004400472680573,-0.0142992709297687,-0.012425147753674499,-0.003113141443464,-0.005112943938002,-0.00246631962363607,-0.00010417512021367671
nonmember_17.png,0,-0.006388839334249503,-0.0236276313662529,-0.0676568746566773,-0.0015966761857271004,-0.003630000166594899,-0.0038672899827361003,-0.001663016155362098,-0.024604953825473702,-0.0310452878475189,-0.0012720748782158002,-0.00048432778567080066,-0.0019953832961619004,-0.0028617903590203025,-0.014647424221038902,-0.0175363048911095,-0.0011122496798633991,-0.0015265466645360002,-0.0009557849261910001,-0.0040303375571966,-0.020782522857189102,-0.019572781398892396,0.0010970858857034995,-0.0027368033770471998,-0.0022166364360600996,-0.006264602765440899,-0.0157929565757513,-0.008471944369375699,-0.0032221181318162996,-0.0007990759331733001,-0.0005012874607928,-0.0035357354208827,-0.010322328656911899,-0.0039541660808027,0.0005210279487072996,-0.0019998151110484997,-0.0003048969083465,-0.011457961169071499,-0.0086845608893782,-0.0023075024364516,-0.0047254515811801,-0.0009487466850259362,-5.844161205458107e-05
nonmember_18.png,0,-0.007540244609117501,-0.021220192313194303,-0.041325382888317094,-0.0032091056928038996,-0.0021296041086315996,-0.002820058260113,-0.003550922498106901,-0.011778388172388098,-0.023475386202335406,-0.0006592115387319998,-0.0010450808331369998,-0.0023959428071976003,-0.005417484790086798,-0.0087397620081901,-0.015697980299591997,-0.0021667000837625,-0.0010789502412081,-0.0022316919639706998,-0.0064080581068993,-0.0119495820254088,-0.0166552448645234,0.0004863492213190001,-0.0016567604616283997,-0.0018095932900905002,-0.0052410690113902005,-0.009561831131577502,-0.008021597750484999,-0.0009702192619443,-0.0015092266257853005,-0.0005068045575172,-0.0023932671174407005,-0.0077331745997071,-0.0032879994250833997,-0.00031472137197849966,-0.0017052425537257998,-0.00027901375869990004,-0.006591869518160799,-0.006323577952571199,-0.0018798573873937002,-0.0036136633716524003,-0.0007644641482329143,-8.49414791445473e-05
nonmember_19.png,0,-0.007831636816263199,-0.03211939334869379,-0.10274517536163329,0.0005997233092785003,-0.0029321461915970005,-0.005407621618360301,-0.0044674426317215,-0.0222161337733269,-0.04505333304405211,-0.0015940107405184997,-0.0012361295521258996,-0.0030609827954321996,-0.0019555017352104014,-0.015389878302812604,-0.024376556277275092,-0.00019372673705219962,-0.0023480765521527005,-0.0012131643015892003,-0.003912191838025998,-0.0173749383538961,-0.024136522784829105,-0.0015687332488597003,-0.0018885231111198,-0.0013617153745143998,-0.0035929791629315012,-0.0106581570580602,-0.009973086882382697,-0.0002597896382213003,-0.0006782368291169999,-0.0007306261686608,-0.0033433455973862995,-0.007666447665542299,-0.0042130665387958,-0.00029649259522549973,-0.0013024513609707,-0.00019623161642810284,-0.0111281191930175,-0.006480832467787,-0.0023629498755326,-0.004307211318519,-0.0010866563534363827,-5.427583528216928e-05
nonmember_20.png,0,-0.0044580362737178005,-0.0222163870930671,-0.04789645969867701,0.0016446374356747003,-0.0015979893505574001,-0.001455022022128099,0.0003907009959219984,-0.01133707910776139,-0.021893996745347998,0.0011918600648640996,-0.0023732418194413003,-0.0027174246497452,-0.005109017714858,-0.005774319171905504,-0.012262642383575405,-0.0029459046199918,0.0004586507566273004,0.0002697207964955997,-0.005101287737488799,-0.011392071843147299,-0.019552726298570695,-0.0003108079545198995,-0.0005522561259567,-0.0035779310856014,-0.003710346296429603,-0.011323718354106001,-0.011257880367338602,-0.0025704675354064005,-0.0026739046443254003,-0.0009834754746407,-0.004287583753466599,-0.0108737777918577,-0.005674493964761499,-5.0183851271899844e-05,-0.0017135783564299002,-0.0003724842317752,-0.010266792029142399,-0.0133292494574562,-0.003420226945309,-0.0034936020965688,-0.002091275247948933,-8.079068356887901e-05
nonmember_21.png,0,-0.004494988359510899,-0.007621180266141902,-0.008743081241846102,0.0013276212848723004,-0.0011039699893444998,0.0002850722521543,-1.8458813429000215e-06,-0.0030447104945778986,-0.0017189402133226984,0.0001958901993929993,-0.0003208757843821998,-0.0005868114531039996,-0.0037546344101429003,0.0012535648420452985,-0.0002787783741950989,-0.002846692688763099,0.0003534322604536997,-0.0007887664251029001,-0.0007549915462731985,-0.0008563445881008998,-0.006190503947436801,-0.0002720654010773,0.00035186903551220026,-0.0013451921986416,-0.0021278467029334017,-0.0016757203266024,-0.0061292261816561005,-0.0009899633005261,-0.0009004336316138003,-0.0008075099322014,-0.0003418815322219996,-0.0018816096708178989,-0.0038337577134370995,0.0004827221855520998,-0.0010595329804345998,-0.00047106119745879996,-0.0007003624923526998,-0.0069925389252603,-0.0028391257365001,-0.0012465899344533998,-0.001715516693366193,-0.00014442499013957963
nonmember_22.png,0,-0.0025908350944518974,-0.0331332497298717,-0.03875919245183469,0.0015543471090495005,-0.0026809480041266,-0.0022442878689616997,-0.005541836842894603,-0.016512650996446603,-0.014251267537474601,0.0005885651335120999,-0.0033596723806112996,-0.0011618372518569001,-0.0057634115219116,-0.008494023233652101,-0.0066585978493095,-0.0030709956772626,-0.00036674318835130037,-0.0006365207955241001,-0.004077564924955399,-0.0100194523110986,-0.0050509870052337,0.0006091687828302999,-0.0018232638249174,-0.00029061877285129997,-0.0026939697563648016,-0.0048791524022818,-0.0017355561722069998,0.0005790619179605995,-0.0003210006980225999,-8.90710653039e-05,-0.0020754067227243995,-0.0027999458834528997,-0.0007071836153046001,-0.0018520187586545996,-0.0006653965101577,-6.703519102294965e-05,-0.0089980522170663,-0.0019803907198365,-0.00035259189462512986,-0.0041485665133223,-0.0005534470437850752,2.0666881027864292e-05
nonmember_23.png,0,-0.0030835643410683025,-0.03414522111415859,-0.08071756362915031,-0.00040209293365479903,-0.0057338690385222,-0.0039583677425979995,-0.0035599581897258967,-0.0188321843743324,-0.0454262793064118,-0.00041294097900390105,-0.0015406161546707986,-0.0020686397328973007,-0.003223683685064302,-0.014555409550666795,-0.024863474071025793,-7.350463420149889e-05,-8.688168600200045e-05,-0.0012429044581949997,-0.003381444141268699,-0.023403260856866906,-0.037142246961593704,0.0008469261229037996,-0.0017422256059944005,-0.0044147297739983,-0.0022521875798703003,-0.0157471094280481,-0.0210473351180553,-0.0022756690159440006,-0.0018729194998742,-0.0017044116975739002,-0.0071891909465193,-0.013757665641605901,-0.0102309971116483,-0.0019755666144191993,-0.0023941972758620995,-0.0006678923964501,-0.0115233256947249,-0.0137411520117893,-0.0060345568927005,-0.0039312281878665,-0.0017003064167510262,-0.00015685834659952982
nonmember_24.png,0,-0.005754657089710298,-0.03461813926696779,-0.063482716679573,-0.0021035447716713004,-0.0032392898574471005,-0.002856558654457301,-0.0006272830069065025,-0.019737586379051195,-0.027676288038492203,0.0028276611119509003,-0.0013019675388932003,-0.0020811725407838995,-0.001420535147190101,-0.015779066830873503,-0.013927513733506203,-0.0014205072075129006,-0.0015756823122501998,-0.0010742272716015,-0.008466215804219197,-0.0241475887596607,-0.013196158222854198,0.00019122660160070075,-0.0031291933264583,-0.001485014508944,-0.003811551257968001,-0.015234310179948803,-0.0056670138146728,-0.0028728186152875996,-0.0009148677345366001,-0.00027967926871500003,-0.0081079918891191,-0.0094016399234533,-0.0024554054252803,-0.0009364075958729007,-0.0018216475145891,-0.00014976882812330189,-0.0111725055612624,-0.0065856699657161006,-0.0013158755828045,-0.0051405488047748,-0.0008625131777079562,-2.8312748327152804e-05
nonmember_25.png,0,-0.004558254033327096,-0.0341911986470223,-0.07079699635505671,0.0017166584730148992,-0.004209915176034,-0.004479037132114101,0.0017353072762489943,-0.014488928020000402,-0.0249337404966355,-0.0001482423394918997,-0.0006903735920786996,-0.00036193290725349946,0.0010693185031414032,-0.013016633689403596,-0.013385714963078499,0.0008474327623844008,-0.0005521900020540003,-0.0019512900616974003,-0.004832211881875999,-0.0179261844605207,-0.0145881511271,-0.0020915018394589008,-0.0020647132769227,-0.0015097034629434,-0.007051052525639503,-0.010166661813855202,-0.006525439210236099,-0.0034638927318156,-0.0010907403193413999,-0.0006150656845421,-0.007144007831811999,-0.009587752632796698,-0.0031389490468427,-0.0015192364808172,-0.0019974645692855,-0.0002126621911883686,-0.0151605990249663,-0.0094369211583399,-0.0017383917438565,-0.0027102240710519,-0.0015423109107359427,-6.652041338384151e-05
nonmember_26.png,0,-0.002281425520777699,-0.019830197095870902,-0.05612461268901821,0.0007158424705267005,-0.003461818676441999,-0.004524930845945999,-0.004201464354991899,-0.015426900237798698,-0.0215655155479908,-0.0015186280943453008,0.0002532470971345997,-0.0004674219526351001,-0.0023243241012096995,-0.0145020969212055,-0.0111257154494524,0.0010191360488534,-0.0019356561824679002,-0.0018202082719654,-0.004753323271870599,-0.015399245545268104,-0.011801471002399899,0.0007980917580424993,-0.0007057879120110997,-0.001198573037982,-0.0038139950484037018,-0.009944686666130999,-0.0051213661208749,-0.0036772079765795994,-0.0010304381139576999,-0.0006881585286464,-0.001668616198003299,-0.0088554406538606,-0.0024561162572354005,0.001480515114963,-0.0022809554357082003,-0.00022592533059647172,-0.0105247435858473,-0.0115176227991469,-0.0014806652761762999,-0.005504384462256,-0.001712057197437293,-2.37012209254317e-05
nonmember_27.png,0,-0.0054681152105331005,-0.027806110680103288,-0.0397022478282451,0.0006435634568334007,-0.0009790286421775991,-0.00031349528580900017,-0.008559873327612905,-0.01190387085080151,-0.0187162682414055,-0.0031622443348169015,-0.0001531923189759003,-0.0021638134494423996,0.0008352380245924031,-0.008439667522907195,-0.0118215456604958,0.0006578294560312999,-0.0006514126434922999,-0.0018259678035975001,-0.008467033505439703,-0.015401327982544902,-0.0140287606045603,-0.0025227968581020997,-0.0037436243146657,-0.0016803469043224998,-0.0037765894085168977,-0.0129290893673897,-0.0068815210834146,-0.0010263221338390992,-0.0011907832231373002,-0.0006837829714641001,-0.006498554721474701,-0.008798941504210199,-0.0031454701675102,-0.0006846752949059001,-0.0013884790241718,-0.00027271907310929996,-0.0093260628636926,-0.006586221221368801,-0.0017012308089760998,-0.0035930779995397,-0.0007945358520373552,-6.950345050420771e-05
nonmember_28.png,0,-0.005886923521757202,-0.028663314878940596,-0.0633245632052421,-0.0007250607013701994,-0.0021224291995167004,-0.0053481860086322,-0.0024045165628194982,-0.017326757311820998,-0.0364584401249886,-0.000469381455332,-0.0011306274682283991,-0.0007896986790001002,-0.0036891922354697973,-0.010389562696218498,-0.023677561432123198,-0.00021732645109300008,0.00017039570957430063,-0.0025058407336474003,-0.003710942342877402,-0.018830124288797302,-0.028920868411660198,-0.0009773792698979005,-0.003121149726212101,-0.0027452206704764994,-0.004829216748476001,-0.0124652814120055,-0.013734893873333901,-0.0012645879760384993,-0.0001352853141724994,-0.0011844052933156998,-0.0039339456707238995,-0.0118865836411714,-0.006004176102578699,-0.00029906677082180023,-0.0028538894839585005,-0.0005187208444113001,-0.011495326878503,-0.0164611299987883,-0.0032557844388065,-0.0044042834197171,-0.0022981890251684493,-0.00011058818199663036
nonmember_29.png,0,-0.002948809415102005,-0.043149121105670984,-0.10866068303585048,-0.0031439256854355994,-0.0034175589680671987,-0.0040272353217005,-0.003632575273513801,-0.02804231643676751,-0.041750840842723805,0.002246828284114601,-0.0019404757767916003,-0.0028178871143610005,-0.0022685807198285952,-0.017593033611774493,-0.0234224237501622,-0.0021808478049934006,-0.0021426603198051,-0.0014430861920117998,-0.004577526822686202,-0.026350786909461,-0.0220879018306732,0.0003632935695350994,-0.0030971535015852,-0.0017669154622126002,-0.005194233730435399,-0.014744686894118801,-0.009001503232866501,-0.0009822743013502,-0.0014422204112634002,-0.0003025374753634,-0.007654214277863501,-0.006941713858395799,-0.0036752030719072,-0.0019788197241723,-0.0003581056371331,-0.00011449975136196459,-0.010326092829927799,-0.0042186232603854,-0.0019637259538285,-0.0038484096294269,-0.0005702093985745907,-2.6020799850812182e-05
nonmember_30.png,0,-0.005292771384120001,-0.029889933764934595,-0.0738908275961876,-0.00017331633716819936,-0.003184802830219201,-0.0051285088993608995,-0.0023133233189583,-0.0169801414012909,-0.0338337011635304,0.0002064201980828996,-0.0032266266644001,-0.0026235685218125,-0.002251539379358302,-0.0125823430716991,-0.0179900508373975,-0.0004993611946702003,0.00023287860676639988,-0.0015562843764200997,-0.005776183679699898,-0.0179754756391048,-0.016616463661193903,-0.0030532418750225995,-0.0030117509886621995,-0.0011548286129255,-0.0031619714573026,-0.010608440265059499,-0.0061929277144371995,0.0012254002504049994,-0.0015009448397905003,-0.0002898249804275,-0.005404300056397901,-0.005820338614284999,-0.0025500740157441,-0.0029592639766633,-0.0005169184005353,-0.00010013350401998867,-0.0060329637490212995,-0.0034601647348609,-0.0013800313899992,-0.0018915431573986998,-0.0003614366287365536,-1.911502840812318e-05
nonmember_31.png,0,-0.001145727932453204,-0.019846055656671496,-0.04240341484546659,0.0005380231887102006,-0.004477994050830599,-0.004590852186083801,-0.005042314529418897,-0.0138757601380348,-0.0174069795757533,-0.0023526540026069,0.0002997997216880998,-0.0010140123777092002,-0.0029681343585253005,-0.009708732366561897,-0.008572950959205601,0.0011644717305898996,-0.0007061241194606001,-0.0010242827702312998,-0.007613411173224401,-0.010527402162551904,-0.0082823582924902,-0.0028595686890185,-0.0018230052664876002,-0.0008167185005732001,-0.0041606333106755985,-0.0092785498127341,-0.0033458250109106996,0.0014106486923992,-0.0013430840335786,-0.0005823762185173,-0.0040746405720711015,-0.0070415809750557,-0.0011861292878165,-0.0017790398560464,-0.0014244870981202,-7.794845441821637e-05,-0.0092423433670774,-0.0065224241116085,-0.0006315148275461884,-0.0044215947855264,-0.0015894613097770596,-5.6119471992133185e-05
nonmember_32.png,0,-0.005833636969327899,-0.025646246969699804,-0.09920353442430489,0.0006742449477315001,-0.0011149607598780996,-0.0060728117823601,-0.005895325914025303,-0.0220739170908928,-0.038082584738731405,0.0004525622352958003,-0.0024884035810829,-0.0023315309081227,-0.004219571128487601,-0.0146083310246468,-0.0188706703484059,-0.0013582073152065017,-0.0013663172721862004,-0.0012352246558293,-0.004862163215875598,-0.0157914068549871,-0.016683758236467797,-0.0005177226848900995,-0.0004961024969816997,-0.0012151263654232,-0.005312469787895702,-0.008830016478896198,-0.0061957142315805,-0.0025277878157794,-0.0020169675117358,-0.0002906207810157,-0.002710662782192199,-0.005275017116218801,-0.0026036051567644002,0.0002093235962092998,-0.0005122559377923999,-0.00011378804629193169,-0.0094524216838181,-0.0037258469819788998,-0.0013689613842871,-0.0047961488016881,-0.000910024504264503,-1.3517012121155858e-05
nonmember_33.png,0,-0.007100209593772902,-0.023211926221847493,-0.0431580692529679,-0.0007202029228209998,-0.0013612965121864995,-0.0026861000806093,-0.005117928609252,-0.018106982111930903,-0.0202627591788768,-0.0012015523388982001,-0.0030802641995251005,-0.0019798267167061,-0.0031415913254023015,-0.015049997717142105,-0.011096930131316199,-6.98957592199477e-07,-0.0005442616529763005,-7.879291661089987e-05,-0.0029846709221600966,-0.0199961345642805,-0.011540878564119401,0.0011085583828389003,-0.0025132508017122997,-0.001594707602635,-0.004145406186580701,-0.0131895681843161,-0.004916093079373201,-0.0025419727899134003,-0.0017507898155599,-0.0006379945552908001,-0.0017722370103001005,-0.0077122510410846,-0.0023131844354792996,0.0003438438288867994,-0.0014039733214304,-0.00031832637614569994,-0.010174099355936099,-0.0071755586541258,-0.0013776718260488001,-0.0050161209073849,-0.0013745724099862645,-9.070636224345251e-05
nonmember_34.png,0,-0.0034719835966825,-0.022108085453510208,-0.0426633842289448,0.0007987907156347994,-0.003458178602159,5.133030936119946e-05,-0.003568699583411203,-0.014752205461263698,-0.019958179444074603,-0.0018506459891796,0.00021716533228750053,-0.0032036541961133,-0.0021442901343107987,-0.0083743445575237,-0.012220308184623697,0.0018824450671673003,-0.0013378374278545007,-0.0008211191743613001,-0.0037349741905927,-0.012372709810733799,-0.012974857352673999,-0.0026083583943546,-0.0009395047090947992,-0.0017848894931376,-0.0017307978123426992,-0.008487832732498701,-0.005852037575095901,-0.0004316396079957997,-0.0015800467226654005,-0.0006975950964260999,-0.004975081421434801,-0.007575631141662599,-0.0027064660098404,-0.0005461438558996001,-0.0018932544044218999,-0.00024004078295539996,-0.0095314232166857,-0.0070399870455729995,-0.0015705019468440998,-0.0040028736111708,-0.0009141584268945312,-7.925105455795457e-05
nonmember_35.png,0,-0.0020288974046706945,-0.020357459783554105,-0.05034433305263519,-0.0016645761206746006,0.0013860547915101,-0.0039240578189492,-0.0054370518773794035,-0.016076974570751197,-0.026798993349075297,0.0014717020094395005,-0.0026194741949438997,-0.002140142489224699,-0.0013534296303987989,-0.011397484689950894,-0.016439758241176605,-0.0009335144422949002,-0.0028916979208588,-0.0017015391495079006,-0.005657196044921899,-0.016725406050682103,-0.019215086475014697,-0.0007510446012019998,-0.0009282906539738005,-0.0018104235641657998,-0.0042179226875305,-0.0131826791912317,-0.009728599339723601,-0.0020779366604984006,-0.0016246840823442,-0.0007379947928712,-0.0021984148770571015,-0.0084570632316172,-0.004503442207351299,0.00010583968833090002,-0.0023021062952466,-0.00040507969970350003,-0.0118019967339932,-0.0065888765384443,-0.0025413822149858,-0.0039411588222719,-0.0009219600906362697,-6.665887485716464e-05
nonmember_36.png,0,-0.0063072107732296025,-0.03286626935005191,-0.06290291994810102,0.0004550889134407009,-0.0015783011913299005,-0.0034866374917329,6.749480962759888e-05,-0.020465333014726597,-0.026934273540973698,-0.0013556224294006,-0.001707123592495999,-0.0017491937614977004,-0.003684956580400498,-0.011078394949436202,-0.0144121721386909,-0.0005333600565791997,-0.0019028768874704005,-0.0012915297411381999,-0.0034748185425997023,-0.019957575947046297,-0.0151481255888939,0.0023023369722068995,-0.0028686756268143996,-0.0014067749725655,-0.007196373306214799,-0.010569641366601,-0.006803770083934099,-0.0047493567690253,-0.0011264260392636002,-0.0004947358829668,-0.0055339066311717,-0.005910582840442599,-0.002847564406693,-0.0009046958293766,-0.0007179846288636,-0.00015064339822850613,-0.007339905598200899,-0.004340129366028201,-0.0015694441099185,-0.0027456437819638,-0.0006392913346644438,-2.7531870728125796e-05
nonmember_37.png,0,-0.004894349724054298,-0.009785391390323708,-0.042664714157581315,0.00011834129691119973,-0.0013732598163187998,-0.0044726808555424005,0.0012496300041675984,-0.00891771167516709,-0.024599753320217202,0.0025129872374237,0.0002165730111301006,-0.0004170420579611995,-0.005476437509059899,-0.007697276771068504,-0.019765906035900088,-0.0038198465481401,-0.0019259224645793004,-0.0012479261495173003,-0.001062104478478501,-0.0115690454840661,-0.031352166086435304,-0.0006765341386198997,-0.0012122346088290995,-0.0032121653202921998,-0.0019299862906336993,-0.008928500115871398,-0.017645528540015203,0.0025031287223101,0.0006925486959516993,-0.0015841978602111001,-0.0035669850185512993,-0.011476319283247001,-0.0095095364376903,-0.0024468456394971,-0.0027170190587638998,-0.0007411025871988,-0.0083488784730435,-0.013453163090162,-0.006010767625412,-0.0037414457183331,-0.002742082659097,-0.0003752668926608498
nonmember_38.png,0,-0.004373073577880901,-0.0322761461138726,-0.07880394160747531,0.0008187862113117998,-0.0032670423388480984,-0.005138552747666799,-0.0015703774988650998,-0.013394139707088401,-0.0434535443782806,-0.0014486936852336,-0.0009619910269976009,-0.0015286100097001007,-0.002893116325140003,-0.010865546762943296,-0.0290319584310055,-0.0007426566444336995,-0.00026328861713409944,-0.0023699877783656,-0.0026947762817144984,-0.024648968130350106,-0.033913737162947696,-0.0006494075059890999,-0.0031742514111101003,-0.0026608270127326,-0.005512112751603102,-0.021332837641239197,-0.015651400201022597,-0.00023649912327529995,-0.002476722933352,-0.0010824243072421,-0.008028712123632398,-0.0142327900975943,-0.0066165653988719,-0.0009170752018689996,-0.002128194202669,-0.00032728862424839995,-0.0106144256424159,-0.010760603705421,-0.0036615684803109998,-0.0044985876884311,-0.0010522473603486269,-7.175460996222495e-05
nonmember_39.png,0,-0.006131436675786903,-0.0306467413902283,-0.06098429113626479,0.0012509860098362004,-0.0036686155945063,-0.002479524817317699,-0.0016022473573685005,-0.018428385257720996,-0.0278578214347363,2.8155744075700553e-05,-0.0024868184700607993,-0.0030765400733799003,-0.0020129811018704986,-0.012398533523082705,-0.016372255980968402,3.170967102049914e-05,0.0001748427748680002,-0.0013687787577510001,-0.004943354055285499,-0.017826665192842497,-0.015622635371983098,-0.002036402001976899,-0.0027246135286987,-0.0011955625959672,-0.003866335377097102,-0.013746866956353201,-0.006651134695857701,-0.0015979092568159008,-0.0013163429684937,-0.0006474580441136,-0.004296286031603799,-0.008961851708590998,-0.0028369200881570994,-0.0003756084479392,-0.0021909127244725,-0.00021715633192792994,-0.0108026309171692,-0.0082243171054869,-0.0014804012971581,-0.0037535580340772997,-0.0013124683428031821,-5.0525586630101316e-05
nonmember_40.png,0,-0.004966240376233999,-0.0295117422938347,-0.0454929098486901,-0.0011809207499026992,-0.0025178026407957008,-0.0022914763540029994,-0.0015346370637417013,-0.013305280357599293,-0.0318086296319961,0.00018937513232229926,-0.0014077429659663998,-0.0034271306358277997,-0.0025250371545553,-0.008981179445982,-0.0162399858236313,-0.00017129769548779924,-0.00041846605017779957,-0.0008697258308529004,-0.004260912537574799,-0.014222484081983504,-0.025440165773034103,-0.0016553108580410003,-0.0003374870866538005,-0.0023806926328689,-0.0034204777330160002,-0.011874105781316795,-0.0149841541424394,0.0014734952710569,-0.0028373089153319,-0.0020532804774121,-0.0042381640523672,-0.011757146567106202,-0.007415496744215501,-0.0010789022780954994,-0.0014445532578974997,-0.0003912759711966,-0.0122854963410646,-0.0122319502406754,-0.004290528362616899,-0.0055367624154314,-0.00199962405895345,-0.00011428306606822879
nonmember_41.png,0,-0.006221182644367201,-0.033718928694725,-0.05844795703887941,-0.003762169275432801,-0.0016437205485998994,-0.0017335191369056997,-0.001855481415987001,-0.015727978199720397,-0.028503581881523195,0.0015814132057129998,-0.0011846255511045994,-0.0021934302058071,-0.003259088844060898,-0.008232422173023203,-0.016737971454858704,-0.0013800514861941,-0.0005805999971926004,-0.0015214104205369,-0.0023128334432841006,-0.010152390226721798,-0.018053288571536596,0.0007686680182814,-0.0005761035718024003,-0.0013791920500807998,-0.0028388835489749006,-0.0100318174809217,-0.0082051791250706,-0.0010703187435864995,-0.0026061936514451996,-0.0005540984857362,-0.004820625297725199,-0.0073970048688352,-0.0034898037556558,-0.0021354563068599003,-0.0012245858670211999,-0.00017920570826382654,-0.0055913557298482,-0.0057426410785410996,-0.0019193795596948002,-0.0021926898043602,-0.0006182469587656511,-3.899935290974099e-05
nonmember_42.png,0,-0.0045607797801494945,-0.03208004683256151,-0.068503424525261,-0.00027484074234960035,0.001288898289203701,-0.0019862293265760006,-0.0026408378034830024,-0.021386727690696702,-0.030357003211975098,-0.0032078903168439995,-0.005327893886715201,-0.0021971529349685,-0.004935033619403801,-0.013836897909641308,-0.016985638067126198,0.0009592128917575004,0.0003112284466624,-0.0005636415444314003,-0.005573470145463999,-0.0215688236057758,-0.016917739994824002,-0.0017325058579444998,-0.0022669229656458005,-0.0019567966228350997,-0.0041441423818468996,-0.013146467506885598,-0.007951732259243699,0.00015799934044479977,-0.0010136649943887997,-0.0008786847174632999,-0.004316319711506301,-0.011717401444911901,-0.0035960653331131003,-0.0012679784558713002,-0.0025028034579009,-0.00022749621712139998,-0.0092836127150804,-0.012235705798957499,-0.0020699021260952,-0.0038686341140418998,-0.0018702745546760706,-9.150657569985255e-05
nonmember_43.png,0,-0.006838537752628302,-0.0262011736631393,-0.0561067834496498,-0.003773689735680801,-0.0029046074487269003,-0.0028841295279561996,-0.0048382952809333975,-0.012476030737161699,-0.0250658169388771,-0.0008107768371700998,-0.0005071940831840004,-0.0020333761349320997,-0.0017786938697099026,-0.009501475840806899,-0.0142113510519267,-0.00038794754073029954,-0.0015243827365339002,-0.0017656596610322,-0.0038008205592632988,-0.0135909821838141,-0.014212679117918,0.0009305551648139997,-0.0012570139952003995,-0.0011063619167544,-0.0027393773198127,-0.008705714717507302,-0.0057591618970036,0.0005008541047573003,-0.00045640324242420026,-0.0005012304463890001,-0.0033203698694705998,-0.0058135301806033,-0.0026359357871115,-0.0032150573097169,-0.0019562372472136996,-0.00019726479513329552,-0.0085063577862457,-0.005963571486063301,-0.0014076143052079999,-0.0033081378787756,-0.001193986501675603,-4.540882582659833e-05
nonmember_44.png,0,-0.0087639391422272,-0.023742400109767997,-0.060232885181903895,0.0008916752412915004,-0.0019772015511989004,-0.0025662519037723003,-0.0033877454698085993,-0.022459924221038798,-0.03603826463222501,0.0011418955400586007,-0.0038479864597321008,-0.0028144498355686994,-0.0030222069472074023,-0.012125596404075602,-0.023418322205543497,-0.0032854760065675007,-0.0005231774412095,-0.0024195245932788,-0.004810776561498701,-0.0176564212888479,-0.0268300678581,0.00045062601566320075,-0.00024313014000659945,-0.0021192481508477998,-0.005824044346809398,-0.013047643005848,-0.0118667678907513,-0.003077139146626001,-0.00303341797553,-0.0006883855094202,-0.0034053958952427014,-0.008217935916036298,-0.0049058401491493,0.0002976031973958007,-0.0016077284235507,-0.0002054701471934,-0.0126699279062449,-0.0071785719192121,-0.002660247075255,-0.005153498554136601,-0.0011261978215770486,-8.559070192855526e-05
nonmember_45.png,0,-0.005996659398078901,-0.022603936493396704,-0.05102104693651199,-0.0034696767106652,0.00023992452770470012,-0.0028496636077761997,-0.0035997964441777004,-0.011113043874502203,-0.027257937937974902,-0.00019572675228119937,0.0005905656144022994,-0.0011512977071106,-0.0020994935184717005,-0.006802860647439998,-0.018992602825164802,-0.0007003131322562998,-0.0031961291097103994,-0.0028071505948900994,-0.003403885290026599,-0.015815764665603603,-0.020035445690155102,0.0010897140018641992,-0.0034488425590098,-0.0016063152579591001,-0.0045388601720332995,-0.015685699880123097,-0.010636345483362598,-0.002774233464151599,-0.0018589009996504004,-0.0009562356863171001,-0.0034252712503076,-0.0104717323556543,-0.0047317736316473,-0.0009657428599894003,-0.0006786116864532,-0.0004217891400913,-0.011107933009043301,-0.0101977892336436,-0.0029325081268325,-0.0031497807940468,-0.0016381355890188745,-0.00013984820543547045
nonmember_46.png,0,-0.0030106902122498044,-0.027492418885231094,-0.0441791266202926,-0.0013954062014819007,-0.004624307621270401,-0.0023731824476272002,-0.0026295445859431943,-0.0129681751132011,-0.017950769513845503,-0.0015532984398304991,0.0008956985548139,-0.0007695062085986003,-0.003773001953959503,-0.011289428919553798,-0.0088360421359539,0.0005621942691504999,-0.0025363606400787995,-0.0014186431653797997,-0.005415609106421498,-0.010610831901431,-0.0088767893612385,-0.0004765870980918,-0.0010118349455297002,-0.0006471444503404001,-0.0029073879122734,-0.0105301290750504,-0.0040380514692515,0.0015680468641220994,-0.0014275363646448001,-0.0004638829122996,-0.007262621074914901,-0.0071110939607024,-0.0018818281823769001,-0.004255931824445699,-0.0011870906455442,-0.00014612297673005246,-0.011755533865653,-0.006046851049177401,-0.0010729990026448,-0.0040612144512125,-0.0010373768927819957,-4.634426295524463e-05
nonmember_47.png,0,-0.003565343096852299,-0.029003843665123,-0.07538536936044699,-0.0006991606205702001,-0.00041394960135220094,-0.003901160322129801,-0.003233475610613802,-0.016804020851850496,-0.03821345418691631,-9.911600500350087e-05,0.0008138827979564008,-0.0032017626799642996,-0.0024853274226189007,-0.008426126092672404,-0.024162068963050898,-0.0006066933274268991,-0.0021556862629950003,-0.001280570635572,-0.002298109233379298,-0.0156692713499069,-0.026393374428153,-4.242360591880014e-05,-0.002315828576684,-0.0021194492001087,-0.0025704484432935992,-0.0166843086481095,-0.012594591826200499,0.0003044474869965995,-0.0020001684315501997,-0.0009798071987461,-0.007794115692377101,-0.011471455916762298,-0.0053202661219984,-0.0023804479278623997,-0.0021436259848997,-0.00019675157091111244,-0.0109505266882479,-0.0092224991531111,-0.0028859475278296,-0.0045136631815693995,-0.0010399154016340574,-6.362741987686604e-05
nonmember_48.png,0,-0.0031957663595676977,-0.03782507032155989,-0.07814569026231762,0.00017488934099670062,-0.0007687993347644997,-0.0025477474555372992,-0.004085106775164601,-0.0226831175386906,-0.030317787081003196,-0.0015274304896593007,-0.0018363296985626004,-0.0026864355895669,-0.0050153769552707984,-0.012194406241178499,-0.014730593189597196,4.1191931813899796e-05,-0.0004936209879815995,-0.0004567136056720998,-0.005440052598714801,-0.019731663167476602,-0.014690980315208402,-0.00017746118828649952,-0.0029301112517714,-0.0018653645529412002,-0.0025407671928406005,-0.0114076221361757,-0.006086103618144999,-0.0017550331540406002,-0.0019585004774854003,-0.0004397623124532,-0.0069060185924172,-0.0065344939939677,-0.0025126877008006003,-0.0024170961696654,-0.0008066565496847001,-0.00017964792641573065,-0.0075814825249836,-0.0044544688862516,-0.0013532298326026,-0.0026217623963021,-0.0005033748439017675,-2.7293939638184384e-05
nonmember_49.png,0,-0.0094438865780831,-0.0333286635577678,-0.06334849074482911,0.0004832316190004002,-0.0039901863783598,-0.0042349097784609,-0.006715826690197001,-0.0173368342220784,-0.0245318189263344,-0.0029248502105475,-0.0024335770867765,-0.0011841084342449999,-0.0027566011995076994,-0.012665020301938001,-0.0122585035860539,-0.0010940856300294,-0.0004408226814120995,-0.0009668634738773001,-0.0009817406535147996,-0.0134351532906294,-0.0091499765403568,0.0018352419137954998,-0.0021800082176924003,-0.0007441498455591,-0.0049025565385819,-0.0075545036233962,-0.003223758423701,-0.0019939006306231005,-0.0005917078815401002,-0.0002055625518552,-0.0037468336522579002,-0.0033936495892703004,-0.0012938806321472,-0.0014187628403305999,-0.0005985427997075,-8.680906830695463e-05,-0.008159816497936899,-0.0022071982821216998,-0.0006799565453547118,-0.0028007054934278,-0.0004050621573695882,-1.5745110431453213e-05
nonmember_50.png,0,-0.006421677768230501,-0.029062129557132804,-0.06089958548545839,-0.0013501476496458002,-0.0049365973100066,-0.0039436602964997,-0.0063565373420714985,-0.0163121297955513,-0.0284105129539967,-0.0013808989897370998,0.0019843401387334,-0.0010697985999286001,-0.0020289197564125026,-0.011588305234909002,-0.015234198421239804,0.0017216727137565994,-0.0021207449026406,-0.0015845508314668998,-0.0034880191087722986,-0.014150261878967296,-0.0171850398182869,-0.0007252022624015999,-0.0010702484287322001,-0.0013465582160278999,-0.003108601085841701,-0.011432406492531301,-0.0083530191332102,-0.0016005015932022996,-0.0021691527217625995,-0.0009341905242764,-0.0027007274329661993,-0.0068749883212149004,-0.0040680461097509,-0.0006320378743112,-0.0007699233246968003,-0.00043973658466710003,-0.0101462134625763,-0.0071401237219107,-0.0024008651525946,-0.0034205445554108,-0.0012038945606035602,-5.489908653538722e-05
nonmember_51.png,0,-0.001795098185539197,-0.02990128844976421,-0.06159971654415129,0.0032261102460325007,-0.0023277066648006006,-0.0042571527883411,-0.003919824957847602,-0.02123221382498739,-0.026970449835062103,-0.0036765118129552,-0.0024090907536447005,-0.0006591957062482999,-0.0033578146249055967,-0.0130229219794274,-0.0175264477729797,0.001055142376571899,-0.0013608816079795994,-0.0016825266648084,-0.005740743130445501,-0.020194184035062804,-0.017552596516907198,-0.0013070097193121988,-0.0020452723838389002,-0.001988758041989,-0.005906911566853499,-0.0116700520738959,-0.0082849431782961,-0.0014251875691116004,-0.0015702050877735001,-0.0006068421353121,-0.007153484039008602,-0.0068737291730939995,-0.0035578822717071005,-0.0023138399701565,-0.0009913375251926,-0.00017297998419953662,-0.0079571180976928,-0.0049372390203644,-0.0020106644078623,-0.0024221409694292,-0.0007077489663060676,-4.6089360694168136e-05
nonmember_52.png,0,-0.011142425239086099,-0.0320910438895225,-0.04566559940576549,-0.0033463127911091,-0.0035211094655096,-0.0017304727807640995,-0.002673208713531501,-0.011187706142663997,-0.017838396131992403,0.0001672864891587994,0.00036253733560439975,-0.0022236935328692003,-0.0016767438501119995,-0.006806485354900402,-0.010670205578208001,0.0011599506251514001,-0.0006181863136588998,-0.0007430166006087997,-0.002624846994876799,-0.0059331413358450005,-0.0123502518981695,-0.0015789414755999999,0.0008996096439658997,-0.0015135969733819001,-0.0028083790093660996,-0.0055648786947131,-0.00659906771034,-0.0010802247561514005,-0.0022088489495217995,-0.0006994818104431001,-0.0039441520348191,-0.007373507600277601,-0.0033396109938620996,-0.0017053170595317997,-0.0016915233572945003,-0.00024341282551175908,-0.006699245655909201,-0.0065763352322393,-0.0018444573506713,-0.0026862039230764,-0.0009197416511596141,-3.700626257341355e-05
nonmember_53.png,0,-0.009724883362650903,-0.026999771595001193,-0.061719052493572193,-0.0037107807584107,-0.000865624286234299,-0.004803583025932301,-0.0024290587753056994,-0.014094870537519504,-0.0335923805832863,0.00021470105275510007,-0.0011501051485539003,-0.0015968154184521,-0.004998428747057901,-0.010817267000675201,-0.0200497582554817,0.0004695006646215994,-0.0017489963211119001,-0.0020928361918777,-0.003377452492714001,-0.017704924568533897,-0.0203972570598126,-0.0016948976553976995,-0.0017103757709264998,-0.0019468800164758999,-0.0031190272420643997,-0.0130357658490538,-0.0086865127086639,-0.0001727007329464002,-0.0026074037887156005,-0.0005394271865953,-0.0048398543149233,-0.0085499356500805,-0.003574006492272,-0.0006938632577656997,-0.0012370665790512997,-0.00017842078523238366,-0.0094262948259712,-0.0065502212382853005,-0.0019974981551059,-0.0042711541173049,-0.0007943347845866384,-5.483472705236636e-05
nonmember_54.png,0,-0.0037222001701594024,-0.024627897888422,-0.0372419245541096,0.00013485178351399854,0.0004570083692670007,-0.0007852893322705997,-0.006020918488502499,-0.008374672383069999,-0.016040749847888905,-0.002771147992461899,-0.0016613751649856004,-0.0023705284111201997,-0.0019150301814079007,-0.007396621629595798,-0.011133521795272897,0.00010247016325589959,-0.0015910910442472007,-0.0019108178094029002,-0.0039468016475439,-0.008285565301775901,-0.015058498829603202,-0.0014269282110035003,-0.0008393391035496998,-0.00134567450732,-0.0016060043126344993,-0.0079173417761922,-0.009062516503036,0.0011908211745321005,-0.0012313502375036998,-0.0009565881919116,-0.0029012886807322,-0.006328080780804099,-0.005007258616387801,-0.0009213406592607004,-0.0018817175878211,-0.0006660300859948,-0.0115153302904219,-0.0060002464160789,-0.0030420252733166,-0.0047763916663826,-0.001411405581166024,-0.0001530957088106865
nonmember_55.png,0,-0.007483301684260302,-0.0134050119668245,-0.0214881505817175,0.00011072028428310045,-0.0002856454811990001,-0.0018113201949746002,-0.0032175667583943003,-0.0070581343024969,-0.008761044591665199,-0.0003082281909883005,-0.0007524657994508995,-0.0012233424931764,-0.002672431990504199,-0.0015059467405081003,-0.0037613967433572006,-0.0009083864279090994,-7.388787344090025e-05,-0.00044271512888369993,-0.0027090217918157994,-0.006987460888922199,-0.0053680485580117,-0.0011991844512522004,-0.0021116910502315,-0.0011223769397474999,-0.0020829821005464,-0.0034482432529329993,-0.0021468508057296,0.0005247294902801002,-0.0005900914547965,-0.000366459498764,-0.003247006796300401,-0.0025380032602698,-0.0009679323993623,-0.0011214800179004001,-0.0006291596218943,-6.487353675764496e-05,-0.0076118696015327995,-0.0028296373930061,-0.0005253083945717341,-0.0040554205770605,-0.0007799888498993804,-2.7145633794134483e-05
nonmember_56.png,0,-0.0039010792970657973,-0.017587244510650593,-0.0694240480661392,-0.0013392744585872009,-0.0035581830888985998,-0.0035714441910386,-0.004239421337842903,-0.01324647665023801,-0.032973490655422294,9.709876030680048e-05,-0.0013617547228932997,-0.0004873275756835998,-0.0011238344013690983,-0.013426449149847093,-0.0260708406567573,-0.0014509120956063002,0.00019374955445530025,-0.0021450072526931,-0.002623062580823902,-0.014550358057022102,-0.03255232423543931,0.0009131049737334,-0.0012683281674981004,-0.0037957094609738,-0.0081847859546542,-0.015868278220295903,-0.018125512637198,-0.0030868211761117,-0.0020646471530199,-0.0011212196550332001,-0.0020379694178701002,-0.009888255037367299,-0.0088819917291403,-0.00040600169450040035,-0.0015152252744883,-0.0005338912014849,-0.0112894593039527,-0.0141955992439762,-0.0052504430641419995,-0.0039892671629786994,-0.0024873581132851485,-0.0001134644153352984
nonmember_57.png,0,-0.003713084384799,-0.024216271936893394,-0.0673311054706574,-0.0037885569036006997,-0.0034334780648349996,-0.0056259734556079,0.0020651873201131994,-0.010609123855829301,-0.028538219630718203,0.0030681807547807,-0.00040066614747050026,-0.0016170023009180997,-0.0007883626967668013,-0.0084223672747612,-0.0159500893205404,-0.0011095353402197005,-0.00040975259616969975,-0.0006604730151594002,-0.005340073257684798,-0.0161194782704115,-0.0162224201485515,-9.562773630019967e-05,-0.0016868854872882002,-0.00191692460794,-0.006411209702491701,-0.010697117075324,-0.0071444031782448006,-0.0010452163405717,-0.00033702515065670013,-0.0009003120649140001,-0.0045175421983004,-0.007817838340997701,-0.0034596594050527,-0.0016272938810289002,-0.0024728558491915998,-0.000338078411005,-0.0082961544394493,-0.0098164732335135,-0.00195413333131,-0.0021181690972297998,-0.002080987833323831,-5.487860835268599e-05
nonmember_58.png,0,-0.0007949136197567055,-0.0218671262264252,-0.059863746166229304,0.0005844216793775003,-0.0043918984010815,-0.0029684528708458,-0.003988230600953095,-0.017475478351116104,-0.029042109847068794,-0.0007595364004373013,-1.4028511941500607e-05,-0.0031205476261675002,-0.004002518951892901,-0.012151107192039497,-0.017172858119010898,-0.0014029419980943992,-0.0006932015530764987,-0.0015428923070430998,-0.007413642480969401,-0.0179900377988816,-0.020510401576757403,-0.0023981924168765,-0.0027155689895153002,-0.0027520026196725,-0.004159618169069299,-0.0130783161148429,-0.009794348850846301,0.00045532267540689987,-0.0028403903124854003,-0.0006419376004488,-0.005093115381896499,-0.0086495401337742,-0.0041653753723949,-0.0005833040922879999,-0.0008507962338626001,-0.00018148311937685722,-0.008904445101507001,-0.0054757639882155006,-0.0023313372657867,-0.0038960379315540004,-0.0007909184059826358,-3.939289308618754e-05
nonmember_59.png,0,-0.004615835845470401,-0.026981934905052102,-0.0538136661052704,-0.002082819119095799,-0.0005645360797643991,-0.0026968871243297993,-0.004250375553965596,-0.010880045592784895,-0.0209768526256085,-0.0025314087979495005,-0.0012815790250897009,-0.0011029909364879001,-0.004409352317452403,-0.009400378912687302,-0.012887466698884902,-0.0006888005882502001,-0.0009648618288338002,-0.0014695385470987,-0.002947643399238597,-0.018733475357294103,-0.014895968139171599,0.0010652705095707997,-0.0024667638354003993,-0.0018137235310859998,-0.004859413020312802,-0.014874009415507296,-0.0066497828811407,-0.0016070352867244998,-0.0026953269261867003,-0.0006691929447697001,-0.005107240751385699,-0.0106110731139779,-0.0026377330068498997,-0.0019807978533208995,-0.0010063194204121,-0.00012342268018979794,-0.0085016660159453,-0.0079900599666872,-0.0014500725519611,-0.0034633472678251005,-0.00110376624434137,-6.820784619776532e-06
nonmember_60.png,0,-0.006131134927272797,-0.0343317165970802,-0.06547316163778309,0.00022804643958810114,-0.0026264712214469996,-0.0016498309560120002,-0.0030468590557576024,-0.0208623483777046,-0.025389730930328293,-0.0004410315304995017,-0.0017828531563281996,-0.0010692439973353993,-0.0015635192394256002,-0.012123927474021898,-0.0135285742580891,0.0017408793792129014,-0.0016646930016578007,-0.0007832834962755004,-0.0032106526196002995,-0.018114810809493103,-0.014266649261117002,-0.0013060430064797002,-0.0021376817021518998,-0.0019243793794886,-0.0036999080330133993,-0.0122560411691666,-0.009186117909848699,-0.0020982390269638,-0.0017720895120873997,-0.0009031019289978,-0.007398806512355799,-0.007330598775297401,-0.004456156399101,-0.0007928954437374999,-0.0011972695938311001,-0.0003951137114198845,-0.0100675222929567,-0.0053265632595867,-0.0025800895527936,-0.0043577215401455005,-0.0006967776553210164,-5.311891800374725e-05
nonmember_61.png,0,-0.0038551557809114005,-0.016877301037311596,-0.0399258658289909,4.078447818750032e-05,0.00010791327804320072,-0.0015292610041796996,-0.0005333460867404972,-0.010315015912056004,-0.018116034567356096,-0.00030684471130370053,0.0016675628721714002,-0.0017555351369082997,-0.002940254285931601,-0.007443279027938794,-0.011816252022981703,3.6256387829801395e-05,-0.0025423029437661006,-0.0015540707390756005,-0.0019029099494219,-0.015254413709044502,-0.013637038879096501,-0.0007269880734384008,-0.0031643826514481995,-0.0014986846945247998,-0.006626833230257,-0.0137027148157358,-0.006528831552714099,-0.0011316919699310996,-0.0022071567364037002,-0.0006632508011535001,-0.0042282622307539,-0.008988431654870501,-0.0027854084037244003,-0.00019965786486869988,-0.0014057399821468001,-0.00023410169524135967,-0.0108507941477001,-0.006615709484322,-0.0015503120230278,-0.0048972421791404,-0.00068131904299658,-4.2121464502997696e-05
nonmember_62.png,0,-0.006895966827869398,-0.025717273354530404,-0.07032886892557139,-0.0013911630958318008,-0.0014625862240790991,-0.001942623406648701,-0.0036968626081943998,-0.013795726001262595,-0.0324984453618527,3.1420495361100115e-05,0.00011542253196239992,-0.0030748825520276997,-0.0010569859296083,-0.010765463113784797,-0.019944697618484497,6.273202598089996e-05,0.0008299518376588006,-0.0009458409622310998,-0.0050554536283016,-0.017136048525571906,-0.0219607297331094,-0.0011890269815922,-0.002933037932962101,-0.0023842388764024,-0.003173332661390301,-0.017567778006195998,-0.010259970556944602,-0.0005146106705068995,-0.0029553954955190997,-0.0008917719533202,-0.006366723217070099,-0.011829581111669499,-0.0043584848754108,-0.0021890762727708,-0.0015303165419027,-0.00032486096461069997,-0.0070104359183460994,-0.010283899377100201,-0.0024376134970226,-0.0014160883147269002,-0.001683328526269137,-2.9496441129507627e-05
nonmember_63.png,0,-0.003184806555509602,-0.019231013953685802,-0.04060995578765869,-0.0015706000849604,-0.0018365820869803012,-0.0056287124752998,-0.0025079362094402,-0.011348392814397798,-0.020023521035909708,-0.00045111309736970036,-0.002164837438613199,0.00041777780279509975,0.00013311393558970014,-0.007401440292596803,-0.014425519853830296,-0.0002901619300245996,0.0018795332871377989,-0.0021493979729712,-0.005140675231814298,-0.013191685080528301,-0.0187202133238316,-0.0011014756746591005,-0.0026080310344695993,-0.0024342769756913003,-0.005613846704363899,-0.011833149939775498,-0.009869912639260302,-0.0019639870151876996,-0.002595832804218,-0.0009719701774884,-0.0029682070016861014,-0.008814510889351299,-0.0045340147335082,0.0003346819430589997,-0.0013197428779676,-0.0002995846443809,-0.0126629383303225,-0.010919834487140201,-0.0027095013938379,-0.0047530908486806,-0.001704494530713407,-0.00012589745165314493
nonmember_64.png,0,-0.006115177646279401,-0.0226893723011017,-0.0643013790249825,0.002817911095917301,-0.0010506529361009,-0.0028830026276408993,-0.003461319953203198,-0.0092167779803276,-0.030543867498636204,-0.0039817960932851,0.0007508257403969999,-0.0030984729528427003,0.0003999564796687005,-0.0077855661511420995,-0.0170038938522339,0.00018040183931589994,-0.0023949295282363996,-0.0014840697403997998,-0.005105620250105903,-0.017250325530767503,-0.019725618883967396,-0.0014081764966250004,-0.0012824558652938002,-0.0018973269034177002,-0.003257158212363699,-0.015699049457907698,-0.009582846891135002,-0.00027937302365899953,-0.0026569035835563998,-0.0008493620553054,-0.004154644906520899,-0.0089533398859203,-0.004197414265945601,-0.0013789627701044005,-0.001268174382858,-0.00021046350593669503,-0.007178046624176201,-0.0063245271448977,-0.0023433963797288,-0.0032695732079446,-0.0008106878594843796,-1.8458638805896044e-05
nonmember_65.png,0,-0.003212094306945794,-0.044498980045318604,-0.08431112766265872,0.001665416173637,-0.0035054879263043005,-0.0051514799706638,-0.004737004637718201,-0.0245010778307915,-0.04026190936565399,-0.0017715953290462997,-0.0017316373996437004,-0.0014066407456993996,-0.003247601911425601,-0.016399513930082293,-0.026700094342231695,-0.0007658214308320999,-0.00045569147914649964,-0.0012423782609403003,-0.006204050034284602,-0.0252022948116065,-0.0332962926477194,8.002435788509975e-05,-0.0030008058529347,-0.0034438113216311,-0.0059123933315276996,-0.0160678680986166,-0.0160595150664449,-0.0016091763973236006,-0.0023321923799813,-0.0008887490548658999,-0.005313580855727199,-0.0086633241735398,-0.0067647844552994,-0.0008831098675727992,-0.0007963277748786001,-0.00017300169565719997,-0.0086631772574037,-0.0055954016861506,-0.0037348665355239,-0.0034151257714257004,-0.0005894119476578375,-7.07055551173735e-05
nonmember_66.png,0,-0.004768770188093199,-0.023630142211914104,-0.058192498981952695,0.00018709246069189937,-0.0029323231428862,-0.0066485982388258,-0.004988182336091999,-0.012691695243120193,-0.028023712337017004,-0.0012052627280353997,-0.0005154660902917003,-0.0017335871234536006,-0.0033206325024365997,-0.011873003095388399,-0.021575313061475795,-0.0017390013672412006,-0.0020792344585060995,-0.0012238903436809995,-0.005256421864032801,-0.015400500968098602,-0.022786831483244903,1.3490207493999096e-06,-0.0012313509359956004,-0.0024364741984754003,-0.002974545583128898,-0.012476112693548203,-0.0103563331067562,-0.0006909016519784997,-0.0009644364472478997,-0.0010435596050229,-0.005430190823972201,-0.007500517182052198,-0.0048076158855111,-0.0027306326664984,-0.0009891111403704002,-0.00030883590807209997,-0.009423902025446301,-0.008534659282304301,-0.0025830288359429,-0.0021717087947764,-0.001873976216302161,-5.693506318488545e-05
nonmember_67.png,0,-0.0082566998898983,-0.018413297832012204,-0.0473329350352287,-0.002619899809360499,0.0005362443625927006,-0.0024615526199339996,0.00010931491851809763,-0.011298235505819293,-0.024565242230892195,0.0016328487545252002,0.0014702789485454993,-0.0025666537694633,-0.0026991236954928,-0.003805112093687002,-0.0182731188833714,-0.0012502465397120008,-0.002563669346272999,-0.0018063636962325,0.000905549153685601,-0.0172729417681695,-0.0257149450480938,-0.0012353872880338998,-0.0022459346801042,-0.0017146652098745001,-0.0005765128880739004,-0.016068400815129197,-0.0134625621140003,0.0015254858881235001,-0.0029002239461989,-0.001118688902352,-0.006875710561871598,-0.013543038628995502,-0.006337489234283601,-0.0008281748741865002,-0.0014412922901100998,-0.0003653826352092,-0.0149503317661583,-0.010340377804823199,-0.0036024496948812,-0.0059851761907339,-0.0007982472961884493,-7.15565183781873e-05
nonmember_68.png,0,-0.0017927959561347961,-0.0370484516024589,-0.0726639702916145,0.0017769029363988997,-0.004132020287215699,-0.0022837584838271002,-0.007945518940687103,-0.020441494882106795,-0.030200999230146408,-0.0008063856512307999,-0.0013223420828581012,-0.0024557965807617006,-0.0026793964207172984,-0.015989735722541802,-0.018852625042200095,-0.0028899265453218997,-0.0010662260465323994,-0.0020856661722063997,-0.008076382800936699,-0.018301088362932198,-0.0200590658932925,0.0007010097615420992,-0.0006826561875640999,-0.0020118779502809,-0.0028622057288885012,-0.014384193345904399,-0.010897386819124201,-0.0018770643509924993,-0.0031797662377358,-0.0012724906264339,-0.0025085145607591005,-0.0114899137988686,-0.005206987960264101,0.0007726582698523998,-0.0020031423773615997,-0.00024328751896969997,-0.0125937219709158,-0.0096145453862846,-0.0030421730916714,-0.0051282938802614,-0.0011502837551233514,-9.812600910658173e-05
nonmember_69.png,0,-0.005017127841710999,-0.03138772398233411,-0.06760431826114649,0.0004621855914593003,-0.0005370397120713997,-0.003166087903082401,-0.004945164546370499,-0.017103370279073694,-0.028773613274097505,-0.0027401549741625994,-0.0033332579769193996,-0.0011894577182828998,-0.0028870254755020003,-0.010205853730440202,-0.016411703079938895,0.0010624807327985998,-0.0003030663356185003,-0.0016335113905369997,-0.0019473787397147023,-0.013014957308769198,-0.017924806103110303,-1.7445068806400295e-05,-0.0014468585141003002,-0.0013051407877356,-0.002848112955689399,-0.0103593431413174,-0.0080181327648461,0.00021186564117669972,-0.0010723280720413,-0.0009933674009517,-0.005696258507669,-0.005981718655675599,-0.0037784029264003,-0.0033946367911994995,-0.0013499006163328999,-0.0003286212740931,-0.0077148685231804,-0.006610094133066,-0.0021690633438993,-0.0026679083821364,-0.001131121756770835,-8.571446232962833e-05
nonmember_70.png,0,-0.008165098726749403,-0.022930253297090503,-0.0389375612139702,-0.0017936239019035998,-0.0034197056666017004,-0.0030637918971479,-0.0023179743438958983,-0.0148516781628132,-0.015709323808550803,0.0013744472526013999,-0.0005665132775903,-0.0021172573324293,-0.002168420702218999,-0.009755417704582204,-0.007572990842163599,-9.226286783810007e-05,-0.0017258594743907,-0.0009053052635863003,-0.003659918904304501,-0.009920042008161599,-0.007974034640938,-0.0020184703171254002,-0.0010618115775287,-0.0007862799684518,-0.0017138998955487997,-0.0068651470355689,-0.0029291994869708998,0.0009495322592557006,-0.0010435021249578002,-0.00031992548611009996,-0.0043243430554867,-0.0033662214409560004,-0.0013015191652812998,-0.0007663709111512002,-0.00035635253880169997,-0.00013178373774275936,-0.005797470919787901,-0.0027420407568571,-0.0007045469901639948,-0.0034292605705559,-0.0008661766587465091,-4.816353612113744e-05
nonmember_71.png,0,-0.007742248475551602,-0.02376365661621091,-0.05820668488740921,-0.0004033902660012991,-0.0038152253255248,-0.0042367419227958,-0.001896936446428299,-0.014009483158588396,-0.0263437256217003,-0.0008050715550780001,-0.0026630004867912,-0.0021460289135575,-0.0026188697665930002,-0.0112495608627797,-0.016725208610296298,-0.0014922949485481002,0.0004079742357135001,-0.0017009794246405003,-0.0042440835386514005,-0.014878993853926596,-0.016265667974948897,-0.00031078001484270007,-0.0020262862090021003,-0.001430259202607,-0.0031232032924891004,-0.0104545401409269,-0.00758664496243,-0.0007088789716362997,-0.0014782284852117,-0.0006472403765656,-0.005384149029851,-0.007204891182482201,-0.0035165345761924995,9.408872574569963e-05,-0.0014105425216258,-0.00038584397407244453,-0.0082060908898711,-0.0061345385620369995,-0.0020942924602423,-0.0042598474537953995,-0.0009688006703071912,-5.092608989798464e-05
nonmember_72.png,0,-0.0037817079573869983,-0.014223648235201801,-0.028167955577373498,0.0009205760434270009,-0.0011772420257330002,-0.0016025169752539002,-0.0037991069257259993,-0.007561789825558701,-0.0140144191682339,-0.000575546175241401,-0.0011277347803114995,-0.0019872500561177,-0.0020109582692384026,-0.0022415369749069006,-0.007023928686976402,-0.002438302617520099,-0.0001968587748707,-0.0010621685069054998,-0.004421319812536299,-0.007058809511363499,-0.0099647277966142,-0.0011549326591194006,-0.0011603175662458004,-0.0015341580146923,-0.003583351150155,-0.003948318772018001,-0.005110467784106699,-0.0005560293793677997,-0.0009808090981096,-0.0006531094841194,-0.0024086274206638995,-0.004090637434273899,-0.0026345881633461,-0.0003876490518450997,-0.0012020876165478999,-0.0002780798240565,-0.0074129463173449005,-0.004419186065206301,-0.0015551792603219002,-0.0039504250744358,-0.0009450223406019733,-5.635567140407024e-05
nonmember_73.png,0,-0.0031844787299632957,-0.028950877487659406,-0.040155019611120196,-0.0002493532374501003,-0.0017844284884631,-0.0025500520132482,-0.005691925063729203,-0.0158239006996155,-0.015831900760531502,-0.0006793872453273002,-0.0015617776662111005,-0.0006374856457113994,-0.0026145614683628984,-0.006698928773403199,-0.0071044489741325,-0.0017272429540753,-0.0016543818637728995,-0.0013591835740954,-0.0080761006101965,-0.0104082226753234,-0.012180225923657402,0.00024330709129570006,-0.0006270273588598,-0.0022500727791339003,-0.0018228851258755008,-0.0074761509895325,-0.0062278690747917,-0.0020847001578659,-0.0008598100394010002,-0.0007193420024123,-0.001878789626061899,-0.0047925831750035,-0.0028965569799765997,0.0010328504722566002,-0.0013827066868544,-0.0002336851102882,-0.0104295139899478,-0.0056150824821089,-0.0016699175466783,-0.0043300130055286,-0.0013679266303369853,-8.044153582883505e-05
nonmember_74.png,0,-0.0055871922522783,-0.0250310748815536,-0.0491605997085571,-0.0011940924450754998,-0.0022161784581840004,-0.0029906500130892,-0.004884945228695901,-0.0124269165098667,-0.024532541632652297,-0.0018434883095324005,-0.0018809209577739993,-0.0025311773642897007,-0.0007028281688689977,-0.008847769349813503,-0.0191240571439266,-0.00012916838750239978,-9.008264169090008e-05,-0.0018399655818939998,-0.0052823983132838995,-0.0133528783917427,-0.017629127949476204,-0.0017515015788377,-0.0011019571684301004,-0.0018036336405201998,-0.0031207269057632013,-0.010556638240814199,-0.009782359469681999,0.0007579731754959003,-0.0019907872192562,-0.0010574536281638,-0.003245907835662299,-0.0061380104161799,-0.0044685855973512,-0.0015256679616869,-0.0010608951561153,-0.00034195449552499994,-0.006901316111907401,-0.007041125849355,-0.0027387263107811997,-0.0032005528919398004,-0.001425326645403326,-0.00011376923794156313
nonmember_75.png,0,-0.004808247089386,-0.024390250444412197,-0.035140711814165095,-0.0024644928053022003,-0.0019059618934989002,-7.158657535909999e-05,-0.006693430244922697,-0.015560891479253797,-0.017588529735803597,-0.0023656631819904007,-0.0018284711986780002,-0.0029002970550209,-3.258511424060126e-05,-0.007201820611953701,-0.009336728602647802,0.0025860439054668,0.00017224717885259977,-0.0009169516852126,-0.0010175351053475987,-0.013541679829359103,-0.010047190822660899,0.00034488923847680007,-0.0022842534817755994,-0.0012654791644308,-0.0029756613075734017,-0.011238802224397599,-0.0043432696256787,-0.0015757167711853998,-0.0014632582897320002,-0.0002471168409102,-0.005682639777660297,-0.007750147022307,-0.0018465692410245,-0.0024271393194795,-0.0006850393256173,-9.53969210967959e-05,-0.015251104254275602,-0.0056893845612648,-0.0009935657362803,-0.0050744235632009995,-0.0012309524245210078,-3.7005927879363305e-05
nonmember_76.png,0,-0.004503294825553901,-0.026101950556039803,-0.054535970091819694,-0.00039957277476789996,-0.002327747642994,-0.0048522152937949,-0.0055371597409248005,-0.010693628340959598,-0.023333851248025894,-0.0007283710874616996,-0.0003243112005293005,-0.0010327571071683996,-0.0016566142439842016,-0.006446406245231601,-0.012377731502056198,-0.00025064917281270027,-0.0001868619583546994,-0.0006563095375896003,-0.005153810605406799,-0.011463962495327003,-0.018249228596687303,0.00015574228018520007,-0.0011608838103712004,-0.0026343134231865,-0.0037385579198599,-0.012659078463912,-0.0138107165694236,-0.0018777954392135005,-0.0028669333551079,-0.0019677295349539003,-0.004648048430681199,-0.011548409238457699,-0.0079390644095839,-0.0015650391578673995,-0.0016612826148048,-0.0006122541381046,-0.009861622354947,-0.0090528785367496,-0.0047563296975568,-0.0032646627514624003,-0.001153975874331011,-0.00022000260287306572
nonmember_77.png,0,-0.00038059428334239614,-0.021894186735153198,-0.047117851674556704,0.0017725806683301995,-0.0027692271396517008,-0.002010743599384999,-0.005245963111519803,-0.013709928840398795,-0.023798726499080693,-0.003021389245987001,-0.0005472353659570998,-0.0021064360626042,-0.0024462491273880005,-0.0109297186136246,-0.011520911008119604,0.0027266722172499015,-0.0015713023021817,-0.0016730346251279003,-0.0078833401203155,-0.016325406730175,-0.01612130086869,-0.004692160058766601,-0.0004815254360437003,-0.0018280365038663,-0.0021641235798597995,-0.014112442731857302,-0.007017587777227099,-0.00027659256011249977,-0.0021472151856869997,-0.0005932126368862,-0.0042218267917633005,-0.00842619035393,-0.0030970236985013,-0.0011747749522328004,-0.0007899564225225999,-0.0001802475089789,-0.0090434324229136,-0.006573242804734,-0.0017080103716581,-0.0032364749349654,-0.0009582318853062878,-5.2057799621235714e-05
nonmember_78.png,0,-0.002782523632049498,-0.0262218341231346,-0.0453985743224621,0.0017722118645905997,-0.0017956513911486002,-0.0017121927812695,-0.008391326293349304,-0.014066684991121299,-0.0205038189888,-0.0019754692912101,-0.0028237593360244994,-0.0014753506984561998,-0.002160100266337398,-0.009682092815637595,-0.011255595833063101,-0.0010647885501384995,0.0009448644705117,-0.0013135992921889002,-0.004881478846073099,-0.015944415703415902,-0.0116792805492878,0.0007314332760870006,-0.0030283532105387003,-0.0012923557078466002,-0.0031612236052752027,-0.0108572319149971,-0.0052440317813307,-0.0013972208835184002,-0.0018765123095362997,-0.0004955421027260999,-0.006278670392930499,-0.0085539612919092,-0.0023196899564937,-0.0011715069413184998,-0.0013124942779540998,-0.00025571944570400014,-0.0086141717620194,-0.0065509812557139,-0.0013492004509317,-0.0030735100153834005,-0.0008799230490694267,-3.4782719012582675e-05
nonmember_79.png,0,-0.0041025374084711005,-0.009121131151914603,-0.026456233114004107,0.0007401425391436005,-0.0011046705767512,-0.0026521049439907005,-0.0032280506566167,-0.003432909026741999,-0.0104593299329281,-0.0020411391742527,0.00023588491603730027,-0.0013897540047765,-0.0010654451325536,-0.004089975729584697,-0.0080878920853138,0.00011368514969939923,-0.00022706622257830014,-0.0007645357400178996,-0.0005825087428093009,-0.0061705205589533026,-0.0097961192950606,0.0008080564439297,-0.0011043669655918997,-0.0010229197796434001,-0.0036551086232066,-0.007217899896204399,-0.005503406748175599,-0.0009152120910584996,-0.0021914532408118005,-0.0010725882020779002,0.0008786404505372013,-0.0043467581272126,-0.0027580028399826,0.0008633304387331,-0.0011022100225090998,-0.00039251314592549997,-0.004578082822263201,-0.0059036852035206,-0.0016205738502321002,-0.0035648006014526,-0.001464876269892521,-9.453003804075051e-05
nonmember_80.png,0,-0.0045289602130651994,-0.019529495388269404,-0.03988092020154001,-0.0002609863877297003,-0.0025928490795195007,-0.0032739029265940007,-0.003943359479308101,-0.0074109416455031,-0.019730813801288598,-0.0010432763956486988,-0.0009430134668946995,-0.0030463170260191,-0.0020825099200009987,-0.005602693185210197,-0.011427324265241602,-0.0015621981583536,-0.0004690461792051003,-0.0007602511905134002,-0.0013859402388333997,-0.009539997205138201,-0.012430937960743899,4.9067661166199775e-05,-0.0015399423427880001,-0.0018982336041517,-0.0023404024541378004,-0.006857441738247901,-0.005162146640941501,0.0015333788469434001,-0.0009611507412045999,-0.0003357368404977,-0.0028894478455185994,-0.004538687877356999,-0.00226812181063,-0.0028112493455410004,-0.001302172895521,-0.00025716976233522936,-0.0095202263910324,-0.0035295000270707997,-0.001207380752021,-0.0033145936904474997,-0.0009644429192120815,-4.873153375228868e-05
nonmember_81.png,0,-0.0067423693835736015,-0.026033632457256303,-0.05349590629339221,0.0013703787699342,-0.0018979609012604003,-0.0031677233055234007,-0.005985384806990596,-0.013825193047523492,-0.0263850465416908,-0.004133378155529501,-0.0016706031747162004,-0.0015230993740260003,-0.0018029548227787018,-0.004815515130758299,-0.020237959921359995,-0.0005544461309909994,0.00031116371974349976,-0.0029711984097957993,-0.0042582657188177005,-0.0055847503244877,-0.026118926703929905,-0.0007243948057294005,0.00048267655074589987,-0.0030262160580605004,-0.0017350558191537996,-0.012457322329282702,-0.014246332459151799,0.0012357393279671999,-0.0027337255887687,-0.0010977352503687,-0.0034912964329124,-0.0160354021936655,-0.006595703773200501,-0.0018993047997355999,-0.0031486605294049,-0.0002862104593078,-0.0106733357533812,-0.0138846369227395,-0.0038156834925757994,-0.0036504729650914,-0.001133393339841781,-0.00010530240615473855
nonmember_82.png,0,-0.0015196613967417977,-0.0280044823884964,-0.07006350904703139,0.0010009193792938995,-0.0033399611711502006,-0.0028447424992919003,-0.001790601760149002,-0.0183349624276161,-0.029415011405944803,-0.0013440558686852004,-0.00036249402910479983,-0.0030639481265098,-0.002125009894371095,-0.015040673315525097,-0.015121866017580001,0.0012189224362373005,-0.0021759769879281,-4.8762885853699794e-05,-0.0007340721786022048,-0.0160441696643829,-0.015236518345773302,-0.0012026270851491997,-0.0016138944774866,-0.0014096937375143001,-0.0006298162043094982,-0.012146403081715102,-0.0084874983876943,-0.0009446097537876008,-0.0017825283575803002,-0.0014303110074251999,-0.011991657316684699,-0.0079999770969153,-0.004008875461295301,-0.0027299057692288997,-0.0015650453278795002,-0.00035906933771910003,-0.0182113861665129,-0.0070715928450227,-0.0023782164935255,-0.0043567753746174,-0.000856770220707368,-8.171766603476066e-05
nonmember_83.png,0,-0.002005891874432498,-0.013599313795566594,-0.0349969863891602,0.0015836618840694011,-0.0015777763910591993,-0.0019638338126242005,-0.0024890042841435034,-0.0097525641322136,-0.015388052910566295,-0.0020569465123117005,-0.0011263228952883998,-0.0018406095914541998,-0.0012713372707366978,-0.005179420113563503,-0.010799458250403404,-0.00020679039880629971,-0.0005821459926665003,-0.0010088416747749,-7.990188896650138e-05,-0.0098927579820156,-0.012842648662626799,0.0010552341118454994,-0.0010251612402499,-0.0016921838978306,-0.005079872906208099,-0.0105051826685667,-0.0076719969511032,-0.0030613238923251993,-0.0014801912475377,-0.0009443341405131,-0.0023726336658001,-0.0082370340824128,-0.0039846068248151996,0.0010973559692501996,-0.0017297328449786,-0.000378683937015,-0.0077048058155924,-0.007818702171789399,-0.0023968137829798,-0.004202411277219599,-0.0012074079459125126,-7.315663606271043e-05
nonmember_84.png,0,-0.005860503762960399,-0.024199523031711606,-0.029983606189489295,-0.0028931815177203005,-0.0016017593443394002,-0.0023542144335806994,0.00014803186058990128,-0.011449102312326404,-0.015431301668286403,0.00047882366925480063,-0.0005964748561381999,-0.0018866593018174002,-0.0062423255294561004,-0.0077740401029586965,-0.0077407322824001,-0.0038540125824511008,0.0001627774909138003,-0.0007514670724049,-0.0026341248303651983,-0.009899985045194602,-0.0085647031664848,0.0014633140526712001,-0.0029787423554808,-0.0011161343427374998,-0.0035678343847394024,-0.006946291774511398,-0.0042622329201549,-0.0013366700150072002,0.00010372279211879991,-0.00045767455594620003,-0.0032765353098510985,-0.005008196923881701,-0.0018737341742963002,-0.0013949945569038998,-0.0017314155120402,-0.0002658010052981769,-0.0076613144483418,-0.0058570069668349,-0.0010298011329724,-0.0026032705791294002,-0.0015575185025227106,-2.2426804207498214e-05
nonmember_85.png,0,-0.007328949868679102,-0.024416878819465603,-0.0471844933927059,-0.0025192545726895003,-0.002046068198978901,-0.0029075746424496,-0.0025591608136892006,-0.013392463326454197,-0.0231117643415928,-0.0007140971720218997,-0.0007684081792831005,-0.0020906073041260997,-0.003171199932694501,-0.010573171079158804,-0.0102541614323854,-0.0012337085790932005,-0.0030193617567419997,-0.0009532310068607001,-0.0035801436752080987,-0.010102363303303698,-0.0127683049067855,0.0008949148468674001,0.0015287287533283008,-0.0013952174922451,-0.0026766359806059993,-0.008972695097327201,-0.0049081172328442006,-0.0007303785532712997,-0.0033175712451339002,-0.0005906578880968,-0.0016293087974191007,-0.0098895709961653,-0.0020881232339889,0.0003427285701036002,-0.0017557473620399002,-0.00016812297690188132,-0.0128061852883548,-0.0089285477588419,-0.0010556490378804,-0.006131949834525601,-0.0017064265448425429,-3.211966031813063e-05
nonmember_86.png,0,-0.002634588629007395,-0.042822927236557104,-0.0790503770112992,0.0001180712133645994,-0.0026985164731741004,-0.0015963008627296006,0.0006548315286636977,-0.02384439110755919,-0.0325444862246513,-0.0017320234328507995,-0.0007809689268468995,-0.0014694817364215,-0.006282676011323998,-0.016049295663833604,-0.019896887242794002,-0.0007158005610109,-0.0015013953670860005,-0.0025886318180711,-0.0080115851014852,-0.023034673184156397,-0.0206269845366478,-0.0029439576901494997,-0.0033421078696846997,-0.0013836759608237999,-0.003907145932316801,-0.015331750735640502,-0.010747245512902799,0.0011799959465861,-0.0010255808010697,-0.0011606621264946,-0.0045583304017782,-0.0091918911784888,-0.0050992441829294,-0.0006642299704254003,-0.0011148400371894,-0.0003290941094747,-0.0161696714349091,-0.0096113954205066,-0.0029230408399598,-0.0049491863464936,-0.0016414055353379693,-0.00010248689432041367
nonmember_87.png,0,-0.0019707214087247987,-0.0094327293336392,-0.025103978812694605,0.0001661106944083994,0.00011195754632350053,-0.0012814770452678004,-0.002456566318869601,-0.007021682336926498,-0.011174654588103301,9.167380630970001e-05,-0.0010321494191885003,-0.001978671643883,-0.0022523831576109,-0.0033437460660933997,-0.008223516866564699,-0.0010390267707406997,-0.0015305806882679003,-0.0016858438029884997,-0.002413553185760999,-0.006943708285689399,-0.0097049921751023,-0.0001457082107663996,-0.0007080449722707996,-0.0009466825285926002,-0.0017791977152228008,-0.0060016233474016,-0.0050900522619485,0.00016342196613550013,-0.001547411433421,-0.0007360146555584,-0.0028851069509982993,-0.0042510349303484,-0.0022930488921702004,-0.0011228807270526001,-0.0007550469599665001,-0.0002190267405239664,-0.0062202927656472,-0.004569591314066201,-0.001263269543415,-0.0036376300267876,-0.000995641948975299,-5.408830111264251e-05
nonmember_88.png,0,-0.0042153596878052035,-0.029176063835620797,-0.053955025970935794,-0.0017059724777936987,-0.002265913411974901,-0.0016030692495405995,-0.0021834634244441986,-0.011077057570219102,-0.025673117488622693,-0.0010712165385485008,-0.0018978901207447,-0.0013774358667433002,-0.003556352108716899,-0.0072005614638328,-0.013672210276126799,-0.0005681733600795,0.002426924649626,-0.0017815725877881002,-0.0018346123397351005,-0.0143856536597014,-0.015853310003876703,0.0028266389854252,-0.0040434822440147,-0.0019360915757716,-0.006632404401898301,-0.009113568812608698,-0.0102638807147741,-0.0027586054056882997,-0.0002146125771104999,-0.0013232839410193,-0.004136460833251501,-0.007617059163749201,-0.005227774148806999,-0.0016847560182213003,-0.0014936225488782,-0.000424287019996,-0.007415962871164099,-0.0082004308933392,-0.0029524945421144,-0.0032108447048814,-0.0018892151929321328,-0.00011086670565412909
nonmember_89.png,0,-0.0050075240433216026,-0.026946164667606298,-0.06135708093643191,0.0006435601972042994,0.0008116662502289009,-0.0035644667223096,-0.0011557340621948,-0.014915365725755705,-0.0363139882683754,0.00019161310046910025,-0.0032584792934358007,-0.0025435606949030997,-0.0021792817860841994,-0.012931779026985203,-0.023304697126150097,-0.0007321210578084001,-0.0009522172622382996,-0.0021425974555314,-0.006247352808713899,-0.019512256607413295,-0.027472335845232,-0.00028586620464919957,-0.0015007555484771,-0.0023076921934262,-0.004979186691343802,-0.0133862365037203,-0.012039419263601301,-0.0014639459550380004,-0.0021612169221044,-0.0008020485402085001,-0.004974056966602799,-0.0088587361387908,-0.0054755047895015,-0.0016226819716394,-0.0013600144302472002,-0.0003670579462776999,-0.0087339462479576,-0.0065338152926415,-0.0031183444953058,-0.0034073572605848998,-0.001172074520582082,-9.913676694849903e-05
nonmember_90.png,0,-0.004805020987987501,-0.0163954943418503,-0.0430276393890381,-0.0014730375260115,-0.0015860535204410987,-0.0008582822047173994,-0.0013803578913211996,-0.013145789504051202,-0.021462291479110697,-0.00016434211283920114,-0.0018191910348832009,-0.0009117932058871001,-0.0042464658617973015,-0.0059660412371158045,-0.012645252048969297,-0.00041902437806129976,-0.0019627474248409002,-0.001788376364857,-0.007587899453937999,-0.013368424028158198,-0.0166098903864622,-0.0029504704289138994,0.0019874577410519,-0.0019082396756857005,-0.0006017843261361001,-0.0095189288258553,-0.010296265594661201,0.0020756986923515996,-0.0021147439256311,-0.0013662663986907,-0.0037261405959726004,-0.006801973097026298,-0.005720779765397299,-0.0023743747733533,-0.0019306631293147998,-0.0009640255302656,-0.008653350523673,-0.0095011187950149,-0.0038061902741902,-0.0037773376679979,-0.0024670791899551697,-0.00016494847659483076
nonmember_91.png,0,-0.004684675484895706,-0.028028868138790103,-0.06415638327598572,-0.0002513080835342997,-0.0026043383404612992,-0.0041916137561202,-0.007334474474191697,-0.012831844389438601,-0.025600306689739304,-0.0017407103441655003,-0.0005789250135422004,-0.0017891821917147004,-0.0014612451195716997,-0.0139266401529312,-0.013601468876004198,-0.0004406110383571001,-0.0007712123915552998,-0.0011258912272751,-0.0018408652395009995,-0.020447039976716104,-0.0136756626889109,0.0009949374943971998,-0.0028013377450406,-0.0011763796792366,-0.008047070354223201,-0.012088492512702899,-0.005024988437071501,-0.0030706264078617,-0.0018243110971526,-0.0003650899307103,-0.0059604998677969,-0.0070641478523612005,-0.0021046692272648,-0.00034717377275229975,-0.0011114182998426003,-0.00010975640907416264,-0.0072452505119145,-0.0053414631693158,-0.0011077547605964,-0.0032576404046267,-0.0007487962502636336,-2.570681317592971e-05
nonmember_92.png,0,-0.003810409456491498,-0.0243311300873756,-0.05780231952667242,-0.00011291913688190117,0.0002508899196982991,-0.003995193634182201,-0.0031362920999527012,-0.012091375887394007,-0.025231234729289995,-0.0011308640241622994,-0.00034454278647899975,-0.0011526928283274,-0.0036560222506522994,-0.011182457208633395,-0.015116591006517396,-0.0009489697404205001,-0.0013555204495788002,-0.0008065064903349001,-0.004609582945704502,-0.0157551467418671,-0.017969612963497604,0.0002571204677224003,-0.0016964855603873999,-0.0020170443458482996,-0.0031395852565765,-0.011015985161066003,-0.0084387911483646,-0.0018061739392579,-0.0027455990202725,-0.0009316882351413001,-0.0046184593811630995,-0.0126138962805272,-0.0037174213211983004,0.0007272651419044001,-0.0020974277285858997,-0.0003037420829059,-0.0089212404564023,-0.0103045148425735,-0.0020781734056073,-0.0044082523090765,-0.0011092978784289847,-7.65516851970416e-05
nonmember_93.png,0,-0.004386074841022498,-0.02526200562715529,-0.06713311374187471,-0.0015444075688719004,-0.0027621863409876997,-0.0047290157526731,-0.0032742023468017023,-0.017576940357685103,-0.029242280870676006,0.0005282070487736996,-0.0013451832346618002,-0.0018869792111218002,-0.0025264117866755018,-0.014191240072250401,-0.015849392861127895,-0.0014120256528257994,0.00011568050831549988,-0.0018132280092685998,-0.001713914796709997,-0.017977114766836198,-0.016211031004786502,0.0026493044570087988,-0.0024984625633805995,-0.0012961985194125001,-0.006023798137903203,-0.009865360334515502,-0.0068842270411551,-0.004952858667820699,-0.0010669843759387003,-0.0006543461931869001,-0.006212034262716798,-0.0078847110271454,-0.0031936435261741,-0.0016396990977227003,-0.0013153901090846,-0.00018923098832599995,-0.0128742491360754,-0.0066322757629678,-0.0018068537465297,-0.0039915713132359,-0.0010622067093208178,-5.1730843551897585e-05
nonmember_94.png,0,-0.0044609997421503,-0.026686519384384197,-0.0389358978718519,-0.001880393363535399,-2.2487714886599425e-05,-0.0016591006424278,-0.0026427004486322993,-0.011398218572139698,-0.0133994817733765,-0.0011676568537951001,-0.0010836464352906002,-0.0008062017150222999,-0.003357285633683201,-0.0081833992153406,-0.006927818991243801,0.0005703307688237,-0.0015120590105653,-0.0009314210619778,-0.0057842042297125,-0.0115189608186484,-0.0066022546961904,-0.0013435198925436003,-0.0009084057528525001,-0.0007173845369834001,-0.0060132006183266,-0.0068860724568367,-0.0025811922969297,-0.0020749596878885997,-0.0017844250542112,-0.0002945349988295,-0.0045022852718830005,-0.0030379933305085,-0.0010555062908679,-0.00039067072793839974,-0.00032453029416500004,-7.657860260217947e-05,-0.0068283182336018,-0.0020325494770077,-0.0005687085431417741,-0.0031553893932142005,-0.0005358977741707074,-3.457865568634588e-05
nonmember_95.png,0,-0.0031032450497150005,-0.027986474335193606,-0.0868388116359711,-0.0008315928280353997,9.15862619879984e-06,-0.0015169009566306998,0.0017090924084185999,-0.016796469688415597,-0.042949222028255504,-0.0013676770031452005,-0.001799200661480399,-0.0027054063975811005,0.0021834969520568986,-0.011418290436267797,-0.028481185436248696,-0.0011899652890861,-0.001373749226331801,-0.0018746238201857,-0.0052038095891475955,-0.029707845300436,-0.032236291095614496,0.002160054165869899,-0.0026267259381710997,-0.0025353990495205004,-0.013921370729804004,-0.019319677725434303,-0.015716019086539704,-0.0031827576458453993,-0.0026485922280699,-0.0009124793286901,-0.007772470824420398,-0.0105082634836436,-0.0065196710638702,-0.0020533660426736,-0.0011705376091413,-0.00023937973310232587,-0.0106387871783227,-0.0081388710823375,-0.0035948111326433996,-0.0033583446638658,-0.0009279805672121928,-3.126521914964542e-05
nonmember_96.png,0,-0.005665633827447905,-0.034169755876064314,-0.0862261354923248,-3.517791628840014e-05,-0.0026717502623797,-0.0041951853781938,-0.004787705838680295,-0.026150323450565394,-0.04536823183298119,-0.0009205201640724997,-0.0008049253374338011,-0.0040685879066587,-0.003750603646039904,-0.0178611278533935,-0.029144562780857003,-0.0011249091476201994,-0.0033454289659857993,-0.0021874061785637994,-0.008315114304423398,-0.029430609196424505,-0.0347849968820811,-0.0005931700579822003,-0.0033311855513602,-0.0024762222310528003,-0.0070811426267027005,-0.019675897434353797,-0.017232122831046602,-0.0011387574486434,-0.0015812130877748,-0.0012084375193809,-0.0057363966479898,-0.010016796644777101,-0.0076684695668518,-0.0031340860296041,-0.0008193943067454,-0.0002498759422451,-0.0068121879594400005,-0.0062015868315939,-0.0041959989612224,-0.0019264611764811,-0.0006869071949039957,-9.383815631729792e-05
nonmember_97.png,0,-0.0055085178464651,-0.005713140591979001,-0.0092649897560478,-0.0011648493818939,-0.0009413226507604001,-0.002313150675036,-0.0016920305788516998,-0.001676039770245599,-0.003992008045315701,0.0003806678578256997,-0.00040629925206299997,-0.00033543026074769997,-0.00036687590181829974,-0.0011528283357620014,-0.0022206874564289995,0.0010480186901986998,0.00017740693874649998,-0.00040171790169550006,-0.0031605921685696012,-0.0020137014798819993,-0.0025677611120045003,-0.0024743280373513993,-0.00046054786071179996,-0.0004966184205841,0.0008795568719506992,-0.0027151512913406,-0.0011982117430307,0.002781245391815899,-0.0005881391698493998,-0.0001492172814324,-0.003276525065302899,-0.0022699693217874003,-0.0005382422241382999,-0.0007689022459088993,-0.0006667585694232,-4.278273991070546e-05,-0.009075487498194,-0.001965641771676,-0.0002691009431145263,-0.0066909407614731,-0.0006900369480716968,-9.911167580867186e-06
nonmember_98.png,0,-0.0078694596886635,-0.010380115360021598,-0.03205412626266481,-0.000340491533279399,-7.613049820070009e-05,-0.0015258016064763,-0.0019109183922410011,-0.009303972125053406,-0.018201857805252096,-0.0009531108662485998,-0.002023633569479,-0.00019526761025190006,-0.0020068669691680995,-0.008680716156959499,-0.011526707559824004,-0.0020461436361074005,-0.0008660880848765,-0.0016214931383728998,-0.0013489993289113999,-0.007119303569197599,-0.013260550796985595,0.0003742584958672003,0.0003023813478649001,-0.00145796360448,-0.0007432233542203001,-0.005323927849531198,-0.010773217305541002,0.0010382109321654,0.0005357153713702999,-0.0014890898601151998,4.495587199919958e-05,-0.005113610066473501,-0.0074504637159407,-0.00045979302376510014,-0.002064784988761,-0.0006565294752363001,-0.005712896585464499,-0.013727169949561399,-0.0051400808151811994,-0.0026521759573369997,-0.0027064143505412266,-0.00018257471492687347
nonmember_99.png,0,-0.007675601169466997,-0.027450360357761397,-0.0522470995783805,-0.0019242893904447,-0.0025830818340183007,-0.0025785998441279004,-0.0048154629766941,-0.014345716685056693,-0.025472044944763197,-0.0006989724934101009,-0.0007441202178596999,-0.0002923384308814994,-0.0008769016712904011,-0.009933020919561303,-0.014143176376819597,-0.0005018142983318,-0.0002111876383423996,-0.0014562672004104003,-0.0035297572612762,-0.009498657658696199,-0.014985467307269601,0.00012332294136290032,-0.00040734140202400033,-0.0018225413514300999,-0.0026384815573691975,-0.008961578831076601,-0.007381012197583899,-0.0012303940020502004,-0.0025902283377946,-0.0010979959624819,-0.004220762290060602,-0.008028152398765101,-0.0035289833322168,-0.0016534328460692995,-0.0014026835560797999,-0.0003087543591392,-0.008652013260871099,-0.008344160392880499,-0.0020651509112213,-0.0026387079851702003,-0.0010314805040252152,-5.8680507208841036e-05
nonmember_100.png,0,-0.0044464133679867,-0.0355845391750336,-0.062279149889946,-0.001958110369741901,-0.004219388589262901,-0.0014819642528891,-0.004786167293786996,-0.0185627602040768,-0.0245247073471546,-0.002491500228643499,-0.0009256917983293993,-0.0019580887164921,-0.0067409928888083025,-0.011979021131992298,-0.012520531192421903,-0.0022214399650692003,-0.0012426269240677001,-0.0009896514238788999,-0.005018636584281901,-0.0152613315731287,-0.0111757609993219,0.0004361318424344002,-0.0011565182358027003,-0.0008652867400088001,-0.0058741392567754,-0.008465135470032699,-0.0044376873411239,-0.0026956470683217005,-0.001353706466034,-0.00039265828672790004,-0.0010215872898697003,-0.0048706065863371,-0.0018222894286737002,0.001852580346167,-0.0010537451016717002,-0.00013976643822387653,-0.0118921084795148,-0.0031069828546606,-0.0009483841859036068,-0.005433623329736299,-0.000528228047187391,-3.751263466256205e-05
nonmember_101.png,0,0.0025918893516062996,-0.0310831591486931,-0.07921338826417919,0.00012288335710759941,-0.0009302739053964997,-0.006290427874773699,-0.005467049777507699,-0.019095826894044897,-0.0325866080820561,-0.0022620544768869,-0.0026176124811172,-0.002038064179942,0.0020959377288818012,-0.0103549882769585,-0.017121376469731296,0.0030817571096121996,-0.0007957969792187006,-0.0010376588907093,-0.006797846406698199,-0.016517741605639402,-0.016715181991458,-0.0027649370022117996,-0.0017698011361062995,-0.0014138161786832,-0.005654906854033501,-0.011347057297825801,-0.0077304276637733,-0.00035271188244230013,-0.0015966531354934003,-0.0006783409335185001,-0.006516042165458199,-0.0077731218189001,-0.0032922484679146994,-0.0020750137045978997,-0.0014859896618872998,-0.00019196966604787463,-0.0113158384338021,-0.0058408855984454,-0.0017921239195857,-0.0040112119168043,-0.0010800419768201247,-3.9719099731883034e-05
nonmember_102.png,0,-0.012187410145998001,-0.028394617140293107,-0.05826965719461441,-0.0042518498376012005,-0.001915581524372099,-0.0021967729553580995,-0.006095541641116101,-0.01733545958995819,-0.025950156152248396,-0.0017526270821689996,-0.002815891522914101,-0.0024479040876031,-0.0033058263361453975,-0.015512019395828303,-0.017782736569643,0.0018386403098702006,-0.0008823755197227001,-0.0014843244571237997,-0.0053477045148612005,-0.0202455073595047,-0.018954208120703697,-0.0014829430729151006,-0.0009371913038193997,-0.001927008444909,-0.004852836020290801,-0.013456516899168502,-0.0090126926079392,-0.00035112351179119976,-0.0023172397632152,-0.0005330194835552,-0.003507236018776899,-0.0083014173433184,-0.0040103984065354,-0.0022710203193128005,-0.0012955559650436,-0.00028903128986709997,-0.0049076364375651,-0.0065249241597485005,-0.0022442300978583003,-0.0018202801002188999,-0.0010972006748488491,-6.23403611825063e-05
nonmember_103.png,0,-0.007107451558113098,-0.023477956652641296,-0.0631985887885093,-0.0007687108591198991,-0.0016146162524819999,-0.0006341380067169007,-0.0021806359291076,-0.014770962297916405,-0.031486812978983,-0.0014101616106927005,-0.0016567404381931002,-0.0044731805101037,-0.0005086585879326005,-0.0113222785294056,-0.0158804040402174,0.0016806614585220996,-0.0016251844353973007,-0.0005240081809461,-0.0069179404526949,-0.015517085790634197,-0.0162966437637806,-0.0033305180259049,-0.0012502912431955997,-0.0011659999145194999,-0.0011722147464752024,-0.0110952239483595,-0.007528658024966699,0.0017406987026333002,-0.0017684702761470998,-0.0007393479463645,-0.005263002589344997,-0.010827134363353202,-0.0037915026769042,-0.0022931918501854004,-0.0018187408568338002,-0.0003462864551693,-0.0108236151281744,-0.009641826385632199,-0.002117207084666,-0.004267853568308,-0.00100054073118363,-9.885831605054636e-05
nonmember_104.png,0,-0.006981331855058705,-0.026733376085758195,-0.05546482652425769,-0.0007963431999087004,0.0003677234053611998,-0.0030517950654030002,-0.003871528431773196,-0.013062547892332,-0.026986084878444602,-0.0011420268565416006,-0.0033694673329592003,-0.001986047718673999,-0.0035372003912925026,-0.007613401859998703,-0.015823248773813303,8.718483150000136e-05,-0.00019477074965829934,-0.0006005321629345001,-0.0044872462749482,-0.012908823788166095,-0.022058341652154898,-0.002249890472739901,-0.0007090228609741003,-0.0018270690925419,-0.0048685017973184,-0.009875707328319501,-0.014183382503688299,-0.0015848414041101993,-0.0015886859036981999,-0.0026949042221532,-0.0043966127559542986,-0.0097071835771203,-0.0086617670021952,-0.0014204303734005005,-0.0013881002087146,-0.0011377625924069,-0.0094257658347487,-0.0141234047478065,-0.0060625825135503,-0.0022927568643353,-0.003297742921858974,-0.0003246108681195888
nonmember_105.png,0,-0.003262231126427699,-0.012750666588544797,-0.03412684053182599,0.0006412016227841004,-0.0006409389898180996,-0.0026913811452687003,-0.0012898817658423996,-0.0069227553904057035,-0.018120177090168,-0.000795458443462801,-0.0006993534043430996,-0.0006352686323225004,-0.002773502841591901,-0.003895878791809096,-0.012267295271158302,-0.0013947649858891999,-0.0011714166030288003,-0.0015462245792151,-0.0015763379633426007,-0.008200738579034802,-0.014700161293149001,-0.00011401344090699976,-0.0014998074620961995,-0.0013701745774597,-0.0017614783719181997,-0.008494574576616301,-0.0095036933198571,-0.00020629446953540024,-0.0008553566876799003,-0.0013192107435316,0.000432058237493,-0.0069362288340926,-0.004828165285289301,0.0023978766985237997,-0.0010447516106069001,-0.00036921334685750004,-0.0103509859181941,-0.0097219308372587,-0.0043241810344625,-0.0060728199314326,-0.0019681225312524306,-0.0005542731450987047
nonmember_106.png,0,-0.005297871306538599,-0.016862712800502805,-0.047337822616100304,-0.000269802287221,8.498225361109994e-05,-0.0040037329308689005,-0.0025016795843838986,-0.0164721086621284,-0.021084554493427297,-0.0014902260154485997,-0.001418418250978,-0.0006022478919475997,-0.003496369346976301,-0.010404057800769799,-0.0110815055668354,-0.0003175227902829005,-0.0012285304255782994,-0.0015021727886051,-0.001864735037088401,-0.011496918275952398,-0.0129772471264005,0.0003014062531292005,-0.0003115325234831004,-0.001412101672031,-0.006101436913013498,-0.0077548539265990014,-0.0060704783536493995,-0.0009825602173805003,-0.0013540056534111,-0.0005638312140945,-0.0044733975082636,-0.006819802336394799,-0.0026804582448676003,-0.0026038677897303997,-0.0018751509487628997,-0.00018234230810775589,-0.0078343005152419,-0.007840487844077901,-0.0015689632418797999,-0.0025201198877767,-0.0010415083706902316,-5.85279667575378e-05
nonmember_107.png,0,-0.008269941434264197,-0.026405759155750302,-0.05784727632999419,-0.003407466690987301,0.0005774581804871993,-0.0040669492445886005,-0.0017367769032716994,-0.016721740365028395,-0.029523890465498,0.0010476913303137,-0.0038543129339813995,-0.0032736947759986,-0.0037970468401909013,-0.014206513762473998,-0.017575498670339598,-0.0016625346615910998,0.00015543866902590058,-0.0012688336428254999,-0.0022055301815270996,-0.0174323488026858,-0.018747701309621303,0.0017366418614984,-0.0013711955398321,-0.0013118920614942002,-0.0076802307739854,-0.0106412535533309,-0.008089407812804001,-0.0034639625810087005,-0.0007251668721438001,-0.0007595321076224,-0.0031529311090708004,-0.0070196585729718,-0.0032986454898491,0.00010228576138610057,-0.0016357196727767001,-0.00016929392586457651,-0.006939486367627899,-0.0059124953695573,-0.0017766984819901,-0.0029665613546967003,-0.0011347512918291466,-1.8866918253479525e-05
nonmember_108.png,0,-0.0002611204981804033,-0.0260435044765472,-0.0470752343535424,-0.0012831110507250006,-0.001148227602243401,-0.0030801948159932986,-0.005119299516081796,-0.015778783708810806,-0.0352037250995636,-0.0008209962397814005,0.00014547258615490131,-0.0030521815642714006,-0.001234235242009201,-0.008130475878715598,-0.021822519600391395,0.0020221872255206004,-0.0006373366340994002,-0.0016799527220427999,-0.0046484284102916995,-0.012286961078643799,-0.029793782159686102,-0.0016619032248853995,-0.0003800615668297005,-0.0023213266395033,-0.003902960568666399,-0.0132047049701213,-0.015605332329869201,-0.0030003031715751,-0.0033133286051452004,-0.0017613978125155002,-0.003320217132568401,-0.0099405804648996,-0.007124792784452499,0.0017355834133922993,-0.0025140955112874994,-0.0004180444811936,-0.0142247918993235,-0.0107232081936672,-0.0040985292434925005,-0.006505542434752,-0.001460992418287725,-0.00013105094330965328
nonmember_109.png,0,-0.0054206624627112995,-0.015152730047702796,-0.030211899429559694,-0.00024008844047779948,-0.0012417589314281993,-0.0018693716265261,-0.003870265558362,-0.010289791971445097,-0.016435522586107303,-0.0010745190083981003,-0.0018763234838844005,-0.0016958471387624996,-0.0017324611544609,-0.0036999173462390067,-0.009361490607261595,-0.0009106234647333995,0.0007871221750975002,-0.0009058360010385002,-0.0017550438642502005,-0.009498314931988796,-0.011867339722812202,-8.471310138700051e-05,-0.0027185208164155995,-0.0015581250190734998,-0.0013075564056635007,-0.007219508290290801,-0.0077449125237763,-0.00035587092861529956,-0.0009028450585901004,-0.0006870901561342001,3.741681575780004e-05,-0.006084876134991599,-0.0037905387580395,0.0011911033652723,-0.0014897504588588999,-0.00038404476072179995,-0.0090165743604303,-0.0089203595416621,-0.0025357466802232997,-0.005679864611011,-0.0015081708625075303,-0.0001054733875206792
nonmember_110.png,0,-0.0069275274872779985,-0.038493156433105497,-0.0817451924085617,-0.002936635166406601,-0.005068786442279899,-0.0024609272368252997,-0.0039222761988640005,-0.017725653946399703,-0.033018570393323905,5.31338155269007e-05,0.0002342816442251986,-0.0033604193013160996,-0.002989433705806798,-0.013592112809419604,-0.019205819815397297,-0.00015265261754390021,-0.002771813422441499,-0.0013362301979214,-0.005602577701210899,-0.020219219848513596,-0.018594376742839803,9.564170613879982e-05,-0.0012373859062791,-0.0014682418550365,-0.0032858699560165995,-0.015377189964056102,-0.0085706855170429,-0.0007939245551823997,-0.0026918036164716,-0.0005862222606083001,-0.0014355303719639015,-0.009035978000611,-0.0036396135110408003,0.00011472357437009983,-0.0009540361934341,-9.30890382733e-05,-0.011564068496227299,-0.005762599321315101,-0.0019946054380852,-0.0057144208112731,-0.0005340895168046589,-6.223196032802909e-05
nonmember_111.png,0,-0.006412003189325402,-0.015843287110328702,-0.046996034681796986,0.001211921684444001,-0.00014989916235210073,-0.0012556463479996005,-0.002876827493309999,-0.009341232478618594,-0.022002294659614605,-0.0043567796237767,-0.0011369669809937998,-0.0012349556200206002,-0.002903375774621901,-0.0085595399141312,-0.0139362923800945,-0.00038194889202709977,-0.0011605247855186003,-0.0011480045504868005,-0.003588436171412499,-0.011569663882255499,-0.023088239133358,-0.00028715841472150023,-0.0012423377484082994,-0.0022907832171767998,-0.0010191537439823012,-0.008026374503970202,-0.016966031864285497,0.0001997486688196,-0.00014517689123749993,-0.0023670647060499,-0.004739630036056,-0.0080886390060186,-0.010896358639001801,-0.0013344129547475997,-0.0018859752453864002,-0.0011372108128853,-0.0105771447997541,-0.016668752301484402,-0.007476985862012999,-0.0034159233327955003,-0.003455268524703515,-0.00021895392274010343
nonmember_112.png,0,-0.0028734728693962028,-0.0399619489908218,-0.05271315574646,-0.0007055010646581997,-0.004235868807882,0.00011383322998889927,-0.004066888242959997,-0.018226355314254802,-0.023941759020090096,0.0010027997195721002,-0.0019412701949476996,-0.0035253134556114995,-0.0014961771667003007,-0.012455701828002902,-0.014469936490058899,0.0011480320245027993,-0.0019470124971122,-0.0011449686717242002,-0.0073455031961203,-0.015504606068134297,-0.015561881475150599,-0.001563780941069199,-0.0005420104134828,-0.0014386855182238,-0.0008422546088695006,-0.009387394413352,-0.0068218503147364,0.0012256354093552,-0.0014736145967617,-0.0005085583688924,-0.0022965837270021994,-0.006062843371182699,-0.0028085875092074,-0.001999390311539201,-0.0010009202524089,-0.00010861717601079999,-0.0175040876492858,-0.004635521399905,-0.0015627935354132001,-0.0073869659099728,-0.0007464439095200991,-5.796894038203229e-05
nonmember_113.png,0,-0.007068712264299403,-0.0216384194791317,-0.0498525984585286,-0.0017552636563778002,-0.0023607136681676015,-0.0024743848480283997,-0.0027151964604853994,-0.015570100396871601,-0.0217819791287183,1.1100433766900002e-05,-0.0028895065188407993,-0.0018452974036336002,-0.004175739362835898,-0.012406134977936696,-0.011054694652557399,-0.0014737513847649002,-0.0010292842052877001,-0.0009574202122166999,-0.0017263293266296005,-0.0137965045869351,-0.0091024413704872,0.0022262097336352,-0.001481979386881,-0.0005977895052638,-0.004569830372929601,-0.007729748263955101,-0.0034189007710666,-0.0013314820826054,-0.0012126716319471,-0.00020046948338859998,-0.0061921831220389,-0.004252862418070399,-0.0013300157734192999,-0.0026971166953445,-0.0007586218998767999,-7.586454739785733e-05,-0.0097569989738985,-0.0030128348589642,-0.0006714682895107308,-0.0038759782328270003,-0.0007134703555492783,-1.2576354492921382e-05
nonmember_114.png,0,-0.002469703555107096,-0.027334421873092596,-0.061780221760272994,-5.340576171879857e-05,-0.0013086413964629,-0.0066243661567568,-0.003169532865285901,-0.0163135975599289,-0.029894229024648694,-0.00032589398324490114,-0.0009851166978477998,-0.0021227984689176005,-0.0012176129966974016,-0.013114698231220301,-0.018731050193309798,0.0007781172171234998,-0.001877549570053899,-0.0013546291738748997,-0.0047551803290844,-0.018451770767569497,-0.0209297966212034,-0.00035565439611669886,-0.0022741248831153003,-0.002091703703627,-0.005548056215047899,-0.0145506635308266,-0.0101861073635519,-0.002479602117091401,-0.0014699117746204,-0.0007548411958851,-0.003589610569179001,-0.009537428617477401,-0.004244023002684099,-0.0004151477478445001,-0.0014925830764696002,-0.0003268187574576,-0.0124634574167431,-0.0064854620723053995,-0.0022812172537669,-0.0046983716310933,-0.0006805737812100362,-5.98908081883501e-05
nonmember_115.png,0,-0.0036399904638528997,-0.01882741972804071,-0.0456722415983677,-0.0013347608037293,0.0008663637563585992,-0.0036701951175928003,-0.002211824059486403,-0.014364168047904996,-0.018453463912010207,0.0029704160988330997,-0.005011869594454799,-0.0012897069100291005,-0.0018181689083575994,-0.0015954002737999032,-0.010073607787489898,-0.0018603117205201998,0.0007884618826210993,-0.0006024490576236998,-0.0032669082283974006,-0.011080404743552198,-0.011771136894822098,-0.0020909560844303,-0.0007102419622242997,-0.001481844810769,-0.002063937485217998,-0.0081801991909742,-0.006196662783622801,0.001655250787735,-0.001136144157499,-0.0011131287901662,-0.0016343612223864,-0.0057409415021538995,-0.0035392874851822,-0.0004902645014225994,-0.0014924067072571,-0.00045407800644169994,-0.011208580574020702,-0.0101498758303933,-0.0023876596387708998,-0.005833815841469901,-0.002195149936596774,-9.864885578277178e-05
nonmember_116.png,0,-0.006850907579064404,-0.022803295403718997,-0.0340005829930306,0.00045958720147609884,-0.00458450242877,-0.0019473517313599998,-0.0016714222729205981,-0.013668742030859,-0.0105667132884264,-0.00013721454888579974,-0.0017606522887946,-0.00037884386256339985,-0.0018734298646450008,-0.0045492313802242,-0.005730599164962699,-0.0010378072038292998,0.0012454115785659001,-0.0006422514561563002,-0.003435630351305001,-0.009857606142759299,-0.0090474290773273,-0.0004929015412927003,-0.00039810594171290053,-0.0015829646727071,-0.004590434953570399,-0.007764150388538902,-0.0044531337916851,-0.0022239056415855997,-0.0025981604121625,-0.0005772993026767,-0.0016215164214371993,-0.0058390023186802,-0.0021191677078605,-0.00020437454804770033,-0.0011676942231134,-0.0002216196007792865,-0.0108896449673921,-0.005083515541628,-0.0012056723426212,-0.0038384678773581995,-0.0009511953285254305,-2.791165024973452e-05
nonmember_117.png,0,-0.006710402667522403,-0.024733744561672204,-0.050266072154045105,-0.0015872307121754005,-0.0013563763350249013,-0.0026672594249249,-0.0014951918274163992,-0.011026486754417406,-0.0235976651310921,-0.002468559425324199,-0.0017384169623254992,0.00018054991960530023,0.000455899164080599,-0.007389459758996998,-0.012388397008180597,0.0007642172276974002,0.0010905088856815997,-0.0019627003930509004,-0.0055992361158132,-0.009846623986959402,-0.014788204804062899,-0.0014609885402024,-0.0022366344928740995,-0.0017233008984477,-0.0060842949897051,-0.010501038283109696,-0.0099119869992137,-0.0005254405550659006,-0.0015961746685207003,-0.0014250447857193,-0.0070039862766862,-0.010397769510746,-0.005066392710432401,-0.0023384797386825,-0.0019763418240473,-0.00034652904287220003,-0.0094376704655588,-0.0114089383278042,-0.0029696013516513,-0.0028227284783497,-0.0014646891431766072,-8.88556351127727e-05
nonmember_118.png,0,-0.0040799807757139,-0.0098265781998634,-0.028246641159057596,-0.0014009634032844994,-0.0006410544738172999,-0.00023457361385230066,-0.0029232036322355028,-0.005682459101080901,-0.0123430769890547,-0.0004851669073105006,-0.0010323124006390997,-0.0024818400852381997,-0.0018091574311255992,-0.007101761177182198,-0.0072598485276103,0.0013262457214296003,-0.0015751139726489002,-0.0006536223227158,-0.0022751269862055987,-0.006598315201699801,-0.006831013597548,-0.0012502325698733998,-0.00018671574071049994,-0.0008822884119581,-0.003689252771437201,-0.0061700418591499,-0.0030546665657312003,7.240055128939979e-05,-0.0017332467250526001,-0.0003297416988062,-0.0021622078493236992,-0.0040775469969958,-0.0012794340145774,-0.0009930273517967,-0.0008857068023645,-8.322131543533993e-05,-0.0035090828314424003,-0.0030122192256385,-0.0006943542393855084,-0.0023302601184696002,-0.0004901738884654341,-1.4529749023495242e-05
nonmember_119.png,0,-0.004740569740533801,-0.03097195923328401,-0.08899325877428049,0.0004123775288463003,7.859151810400006e-05,-0.0057144137099385,-0.0005438625812530934,-0.01620499789714809,-0.037003986537456596,0.000180581584572799,-0.0017596594989298994,-0.0021462463773787004,-0.0018327534198761056,-0.010251808911562,-0.024960331618785803,0.0027089575305581006,-0.0008239522576332006,-0.0014701047912240002,-0.0032173544168471978,-0.017717637121677406,-0.0298425313085318,-0.0042837681248784,-0.003088534809649,-0.0023411943111568993,-0.0049048960208893,-0.017207771539688096,-0.015268161892890902,0.0006274264305830002,-0.0032749846577645,-0.0013535982579924001,-0.0081648360937834,-0.0104651087895036,-0.007418130524456499,-0.0010907449759543003,-0.0009529624367132,-0.0004305312904762,-0.013572561321780101,-0.0094793215976097,-0.0042760485812323,-0.0062613935442641004,-0.0010445781117596165,-8.071601769186237e-05
nonmember_120.png,0,-0.0050475988537074,-0.011223025619983694,-0.0392878912389279,-0.0005653598345817003,0.0006993603892625003,-0.004023819230496901,-0.00027360022068019865,-0.009562989696860303,-0.0175951682031154,-0.0007635150104761002,-0.0021008192561567003,-0.002026871079579,-0.002325659617781601,-0.0031726434826850995,-0.0117576327174902,0.0008017341606319003,-0.00046599656343459996,-0.0004790672101080999,-0.0017963778227568002,-0.010875526815652802,-0.011566881090402601,8.727423846699965e-06,-0.0020580047275871,-0.0014893527259119002,-0.0025774231180548998,-0.005421071313321599,-0.0052760308608413,-0.0012164069339632997,-0.00046175671741369986,-0.0005974133382551,-0.0049681030213832005,-0.0064360299147665,-0.0022324656601995004,-0.0021495260298252,-0.0015633861767128002,-0.0001692977821221,-0.005912599503062699,-0.004534451203653599,-0.0012569045356940999,-0.0025751065695658005,-0.0008710928668733232,-7.279749479493739e-05
nonmember_121.png,0,-0.006175905466079698,-0.0139600113034248,-0.017892718315124498,-0.0003090463578701002,-0.0010762112215160994,-0.0005942829884589005,-0.0019618775695562016,-0.004630696028471,-0.0074341166764498,-0.0013475883752108002,0.00017501739785069984,-0.0013333267997949995,-0.002521000802516899,-0.0037986561655997987,-0.004673330113291699,-0.0001717540435493001,-0.0012982902117072998,-0.0002619845326990002,-0.004424855113029501,-0.0061110025271774,-0.0069429995492101,-0.0012388019822536997,-0.0016203117556870005,-0.0016315043903886999,-0.0007610106840729991,-0.005286408588290201,-0.0038513005711138,-0.0008833212777973002,-0.0010345636401325998,-0.0004556818166748,-0.0021847104653716,-0.0049853860400617,-0.0020548938773573,0.00020549260079859993,-0.0009695339831523001,-0.00019055634766112665,-0.0072216929402202,-0.0041652720537968,-0.0012066694907844002,-0.0029533508932218,-0.0008282899289042288,-4.382426050142385e-05
nonmember_122.png,0,-0.0034172721207142015,-0.03156363219022751,-0.0810479149222374,0.0014218417927623003,-0.0021763350814581004,-0.004944028798490799,-0.004929963499307598,-0.022090889513492598,-0.0411585867404938,-0.0033821067772806003,0.0005835527554153997,-0.0020278450101614,-0.0015511587262154007,-0.014037907123565702,-0.021901559084653896,0.0022188243456185003,-0.001314902678132,-0.0009893022943288001,-0.006996231153607299,-0.022468473762273802,-0.024010386317968303,-0.0015099956654012004,-0.0031615574844181997,-0.0019358802819625,-0.004540745168924401,-0.0183692388236523,-0.0125097837299109,-0.0007364167831837992,-0.0020954443607478996,-0.001365650416119,-0.006322342902421899,-0.0137221021577715,-0.0060818488709629,-0.0016539990901947004,-0.0021913767559454,-0.0002771982835838,-0.0096868387190625,-0.009888845204841401,-0.0034399435826344,-0.0036657298333012,-0.0008091570889518385,-8.023988993953362e-05
nonmember_123.png,0,-0.006217887625098197,-0.023775327950715998,-0.029878009110689104,9.631458669900027e-05,-0.0022901399061084,-0.0006354949437080998,-0.0028429832309485002,-0.0102682560682297,-0.0109401810914278,0.0004607494920491999,-0.0015743332915007999,-0.0017143138684333,-0.0013208501040934996,-0.005962163209915199,-0.0058402447029949,-0.0009518936276436008,-0.00020625023171300019,-0.0005289756227285,-0.0030118264257908006,-0.0076029449701309,-0.007793768774718,4.2503699660299474e-05,-0.0010067436378448998,-0.0010311504593119001,0.0028042681515217,-0.005349727347493201,-0.0034591250587254997,0.0009198943153024015,-0.0005406076088548002,-0.0005181287706363,-0.0022478792816401014,-0.004300277214497299,-0.0018596596783026999,-0.0026129712350666003,-0.0010989962611347999,-0.00019575764599721738,-0.017095328308641897,-0.0044999341771472,-0.0010709047637647,-0.0051900666439906006,-0.0009851140239333252,-1.058718771673739e-05
nonmember_124.png,0,-0.002952883020043401,-0.02364258468151089,-0.036507163196802105,0.0022106361575424003,-4.5695342123501514e-05,-0.0020967100281269,-0.0023873206228018015,-0.0161907821893692,-0.013347908854484603,0.00015793275088069915,-0.0030822898261248996,-0.0005571031942962997,-0.0024416279047728,-0.006044991314411198,-0.007936696521937799,-0.0016425158828495996,-0.0008114413358270992,-0.0011497081723064002,-0.007065860554575899,-0.013997098430991103,-0.0071324822492898,-0.0030792071484029996,-0.0010694868396968005,-0.0010577240609564,-0.003861952573061,-0.0088544068858028,-0.0029309270903468,0.0010207616724074,-0.0006750691682099997,-0.00034599515493029996,-0.0044502671808004,-0.0051762517541647,-0.0012347541633062,-0.0007844599895179003,-0.0011061344994232002,-0.00011102332791775195,-0.0081711385864764,-0.0054643538896926,-0.0006266707496251169,-0.0033828791929409,-0.0017843403256846925,-3.365644806763158e-05
nonmember_125.png,0,-0.0029869452118874013,-0.025678940117359092,-0.05102939903736119,-0.00015693716704839877,-0.0029322016052901996,-0.0030160951428115004,-0.0038460530340670984,-0.017947368323803004,-0.025974377989769003,-0.0021005291491747007,0.0016788509674371009,-0.0027529383078218,-0.0013386569917201996,-0.012148004025220899,-0.017556257545948,-0.0004268544726074002,-0.002192799467593501,-0.0017135196831076995,-0.0025310218334198,-0.014064673334360102,-0.0198285877704621,-0.0008357050828635996,-0.0018930542282759996,-0.0019615697674453003,-0.006688641384244,-0.01590396463871,-0.0093532428145408,-0.0014532203786075002,-0.0032406153623014003,-0.0005689974641428,-0.0099912555888295,-0.011665791273117098,-0.0042279376648367,-0.0009262380190194,-0.0011463728151285,-0.00023704428895134837,-0.0117151925805956,-0.0082043845322914,-0.0022670888720313,-0.0038622043794021,-0.000842477813421192,-6.575242878170691e-06
nonmember_126.png,0,-0.004818035289645202,-0.0235779397189618,-0.0389107242226601,-0.001579388044774501,-0.0035878620110452,-0.0023210784420370995,-0.0043760165572167,-0.016555618494749,-0.0180617831647396,-0.002023717854172,-0.0009950981475412993,-0.0017536573577672,0.0020896214991808007,-0.009976048022508698,-0.009055089205503498,0.002312215510755701,-0.0007522292435169003,-0.0015194839797914002,-0.006516641005873701,-0.013549800962209705,-0.010003149975091202,-0.0031888224184513005,-0.0022621436510235,-0.0012738569057547,-0.003258114680647798,-0.009800182655453599,-0.0045009073801339,-0.0002490351907909003,-0.0005891062319278999,-0.00040743238059799995,-0.004719892516732202,-0.0061600808985532,-0.001997570740059,-0.00046240212395779953,-0.0015232326695695,-0.00016128560673676743,-0.0110317573416978,-0.004650645510992,-0.0010422744599055,-0.0042424739804119,-0.0010318431195628064,-4.1715185943758115e-05
nonmember_127.png,0,-0.0036333948373795007,-0.0235213041305542,-0.05376310646533969,0.0009318878874182996,-0.002735969610512201,-0.0055678063072263995,-0.004547676071524599,-0.012421358376741402,-0.0315150022506714,-0.0009322213008999998,0.0019998140633106006,-0.0011864835396409,-0.0038701537996530012,-0.010390948504209498,-0.017539462074637403,-0.0020338869653641995,-0.0023907064460218005,-0.0024951817467808997,-5.259551107890045e-05,-0.0137424729764462,-0.016888863407075398,0.00013552838936450005,0.00038543250411750014,-0.0015736165223643002,-0.003077216446399699,-0.0118306186050176,-0.007467943243682399,-0.00040478538721800024,-0.0033063017763196997,-0.0006620964268223,-0.0034213066101073993,-0.0117563679814339,-0.0032171219354495,-0.00029718503355980006,-0.0024967185454444,-0.0002008133233174635,-0.011607643449679,-0.0104327807785012,-0.0018147930240958,-0.0048737437464297,-0.00169534856831878,-6.134854993433692e-05
nonmember_128.png,0,-0.007102381438016898,-0.03279893845319741,-0.05965832620859152,-0.00040422193706040124,-0.0032849372364580007,-0.003276660107076201,0.0036942325532436995,-0.019738346338272095,-0.024877116084098795,0.003149226307869001,-0.0004131845198571994,-0.0009922087192535001,-0.0009499713778495997,-0.012766160070896204,-0.016300488263368603,-0.0024433648213744007,-0.0030527445487678008,-0.0024368383456021994,-0.008040932938456601,-0.017769722267985295,-0.015818177722394498,-0.0016472954303026997,-0.0009439848363398994,-0.0012619355111383001,-0.007936445996165203,-0.0091506568714977,-0.006909566931426501,-0.00212023826316,-0.0011148920748383002,-0.0004496206529438,-0.0081092175096274,-0.006557002663612301,-0.0029420915525406,-0.00019698031246659971,-0.001303787867073,-0.0002084605657727991,-0.009141523391008299,-0.0046523310011253,-0.0015746334684082,-0.0036516675027087,-0.0009240162398782008,-8.358772902283818e-06
nonmember_129.png,0,-0.003034673631191198,-0.0260605625808239,-0.054487407207489,0.002238865010440399,-0.0012265415862203009,-0.0019282698631286994,-0.0022156294435262992,-0.013045284897089005,-0.024969194084405906,0.0011135265231132004,-0.0008845375850796994,-0.0029581058770418002,-0.0021278988569975003,-0.012118306010961498,-0.0159111395478248,-0.0028598392382264,-0.0027164914645253996,-0.0014156522229314002,-0.004702866077423103,-0.014063932001590698,-0.0156334610655904,-0.00027699023485180073,-0.0011343904770911004,-0.0013027898967266,-0.0081493426114321,-0.009652001783251802,-0.006875724531710201,-0.0019297627732157993,-0.0014323627110570999,-0.0005830561422043999,-0.0058772303164004985,-0.006891903001815099,-0.0029951231554149996,-0.0022018374875188,-0.0011560577549972,-9.655173198552247e-05,-0.0082927416078746,-0.0054787901171949,-0.0016227314190474002,-0.0027078061830252,-0.0007476133250746811,-6.644100903940853e-05
nonmember_130.png,0,-0.008212160319089896,-0.0351967290043831,-0.0699803158640861,-0.0008941320702433985,-0.0013366062194109006,-0.005146601237356601,0.00024766847491269894,-0.0239972956478596,-0.030644778162240996,0.0017664823681116,-0.0005893143825233,-0.0023504367563873998,-0.004753313958644902,-0.014023542404174798,-0.016897959634661702,-0.0023954450152814007,-0.0011895424686372003,-0.0014587871264665998,-0.0026761256158352002,-0.0155423507094383,-0.014782000333070802,0.0010237810201943007,-0.0023454145994037997,-0.0009938700823113001,-0.0061224270612001,-0.0086877020075917,-0.0062997546046972,-0.0011062347330153006,-0.0006492086686193999,-0.00038019042403910003,-0.0039896685630083,-0.0051828124560416,-0.0025923990178852996,-0.0014069373719393999,-0.0014305434306152,-0.00016189230518641007,-0.011646230239421199,-0.004015180864371399,-0.0014109849871602,-0.0048516357783229,-0.0006007946103635925,-1.160235478891991e-05
nonmember_131.png,0,-0.005018210038542702,-0.013273589313030298,-0.04455425590276721,-0.0018155327998102006,-0.0023333677090704007,-0.0039436472579837,-0.002396777272224499,-0.008366923779249198,-0.0244123637676239,0.00018216110765940062,0.0015571559779346007,-0.0015139216557145006,-0.0014492999762295983,-0.005185205489397,-0.0154544040560722,-0.00027212360873820046,-0.0013328325003386004,-0.0020947335287928998,-0.0020102486014367017,-0.010658990591764499,-0.023608021438121803,9.883195161800376e-06,-0.0018916409462689998,-0.0031412895768881005,-0.0013929577544330995,-0.010334528982639302,-0.0175158511847258,-0.0005023656412959003,-0.0016552875749767004,-0.0010146816493943,-0.0031404439359903006,-0.011102884076535702,-0.009859545622020901,0.00013673491775989966,-0.0014513847418128997,-0.0009594976145307999,-0.0080912925768644,-0.011569053924176799,-0.0061730543966406,-0.0049207471311091995,-0.0020539270408334994,-0.00019737560796783605
nonmember_132.png,0,-0.005797803401947001,-0.0273252725601196,-0.0661026164889335,-0.0015569021925330006,-0.0018202317878603987,-0.0037451512180269007,-0.004370778799057,-0.012952715158462608,-0.031110361218452502,0.0016402611508965995,-0.0007568029686807996,-0.0016583930701017996,-0.003412747755646702,-0.014120109379291493,-0.017581440508365603,-0.0014919582754373993,-0.002291451673954701,-0.0014717006124556,-0.0045208018273114985,-0.0170170590281487,-0.0200636573135853,0.0018897848203777998,-0.0006065168417990997,-0.001674793777056,-0.004676900804042802,-0.013170257210731503,-0.010232600849121799,-0.0037952666170894996,-0.0017109001055360005,-0.0013887214008719002,-0.004510363563895198,-0.0115035763010382,-0.0045526523608713995,-0.00037764431908720014,-0.0026229833019896995,-0.0003863819802063,-0.0101265684934333,-0.0094671247643419,-0.0024984052433866004,-0.0044533530599438,-0.0014433096293941445,-6.226319601408076e-05
nonmember_133.png,0,-0.007643148303031897,-0.022140584886073997,-0.0701671540737152,-0.0024565719068050003,-0.0016921870410442005,-0.0046547288075088995,-0.0029059816151858,-0.015301167964935303,-0.034342266619205405,0.0004870425909757007,-0.0021512899547816,-0.0022817854769528,-0.0026790946722030015,-0.011611167341470795,-0.023324880748987198,0.00032027997076509995,-0.0011383630335330998,-0.0016489427071065001,-0.0014412309974431992,-0.020797409117221805,-0.0288076922297478,-0.0009029489010572,-0.0023862603120506,-0.0019635590724647,-0.004397198557853699,-0.017030248418450297,-0.0145504558458925,0.00017523393034929967,-0.0023882850073278,-0.0010834959102794,-0.0005646366626024003,-0.0119733652099967,-0.0070041962899267,-0.0020916946232317993,-0.0011348045663908,-0.0004693361115642,-0.015860446728766,-0.0113525990745984,-0.0045945346646477005,-0.0052195782773197,-0.001701104800304079,-0.00017147818289230203
nonmember_134.png,0,-0.0054785497486592,-0.028062038123607705,-0.050238482654094696,-0.00012941285967820078,-0.0032481015659868006,-0.0018095830455422002,-0.0021537747234105994,-0.0110006704926491,-0.025112614035606405,-0.0003700274974107994,0.00033149262890209974,-0.0026237773708999,-0.0011678282171488016,-0.010995693504810305,-0.0158855579793453,-3.7393998354700274e-05,-0.0018799109384416996,0.0005022636614739999,-0.001242749392986301,-0.015516098588705098,-0.0194466300308704,0.0006364681757986997,-0.0021852795034647005,-0.0031114916782825994,-0.00525370426476,-0.012542035430669701,-0.011937115341425,-0.001892368774861099,-0.00031082588247959963,-0.0011879506637343003,-0.006679425016045499,-0.008981413673609499,-0.006253710947930799,-0.0017978125251830006,-0.0022324700839817004,-0.0006767438171663999,-0.0088241193443537,-0.0073929402278737,-0.0037396095285658,-0.0030275947647169,-0.0013368857798922815,-0.00018754827033256745
nonmember_135.png,0,-0.0014592446386814013,-0.023463994264602592,-0.0398215502500534,-0.0021984586492181006,-0.004085187800228599,-0.0013964069075882999,-0.006171414628624899,-0.01412876322865491,-0.0164364017546177,-0.0009805108420550997,-0.0008944873698055007,-0.0013119901996106,0.0003731977194548,-0.008692234754562399,-0.009581642225384698,0.0015434748493135001,-0.0014846329577266996,-0.0019970901776105,-0.0018069371581077992,-0.0163365937769413,-0.009350568987429201,0.00023920647799969934,-0.0024845311418176,-0.0011631778324954,-0.005711607635021199,-0.010752758942544398,-0.0041897988412529005,-0.002032998483628,-0.0014638029970229002,-0.00032223493326459995,-0.0038171745836735015,-0.007690147031098601,-0.0017440166557207998,0.0010203262791037004,-0.0010791231179609999,-0.0001334543849224292,-0.0118914708727971,-0.0059349820658099,-0.000933250230446,-0.0063843917450867,-0.0008821522824290841,-2.0483570551732555e-05
nonmember_136.png,0,-0.005583673715591403,-0.030721589922904996,-0.0711799412965774,-0.0006311335600912996,-0.0036938982084394004,-0.004612816497683499,-0.0048710629343987,-0.015507236123085008,-0.0372582972049713,0.0011978312395514003,0.0009703682735561995,-0.0014468203298748008,-0.0018505845218895998,-0.0101553276181221,-0.021409802138805403,0.0005755489692091005,-0.0012556100264190986,-0.0032459239009767996,-0.0088238697499037,-0.0199976265430451,-0.025564769282937102,-0.0025429464876651,-0.0024409410543740004,-0.0013664967846125,-0.002736261114478101,-0.017152003943920097,-0.0141612151637673,-0.0013703880831600007,-0.0021850499324501003,-0.0011789171257988,-0.0041118618100881976,-0.0130961565300822,-0.007170919794589299,-0.0006443597376345998,-0.0017448456492275,-0.0005808194400742,-0.010563388234004401,-0.0114383903564886,-0.0045332151057664,-0.004045090987347099,-0.0018887765836551858,-0.00022994120081418288
nonmember_137.png,0,-0.004348907619714799,-0.03408874571323399,-0.0665250048041344,-0.0004087593406439001,-0.0031580319628119,-0.002608533482998601,-0.00027472898364069853,-0.024466820061206804,-0.0325056239962577,0.0009613763540983009,-0.0012401919811964,-0.0013499842025338996,-0.0006336010992527008,-0.019649125635624,-0.023959994316101102,-0.00028917379677290134,-0.0021098158322275006,-0.0021549244411290004,-0.0004907362163066031,-0.0251790136098861,-0.025001402944326397,-0.0007925396785139985,-0.0028893677517772,-0.0027207714738324,-0.005598932504653997,-0.0172194298356772,-0.0115282610058785,-0.0036453534848988013,-0.0021563079208135,-0.0009232464362868,-0.0107014626264572,-0.010800044983625398,-0.0047158838715403995,-0.0004438082687556995,-0.0012240536743774997,-0.000176952133188,-0.0173593625659123,-0.0073336537461728,-0.0026077917864313,-0.0042771144071594,-0.000742587126296705,-7.729336357435536e-05
nonmember_138.png,0,-0.0060088429599999965,-0.0408691987395287,-0.0609896034002304,-0.0013292436487972997,-0.001663780771195899,-0.004887228831648801,-0.007535975426435502,-0.024573571979999508,-0.026488460600376094,-0.00033920956775549977,-0.0031791473738849007,-0.0021513672545552,-0.0015153996646403989,-0.016523189842701,-0.0117521062493325,9.17874276638005e-05,-0.0022190068848430998,-0.0010066872928292002,-0.005321207456290802,-0.0154615715146065,-0.012356178835034301,0.0007258094847202995,-0.0014203242026269002,-0.0013679193798452,-0.0023226719349622,-0.009412649087607798,-0.0049152234569192,-0.0011884598061443,-0.0010333382524550002,-0.0004365802451503,-0.0026561282575131,-0.0048137416597456,-0.002109068678692,-0.0011113947257398995,-0.0008836982306092999,-0.00011007888679152484,-0.0084434961900115,-0.003457733837422,-0.0011317802418489,-0.0040775763336569,-0.0005747258073824748,-9.965599019778892e-06
nonmember_139.png,0,-0.005187179893255199,-0.028429761528968797,-0.049649976193904904,-4.568230360739965e-05,-0.0035233264788986,-0.0022872216068208,-0.002895101904869097,-0.016563944518566104,-0.026028174906969098,-6.0170888900800204e-05,-0.0009769480675459003,-0.0021948693320155005,-0.0066499412059784005,-0.012320626527071,-0.013910735026001902,-0.0025086845271288993,-0.0012391256168483994,-0.0014715439174324998,-0.005583830177784001,-0.014673324301838899,-0.0144687676802278,-0.00047488091513519983,-0.0007007569074631006,-0.0014190365327521998,-0.0034226132556796005,-0.009448926895856899,-0.007388582453131599,-1.68443657458002e-05,-0.0021028299815953,-0.0009925616905093,-0.0052622556686401,-0.005720003508031301,-0.0034042180050165003,-0.0014352775178849003,-0.0005390829173847998,-0.0002994267706527,-0.0078219185816124,-0.0058851922804024,-0.0020442717213882,-0.0033613464911468995,-0.0014748033900104222,-0.00010773607937143725
nonmember_140.png,0,-0.005718331784009899,-0.03948185592889779,-0.06297369301319121,0.0011706706136465003,-0.0022120992653072,-0.0038437265902758,-0.004894921556115199,-0.018536560237407705,-0.02692892774939539,-0.0030324696563184,-0.0024265456013381004,-0.0013534014578908998,-0.003243966028094302,-0.008692290633916896,-0.014403535053133902,-1.1458992958000326e-05,0.0014563454315066008,-0.0012433743104337998,-0.005386125296354297,-0.017517268657684302,-0.0129737369716168,-0.0007740575820208003,-0.0037723805289715004,-0.000738799048122,-0.0029658228158950008,-0.009554793126881102,-0.0052106964867562,-0.0003117555752397,-0.0012074129190296,-0.000553539430257,-0.003705341368913701,-0.005557968048378799,-0.0020061059622094,-0.00040917564183469944,-0.0008269813843072001,-6.002143345533391e-05,-0.008749770931899499,-0.0034906267828773998,-0.0010890236808336,-0.004354016331490101,-0.0006022564029989558,-4.943858948536217e-05
nonmember_141.png,0,-0.004752164706587798,-0.027736365795135498,-0.052841749042272596,-0.002056772820651599,-0.0026665460318327,-0.0034681274555622994,-0.0022812802344561005,-0.012713290750980398,-0.0223068445920944,0.0007971003651618992,0.0005468223243951,-0.0007483568042517003,0.0018571987748146994,-0.008108984678983702,-0.010654129087924999,0.0010779919102788006,-0.0015462394803762002,-0.0014718426391481998,-0.0007203314453364008,-0.009447276592254597,-0.013146654702723,-0.0007287114858627007,-0.0003998628817498996,-0.0017229083459823998,-0.0060803014785051,-0.0114226657897234,-0.0079395966604352,-0.0021961075253784995,-0.0029835368040948998,-0.0014675698475913003,-0.007266478613019,-0.0095415990799665,-0.0042526025790721005,-0.0018794755451380998,-0.0012144197244197,-0.00038866528484499997,-0.014271531952545099,-0.013515729107894,-0.0025649480958236997,-0.0041450234712102005,-0.00220231599087123,-9.675272667660764e-05
nonmember_142.png,0,-0.0019122660160064975,-0.013791527599096305,-0.0531142801046372,0.0021493583917618006,-0.0015514348633588002,-0.0011375732719897998,-0.0031473729759455005,-0.0090634971857071,-0.030616737902164404,-0.0020543341524899006,-0.0007967264391481,-0.0017484677955508995,0.0010095480829476998,-0.008661240339279203,-0.0176542103290558,0.000833076890558,-0.0013479711487890001,-0.002813858911395,-0.0031663812696933,-0.0083319377154111,-0.019116995856165903,-0.0012826919555664002,-0.0004117875359951999,-0.0014049473684282,0.0002140291035174994,-0.010937053710222298,-0.008184280712157498,0.0022054044529796002,-0.0020525872241706,-0.0005300398624967001,-0.0045499326661228995,-0.0067953951656818,-0.0036303729284555,-0.0029844013042748,-0.0012059074360877,-0.0002619937295094,-0.006217682268470501,-0.007354383735219,-0.0019576457416406,-0.0026900763623417,-0.001681782396190066,-7.837059456505376e-05
nonmember_143.png,0,-0.006440900266170502,-0.0477568209171295,-0.10620377212762841,-0.0019875690340995997,-0.0078611886128784,-0.0056432872079312,-0.0030123591423033974,-0.0359142050147057,-0.0441656298935413,-0.0006745196878910013,-0.0022518644109368003,-0.0019497289322316998,-0.0021535120904445995,-0.023487810045480693,-0.021719340234994895,0.0008755279704927999,-0.0017201555892825005,-0.0011992673389614001,-0.007548034191131602,-0.0260917562991381,-0.020590599626302702,-0.001084014773368799,-0.0021145339123904996,-0.0016994228353723996,-0.005521284416317898,-0.0133331939578056,-0.008033626712858701,-0.0012803147546947002,-0.0013994651380926002,-0.0005525881424546001,-0.003560365177691,-0.0082673863507808,-0.0033047045581043,-0.0012287893332541006,-0.0010980386286973999,-0.0002086582171613581,-0.0125451611820609,-0.0060790692805312,-0.0017598328267922,-0.0050990222371183995,-0.0009744223243614784,-5.888787563890219e-05
nonmember_144.png,0,-0.006418135017156601,-0.027070451527834008,-0.052975468337535886,0.0009963084012269991,-0.0032791798003017998,-0.0031971777789294997,-0.003034163266420399,-0.0130817666649818,-0.02471781149506571,0.0007168650627136005,-0.0007008230313659,-0.00011680647730829934,-0.0026657320559024013,-0.007077883929014199,-0.015601821243762894,-0.0024901926517487006,0.0006542480550706005,-0.0012355882208794004,-0.005747174844145799,-0.0118875447660685,-0.019335418939590503,-0.0004793703556060999,-0.0019016428850591,-0.0018800294492394,-0.0040733758360148,-0.008095663040876399,-0.009887902997434101,-0.0018726671114562997,-0.0007469311822205001,-0.0013303241576068,-0.0042044259607792005,-0.007261338643729699,-0.0052563070785254995,-0.0019405540078879001,-0.0015946873463691,-0.00045670855615749994,-0.013005796121433301,-0.0091139200958423,-0.0034281220578122997,-0.0032016541226767,-0.0021160449796297325,-0.0001628374884603146
nonmember_145.png,0,-0.004692152142524702,-0.015287347137927995,-0.04859505593776711,-0.00038763321936130003,-0.0045053702779113995,-0.005312466528266601,-0.0008372738957404986,-0.010985158383846297,-0.03128014877438539,-0.0006422563455998993,-0.0023520197719335,-0.0019181910902262003,-0.0029707644134760007,-0.008324630558490705,-0.018568262457847602,0.0010020700283349003,0.0006132922135292998,-0.0024734358303248995,-0.0036768428981303995,-0.014733327552676197,-0.0210962342098355,-0.0003610895946621999,-0.0020758290775120002,-0.0013829431263730001,0.00025726482272139806,-0.011799142695963402,-0.0092507051303983,-0.0017427452839911001,-0.0014055822975933998,-0.0006652729935013,-0.004264955408871099,-0.008017713204026198,-0.003963934257626599,-0.0009285924024880002,-0.0013207194861024,-0.0002306115784449,-0.0119523021858186,-0.0063483519770671,-0.0021995688439346,-0.004186177859082801,-0.0011268663292866943,-4.641534542310769e-05
nonmember_146.png,0,-0.003981851041317,-0.0356783121824264,-0.057804599404335,-0.0005517276003955997,-0.002072468400001499,-0.004125096835196,-0.0030354093760251964,-0.020077392458915697,-0.0251401737332344,-0.0021198792383075003,-0.0017375824972987002,-0.0023376424796879,-0.0020902175456285026,-0.012704439461231301,-0.013690248131752004,0.0017309822142124003,-0.0008863648399711002,-0.0006317928200587999,-0.0073670074343681995,-0.0182255953550339,-0.013041634112596498,-0.002276724204421,-0.0023878752253949,-0.0012230552674737001,-0.005126410163938999,-0.010703413747250999,-0.0052830623462796,-0.0021907347254455003,-0.0011534985387697998,-0.0002739431074587,-0.005174204707145601,-0.005847312975674901,-0.0022501100320369,-0.0013044034130871998,-0.0009767760639079,-0.00013144448894307714,-0.0071405926719307995,-0.0039608249207958,-0.001199541555252,-0.001999182975851,-0.0005280584282444988,-1.831796907936223e-05
nonmember_147.png,0,-0.003610089421272302,-0.026310749351978302,-0.060276947915554005,0.0011077839881181994,-0.0039923815056681,-0.003533939365297601,-0.0051274988800287,-0.0136886388063431,-0.024720646440982895,-0.0003215307369829005,-0.0013546263799071997,-0.002607285277918,-0.0028013326227665017,-0.0059833824634552,-0.014472534880042,-0.0033372128382325,-0.00016727531328790055,-0.0002561281435190998,-0.00045923702418800005,-0.013600960373878403,-0.015957280993461602,0.00039287470281130013,-0.00030076364055279994,-0.0021521041635424003,-0.002132024616003099,-0.0127363540232182,-0.007554918527603201,-0.0011467235162855001,-0.0019792076200246997,-0.0006249828729779,-0.0050880201160908006,-0.0097345253452659,-0.004162811208516399,-0.0006516161374746999,-0.001617768779397,-0.0003709856100613,-0.011689683422446199,-0.012279251415748099,-0.002712594156037,-0.0039983845781535,-0.0021331652969819835,-9.185522503678801e-05
nonmember_148.png,0,-0.0041611567139626,-0.019597351551055908,-0.045813895761966705,-0.0031103016808629,0.0009726351127029003,-0.0027652475982904,-0.004778977483510898,-0.010943617671728197,-0.0217650383710861,0.0005038562230765993,-6.767641752960032e-05,-0.00024782493710519965,-0.0017998050898314008,-0.004977956414222703,-0.0139780193567276,-0.0017646900378167994,-0.0009902887977659997,-0.0025058290921152002,-0.003234289586544002,-0.013386815786361694,-0.0200852639973164,0.0001303493045270998,-0.0023814621381461005,-0.0018117048311978002,-0.0008157761767506981,-0.009788725525140703,-0.0126172732561826,0.00039269030094139963,-0.0005811313167215001,-0.0016764342435636,-0.002491750754416001,-0.009596846997737898,-0.0068761329166592,-0.0014417069032788,-0.0007677827961742999,-0.0005741897621192,-0.010354192228987799,-0.018588773556985,-0.0044700195139738995,-0.004022553039249,-0.00398318158113388,-0.00023286335272127204
nonmember_149.png,0,-0.006260659545660002,-0.017841890454292297,-0.0418535992503167,-0.0024159187451005,0.0011204732581973006,-0.004549634642899001,-0.004115553572773902,-0.007606837898492903,-0.0182807520031929,0.0005912790074944999,-0.0016264636069537007,-0.0003326027654110995,-0.0006116684526204993,-0.0042913369834423,-0.010979143902659395,-0.0008680792525410999,0.000179378315806401,-0.0015916104894132003,-0.006141047924757,-0.0092265903949737,-0.014043341390788501,0.0004599895328284004,-0.003557238262146701,-0.0016658998792991,-0.0024244440719485994,-0.010543992742896097,-0.0070905843749643005,-0.0021924464963377,-0.000690613174811,-0.0008452046313323,-0.0036147963255644,-0.008328823372721702,-0.0033960109576582995,-0.0015020095743239004,-0.0015353064518422001,-0.00034577328915468263,-0.0094890570035204,-0.0106627998757176,-0.0020841845835093,-0.0035971588804385997,-0.0021333559052435845,-4.2630799725884585e-05
nonmember_150.png,0,-0.0038688760250807017,-0.01942678168416019,-0.051902979612350506,0.00011960929259660028,-0.0028289891779423003,-0.0032174512743949994,-0.0003537870943545983,-0.008802991360426005,-0.026533536612987504,0.00042805634438989985,-0.0018220688216388,8.387584239239951e-05,-0.0032872073352337022,-0.004758149385452201,-0.015883006155490896,-0.0010981820523739,-3.953929990530014e-05,-0.0023177224211393998,0.0006942655891180004,-0.008279548957943996,-0.0224682576954365,0.0010450216941535004,0.0005052923224866,-0.0025019219610840004,-0.0037275897338985998,-0.002592613920569399,-0.0170917250216007,-0.0029544131830334004,0.0009754579514265,-0.0017701773904264,-0.0021816156804561997,-0.007492823526263202,-0.011492911726236302,0.0005434281192719997,-0.0038256763946264995,-0.0013814988196828,-0.010491517256014101,-0.019418683135882,-0.0083294753858354,-0.0036936061223968994,-0.003627528087235908,-0.0003586081693355767
nonmember_151.png,0,-0.005727410316467202,-0.028031207621097606,-0.061921440064907116,-0.0011797859333454999,-0.0026059886440635005,-0.0028693825006485003,-0.003907764330506401,-0.011014722287654793,-0.029867723584175096,-0.0012518516741693003,-0.0019734743982554002,-0.0028122058138251,-0.0014905165880918017,-0.0070275813341141025,-0.018114209175109898,0.0006685764528811004,-0.0005115130916237996,-0.001990677556023,-0.001698343083262499,-0.011110167950391804,-0.020686304196715303,0.0005976422689854995,-0.0012066876515746004,-0.0021560266613959997,-0.0037588849663733985,-0.009339524433016798,-0.010044837836176199,-0.0018062214367091994,-0.0020244983024895,-0.000594426644966,-0.004359547048807201,-0.0105683179572224,-0.0047797886654734004,-0.00021374691277740044,-0.0019505873788148,-0.0003889944928233,-0.011154839536175099,-0.0113321608514525,-0.0026324246573495,-0.005088956735562499,-0.00203177247021808,-8.881423491397377e-05
nonmember_152.png,0,-0.004750292748212804,-0.023072689771652208,-0.059712320566177396,0.0011221873573959004,0.00011059362441299958,-0.005878807976842001,-0.0039991065859795,-0.01332414522767069,-0.0331349447369576,-0.0015060054138303003,-0.0032151024788617992,-0.0018382938578725,0.0016017947345971992,-0.0113899782299995,-0.018577601760625798,0.0014141658321022996,-0.0006793420761824001,-0.0016728050541132,-0.006697468459606198,-0.016976095736026806,-0.019635027274489403,-0.0027541820891200993,-0.0023025926202535005,-0.0016494533047079997,-0.0019939821213483012,-0.015744362026452997,-0.0085176494903863,0.0020545176230371,-0.0024268634151668,-0.000659202283714,-0.005385328084230499,-0.0097657260484994,-0.0034701155964285,-0.0026319450698792995,-0.0012818962568417,-0.0001315566187258288,-0.008905436261557,-0.0073096936102956004,-0.001917518893606,-0.0038845832459629007,-0.000832541431009225,-3.065127384616062e-05
nonmember_153.png,0,-0.0032428428530692985,-0.013195164501666995,-0.03519210964441301,-0.00011336244642730017,-0.0014735283330083006,-0.004090268164873101,-0.003596160560846301,-0.007191076874732999,-0.0208303928375244,-0.0018940181471408003,0.000831600278616001,-0.0003933529369533001,-0.001387873664498298,-0.0070279873907566,-0.014775250107049893,0.0014060358516872007,-0.0015402263961733003,-0.0021739094518124997,-0.0013550594449044003,-0.009854333475232104,-0.023033238947391503,-0.00026603555306790004,-0.0024067540653050007,-0.0033030408667400002,-0.0025599896907806015,-0.007376862689852701,-0.014433577656745899,-0.0018894388340414004,-0.0005204221233724993,-0.000915645447094,-0.0019003264605998993,-0.009120681323111099,-0.007223472930491,0.0008822185918689,-0.0012753158807755002,-0.0007005524821580001,-0.0099151106551289,-0.0117883078637533,-0.0042804199038072996,-0.0047451101709157,-0.0025711418929858145,-0.00014031307364340922
nonmember_154.png,0,-0.005764456465840298,-0.015894114971160903,-0.027726383879780797,-0.00036942027509210065,-0.0022583534009755005,-0.002806164091453,-0.004793079569935802,-0.0102859996259212,-0.0126319918781519,-0.0023570540361107003,-0.0002073869109153999,-0.0012997006997466,-0.0012724585831165001,-0.0060580968856811974,-0.005346775054931599,0.0016958178021013997,-0.0009743543341755997,-0.0007091482402757001,-0.0018070768564939985,-0.008330186828970902,-0.005392417078837801,-0.0020061787217854994,-0.0010432952549308,-0.00040387397166340004,-0.002467837184667601,-0.008157016709446898,-0.0020805195672437,0.0008602910675107999,-0.0008870505262165997,-0.0002954163355752999,-0.0023217108100652,-0.0049863858148456,-0.0008821554365568001,9.741121903059959e-05,-0.0014067129231990002,-0.00016419815801772578,-0.011409271974116598,-0.0040715359500609,-0.0004409792745718456,-0.0063311738194898,-0.0009557806315569249,-2.7631056582322344e-05
nonmember_155.png,0,-0.003471646457910503,-0.0209088325500488,-0.05773526430129999,0.0008873739279807004,-0.0016370937228202005,-0.0013068453408777003,-0.003207810223102601,-0.011388283222913798,-0.025108873844146805,-0.0014004521071911006,-0.0020558368414641,-0.0026502977125347,-0.0019014030694960993,-0.009625054895877797,-0.0136607587337493,0.0003719292581081,-0.0004455386660993004,-0.000848205992952,-0.0019361153244972992,-0.013461956754326803,-0.014562599360942898,0.0010740021243692,-0.0013912259601057,-0.0019576076301746,-0.0058306008577346,-0.0120594752952457,-0.006026046350598301,-0.0024197832681239,-0.0020138847175985,-0.0006132840644568,-0.0043236576020718,-0.0073089185170829,-0.0025532152503728997,-0.0013820747844875006,-0.0013168505392969,-0.00023782256903360003,-0.0098533242708072,-0.007085783610818901,-0.0015149598330027,-0.0036011437186971,-0.0015146492150960665,-6.0356203903173334e-05
nonmember_156.png,0,-0.0023550055921078006,-0.026198945939540898,-0.0370514206588269,1.559965312480059e-05,-0.0022623678669333996,-0.0019344286993145002,0.0008136276155709977,-0.013036973774433101,-0.013957051560282697,0.0004342282190918992,-0.0019883923232555,-0.0014278905000537998,-0.0049285814166069,-0.008993901312351199,-0.008834263309836402,-0.0020308298990130997,-0.0005065738223492995,-0.0005843257531524002,-0.0029612537473439997,-0.011247295886278198,-0.008043618872761699,-0.0006448640488088001,-0.0015369229950011002,-0.0011392500600777,-0.0046785026788712,-0.0082070948556065,-0.0031228698790073004,-0.0006647002883254996,-0.0013943515950814,-0.0002535896928748,-0.003202156163751999,-0.0051823952235282005,-0.0013146545970813,-0.00012267753481870047,-0.0010534707107580999,-8.569368947064233e-05,-0.0084684325847775,-0.0035000680363737,-0.0006796192901674029,-0.0037861361633986,-0.000605605639066159,-3.304204437881708e-05
nonmember_157.png,0,-0.0016704425215720992,-0.011812895536422709,-0.05710065364837649,-0.00031200144439930046,-0.0007311739027499996,-0.005014813039451801,-0.0023489985615014995,-0.006351258605718599,-0.027649179100990302,3.9467588067000105e-05,-0.0023869480937719996,-0.0022921874187886992,-0.0025333669036627024,-0.004529621452093097,-0.0180463008582592,-0.0016866363584995,-1.2791249900999911e-05,-0.0011064202990383005,0.0010285582393407995,-0.014436133205890704,-0.019581116735935197,0.0007053413428366002,-0.0021064504981041,-0.0022882964694871995,-0.004470544867217499,-0.012979732826352099,-0.009358773007988902,-0.0006424812600017002,-0.0026848141569644,-0.0006650467403233001,-0.0030726455152035002,-0.009752348996698898,-0.0042811129242182,-0.0027611453551799003,-0.0012336540967227002,-0.0003540520337993,-0.0106298080645502,-0.0089550373377278,-0.0023429914726876,-0.0027545153861865,-0.0014602713708881242,-7.506025212923367e-05
nonmember_158.png,0,-0.004662387073039995,-0.028357453644275707,-0.0545856580138207,-0.0030368594452738,-0.00045136176049710014,-0.0038202456198633,-0.0019610226154327046,-0.016382280737161595,-0.0229456759989261,0.0021479884162544996,-0.0024961326271294992,-0.0010854112915693998,1.2814998626015095e-06,-0.015294156968593604,-0.011624632403254499,-0.0013397438451648001,-0.0020091664046049005,-0.0009311530739069002,-0.005997950211167297,-0.019461601972579998,-0.013160512782633301,-0.0003275051712989998,-0.0024067342747002996,-0.0012450788053684,-0.0027501489967108016,-0.0132627729326486,-0.005441152956336801,-3.1057745218198915e-05,-0.0020673261024058,-0.00046686118002979993,-0.004943743348121601,-0.008066003210842599,-0.0021914398530498,-0.0017003044486046002,-0.0008483299752697001,-0.00010851409751920046,-0.0194245731690899,-0.0053023860382382,-0.001160984946182,-0.0059257936663926,-0.0006152700661914281,-2.3239714209921658e-05
nonmember_159.png,0,-0.004715213552117403,-0.033190943300723995,-0.0593858510255813,-0.0007751709781587002,-0.0027823867276311007,-0.0045847110450268,-0.002675129100680299,-0.0127101354300976,-0.0221175625920296,0.0014514592476188998,-0.0017140400595963001,-0.0013846615329384001,-0.0016441158950329,-0.011100590229034396,-0.013170067220926299,7.305014878510041e-05,0.00025095092132689997,-0.0007262893486768003,-0.004312120378017401,-0.016212163493037203,-0.012702807784080502,-0.0024665226228535,-0.0024678751360625,-0.0014797517796979,-0.004864536225795798,-0.0103301210328937,-0.0051865871064365,-0.0009773010388017004,-0.0014573587104677998,-0.00031453512201549993,-0.0036939131096005006,-0.0051818378269672,-0.0020963890710845997,-0.0008421484380959996,-0.0006109391688370001,-0.00010482616926304705,-0.011381509131752,-0.0035033496824326002,-0.001166062480479,-0.004207726509776,-0.000757082023483139,-6.450478394981474e-05
nonmember_160.png,0,-0.0051316935569048,-0.010355928912758796,-0.014742782339453697,-0.0005086553283035001,0.0008220481686294001,-0.0016202845145017,-0.0031895218417047986,-0.004218976944685,-0.006857361644506399,0.0002605202607810003,-0.00217244355008,-0.00021706707775600003,-0.0003912933170796013,-0.0013072676956654011,-0.0046288771554828,-0.00017532147467140026,0.0018570465035736001,-0.0007196603110060003,-0.0016315765678881992,-0.0030351169407367012,-0.0064175873994827,-0.0014543021097778996,-0.0006727515719830999,-0.0009864859166554998,-0.0009913956746459007,-0.002918774262070699,-0.0035966068971902,-0.00020867586135860008,-0.0018700212240219003,-0.0004967948189005,-0.0006597973406314989,-0.0036770463921129,-0.0020026408601553003,-0.0005287704989314001,-0.0010719413403422,-0.00025317468680436793,-0.008310739882290401,-0.0067048283235636,-0.001309037732426,-0.002936702570878,-0.001370927733660121,-6.82672380207805e-05
nonmember_161.png,0,-0.0070852972567081,-0.016254052519798202,-0.0312520489096641,0.0002294955775142011,-0.0028380132280290005,0.0001589301973582008,-0.003620741888880702,-0.004692837595939699,-0.014204047620296506,-0.0028512817807495004,-0.0018301927484572003,-0.0021225311793387006,-0.0021140109747649002,-0.007581371814012496,-0.0123844817280769,0.00123150087893,0.0009325281716883,-0.0017726211808622005,-0.0027331830933689984,-0.007716920226812401,-0.018202863633632698,5.70318661630995e-05,-0.0018986403010786,-0.0030584421474486997,-0.0011411951854825002,-0.009245820343494401,-0.011999849230050999,-0.0006454936228693,-0.000733267981559,-0.0011624383041635,-0.0027120569720864,-0.0057512093335389996,-0.0060140960849822,-0.0003258869983256002,-0.0015365356812254,-0.00040700036333870003,-0.008803321281448,-0.0063671232783236,-0.0033311915613012002,-0.0043873533140868,-0.001203034775244225,-8.51126751512991e-05
nonmember_162.png,0,-0.006124332547187798,-0.02772751450538638,-0.0728906244039536,-0.0019349064677954015,-0.0003533121198415999,-0.0036101154983044,-0.003523178398609106,-0.019784092903137207,-0.03641021251678461,0.0010861456394196008,-0.0027797175571322007,-0.0038320552557706,-0.002264557406306298,-0.014322526752948705,-0.02418535202741629,-0.003225342836231,-0.0007469141855836001,-0.0022560385987162998,-0.006170256063342098,-0.017814178019762095,-0.023096522316336604,0.0012051174417138004,-0.0015946943312884002,-0.0017558198887855,-0.006835889071226103,-0.0218018516898155,-0.014492103829979898,-0.0023133540526032005,-0.003226224333047799,-0.0022147576091811,-0.0015932777896523979,-0.014059966430067999,-0.007139419671148101,0.0002880953252315001,-0.0025564907118678,-0.0008159387216436999,-0.0131919465493411,-0.016263029363472,-0.004381612932775099,-0.0047052560839802,-0.002059284612187183,-0.00019772160885622242
nonmember_163.png,0,-0.005929138511419303,-0.0459250509738922,-0.07644397765398031,-0.0023472206667066,-0.0045003397390247,-0.0027249101549386995,-0.004854965955018997,-0.021770924329757704,-0.03766431659460061,0.00030454620718959984,-7.411744445559934e-05,-0.0025024707429110995,-0.004955776035785703,-0.010413210839033092,-0.02374053373932839,-0.0021085944026709,-0.0005260035395622011,-0.0033208697568625004,-0.0071233808994293005,-0.0215926691889763,-0.024492761120200202,-0.0008010501042008001,-0.0028319195844232993,-0.0012444866006261998,-0.004762811586260799,-0.015690827742219002,-0.0102868326939642,-0.0015112459659576,-0.0016984550748021005,-0.0005797766207251999,-0.005513427779078501,-0.009361024945974298,-0.0042540663853288,-0.001765811117366,-0.0019303506705909998,-0.00014821957302043435,-0.0079219311010092,-0.0068073555012234,-0.00231914127653,-0.0026392354047857,-0.0007804004308126611,-2.1576295694103464e-05
nonmember_164.png,0,-0.0065510366111994,-0.015500921756029191,-0.03508800268173211,-0.000713244080543499,0.0015782197006046998,-0.004901899956166801,-0.0031660553067922002,-0.007498167455196401,-0.021355725824833,-0.00014979951083660126,-0.0016906759701669,-0.0011971793137491,-0.00032290443778040107,-0.006795272231102004,-0.014355599880218499,-0.0014018318615853995,-0.0020351405255496996,-0.0018741060048341005,-0.005778916180133799,-0.009130692109465596,-0.0206796173006296,0.0008433563634753002,-0.00047417962923649963,-0.0030107402708381996,-0.000313054770231299,-0.010436690412461702,-0.0105831818655133,-0.0015889983624219998,-0.0015325131826102005,-0.0005457256338559001,-0.002683661878109001,-0.0071626962162553995,-0.0049246796406806,-0.0008991514332592002,-0.0016503216465934998,-0.000356261516572,-0.011317469645291501,-0.0071482602797915,-0.0028492860146798,-0.0037292096531019005,-0.0013714931483263986,-8.738406904731065e-05
nonmember_165.png,0,-0.004017241299152395,-0.02813427895307541,-0.0567806549370289,-0.0013179900124669006,-0.0007803291082381994,-0.0035039465874433995,-0.004317022860050205,-0.011691998690366696,-0.0220145396888256,-0.0005395077168940995,-0.0005261860787869003,-0.0017632828094064999,-0.003219198435544999,-0.0106224901974201,-0.012397240847349202,-9.25827771429931e-06,-0.0016306308098137006,-0.001091196667403,-0.003996927291154799,-0.0116387642920018,-0.013204304501414299,-0.0018097744323313002,-0.0019058380275964997,-0.0012451215879991,-0.0023119058459997004,-0.0086880624294281,-0.0059390915557742,-0.0011270176619292008,-0.0016368555370718002,-0.0006802584393882,-0.002754518762230901,-0.0061002797447145,-0.0026927228318528,-0.0007628565654157994,-0.0013318341225385998,-0.00020140871492909998,-0.013077891780994898,-0.0054737505270168,-0.0014874998742016,-0.003990572236944,-0.0010906951920332567,-5.866576975671733e-05
nonmember_166.png,0,-0.005654934793710702,-0.030873194336891202,-0.0543677099049091,-0.0018481770530343004,-0.0034550484269857008,-0.0043884296901524,0.0004845932126045019,-0.011030353605747202,-0.020921392366290103,0.0016126167029143004,-0.0008263071067631999,-0.0008991979993880003,-0.001863881945610102,-0.010728381574153893,-0.011950049549341202,-0.0015633199363947001,-0.0002735853195189996,-0.0012551420368253998,-0.0068760495632885985,-0.014277096837759004,-0.010116287507116798,-0.0013633086346089996,-0.0026447298005223,-0.0009252114105038,-0.004078254103660601,-0.0094634983688593,-0.0042499727569520005,0.0006869472563266997,-0.0016323344316334,-0.00037951435660949997,-0.0052922135218978,-0.004871501587331299,-0.0016935943858697997,-0.0023038350045681,-0.0013433844433166,-0.00017150244093492667,-0.008117525605484899,-0.0030652300047222,-0.0008888404991013,-0.0037084356881678998,-0.0006597882784262198,1.4102675777394325e-05
nonmember_167.png,0,-0.0035611093044281006,-0.022420808672905003,-0.0515002459287643,-0.0005353791639209002,-0.002413837704807499,-0.0064512062817812,-0.0021501239389181,-0.017442297190427794,-0.0233386810868979,0.0012499918229877992,-0.0014062034897506003,-0.0003713842015713002,-0.002597272396087702,-0.013257559388875902,-0.012198803946375802,-0.001883959397673599,-0.0012719770893454998,-0.0017621982842683998,-0.002304635941982198,-0.0142291011288762,-0.0115477978251875,0.0003306381404400002,-0.0019258251413703002,-0.0009985149954446,-0.0034250495955348015,-0.0070408694446087005,-0.0045075542293489,-0.0018971399404108004,-0.0007833003764972,-0.00018376712978350002,-0.003875942435115599,-0.0036821460817009002,-0.0018084397306666002,-0.0006798752583563996,-0.0006991565460339001,-0.0001100234512704991,-0.0050810428801924,-0.0022097594483058,-0.0009981573675759,-0.0032931004534475002,-0.0003984773011324721,-4.3886851926799864e-05
nonmember_168.png,0,-0.007234834134578698,-0.022694043815135997,-0.0643463805317879,0.00019856728613379913,-0.0012630168348551005,-0.0024850708432494996,-0.0046262107789517,-0.016025930643081707,-0.0314272195100784,-0.0032674935646354996,-0.001293978653848199,-0.0019456869922579003,-0.0037070885300636014,-0.016663573682308197,-0.019411697983741802,-0.0001344154588878996,-0.0025047888047993,-0.0029068668372929,-0.0034155920147895986,-0.0281994380056858,-0.0177337704226374,-0.00010088412091129994,-0.0019713956862688004,-0.0011605363106355,-0.0048662275075912025,-0.020897334441542605,-0.00821105344221,-0.0011273804120720005,-0.0023547378368676,-0.0007300969446077999,-0.005457384511828499,-0.011781888082623499,-0.0035767189692705995,-0.0003440435975789998,-0.0013800940942018999,-0.00029620041459558935,-0.0116294070612639,-0.0093186595477164,-0.0019483281794237001,-0.0042818381916731,-0.0013944931306468082,-4.6205659600673243e-05
nonmember_169.png,0,-0.004784757271409,-0.0286704115569592,-0.053250774741172804,-0.0015987111255526994,-0.0002127564512194001,-0.0037017827853561003,-0.004511849954724402,-0.0119975097477436,-0.019886404275894096,-0.0017121108248830006,-0.0020469846203923,9.562354534899987e-06,-0.001571347936987797,-0.008523358032107301,-0.011080283671617501,0.0011325227096676991,-0.0018957296852021997,-0.0024301842786372003,-0.003665829077363101,-0.007643837481737203,-0.0110583044588566,-0.0015955124981700992,-0.000910000409931,-0.001331660489086,-0.0037530940026044013,-0.0076162368059157996,-0.0052697560749948,-0.0014459886588157004,-0.0007528665009886,-0.0005091642378830001,-0.0053383586928248995,-0.005445415619760799,-0.002409165725112,-0.0010384824126957997,-0.0010968226706609,-0.00018583713972466646,-0.0057454297784715995,-0.0046060754102654,-0.0013394702255027,-0.0025665025459603,-0.0009629705455153465,-4.733282185043208e-05
nonmember_170.png,0,-0.006700575351715098,-0.0218354314565658,-0.06433539837598809,-0.0038991933688521004,-0.0012817326933145003,-0.0037010842934251005,3.0491501092900358e-05,-0.013320527970790905,-0.03300287574529641,0.0011978792026639002,-0.0009345929138363006,-0.0026882793754339,-0.002546276897191998,-0.008849173784256002,-0.020681329071521794,0.00012200418859720057,-0.0004454241134226001,-0.0007884316146373992,-0.0031315218657255,-0.014235503971576698,-0.0278666727244854,-0.0005266405642033005,-0.0007844222709536995,-0.0032215038081631004,-0.005962576717138301,-0.0177027992904186,-0.0154884681105614,-0.0024077622219920002,-0.0027204230427742,-0.0011702656629495002,-0.0038014082238077996,-0.0136286998167634,-0.0077843749895692,1.7306767404100254e-05,-0.0022948884870857,-0.0003953412669944,-0.0117175332270563,-0.0123394326656126,-0.0044508558057714,-0.004569729790091501,-0.001235647669091028,-0.0001162468106484969
nonmember_171.png,0,-0.004103751853108403,-0.0214168205857277,-0.05968528985977169,0.0012452481314539996,-0.0026086177676916,-0.0010547703132033001,-0.0023994948714970987,-0.011814408004283898,-0.0351580083370209,-0.0001954548060893995,0.00041713565587989977,-0.0027946187183260987,-0.0023891404271126,-0.008802119642496102,-0.024582594633102403,-0.0009813858196139006,-0.0014800000935793,-0.0029056938365102005,-0.005075791850686101,-0.007512742653489099,-0.032308697700500495,-0.001621412578970199,-0.0010664355941116003,-0.0030849138274789004,-0.0030953818932174994,-0.0115774944424629,-0.018615496344864403,-0.0009670220315456,-0.0026452159509063,-0.0012328568845987,-0.0042299386113883,-0.009300039149820898,-0.008776621427387,-0.00015025958418850033,-0.0018000841373578,-0.0005039372772444,-0.0085439605172723,-0.0095026373746804,-0.0049255331396125,-0.0047195232473314,-0.0013191418620407975,-0.00012881053407903686
nonmember_172.png,0,-0.003786841407418199,-0.023107305169105502,-0.0535276830196381,-0.0007528625428675998,-0.001206393353641099,-0.0040831002406776,-0.0035106111317873,-0.0127364210784435,-0.0250213667750359,-0.0016084350645541997,-0.0021762764081359005,-0.0023287229705601003,-0.0014310907572507997,-0.014504481106996599,-0.013093419373035396,-0.00020072469487790023,-0.0007836306467652,-0.0010003799106926,-0.003083070740103701,-0.017875012010335898,-0.012525270693004102,0.0011818595230579003,-0.0012023397721349994,-0.0012683391105383999,-0.0045101288706064,-0.011609025299549101,-0.0047439723275602,-0.0014865035191178,-0.0025346416514367004,-0.0003440191940171,-0.004205291159451001,-0.0061829793266951994,-0.0020087314769626,-0.0009156754240394003,-0.0008495909860358,-0.00015494386025238227,-0.007803075015544899,-0.0049701833631843,-0.001071665159543,-0.0035174713702871997,-0.0010110011571668098,-4.0712802729103714e-05
nonmember_173.png,0,-0.0027971118688583027,-0.017513439059257507,-0.03281985595822339,0.0011333031579852,-0.0008320356719195999,-0.0014984547160566,-0.0015804786235093966,-0.0100472718477249,-0.015604078769683803,-0.0004078624770045003,-0.0008341693319379997,-0.0011859773658216,-0.0029726531356573,-0.005236051976680797,-0.008988726884126698,-0.0001445533707737992,-0.0015838593244553003,-0.0013341263402253,-0.002086291089654,-0.011686615645885398,-0.011087446473538902,-0.0004425309598446014,-0.0007783463224767997,-0.0019156213384122001,-0.0040257088840008025,-0.010657833889126802,-0.0060735372826457,-0.0026617175899445993,-0.0018318276852370002,-0.0008507676247973,-0.0036111138761042993,-0.0071054250001908,-0.0029908237047493,0.0012058471329510004,-0.0017341252532787,-0.0002811821686919,-0.0150267591234297,-0.0061363448330666,-0.0018431487842463,-0.0056814564741216,-0.0008210580308513918,-5.3307172493011055e-05
nonmember_174.png,0,-0.005815140902996098,-0.0286871045827866,-0.06999076902866361,-0.002686742693185801,-0.0020154900848865995,-0.007466807961463999,-0.0022590588778257023,-0.015677936375141102,-0.043782047927379594,-8.080527186389921e-05,-0.0002452572807668998,-0.0024633957073091992,-0.0024456083774566997,-0.012593612074851997,-0.023986045271158205,-0.00036094104871150015,-0.0022050426341593005,-0.0030662007629871004,-0.007093572989106102,-0.0164773613214493,-0.029540501534938902,-0.0010623224079608995,-0.0010687187314034003,-0.0016633915947751,-0.0035789906978607976,-0.015440916642546699,-0.016065257601439897,-0.0009555988945067007,-0.0016080904752015998,-0.0012687627458945,-0.005340248346328701,-0.0113185411319136,-0.007135580293834201,-0.0009071845561265997,-0.0022634450579062,-0.000438473187387,-0.0110725676640868,-0.0110325033310801,-0.0040640712104505,-0.0038670747890136997,-0.0017903160733112279,-8.978915866454437e-05
nonmember_175.png,0,-0.0070023313164711,-0.023670822381973294,-0.052798576653003707,-0.0001579029485582993,-0.0025764117017389003,-0.003645182121545099,-0.004534412175416901,-0.0101585611701012,-0.0253454074263572,-0.0008479766547680005,0.00028640963137149984,-0.0014002192765474007,-0.0005217939615249981,-0.007090095430612502,-0.016945235431194403,-0.0013477210886775996,-0.0008497331291437002,-0.0023206199984997997,-0.0030036810785531998,-0.009846407920122202,-0.019353453069925298,0.0014127469621597992,-0.0005666776560246996,-0.0021392416674643998,-0.0038970261812210014,-0.009867837652563997,-0.010309455916285501,-0.002129503060132199,-0.0012517878785729,-0.0007531302981078,-0.0032571116462349996,-0.0089040370658041,-0.0048764636740087994,-0.0015367092564702,-0.0018731786403805,-0.0006952535768505,-0.010901608038693701,-0.0116301288362592,-0.0028803573950427,-0.0033519775606692,-0.002631177907460324,-0.00018015275782089498
nonmember_176.png,0,-0.0021957494318484982,-0.0368322357535362,-0.0742515400052071,-0.0005865553393959999,-0.004352650605142099,-0.005166254471987501,-0.00047075375914579914,-0.017187636345624903,-0.028035864233970594,0.004061553627252601,0.0006583132781088994,-0.0017020744271575997,-0.003103066235780702,-0.010477811098098797,-0.014113306999206602,-0.0024165948852897003,-0.00047672260552649934,-0.0010588924633339002,0.0006228536367417006,-0.013960178941488204,-0.012659285217523499,-4.031602293249996e-05,-0.0017723971977830003,-0.001034121378325,0.001747544854879296,-0.013639770448207897,-0.0049371393397451,0.0020715948194265,-0.0027606878429651,-0.00041229742055289996,-0.008326889947056697,-0.0104408245533705,-0.0019861126784235005,-0.0037810197100043,-0.001592323940713,-0.00010695175660653056,-0.0235484289005399,-0.0071416909922845,-0.0010521818694542,-0.0073703582747839,-0.0007988526886037273,-1.534174953121692e-05
nonmember_177.png,0,-0.005629044026136402,-0.021490976214408902,-0.057813249528407995,-5.630776286099162e-06,-0.0015765912830830002,-0.0023169498890637987,-0.004741180688142801,-0.013165354728698793,-0.025993265211582198,3.310199826949897e-05,-0.0019330084323883005,-0.0027681710198522004,-0.003233332186937398,-0.013653244823217302,-0.0190085060894489,-0.000553017016500199,-0.0012280116789043002,-0.0011801542714238002,-3.121048212050004e-05,-0.0195283945649863,-0.0233683921396733,-0.0008922317065299008,-0.0014549293555318997,-0.0025676902150735,-0.0054681915789842,-0.011970369145274103,-0.012413990683853598,-0.0021933079697190995,-0.0018092102836818002,-0.0011502118140925002,-0.003697238862514501,-0.009022319223731798,-0.0056565273553133,-0.0008390576113015999,-0.0017562447465025,-0.0002861461252906,-0.0101571448612958,-0.0070871937205084,-0.0032293863478117003,-0.0032521825633012,-0.0009208428346027182,-0.00010453772119936236
nonmember_178.png,0,-0.0045038163661956995,-0.018250957131385803,-0.0392430797219276,-0.001446245238185,0.0014717672020197001,-0.0018941303715108992,-0.003075474873185099,-0.013059228658676196,-0.019368814304471,0.0009256759658455987,-0.0031604496762157007,-0.0019734695088119004,-3.6273151636199985e-05,-0.009483002126216902,-0.010928088799119,-0.0017211064696312003,-5.039013922209998e-05,-0.0016545387916267,-0.0044465567916631005,-0.0158007405698299,-0.0105210989713669,-0.0012871297076343996,-0.0028377068229019997,-0.0012053658138029,-0.0037434194236994,-0.01264095492661,-0.004149928456172401,-9.786337614059969e-05,-0.0019015211146325003,-0.00040291497134600004,-0.0088562648743391,-0.0074393381364644,-0.0017219817964359999,-0.0031988257542253,-0.0013850486138835,-0.0001814656570786325,-0.0102446026867256,-0.0056907717080321,-0.0008552626313758,-0.0033974691177718,-0.000877185666467973,-2.0646628399845213e-05
nonmember_179.png,0,-0.002596369013190304,-0.028435923159122495,-0.04893162101507191,0.00023272726684809945,-0.0013826331123710008,-0.0013432027772068995,-0.0030410494655369984,-0.0169650726020336,-0.0254977941513062,-0.0015008174814283995,-0.0013091415166854997,-0.0040765171870589,-0.0012533646076917995,-0.008752029389142997,-0.0167172141373157,0.0010680654086172,1.295795664189945e-05,-0.0013752805534750002,-0.0057275872677565,-0.013790760189294801,-0.0193853210657835,-0.0033986307680607,-0.00010839942842719944,-0.0023504813434556,-0.0007563419640063997,-0.0090489853173495,-0.010036042425781499,0.0020917896181345003,-0.0025303759612143005,-0.0008374584722332999,-0.0056364992633462,-0.0093868793919682,-0.004634512122720499,-0.0012524169869721005,-0.0023927810834721,-0.000534497325134,-0.0108905236702412,-0.010659503517672399,-0.0025663685082691003,-0.0046044273767619995,-0.0018804443607222277,-7.821658073220624e-05
nonmember_180.png,0,-0.0046838168054819,-0.010379161685705102,-0.0212289169430733,-0.0018487144261597997,-0.0006826142780483003,-0.0012699738144874998,-0.0024817762896419005,-0.005351150408387198,-0.010967863723635701,-0.0006847460754216004,-0.0015905667096375994,-0.0015534623526037,0.0003744261339307005,-0.003920201212167799,-0.0079253446310759,0.0007300958968699004,0.00013490859419109952,-0.0007052412256598,-0.0015800502151251013,-0.0053830705583094995,-0.010478814132511598,0.0002821623347699998,-0.00036730803549289964,-0.0018358292290940998,-0.00022153183817859995,-0.0047200499102473,-0.0062845875509083,0.0007040994241833002,-0.0012728676665575002,-0.0007733595557511001,-0.0027417577803134988,-0.0042847571894527,-0.0037060577888041995,-0.0021881354041397,-0.0011754804290831002,-0.00038260348082979994,-0.007043802179396201,-0.0079356315545738,-0.0025786490296013003,-0.0027949718059972,-0.0019989997963420227,-0.00014889259909978134
nonmember_181.png,0,-0.003992635756730999,-0.015575677156448406,-0.031495790928602205,-0.0005255113355816,-0.0022629061713815013,-0.0014042295515536993,-0.0010148957371712009,-0.006987627595662994,-0.0141703300178051,-0.0002935975790023006,0.0013264091685415008,-0.0016351919621229007,-0.004527930170297602,-0.008057698607444798,-0.011486206203699098,-0.0011568875052034994,-0.0016788989305496996,-0.0005155596882104995,-0.0032890029251574984,-0.015243746340274804,-0.0170929972082377,0.0011084326542914,-0.0035463646054267007,-0.0027523094322533,-0.0039351675659418,-0.012501571327447898,-0.0100446660071611,-0.0016902801580727005,-0.0008458024822175997,-0.0013592354371212,-0.0034677144140005996,-0.008262448012828801,-0.0051040386315435,-0.0014375019818544995,-0.0010523982346058,-0.0005206692585489,-0.0066058398224413,-0.0116795933572576,-0.0030441095441347,-0.0023586665047332003,-0.0024813678101053695,-0.00017437852329744123
nonmember_182.png,0,-0.0047389939427376,-0.025838136672973605,-0.05467505753040319,-0.0006167236715555,-0.0003586970269680006,-0.0025370810180903,-0.0017983987927435996,-0.01612316071987159,-0.0259176716208458,-0.0012437179684638994,-0.0017570839263498002,-0.0016930871643126002,-0.0038257446140050957,-0.012736361473798703,-0.015167888253927196,-0.0006201909855008004,0.0003099949099123001,-0.0006299680098890998,-0.0024821907281876027,-0.020586866885423702,-0.016323344781994802,-0.0014539277181028999,-0.0036502396687864997,-0.0023023677058518002,-0.0057489089667796985,-0.0161793176084757,-0.0090011041611433,-0.0007554525509477,-0.0017640034202486,-0.0009792259952519,-0.0060296021401882,-0.0108996219933033,-0.004467499209567899,-0.0007130010053515001,-0.0013856415171177002,-0.0002614502518553711,-0.011853658128529801,-0.0080171726585831,-0.0024771918688202,-0.0050072442973033,-0.0009543409832985152,-5.742930443375373e-05
nonmember_183.png,0,-0.006429163739085201,-0.022164508700370802,-0.05241410806775101,-0.0009039607830345995,-0.0024270359426737005,-0.0053626522421836,-0.000955672934651302,-0.011336956173181499,-0.0196267366409301,0.0007799090817570999,-0.0014347415417432004,-0.0012860215501859999,-0.003975361585617097,-0.008827302604913698,-0.009235310368239899,-0.00106271635741,-0.00033152289688589964,-0.0005549850175157001,-0.003297751769423502,-0.011420278809964702,-0.0078544141724706,-0.0018659685738384004,-0.0018685359973460002,-0.000670633657137,-0.0027854759246111003,-0.0060112094506621,-0.0027078252751379997,-0.0003197835758328993,2.0861625670042308e-07,-0.0001245916209882,-0.003718072548508599,-0.0037116107996553,-0.0011106391320936,-0.0004211878404021003,-0.0022000756289345,-0.00010151535025208991,-0.0058216732577421005,-0.0024546363856643998,-0.0005455918362713368,-0.0034219410736114,-0.00044313620855964493,-2.346223482163623e-06
nonmember_184.png,0,-0.0024143457412720004,-0.021259110420942307,-0.0352300144731998,0.0001027034595608,-0.0008111004717648003,-0.0048497947864234005,-0.004869805648922903,-0.010638821870088598,-0.0162680000066757,1.2465752661299304e-05,-0.00039288913831119973,-0.0005239574238658003,-0.004941310733556699,-0.0073421020060777005,-0.009961901232600202,-0.0012368145398796004,-0.0011336356401443004,-0.0011891475878655997,-0.0036506559699773997,-0.0085927285254002,-0.012278134934604201,-0.0007440126501023995,-0.0009449790231883999,-0.0017579536652192,-0.0033635757863521992,-0.0081244260072708,-0.0066539025865495005,-0.000636403914541,-0.0008803522214292999,-0.0006425868778024,-0.003298630937933901,-0.006918008904904099,-0.0031577742192894,0.0007238630205393002,-0.0020047140424139997,-0.00033071310463126215,-0.0094022501725704,-0.0054632518731524,-0.0018615184380906,-0.0048583666794002,-0.0008830454007692655,-4.8615380364935845e-05
nonmember_185.png,0,-0.008799044415354798,-0.02746439725160601,-0.0335470549762249,-0.0016252826899289998,-0.0016683787107467998,-0.0017747478559612994,-0.00015210732817650188,-0.013602562248706797,-0.0153525732457638,0.0013105263933539998,-0.0025886101648211,-0.0020885076373815007,-0.0016323979943989979,-0.0091490726917982,-0.009607991203665699,-0.0005840351805090991,-0.00019925553351640007,-0.0010118726640939999,-0.006125167012214702,-0.009825015440583302,-0.0124339647591114,-0.0008047674782574012,-0.0007364400662482002,-0.0027491319924592998,-0.0036827586591243987,-0.006143390201032099,-0.0067127700895071,-0.0006639240309595992,-0.0016707025934011,-0.0011208514042664,-0.005733661353588099,-0.005349415354430701,-0.0033488729968666996,-0.0014346125535667003,-0.0015591029077768,-0.0002679108438315,-0.009660509997047501,-0.0045656533038709,-0.0019006396323676,-0.004015272250399,-0.0011339333213981687,-0.00010411297262177978
nonmember_186.png,0,-0.0055257603526115,-0.036143526434898404,-0.0552578568458557,0.0016927048563957006,-0.0033689374104142007,-0.0015521687455474992,-0.004953745752573003,-0.015188213437795597,-0.0254549160599708,-0.0036857035011053007,0.0015194183215499002,-0.0029482282698154003,-0.0036640949547290975,-0.013599082827568096,-0.013060301542282101,0.0029027285054325997,-0.0035028918646275997,-0.0009555171709508003,-0.009634695947170202,-0.0174260977655649,-0.012823548167943998,-0.003566070459782999,-0.0021486927289516003,-0.0015194820589385998,-0.004914803430438099,-0.013659057207405602,-0.005319168092683001,-0.0013627195730806004,-0.0021866356255487,-0.00035692191158889997,-0.0046168421395123005,-0.0072366846725344,-0.0023126645246520005,-0.0012862752191721994,-0.0007352335960604001,-0.0001618368733033242,-0.0044305659830569995,-0.0049128045211546,-0.0011930585678782998,-0.0022132640006021003,-0.0005179524523554718,-1.7900361854117364e-05
nonmember_187.png,0,-0.0047316886484623025,-0.017437860369682298,-0.0530847832560539,-0.0008815024048089998,0.0006014443933964001,-0.004342320840805799,-0.0037187337875366003,-0.012759454548358896,-0.027640163898468004,-0.0017835879698395998,-0.0028144023381174,-0.0020959354005754003,-0.0024997722357512006,-0.009111296385526699,-0.013676522299647397,0.0006058751605452,0.0007567689754068999,-0.0012518281582742999,-0.0034264959394932,-0.017442971467971802,-0.0149090168997645,-0.0006702858954668999,-0.0033555449917911997,-0.0013904931256547,-0.0058043524622917,-0.012352608144283302,-0.0058296122588217,-0.0016365014016627996,-0.0021432065404951997,-0.0008987070759758001,-0.0027068285271525,-0.0098498472943902,-0.0029121299739927,-0.00024494575336570044,-0.0012514544650912,-0.0004559322260321,-0.011776929139159599,-0.007685381890041699,-0.0014285081124399,-0.004151200351771,-0.0011404798751754647,-6.987637607372478e-05
nonmember_188.png,0,-0.003949744626879699,-0.0124972090125084,-0.027651421725749997,-8.669449016450014e-05,-0.0020605870522558004,-0.0024919910356402,-0.002608384937048,-0.006605889648199102,-0.013688221573829599,-0.0009580994956196005,-7.509347051389958e-05,-0.0012413400691003002,-0.001044647768139801,-0.002097133547067597,-0.0074441973119974,-0.0003580334596335992,-0.0007719150744378003,-0.0007964358665048998,-0.0021737897768617006,-0.0065546929836272985,-0.0092971529811621,-0.00021500838920470063,-0.00011871010065080036,-0.0012869890779257,-0.001897245645523099,-0.006021775305271201,-0.0061174063012004,0.0008630105294287005,-0.0007346139755099999,-0.0007992372266016,-0.0011022305116056997,-0.005932890810072401,-0.0037739677354692996,-0.0016699843108654005,-0.0014365520328282998,-0.0006093458505348,-0.0067111966200173005,-0.010829167673364299,-0.0028867699147668,-0.0024418041575699997,-0.002276771148899556,-0.00011519017789389697
nonmember_189.png,0,-0.0005044937133788993,-0.031921479851007406,-0.06245002895593639,0.0002501616254449012,-0.002894476521760201,-0.0007382808253168999,-0.004152793437242501,-0.013897839933633797,-0.0227696709334851,-0.0006911922246218005,-0.0009237378835678994,-0.0014801868237555,-0.0023730844259262016,-0.009724359959364,-0.012011658400297102,-0.0007573300972580996,-0.0011379891075193006,0.00019909627735610006,-0.0071327667683362996,-0.011890046298503803,-0.0185945108532906,-0.0015465850010514008,9.306240826800066e-06,-0.0040685823187232,-0.0029804073274136006,-0.008324116468429598,-0.0109985852614045,0.0017542000859975997,-0.0022611489985137996,-0.0013543033855967002,0.000807669013738601,-0.0071748038753867,-0.0057759433984756,0.00025050528347490136,-0.0015414172085002,-0.0005498330865520999,-0.0178397661074996,-0.0051390371227170994,-0.0034324183361605,-0.0080211479216814,-0.0011215126578463003,-0.00011952090426343526
nonmember_190.png,0,-0.004541829228401198,-0.03477684408426279,-0.11865428090095528,-0.0010588886216283,0.00021760072559120006,-0.0026966575533151,-0.003912657499313299,-0.022895731031894698,-0.05738365650176999,-0.0007510297000409005,-0.0023549431934952996,-0.0051963194273412,-0.0024484023451804976,-0.019837751984596294,-0.0333290249109268,-0.00029174052178849996,-0.0006109857931732993,-0.0021117716096341996,-0.002133736386895204,-0.028868239372968604,-0.0342983845621348,-7.074046880010086e-05,-0.004178353119641501,-0.0019420520402491,-0.0050471816211939,-0.0201572664082051,-0.0146100632846355,-0.0011486578732728993,-0.0021795125212521,-0.0007189229654614,-0.0048483069986105,-0.011217911727726399,-0.0063910069875419,-0.0026868088170885996,-0.0014467958826572002,-0.0002112959482474,-0.0165285286493599,-0.008135966025292901,-0.0034533466969150998,-0.0037650448502973004,-0.00071554720125268,-7.463910878866842e-05
nonmember_191.png,0,-0.006449025124311496,-0.0236128121614457,-0.05162607133388519,0.00012831203639500008,-0.0015279026702045995,-0.005031961482018199,-0.0045791342854500025,-0.013286039233207703,-0.0251449197530747,-0.0013959859497845,-0.002228308934718401,-0.0015557459555565999,-0.0018334686756133999,-0.007810451090335804,-0.0153072476387024,-7.758475840090057e-05,-0.00013809278607369944,-0.0015400177799165995,-0.0013506580144166981,-0.012540325522422797,-0.0209416206926107,0.0017645577900111996,-0.00043040560558440036,-0.0021299228537827,-0.0037307161837815996,-0.0110162999480963,-0.010800856165587899,-0.0020125489681958996,-0.002085625892505,-0.0012810062034987,-0.004187869839370202,-0.008946706540882601,-0.0052796399686486,-0.0009702732786536997,-0.0018075273837894002,-0.00035982123517900005,-0.0127045850967989,-0.0091099035344086,-0.0030282458174042,-0.004490423540119,-0.0016993373646982828,-0.0001105778537748317
nonmember_192.png,0,-0.001921515911817502,-0.0221809521317482,-0.050409831106662695,-0.0004226919263601008,-0.0016612699255347998,-0.002799378708005001,-0.003735892474651399,-0.0130021087825299,-0.0179825425148011,-0.0004488443955778989,-0.0019178139045834004,-0.0006901640444993999,-0.001584202051162699,-0.0036755725741385997,-0.013682629913091597,-0.0015036650002003002,1.0127201676399938e-05,-0.0005161906592547,-0.0043373461812734986,-0.010405048727989197,-0.017532655969262203,0.0006103338673711005,0.001111507415771401,-0.0022767949849368,-0.0062093548476696014,-0.013651160523295403,-0.0112120285630226,-0.0013949098065495005,-0.004725858103483901,-0.0022946800454519,-0.004818974994122899,-0.014118663966655797,-0.0067237857729196,-0.0009626592509449005,-0.0024581683101132,-0.000607783527812,-0.0129195871995762,-0.015200607187580302,-0.0041042498487514,-0.0049954272108152,-0.0017479175294283502,-0.00020843485617657898
nonmember_193.png,0,-0.005728036165237399,-0.030873671174049294,-0.0549821257591247,0.0008754190057516011,-0.004374342039227501,0.0005893763154744998,-0.0031102746725082016,-0.018695991486311,-0.0326345711946488,-0.0025648353621364004,-0.001321221701800799,-0.004576846957206699,-0.00038985349237919895,-0.010382231324911104,-0.0213769450783729,0.0015756348147988996,0.0006663631647824998,-0.0007152189500629997,-0.0039713997393847,-0.0141219906508923,-0.0250784605741501,-5.625188350679919e-05,-0.0029475926421582005,-0.0028735797386617006,-0.0055003007873892,-0.011023154482245397,-0.014020452275872201,-0.003509150352329,-0.0014656372368335997,-0.0013436052249743999,-0.004506195895373899,-0.0113381091505289,-0.0068731051869691,-0.00018350407481190073,-0.0025611791061237,-0.00041764897468970005,-0.0093701805453747,-0.009990305814426401,-0.003923613257939,-0.0034138974733650997,-0.001103659546060942,-8.16720894362359e-05
nonmember_194.png,0,-0.001892466098070096,-0.027364738285541507,-0.07969136536121368,0.0025019934400915995,-0.0022653769701719007,-0.0062553659081459,-0.004373585805296905,-0.0157290697097779,-0.0341516844928265,-0.0038102250546217,-0.0011754240840672996,-0.0005757200997322004,-0.001629194244742397,-0.015534225851297392,-0.0205351002514362,0.0011761263012885995,-0.0016651311889291,-0.0016372454119846999,-0.004863446578383501,-0.025495443493127802,-0.0199307277798653,0.0009178025647998012,-0.0035820004995913,-0.0010810052626766,-0.0085055502131581,-0.0144984265789389,-0.0078290044330061,-0.003112134523689701,-0.0011862921528518,-0.0006717051146551999,-0.004267257638275601,-0.008075479418039398,-0.0033114159014075994,-0.0014499356038869,-0.0008581242291257,-7.932402513690001e-05,-0.0097184089245275,-0.0053480401402339,-0.0017888019065139,-0.0036372920149005997,-0.0005580469514824455,-4.2405135900407584e-05
nonmember_195.png,0,0.0001431964337825012,-0.0357838273048401,-0.05057575926184651,-0.00016356632113460022,-0.0001342659816146001,-0.0014830194413662,-0.005897581577301001,-0.021345347166061394,-0.022045552730560296,-0.002513191197067501,-0.0020037046633661,-0.0012619886547326998,-0.0069475173950195,-0.0134053658694029,-0.011557931080460604,0.0010960567742586006,-0.0021532420068978994,-0.0013014809228479004,-0.007246799767017399,-0.014728793874383,-0.0123481452465057,-0.0016072667203843004,-0.0016254202928394001,-0.0014288384700193997,-0.0030050761997700015,-0.0078219715505838,-0.0049788793548942,-0.00011002831161029993,-0.0011240362655372002,-0.00044742465252060003,-0.0035932101309299,-0.0051252313423902005,-0.002268694457598,-0.0011706049554049995,-0.0007154331542550999,-0.00013849993410982233,-0.0075366145465523,-0.0031882589391898,-0.0012310418969719002,-0.0030872111674398,-0.000521543170179909,-2.3913176846690476e-05
nonmember_196.png,0,-0.0061008930206299,-0.021129623055458104,-0.0536834001541138,-0.0031579816713929003,-0.0015804236754774995,-0.003447724506259001,-0.0018888656049966014,-0.008532591164112098,-0.0244907364249229,0.0023551061749459,-0.0012972173281014,-0.0031180190853773992,-0.0018743928521871983,-0.006286926567554502,-0.014400128275156097,-8.898414671429985e-05,-0.00021309126168489977,-0.0006020008586346999,-0.003785582259297402,-0.014437979087233498,-0.020434383302927003,-0.0007411791011690998,-0.0026244900655002,-0.0027668168768287,-0.002265943214297298,-0.011864032596349699,-0.0095847407355904,-0.0007159952074289001,-0.0005977267865091003,-0.0008107262547128,-0.0030296230688691018,-0.008359260857105302,-0.004806099226698299,-0.0011372948065400002,-0.0016185136046260999,-0.00045443474664350004,-0.0101231893058866,-0.0083326641470194,-0.0030157221626723,-0.0043343988945708,-0.0014873529944451876,-0.00014950989134372459
nonmember_197.png,0,-0.0055111087858677014,-0.013580407947301795,-0.0214136075228453,-0.0013579949736594998,-0.0007414813153446007,-0.0011053001508117,-0.0014361124485730986,-0.004798036068677902,-0.008655961602926199,-2.825912088149935e-05,0.0005132169462741002,-0.0012806772720068004,-0.00012008100748070114,-0.006987230852246302,-0.006471328437328401,-0.0005291933193802998,-0.0022389502264559998,-0.0009330897592009001,-0.0036843195557593987,-0.010473156347870799,-0.0068419482558965,-0.0001598657108844003,-0.0022177055943757,-0.0011526981252244998,-0.001830327324569201,-0.0062000933103264,-0.0030638640746474995,-0.0002293181605637004,-0.0007637582020833999,-0.00039277279574890004,-0.0015301657840609984,-0.0036345215048641,-0.0013401781907305002,-0.0002407045103608998,-0.0007742329034954,-0.00016453055286543052,-0.005946868564933501,-0.0023316822771448,-0.0006884699469082128,-0.0033675460144877998,-0.0005162704874237281,-1.1120951967313886e-05
nonmember_198.png,0,-0.0053578000515699005,-0.027005001902580296,-0.0454377233982086,-0.0010851798579096994,-0.0036568804644047997,-0.0014499099925160998,-0.0004828739911317999,-0.011161226779222502,-0.021126959472894696,0.0011151190847158007,-0.0005282503552735008,-0.0029018418863416004,-0.003624329343438197,-0.007115971297025597,-0.0117949098348617,-0.0012575876899063006,-0.0004009432159363998,-0.0015536299906671,-0.0016629155725240014,-0.010603515431284901,-0.014200164936482901,9.018601849669974e-05,-0.0002672695554792994,-0.0016544936224817998,-0.002647807821631501,-0.009473672136664401,-0.0068084755912424,-0.0022621122188866,-0.0015078836586326005,-0.0006179772899486001,-0.001408481039106799,-0.005287044681608701,-0.00353161431849,0.0015489128418266999,-0.001332055660896,-0.0003556749288691,-0.011460896814242,-0.009988630365114699,-0.0024854242365109,-0.0052608079276978996,-0.0017596096186025228,-0.00016239034448514836
nonmember_199.png,0,-0.007081039249897,-0.015703342854976703,-0.0497229918837548,-0.0029426873661577008,-0.0029624546878039004,-0.0045340238139034,0.00029308535158639737,-0.011110763996839496,-0.023432902991771705,0.0007142871618269998,-0.00023621972650290056,-0.0018333583138883001,-0.0005862973630428973,-0.011127084493637106,-0.0138875432312488,0.00035764276981360005,-0.0025813467800618,-0.0015660393983125001,-0.0044931732118129,-0.014198428019881196,-0.0170782208442688,-0.0011652386747300998,-0.0015750438906251998,-0.0015434642555192,-0.0010825339704752003,-0.0098414486274124,-0.007169638294726601,0.0014842892996967004,-0.0010625838767737003,-0.0007687989564147,-0.0053454153239727,-0.0064136791042983,-0.0031445424538106,-0.0030092452652752,-0.0012092962278984999,-0.0001700918364804032,-0.0096698473207653,-0.0044978973310208,-0.0016976758488454,-0.003606146608945,-0.0009024642204166442,-4.885952876065858e-05
nonmember_200.png,0,-0.0076221823692321986,-0.026826977729797308,-0.0454412139952183,-0.0016261963173746993,-0.0014772033318877012,-0.0026235398836434,-0.004174515604972801,-0.012908328324556392,-0.0218324549496174,0.0001660175621508997,-0.0046259732916951995,-0.0017965857405215003,-0.0018687937408685996,-0.012009263038635198,-0.013603020459413504,-0.0005095694214105008,0.00031920708715920017,-0.0016037011519075,-0.004200374707579599,-0.015500029549002703,-0.0127922939136625,-6.507802754639972e-05,-0.0018144689965993001,-0.0012011070502922002,-0.0037348233163356018,-0.0113308858126402,-0.0051003708504139995,-0.0012617311440409002,-0.0014969375915826,-0.0006776196241843999,-0.0034668268635869998,-0.0080004576593637,-0.0022671493934467,-0.0011120494455098993,-0.00024257390759879977,-0.00019838626758430004,-0.010101681808009699,-0.0083492616540753,-0.0012365709117148,-0.0043783087166957,-0.002062937372102124,-4.1094535845266375e-05
nonmember_201.png,0,-0.0094694327563048,-0.0199921615421772,-0.0361563004553318,-0.0032903798855841004,-0.0027476493269205,-0.0020179320126772005,-0.0007518008351325989,-0.009817045181989698,-0.015986353158950903,0.00022381125017999996,0.0009295623749494995,-0.0013465909287334,-0.0023754276335238994,-0.006160676479339603,-0.011242892593145298,7.79144465929988e-06,-0.0025185067206620997,-0.0015600351616740001,-0.002705985680222501,-0.010731734335422499,-0.0110840173438192,0.0015803156420588008,-0.0012292182072996998,-0.0014255838468671001,-0.004188058897852901,-0.006623391062021202,-0.0061566978693008,-0.003030275460332601,-0.0008262374904006997,-0.0012628639815375,-0.0033215098083018996,-0.0046554263681174,-0.0025801308220252004,-0.0016405889764427996,-0.0009543334599585,-0.0003714288468473,-0.0053187091834844,-0.0073875922826117995,-0.0013574347249233,-0.0027067321352661003,-0.0022657790832453393,-0.00011134178930651594
nonmember_202.png,0,-0.0018842890858651005,-0.016750663518905605,-0.060023903846740695,0.00044483412057159943,-0.0015907702036202006,-0.0035738316364586006,-0.0045035034418105975,-0.0101321637630463,-0.025957662612199797,-0.00035835290327669925,-0.00031221052631739965,-0.0013579744845628999,-0.0030374694615602008,-0.007757350802421598,-0.014865715056657798,-0.0005940659902989006,-0.0022728107869625005,-0.0008214046247303,-0.0018865354359150002,-0.011735297739505702,-0.016499431803822504,0.00011958926916120008,-0.00033492827787990004,-0.0017492219340057003,-0.0018526352941990003,-0.0084256138652563,-0.008393500465899699,-0.0014293338172137997,-0.0018422042485327,-0.0009218996274284999,-0.0031007789075375002,-0.0060325479134918,-0.0040609219577163996,-0.0005840123631060002,-0.0010074197780340999,-0.0003224780739400647,-0.0098494489211589,-0.005468163290061,-0.0022093403822509,-0.0033220471814275,-0.0008770087224546945,-1.8930411897599697e-05
nonmember_203.png,0,-0.005560336634516702,-0.0343470200896263,-0.0705847293138504,-0.0025049806572496995,-0.0044667515903711996,-0.0009055379778147004,-0.004216786473989497,-0.014053866267204299,-0.03480017185211179,0.00024875300005079964,-0.0012139105238020004,-0.00044073536992069937,-0.0019172709435224013,-0.013158205896615996,-0.025659009814262404,-0.0013998085632919996,0.0004172259941696999,-0.002454028464853801,-0.0059446394443512,-0.012622799724340501,-0.0318282134830951,-0.0009128176607192005,-0.0004772976972163001,-0.0022675401996820996,-0.0027055842801929006,-0.013625815510749803,-0.021270317956805302,7.141055539250027e-05,-0.0007102089002727994,-0.0024116159183904,-0.0028176913037896,-0.0108446944504976,-0.012547507882118199,-0.0009202403016388,-0.002953591523692,-0.0007438060129061999,-0.0108528846176341,-0.0187582850921899,-0.007623425102792699,-0.0036792445462197,-0.0033922002112376326,-0.0003299366326245159
nonmember_204.png,0,-0.006056778132915497,-0.0237709432840347,-0.05985125154256819,-0.0027970769442617997,-0.004415886476636001,-0.003412034828215901,-0.001766957342624699,-0.0178070925176144,-0.03179540857672689,0.0010445541702210999,-0.0015270397998392,-0.0031383517198264,-0.0014360416680574,-0.009021416306495701,-0.018751379102468504,-0.0015880600549281,-0.00014163274317979986,-0.0011825365945696996,-0.004478305578231801,-0.0157782286405563,-0.022278545424342197,0.0007574772462249002,-0.0017432970926166006,-0.0021054252283648003,-0.003990256227552901,-0.0160803608596325,-0.010079843457788201,-0.0016589998267591008,-0.0031349509954452,-0.0007798642618582,-0.004455738700926299,-0.010223695077002,-0.004329737508669501,-0.0004472457803785992,-0.0012711857561954,-0.0002833592225215,-0.0089867236092687,-0.0076223779760767,-0.0024166667135432,-0.0031898966990411004,-0.0008059493266045236,-6.960228711244606e-05
nonmember_205.png,0,-0.0052383244037628035,-0.0356195867061615,-0.0639189332723618,-0.0006581451743840998,-0.0037888102233410003,-0.0025342321023345002,-0.006135243922472,-0.024133034050464602,-0.0342020094394684,-0.001959360204637099,-0.0026804120279847994,-0.0033466494642198003,-0.005195697769522698,-0.017350126057863298,-0.0184227488934994,-0.0007325978949666006,-0.0011583473533391996,-0.0017855579499154999,-0.004319282248616201,-0.0240000039339065,-0.0169522352516651,-0.0016384660266339996,-0.0016248961910606003,-0.0007174666970969,-0.005210654810071002,-0.018619365990161903,-0.0066909962333739,0.0006735739298165001,-0.002958882600069,-0.00036439861287359995,-0.005978555418550998,-0.0102033847942948,-0.0027843526331707003,-0.0018378538079560003,-0.0007109502912499001,-0.00011069862375729652,-0.0108738131821156,-0.0064600567275193,-0.0014698564627907,-0.0043263849802315,-0.0005848027212777674,-2.361557199037634e-05
nonmember_206.png,0,-0.0101981442421675,-0.0267983116209507,-0.0379011109471321,-0.0036973943933845,-0.0044945548288524,-0.0018955059349537,-0.0039628464728594,-0.011107012629508996,-0.013015259057283401,0.0013805651105940004,2.1322630345799697e-05,-0.00016245711594820023,-0.0023356191813945007,-0.0075295567512512,-0.010519521310925501,-0.0011813160963356,-0.0011036670766770003,-0.0019118704367428996,-0.003167993389070098,-0.0092347823083401,-0.0113345356658101,7.146503776299731e-06,-4.423316568199966e-06,-0.0012406823225320001,-0.0009515611454844006,-0.006094101816415801,-0.006263793446123599,0.0008028750307857999,-0.0016119299689307998,-0.00081308465451,-0.0011665737256407998,-0.004310049116611399,-0.0028483951464296003,-0.0006537879817188003,-0.0009899177821353,-0.0002562187801232,-0.0103396740742028,-0.0036965086619603,-0.0016944553062784998,-0.004812166793271899,-0.0006746723793184182,-7.821599501758032e-05
nonmember_207.png,0,-0.008154962211847402,-0.0341525599360466,-0.06832790374755861,-0.0021952856332063,-0.0009222673252224992,-0.004542896058410401,-0.002508532255887895,-0.018694829195737908,-0.030248034745454802,0.0014795651659369,-0.0020699910819531,-0.0023257550783455996,-0.004154108464717903,-0.0142599083483219,-0.014667619019746801,-0.0005483292043209007,-0.0005249888636172,-0.0010845537763088998,-0.003616813570260998,-0.018915930762886998,-0.016192240640521,0.0004147402942180998,-0.0028776326216757003,-0.0016106861876324001,-0.0036161206662655015,-0.0129372784867882,-0.0073965974152088,-0.0028562932275236,-0.0021982025355101,-0.0006885834445711,-0.0049636894837022,-0.0085567366331816,-0.0032661620061845,-0.0021687881089746995,-0.0012861909344791997,-0.00017754072905511734,-0.012825912563130199,-0.006479384290287301,-0.0019055454176851,-0.0043014850234613005,-0.0006420915706257315,-5.788119960925542e-05
nonmember_208.png,0,-0.006319884210824998,-0.02886369824409489,-0.056149996817112,-0.0027984995394944997,-0.0025691092014313004,-0.0025851894170046,-0.0037857089191675013,-0.013691827654838507,-0.02586694806814191,-0.0006623924709855998,-0.0009056930430233999,-0.0005333777517079995,-0.0008331630378960973,-0.010824199765920695,-0.0185666084289551,-0.00018840329721570015,-0.0017353813163936,-0.0021092642564326,-0.007128737866878503,-0.0154766216874122,-0.020270245149731598,-0.0016926429234445,-0.0014376197941600999,-0.0019725317833946,-0.0029298337176442996,-0.012618619948625603,-0.010311536025256,-0.00020695989951490055,-0.0021836317609996003,-0.0012475310068111,-0.0030218120664358,-0.0105274738743901,-0.0047761343885213,0.0012615551240741998,-0.0013893857831135,-0.0003385158925085,-0.0090478777419775,-0.008640069107059401,-0.002705327788135,-0.0048107024049387,-0.000999091262201493,-7.092519808786359e-05
nonmember_209.png,0,-0.0069922637194395,-0.022453293204307598,-0.0412052944302559,-0.0014863498508929998,0.00011366885155439897,-0.0029359962791205,-0.0004748310893773998,-0.008693948388099705,-0.0195789113640785,-0.0013218522071838995,-0.0020027491264044996,-0.0018665785901247995,-0.002809947356581702,-0.0115004256367683,-0.011650413274764997,-0.0008526425808668006,-0.0007306360639632,-0.001517642987892,-0.004490315914154101,-0.014451352879404997,-0.0141018219292164,-0.0008361018262802999,-0.0016383999027311004,-0.0018091296078638001,-0.004374363459646698,-0.010327176190912802,-0.006396505050361201,-0.0016295108944178,-0.0018349650781601997,-0.00048324209637939995,-0.0035796798765659003,-0.0065727042965591,-0.0028709878679364,0.0008428879082203007,-0.0009227422997356001,-0.0002350660506635,-0.008952209725976,-0.0048502419085706995,-0.0015682374651078998,-0.0039259055629373004,-0.000996032213151831,-4.179063398623537e-05
nonmember_210.png,0,-0.005628373473882696,-0.026449695229530293,-0.0406636409461498,-0.002936617936939001,0.0015942961908877009,-0.0035536135546863,-0.0030862651765347013,-0.013290427625179305,-0.019367773085832603,0.0007034870795905,-0.0033720657229423003,-0.0015072082169354,-0.006056541576981503,-0.0116434767842293,-0.0120296068489552,-0.0014286004006862996,-0.0013745389878750004,-0.0019054035656154,-0.0054053403437137985,-0.014627210795879399,-0.0123215094208717,-0.0007203319109975997,-0.0016430281102657002,-0.0010290751815773,-0.0039036441594362016,-0.0095778629183769,-0.0051782859954983,-0.0009594452567398002,-0.0012341289548204,-0.000317156300298,-0.004593197256326698,-0.0059457928873598,-0.0023394110612571,-0.00017688609659680023,-0.0008876823121681999,-0.0001453932491130471,-0.0101238494971767,-0.0041694277315401,-0.0012334528000793,-0.0044728720677084995,-0.000613457996223497,-2.678807868505828e-05
nonmember_211.png,0,-0.005752686411142301,-0.028893589973449707,-0.058527909219265,-0.0012310035526752992,-0.0013033663854003005,-0.0042578792199492,-0.0001298896968364993,-0.015761613845825195,-0.024850346148014,0.0011760285124182996,-0.0018126051872968986,-0.0024105273187161004,-0.0037074163556099007,-0.007431358098983695,-0.015013663098216102,0.0013958867639303,1.8535181879998988e-05,-0.0020603120792657,-0.004209350794553698,-0.015850447118282304,-0.015553421340882799,-0.0031944895163177993,-0.0028427010402083,-0.0015574061544611998,-0.004306316375732502,-0.0120240785181523,-0.007035810034722101,-0.0015695863403380004,-0.0020068609155714,-0.0008043442503549,-0.007035432383418,-0.0146212223917246,-0.0030290788272394997,-0.0018658149056136998,-0.0032306867651641998,-0.00039516638207720003,-0.015930518275126898,-0.0164886689744889,-0.0016777545679361001,-0.0048203921178355,-0.0019584426190703435,-6.22979168837676e-05
nonmember_212.png,0,-0.004576658830046699,-0.020101249217987005,-0.027378156781196594,-0.0018348861485720002,-0.0001351702958346003,-0.0003328029997646002,-0.004806455224752402,-0.009347267448902102,-0.013313665986061103,-0.0008499966934322999,-0.0006412765942514003,-0.0010713445954025,-0.003177307546138798,-0.005068168044090299,-0.0080930888652802,0.00021681934595099966,-0.0007105078548192995,-0.0014314169529826,-0.0030448343604803,-0.005564229562878598,-0.0116575174033641,3.107637166980051e-05,-8.770823478700032e-05,-0.0015174713917075998,-0.002949791029095601,-0.007626032456755701,-0.0071566924452782,-0.0014421101659536006,-0.0010752431116997996,-0.0010071253054776,-0.0010463744401931988,-0.0059446264058351,-0.0039899291004986005,0.0003404738381505004,-0.0022132537560537,-0.0003911047679139,-0.0051262965425849,-0.009891489869915001,-0.0024079298018478,-0.0025677732191980002,-0.0016988651223073,-0.00015858115511939628
nonmember_213.png,0,-0.004945773631334298,-0.032321691513061496,-0.05711589753627781,-0.0013963663950562998,-0.0003133397549390012,-0.005027689505368499,-0.002083333209157004,-0.011620681732892997,-0.0269589200615883,-0.0014554699882864995,-0.0006956802681088985,-0.0020501096732914005,-0.0009108111262321993,-0.0128432251513005,-0.016810521483421298,-0.0005995826795697004,-0.002871287986636201,-0.0004579978995025002,-0.006710527464747398,-0.015956871211528702,-0.0200889632105828,-0.0019697858951986,-0.0014191898517309995,-0.0025552528677509,-0.0051174033433199,-0.0143201816827059,-0.010095105972141,0.0005214912816882003,-0.0021587542723865,-0.0010115940822288001,-0.0038896426558494013,-0.009574100375175502,-0.0046924958005547,0.0005751973949373003,-0.0012981494655832002,-0.00026300063473170003,-0.0113592867273838,-0.007921730080852299,-0.0026414094463690003,-0.0056383407791145,-0.0013114047069393221,-7.81339040258563e-05
nonmember_214.png,0,-0.008525695651769603,-0.021879635751247406,-0.051533266901969896,-0.00038036610931159974,-0.0024306625127793,-0.002086166292428999,-0.0067053399980068,-0.015266053378582098,-0.027827069163322497,-0.0016188849695026007,0.0005448739975690998,-0.0029278541915119007,-0.0019381567835808008,-0.013421274721622398,-0.019476056098938002,-0.0005257455632091002,-0.0030586696229875,-0.0013643333222716995,-0.005396531894803099,-0.017573159188032202,-0.0198673289269209,-0.0006913486868142995,-0.0027848905883729002,-0.0016344126779586003,-0.0043095964938402,-0.0117186848074197,-0.009144669398665399,-0.0017078793607652005,-0.0005525704473257,-0.0009777395462150999,-0.004088146612048099,-0.008623958565294798,-0.0041437237523496,-0.00016395142301919938,-0.001999753760174,-0.00019186672579969997,-0.0089248135918752,-0.0075638900452759,-0.0022549121058546,-0.0036440453841351003,-0.0011473689519333717,-5.363580567055719e-05
nonmember_215.png,0,-0.004614483565092101,-0.008660878986120196,-0.021369319409131997,-0.0009750616736710002,-0.0011884057894349003,-0.0011064177379011995,-0.0018483670428396,-0.0037270709872245997,-0.0122991017997265,-0.000782121438533,-0.001302610617131,-0.0017111909110099003,0.0010267319157719994,-0.0028549395501613027,-0.008777139708399797,0.0012082178145646997,0.0006139483302831997,-0.0008581804577261001,-0.0021216776221991,-0.005983272567391399,-0.009273841977119402,-0.0010131881572306997,-0.00031086849048739956,-0.0012264134129509998,-0.0004735132679342998,-0.005754126235842701,-0.0056977178901434,0.0014892509207129999,-0.0009520405437797,-0.0007735823455732,-0.003481755964457999,-0.006727566011250099,-0.0033564665354787995,-0.0021781870163977,-0.0018037904519588002,-0.00038766577927157656,-0.0040103285573423,-0.0100571840885095,-0.0019065164233325002,-0.0016238351818174002,-0.0019562786692403364,-3.246655251132324e-05
nonmember_216.png,0,-0.004756696522235898,-0.019426949322223705,-0.040395911782979896,-0.00041254702955480053,-0.0004369355738163012,-0.0021121883764862997,-0.003634944558143602,-0.013832550495862898,-0.021314680576324505,-0.0009855986572801989,-0.0026929168961942994,-0.0011500585824251001,-0.0025562308728694985,-0.006834950298070901,-0.010213138535618796,-0.0005014054477215004,0.00026205042377119934,-0.0018547940999270002,-0.0033526308834552,-0.0078563373535872,-0.011806365102529501,-0.0011494429782033001,-0.0012802835553884992,-0.0006250382866709999,-0.0002762209624053002,-0.005401592701673501,-0.0080134607851505,7.59256072343003e-05,0.00034036673605439965,-0.0011861661914736002,-0.00239740870893,-0.005596548318862898,-0.0047756885178387,-0.0012222612276674002,-0.0020606922917068,-0.0005910405889154,-0.0079564768821001,-0.014178987243212801,-0.0037660207744920995,-0.0031144128879532,-0.0025465563230681206,-0.00022850011919209605
nonmember_217.png,0,-0.0045569967478513995,-0.019793186336755704,-0.047437600791454315,-0.0011086929589509999,-0.0006277393549681005,-0.0022663818672298986,-0.0015895981341600002,-0.0098045468330384,-0.022663321346044596,-0.002012941520661099,-0.001974898856133199,-0.0030691609717906007,-0.0027652028948069,-0.008745379745960201,-0.016071476042270695,0.00027787685394279997,-7.600709795950022e-05,-0.0006563179194926999,-0.0027783233672379996,-0.0111637227237225,-0.020772654563188504,-0.0006374651566146998,0.00018935231491920036,-0.0034682970726863,-0.0038823541253805004,-0.0117775313556194,-0.012467934750020499,-0.0003466513007880003,-0.0037402238231152006,-0.0010472308495082,-0.0032731480896473,-0.0085409237071872,-0.0064438264817,-0.00046489294618359996,-0.0006097196601330998,-0.0006494296685559,-0.0093294403050095,-0.0079154649865813,-0.0038009203999536004,-0.0041384334908799,-0.0016829328378662092,-0.00010481756180523124
nonmember_218.png,0,-0.005547842942178301,-0.007280237972736303,-0.024284131824970294,-0.0011308756656945003,0.0003466554917395002,-0.0027402015402913007,0.0007377611473203018,-0.004916777834296199,-0.014141065999865504,0.0010937945917249003,-0.0024225153028965005,-0.0011707502417265996,-0.002442036755383001,-0.004935959354043,-0.009215377271175398,-0.0021553952246904998,0.0001951525919140001,-0.0016406924696639,-0.0004015732556582,-0.00728611741215,-0.009477599523961499,0.0002982141450047996,-0.0013620706740766998,-0.0006738954689354,-0.0027902089059352996,-0.0058784303255379,-0.0040716752409935,-0.0011285305954516003,-0.0009395638480783001,-0.0004799164889846,9.37683507800987e-05,-0.0037102354690432,-0.0017126117600129,0.0019177272915840001,-0.0011024552513845,-0.00014801744691790428,-0.0016221739351749993,-0.0026235252298647998,-0.0008956440578913001,-0.0023647267371415997,-0.000692674268066115,-2.9597100365208462e-05
nonmember_219.png,0,-0.006626870483160005,-0.027280196547508198,-0.08918216824531561,0.00041662901639939916,-0.001829866319894801,-0.003271841444075099,-0.003258662298321797,-0.019835568964481312,-0.0400542542338371,-0.0018283231183886,-0.0017435601912439,-0.004135735798627201,-0.0019495859742164022,-0.016253888607025195,-0.024542283266782795,0.0011563571169971995,-0.0008392604067920997,-0.001460718223825,-0.0018127821385860998,-0.020714644342660897,-0.0241844952106475,-0.00045819301158189947,-0.0024572093971074,-0.0020408732816577,-0.0045535471290349995,-0.016146728768944702,-0.0124710835516453,-0.0007396568544209003,-0.0016388264484702999,-0.0008730077825021001,-0.0079923393204808,-0.009838076308369699,-0.0052286016289145,-0.0017450801096856993,-0.0012285992270336002,-0.0002651318500285,-0.0117047094972804,-0.007731819438049601,-0.0028888104570797,-0.004714253067504601,-0.0011394728862796312,-7.329412801472873e-05
nonmember_220.png,0,-0.0009311549365519992,-0.037277452647686005,-0.08311176300048831,0.0005303639918564987,-0.0024149278178810987,-0.0045970315113663,-0.0015781931579113007,-0.019281357526779203,-0.033228125423193,0.0022221887484193004,-0.0028879744932055005,-0.0006027258932590996,-0.0020138360559940963,-0.013659216463565792,-0.017901439219713204,-0.0021383715793489994,-0.0004148841835559004,-0.0014677932485937998,-0.0055326595902443,-0.0188446529209614,-0.017591832205653198,-0.0010666102170944006,-0.0034321551211178,-0.0012863820884377003,-0.0089938081800937,-0.014915909618139201,-0.008406098932027801,-0.0035417857579887,-0.0011931557673960998,-0.0012526809587142997,-0.006208239123225302,-0.0105817141011358,-0.0049088415689767,-0.0006588674150408,-0.0014664998743683,-0.0006303521076916,-0.0139779862947762,-0.0085156844288576,-0.0029113303753547,-0.003459308471065,-0.0011907334264832908,-0.00014129624832995562
nonmember_221.png,0,-0.003982614725828101,-0.028895653784275097,-0.0589439943432808,0.00046690180897710105,-0.0004593711346388002,-0.0025558401830493996,-0.006640892475843499,-0.01992435753345491,-0.0232380777597428,-0.0033752266317606,-0.0035017179325223004,-0.0025713192299007996,-0.0012248847633599992,-0.013388317078351898,-0.013940431177616099,-0.00015225075185290073,-0.0007210006006061996,-0.0013527115806938003,-0.0023362543433904995,-0.020115867257118298,-0.0129137830808759,0.0025885421782732,-0.0019484972581267001,-0.0009777668747118998,-0.0051267649978399,-0.0118328109383583,-0.005325214471668001,-0.0034548458643258,-0.0024011861532926997,-0.0005035094509367,-0.005804192274808899,-0.007535336539149201,-0.0021600991021842,-0.0020437452476471996,-0.0009827686008066,-0.00013403603952607556,-0.009057136252522401,-0.0046948323724792,-0.0011013968032784,-0.0023650632938370005,-0.0008050384421948437,-3.529330570017919e-05
nonmember_222.png,0,-0.004609737545251798,-0.026925191283226,-0.05456495285034181,-0.0020880065858364,0.0007493086159229001,-0.0028916997835040006,-0.0021840948611497983,-0.013016857206821511,-0.0272790119051933,9.90210101009005e-05,-0.0032402668148279,-0.0013164053671061993,-0.0035243369638920004,-0.004965785890817594,-0.0170374736189843,-0.001738787163049,-3.1922012567499325e-05,-0.0019852514378727003,-0.003946125507354702,-0.015033178031444501,-0.0278468318283557,0.0017643352039157997,-0.0021677231416107005,-0.0028631309978663995,-0.004110151901841198,-0.0137340798974038,-0.017410486936569297,-0.00041919294744729996,-0.0012685437686740996,-0.0019662730628624003,-0.004195974208414601,-0.013322608545422499,-0.0092163309454918,-0.0032592904753982995,-0.0026449065189809,-0.000631265618722,-0.0119034885428846,-0.014924359333235802,-0.0053815234568901,-0.0038809159887023,-0.002008095449127632,-0.00011858716243288926
nonmember_223.png,0,-0.0041816644370555045,-0.02738261967897411,-0.052742078900337205,0.0010035457089543013,-0.0013822689652442993,-0.0029526925645769007,-0.003779210150241897,-0.016687966883182498,-0.0195031352341175,-0.0007239989936352002,-0.0022986182011664,-0.0019086846150457998,-0.0049236342310905006,-0.008604858070611999,-0.009304264560341897,-0.0018555857241154003,0.0021493481472134998,-0.000788688659668,-0.005605436861515101,-0.012693574652075799,-0.008942691609263403,-0.00024212431162590024,-0.0032501281239092996,-0.0014092007768340001,-0.002241492271423298,-0.007514398545026701,-0.0038671691436319997,0.0008440287783742003,-0.0011328735854476,-0.0005382433591876,-0.005800507962703701,-0.0050249705091119,-0.0018683858215809,-0.0017805546522141006,-0.0012319158995524,-0.00018536173593016229,-0.0086220775265247,-0.0052284206904005,-0.0010594648192637,-0.0044423026847652996,-0.0009668445818533644,-3.3652471756795414e-05
nonmember_224.png,0,-0.007060671225190201,-0.021146051585674203,-0.055710926651954595,-0.0031335595995188002,0.00031927693635230153,-0.0042190989479422,0.00041062198579309983,-0.015301294624805492,-0.0307132974267006,-0.00020331935957070002,-0.000677853822708201,-0.0021079890429974,-0.0025010965764523004,-0.009359020739793805,-0.017553154379129403,0.0005947551690042002,-0.0018126470968127,-0.0019442338962108,-0.004879916086792897,-0.014665689319372198,-0.0186321949586273,-0.0011222544126213005,-0.0017429832369088996,-0.0011154215317218997,-0.0032040551304817026,-0.014760557562112798,-0.008607068099081499,-0.0014472245238720998,-0.0011981688439846004,-0.0008493657223881001,-0.004230493679642698,-0.009656270965933801,-0.003842186415568,-0.0017962977290153,-0.0019560215296224,-0.0003728008814505,-0.0097105223685503,-0.0103467052686028,-0.0022273492213570997,-0.0029236432164907998,-0.0013060416094958058,-6.372211282718588e-05
nonmember_225.png,0,-0.006993450224399601,-0.024814188480377197,-0.0608255192637443,-0.0005547832697629998,-0.0035570450127124995,-0.0051202694885433,0.0004389677196741,-0.009173206984996803,-0.030238136649131803,-0.0003954060375690998,0.0011282991617917997,-0.0017771394923328998,-0.0049137845635413985,-0.012420956045389099,-0.020328063517808893,-0.0008697807788847992,-0.0027241273783147005,-0.0018134484998882003,0.0004495196044445003,-0.014153230935335201,-0.0234646536409855,0.00047896988689889904,-0.0006378777325152995,-0.002247821772471,-0.006565123796463002,-0.015342952683567997,-0.0113730225712061,-0.0029436359181999995,-0.0037226930726320002,-0.0009719308873173,-0.005011701025068798,-0.0095479562878609,-0.005232598399743401,-0.00030180113390080015,-0.0009152478305622998,-0.0003227692068322,-0.012383705470711,-0.0078139777178876,-0.0029590589692816,-0.0046293846680782996,-0.0009926822349370157,-5.632432294072146e-05
nonmember_226.png,0,-0.007291983813047402,-0.0339291505515576,-0.0552711337804795,-0.0020774947479367005,-0.004058338236063701,-0.0064018024131656005,-0.0019873138517140995,-0.013661224395036697,-0.0238901935517788,-0.0002710195258259999,-0.0014118663966656,-0.0018844059668480999,-0.002613957971334499,-0.007731512188911403,-0.012392075732350297,0.0013509532436728,-0.00013950048014520038,-0.0005196357378735997,-0.005547171458601903,-0.0120999105274677,-0.011862316634506,-0.0026374026201665002,-0.0022769924253226,-0.0011562119470910001,-0.0020882580429315983,-0.006969813257455899,-0.0045579983852804,-0.0008324645459651999,-0.0006603626534341998,-0.00025586051924619997,-0.0037736650556326,-0.0051067897584289,-0.0018251037690788,-0.0005374513566493997,-0.0011174093815498,-8.136733231357897e-05,-0.0089213345199823,-0.0035117296356475002,-0.0009479807631579,-0.0035287695936859,-0.0008285443673230399,-2.730098640313372e-05
nonmember_227.png,0,0.0014113076031208038,-0.028597049415111507,-0.0528410598635674,0.0015764487907290996,-0.003078284207731501,-0.0021176137961448002,-0.005510587245225899,-0.0120016597211361,-0.021657336503267205,-0.0008663479238749001,-0.00030477344989779994,-0.0032676595728843997,-0.005304668098688105,-0.005849312990903903,-0.011803340166807199,-0.0019928393885493,8.159875869759997e-05,-0.0009100125171244001,-0.0056651867926121,-0.009969601407647098,-0.012771476991474599,-0.0006579244509339992,-0.0019049323163926996,-0.001450767100323,-0.0073494678363203985,-0.0093384645879269,-0.006146314088255199,-0.0021229162812232997,-0.0016016461886466,-0.0005645882774843,-0.0014062663540243998,-0.006449485663324599,-0.0026671312516555004,0.0012513305991887994,-0.0012837281683459,-0.00013701960415340357,-0.010370692936703601,-0.0059380812745075005,-0.0015073837130331,-0.0049255801131948,-0.0008195035770768289,-3.461629239609465e-05
nonmember_228.png,0,-0.0077306181192398,-0.0239079222083092,-0.0494709387421608,-0.0015977937728166997,-0.0004089483991265991,-0.0027311444282532,-0.0027326848357916017,-0.014882516115903903,-0.021596245467662797,-0.0012205298990010998,-0.0028267698362469005,-0.0014928490854800003,-0.0038580261170864,-0.0099885948002338,-0.0123168155550957,0.0006780629046260998,-0.0013828426599502997,-0.0011866812128573001,-0.002814901992678698,-0.013357052579522102,-0.012511446140706501,-0.0021188827231526,-0.002033757045865,-0.0014256302965805,-0.002915266901254602,-0.011226523667574,-0.0055845514871180005,0.0008441526442766007,-0.0009933547116817002,-0.0006181217031554,-0.0020678536966442992,-0.0084704863838851,-0.0022818010766059,0.00010503642261029938,-0.0019483056385069999,-0.00016737839905539998,-0.0099597263615579,-0.0067640182096511,-0.0012847081961809002,-0.0047382162883878,-0.0013433007570710317,-7.72596431488393e-05
nonmember_229.png,0,-0.0053576715290546,-0.027149632573127802,-0.0653139799833298,-0.0014462266117335008,-0.0010641478002071,-0.004394221119582601,-0.0009986627846955975,-0.015510566532611805,-0.035841323435306494,0.0008081896230578995,0.0004074573516845998,-0.0026707388460636,-0.0012786332517863014,-0.008395150303840693,-0.021959621459245703,0.001288226805627301,-0.0007781181484461004,-0.0019669600296765995,-0.005870280787348699,-0.024016540497541407,-0.023969223722815496,-0.002912403084337701,-0.0036697844043373992,-0.0016997731290758,-0.0047991219907999,-0.01588517986238,-0.010465562809258703,-0.00048393942415709927,-0.0023023230023682,-0.0008833688334561001,-0.0031581064686179005,-0.011461133137345298,-0.0046694716438651996,6.014248356219984e-05,-0.0013704253360629,-0.0003267802458141,-0.011989833554253,-0.0110944720217959,-0.0025356845580972,-0.0054950909106992,-0.0016595254310232026,-5.771005453415844e-05
nonmember_230.png,0,-0.0003625974059104989,-0.01743566244840619,-0.04983168095350271,0.00026595685631029993,-0.0026673311367630993,-0.003768370952457199,-0.0029001757502555015,-0.013562861829996102,-0.024044454097747796,-0.0013045598752796,-0.001243765000253901,-0.0014580311253667,-0.0035449378192424982,-0.009534176439046901,-0.01243532076478,3.955326974390029e-05,-0.0005343053489923,-0.0010510019492358004,-0.0022913962602616016,-0.009425349533557899,-0.0136948926374316,-0.0002411422319710003,-0.0019115936011076,-0.0016177450306714,-0.005543632432818401,-0.011815205216407703,-0.007262968923896601,-0.0010275044478477002,-0.0005511040799319996,-0.0007485712994821,-0.002829114906489799,-0.0092781335115433,-0.0038184018339961997,-0.0005293521098791998,-0.0018378621898592004,-0.0006838601693744,-0.009100869065150601,-0.0120462898048572,-0.0027041786815971,-0.0037750848568976004,-0.0020699932065325888,-0.00010738777200452055
nonmember_231.png,0,-0.009103281423449502,-0.025610163807869,-0.08891358971595759,-0.002061679959297201,-0.0008725440129637007,-0.0017010988667608001,-0.0044219791889190015,-0.0113953426480293,-0.04240794479846961,-0.001745968591421899,-0.0014378828927874999,-0.0026735542342066,-0.0020308159291744995,-0.0070390775799751976,-0.0254058465361595,-0.0006530960090458003,-0.0022781006991863,-0.0007901876233519,-0.0017039049416779986,-0.012627799063920898,-0.0320971570909023,9.678676724429996e-05,-0.0009424039162695998,-0.0021149762906134,-0.001536291092634201,-0.016847312450408998,-0.024996541440486898,-2.665957435959987e-05,-0.0011879922822116999,-0.0033609052188694004,-0.003274047747254401,-0.015500631183385804,-0.0163495289161802,-0.0012499964796007,-0.0024808852467686,-0.0015911948867142,-0.0115261988248676,-0.0163680252153427,-0.0118648406350985,-0.0037926466902718,-0.0021461292053573003,-0.0005863756632606788
nonmember_232.png,0,-0.007238125428557403,-0.0264155939221382,-0.0473127663135528,-0.0021095564588904,-0.002626621164381499,-0.0033985101617873,-0.0021231696009635995,-0.0065646357834339,-0.019222758710384397,0.0010002981871365998,-0.0001066382974386007,-0.0012974785640835996,-0.0030649527907372007,-0.005971375852823299,-0.013235472142696394,-0.0011946195736527,-0.0008077034726738999,-0.0013472631108015,-0.0022752732038497994,-0.009408485144376803,-0.016287025064230003,-0.0024496954865753998,-0.0009055165573954999,-0.0013262692373246002,-0.0012116525322199007,-0.0106406547129154,-0.0090296026319265,0.0012907488271594004,-0.0016511031426488998,-0.0007582778926007999,-0.0031749820336699,-0.011036695912480299,-0.0049871620722115,-0.0021200906485319007,-0.0017492561601102,-0.0005705429794034,-0.011394678382203,-0.0164537503151223,-0.0030925299652154,-0.0030873094219713995,-0.0026195726677542323,-9.584484359940622e-05
nonmember_233.png,0,-0.006596803665161199,-0.018944073468446794,-0.0693394169211388,-0.0012016217224300003,-0.0024557961151003994,-0.0052215782925487,-0.0038670338690279978,-0.012691188603639603,-0.032395333051681505,6.922800093890017e-05,-0.0030918889679014006,-0.0021015056408941,5.322135984889981e-05,-0.0066626444458961,-0.019661437720060397,0.0003112391568721,0.0008718483150005002,-0.0005023265257478003,-0.006083443760871901,-0.014367261901497896,-0.024424133822321902,-0.0007631364278495997,-0.0015182150527834996,-0.0032118950039149,-0.0029756259173154,-0.0108961053192615,-0.011371400207281099,-0.0023267837241292,-0.0021223169751465004,-0.0007548103167209,-0.0038567194715142996,-0.0065425895154476,-0.0048941182903944995,0.00034114765003329973,-0.0012475355761126,-0.00020869803120147586,-0.007459929096512501,-0.0045244198990986,-0.002681301892153,-0.0036848770687357,-0.000730952295270937,-4.987828287994489e-05
nonmember_234.png,0,-0.00033451989293090123,-0.013855271041393204,-0.0371301248669624,0.0030411123298107997,-0.0010851048864425,-0.0033638263121247005,-0.0040467940270901,-0.006447564810514499,-0.0184020530432463,-0.0030566439963876993,-0.00012055272236459989,-0.0011174939572810997,-0.00013907067477699972,-0.007449468597769699,-0.010895686224102901,0.0018897824920714006,-0.0019344771280885003,-0.0016158928629011,-0.0022607594728469987,-0.010857434943318402,-0.0105153019540012,-0.002426997292786901,-0.00045597925782199945,-0.0009324837010354,-0.0037716347724200006,-0.006765839643776399,-0.0043763557914645,-0.0004224074073135003,-0.0018432699143887004,-0.0003639407223091,-0.002331992611289,-0.005190582014620299,-0.00185590935871,-0.0005274391733109994,-0.0012074261903763,-0.000164277102157845,-0.0083875868003815,-0.0039766172121745,-0.0009978837988456,-0.0041751128155738,-0.0009312850161222103,-4.6759392716921866e-05
nonmember_235.png,0,-0.0061135012656451,-0.016784418374299996,-0.03181292116642,-0.006457492709159801,-0.0024309414438903,-0.0036556124687194,-0.0067684594541788,-0.0054034646600484015,-0.014560654759406995,-0.0027530188672245,0.0008357577025890003,-0.0006423695012926995,-0.0006407890468834998,-0.0053209662437439,-0.008243750780820902,0.0003467435017228005,-0.0008297632448375,-0.0009092565160245003,-0.0006707580760122005,-0.0038335397839547,-0.0105795236304402,-0.0007208576425910005,-7.583992555740011e-05,-0.0010447544045745997,-0.0025906767696142006,-0.0044820802286267,-0.0058323000557721,0.0008665495552123001,-0.0011342354118824,-0.0013343447353691001,0.0005321037024260001,-0.0073130065575242,-0.0042814449407160005,0.0016979081556200998,-0.0021474341629072998,-0.0005730616830988001,-0.010764934821054398,-0.0069118478277232,-0.0026569473120617,-0.0074392148526386,-0.0009680775110609476,-0.00011595013347683974
nonmember_236.png,0,-0.006483182311057996,-0.034127533435821505,-0.0367252770811319,-0.0004418110474943993,-0.004540112800896201,-0.0035257404670119004,-0.003740388900041601,-0.013551622629165698,-0.011830105446279101,0.0003833035007119994,-0.0016999293584376999,-0.0012733266921714,-0.002473596483468999,-0.008556582033634203,-0.005587805062532401,-0.0003478340804576995,-0.000603134278208,-0.0007969235884957,-0.004087544977664902,-0.0082116657868027,-0.0047139336820692,-0.0002031815238297003,-0.0010941100772470002,-0.00028174306498839996,-0.004813281819224399,-0.004755191970616599,-0.0018658658955246,-0.0040260290261358005,-0.0007097607594914999,-0.0002308214170625377,-0.0037050517275929,-0.0024014281807468,-0.0007992671162356001,-0.0001071549486369003,-0.00046276589273470004,-3.8082009268691757e-05,-0.0051963340956718,-0.0017646938576945002,-0.0003962290720664346,-0.0022412529215217,-0.00036940079553459055,-4.037770850118243e-06
nonmember_237.png,0,-0.0014354977756738975,-0.019917719066143105,-0.05441480129957202,-0.00041388254612689974,-0.0038097957149148005,-0.0032094409689306996,-0.0040445532649756,-0.015292778611183097,-0.028541352599859196,-0.0004579275846481011,0.0007219314575195,-0.0030125868506729004,-0.003196869045496001,-0.008015427738428102,-0.0165175348520279,-0.0012792609632014994,-0.0019509769044816997,-0.0007852844428272001,-0.0020084902644156993,-0.0157095231115819,-0.019800551235675798,-0.0023261168971658005,-0.0019127996638417001,-0.0024074838729575,-0.005563825368881201,-0.0130569171160459,-0.009363227523863302,-0.0006012488156556996,-0.0020519760437310002,-0.0011025870335287999,-0.0060485787689685995,-0.0081554935313761,-0.0042235297150910005,-0.0016597015783191,-0.0006967256776988001,-0.00020590428903239998,-0.0064000233542174005,-0.00713191711111,-0.0023893121106085,-0.0019499866175465,-0.0016050038029788631,-5.416999192665617e-05
nonmember_238.png,0,-0.0032449532300234014,-0.017497859895229298,-0.03287129476666449,0.0001554815098643008,-0.0023692385293543,-0.0024015647359192007,-0.002461723983287801,-0.005810540169477504,-0.016481954604387304,-0.0015721847303211004,0.0005288305692374992,-0.00261220918037,0.0006933901458979,-0.0070319697260856,-0.0096093639731407,0.0015781107358633995,-0.0014583473093807992,0.00015187752433120033,-0.0053391773253679,-0.012302197515964494,-0.0135034052655101,-0.0002742316573858001,-0.0019582449458539,-0.0024963758187369002,-0.003892445005476499,-0.013578502461314201,-0.0077957455068827005,-0.0026209852658211994,-0.0019099982455373006,-0.0007601898978464,-0.0013538766652346004,-0.010122586041689002,-0.0036923866719006998,0.0008393074385822001,-0.0014189922949299,-0.0003262652899139,-0.0066024828702211,-0.0092998150503262,-0.0022875993308844,-0.0030062301084400004,-0.0011730487894965201,-9.51528090808066e-05
nonmember_239.png,0,-0.0036170054227114,-0.016154665499925593,-0.037134639918804196,0.0007750010117888,0.0003742766566574001,-0.0014026984572411009,-0.004120271652937001,-0.009872637689113603,-0.020010486245155307,-0.0020176116377115007,-0.0011666421778500002,-0.0016908175311981999,-0.0007319580763577999,-0.004475098103284801,-0.0129567496478558,0.0003836741670966001,1.730164512989997e-05,-0.0016176309436560002,-0.0007597422227262982,-0.008336801081895898,-0.016016723588109,-8.54833051561997e-05,-0.0012345970608293993,-0.0018952852115034999,-0.0026409151032567007,-0.0095694251358509,-0.010796582326292999,-0.0003624483942986003,-0.0021735944319516004,-0.0010471034329385,-0.0009438302367925991,-0.010915923863649401,-0.0059686601161956995,-0.0010226913727819998,-0.0014069121098146,-0.0005275148578221,-0.0070979753509164,-0.0114367896458134,-0.0038070868467912004,-0.0016126455739139999,-0.0016554588546568428,-0.00013970991858506106
nonmember_240.png,0,-0.0026389565318821993,-0.0207175947725773,-0.050387464463710785,-0.001386574469506699,-0.0008954880759120005,-0.0041325832717120994,-0.0017563756555319006,-0.009824674576521003,-0.022201161831617404,0.0038177836686373,-0.0005814661271869997,-0.0015821172855795002,-0.002411998808383997,-0.010066736489534295,-0.015597842633724199,-0.005056850146502301,-0.0008550193160773,-0.0009508794173597995,-0.002224182710051502,-0.014263644814491303,-0.023388428613543503,0.0001553674228489,-0.0020522391423582996,-0.0024656854802742,-0.005059773102402701,-0.0115828681737185,-0.012268940918147599,-0.0013545169495046,-0.0020541427657008,-0.0012133594718762,-0.0032973159104585977,-0.008033116348087701,-0.0058132116682827,7.672375068069979e-05,-0.0013275308301672,-0.0003152325516567,-0.009577387478202502,-0.0056160546955653,-0.0032134087377927003,-0.0033965583425014994,-0.0010935306745522954,-7.07737854099182e-05
nonmember_241.png,0,-0.0041948147118092,-0.026643790304660797,-0.054621443152427715,0.0011216625571251002,-0.0015867035835981005,-0.0025652251206338995,-0.004668805748224203,-0.010264866054058103,-0.030122846364974996,2.6072375476299606e-05,-0.0003691548481583994,-0.0019264006987214002,-0.0007992554455995976,-0.008883818984031698,-0.017866708338260602,-0.001008568331599199,0.0012472625821828998,-0.0009648269042372001,-0.005535734817385701,-0.0188902132213115,-0.022441459819674495,-0.0015888507477939007,-0.0044474382884801,-0.0028217168874108,-0.0062881875783205,-0.017427330836653702,-0.010019792709499601,-0.0017440658994018997,-0.0027883450966328,-0.000565713038668,-0.005447088740766,-0.0108799953013659,-0.0044699276331812,-0.00026999227702619987,-0.0015188854886218999,-0.0002470993858878,-0.0101312095066533,-0.0085160987800918,-0.0024240078637377,-0.0035818599280901,-0.0010759277029137022,-6.467804632847974e-05
nonmember_242.png,0,-0.004438832402229302,-0.0255911350250244,-0.04920247197151191,0.00030960794538260027,-0.0025279568508267004,-0.0030435975641012,-0.004979526624083595,-0.012779306620359393,-0.027249913662671994,-0.0029902840033173006,-0.0001957761123776991,-0.0015090843662619,-0.0024700816720724,-0.0111305564641953,-0.0157598145306111,-0.00016120122745639977,-0.0008858395740389009,-0.0019097481854259998,-0.0069053936749696,-0.0173312779515981,-0.019727548584342003,-0.0006767082959412999,-0.0029016323387623,-0.0020422704983503,-0.006046395748853701,-0.012076773680746602,-0.0088536655530333,-0.0006920122541487,-0.0018941836897284,-0.0008007843280211001,-0.0031620226800442,-0.007954666391015,-0.0036969289649277995,-0.0013743452727795003,-0.0012739311205222999,-0.00020713552657976818,-0.0072199190035462,-0.005914234119700299,-0.0019783184980042,-0.0025913101271726,-0.0011018179102393025,-2.5589997676433995e-05
nonmember_243.png,0,-0.004039041697978998,-0.02532210201025001,-0.0625772923231125,-0.0016550566069781997,-0.0043109972029925,-0.0053944396786392,-0.0036416500806807986,-0.013971805572509793,-0.026945058256387704,0.0004437831230460999,0.0012138700112701,-0.00045331008732320006,-0.0033660978078842996,-0.010268140584230402,-0.0157751962542534,0.0009108660742640998,-0.0021433546207844994,-0.0019479016773402999,-0.0037403590977191023,-0.017339151352644,-0.018676141276955598,0.00013431813567880112,-0.0028625121340156,-0.0020845672115683,-0.0036222757771611994,-0.015795787796378098,-0.0098527320660651,-0.0024457708932460005,-0.0007674132939428,-0.0007719321292825,-0.004849771969020299,-0.0115699553862215,-0.0046273865737021,-0.0007894407026468996,-0.0019697389798239004,-0.00042340369691372696,-0.0087278634309769,-0.0118661543820053,-0.0025823142495937,-0.004402071412187101,-0.0014890390302752475,-6.375577140715906e-05
nonmember_244.png,0,-0.007612835615873399,-0.0286046601831913,-0.05714699625968939,-0.0004784669727086986,-0.0024885027669369992,-0.0034586684778332996,-0.003820646554231602,-0.011900030076503802,-0.023613572120666504,0.0024341996759175994,-0.00041228812187909993,-0.0022156583145261,-0.0024304576218127996,-0.006713461130857499,-0.013416057452559402,-0.0014013666659593998,-0.0010123639367521,-0.0009510926902293998,-0.0013796929270028999,-0.0113002471625804,-0.015029404312372301,-0.0006407024338841005,-0.0016392529942095002,-0.0011910445755348002,-0.004499416798353202,-0.007383550517261099,-0.0076291528530418,-0.0021411129273474,-0.0011832132004202002,-0.0010194606729782999,-0.0014748685061931992,-0.0058566955849528,-0.0037460797466337997,0.0016751610673963998,-0.0006750053726135999,-0.00024504111206620006,-0.0164738039020449,-0.0054635845590383005,-0.0020835620671278,-0.007770865224301799,-0.0012656214021262652,-5.3456347814043176e-05
nonmember_245.png,0,-0.006692353636026299,-0.0227367766201496,-0.042437646538019194,-0.0029494962655008004,-0.0014677513390780007,-0.002104140352457701,-0.004028087481856402,-0.007677506655454601,-0.018463760614395204,-0.00021687988191839997,-0.0017060795798896997,-0.0024942797608673998,-0.001422170549631098,-0.0069857761263847976,-0.010681414976715996,0.0003240732476115001,-0.00028065172955400036,-0.00021998374722900001,-0.0025363592430949003,-0.0076545998454094,-0.012956576421856901,-0.0003827330656349997,0.0005841157399117999,-0.0015906738117337001,-0.0009816428646446003,-0.004560397937893802,-0.0073114768601954,-0.0009169098921120002,-0.0012409980408846994,-0.0012478577555157,-0.0009280210360884007,-0.008402254432439797,-0.0046661156229675,0.0002100933343172004,-0.0021881898865104004,-0.0005929691833444,-0.010259401984512799,-0.014908932498656201,-0.0029502730030799,-0.0036501607391983,-0.002609583214507363,-0.0001923887903103148
nonmember_246.png,0,-0.0033626742661000027,-0.029936321079731,-0.06163358688354491,0.0007952805608510988,-0.004284120164811601,-0.0029962169937790004,-0.004419621080160099,-0.017389088869094793,-0.026790414005517897,-0.0024522664025425998,0.0015115244314075002,-0.0021474612876773,-0.0017347000539303,-0.010848846286535298,-0.015090454369783398,-0.0004915376193820997,-0.002392899710685,-0.0022192071191966,-0.004342705011367801,-0.021252386271953604,-0.0170220714062453,-0.0015296726487576996,-0.0018772266339511,-0.0015869519556873,-0.0041006058454514,-0.012848153710365299,-0.0079248338006437,-0.0004605506546795004,-0.0017970481421798999,-0.0005431148165371,-0.0033472161740063996,-0.007321456447243701,-0.0032216757535933997,0.0005240659229457005,-0.0006466779741458001,-0.00015632560098305148,-0.0107658493798226,-0.0054890061728656,-0.0018246647377963999,-0.0055343409185298,-0.0009407351608387755,-5.463568595587276e-05
nonmember_247.png,0,-0.0017991345375775979,-0.0188267305493355,-0.0377625115215778,-0.0005731387063860997,-0.0004908777773380002,-0.0020073566120118003,-0.005736442282795903,-0.0111221093684435,-0.013917498290538798,-0.0017818054184317,-0.0011239596642553997,-0.0019181900424882,-0.0015808921307325988,-0.005718296393752098,-0.0067708333954215015,-0.0005366709083318997,-0.0007297494448721001,-0.0001493619056419,-0.002958179451525199,-0.005419123917818,-0.0062113786116243,-0.0001921397633850002,-0.00018048239871859984,-0.0008462612750008999,-0.0019796965643763004,-0.0057348385453225,-0.0027591488324104994,0.00026585254818200024,-0.0015696021728218,-0.0005059220275143,-0.0036394689232110995,-0.005034822504967401,-0.0011904540588148,-0.0019343905150891,-0.0009152051061391,-0.00012120847532053004,-0.006871953839436201,-0.0054574521200265996,-0.0006486702768598,-0.003363171883393,-0.0013455786211125059,-1.8398615793557838e-05
nonmember_248.png,0,-0.002427283674478496,-0.02542990446090701,-0.0686502903699875,-0.0013504605740308996,-0.001702735200524299,-0.007470487616956201,-0.003967557102441802,-0.024140499532222692,-0.038511373102664906,-0.0005596666596828998,-0.0012915534898639003,-0.0027856179513037994,-0.003199953585863103,-0.01711455732584001,-0.024233750998973895,0.0005657593719661002,-0.0009800372645259008,-0.0017995301168412005,-0.005450630560517398,-0.027086239308118897,-0.025057760998606703,-0.0010911235585809006,-0.0038590300828219,-0.0016850469983181997,-0.0069996677339077,-0.0196172893047332,-0.0107095809653401,-0.0007002647034823999,-0.0018298691138624998,-0.0006867889169371,-0.005496991798281602,-0.0115558225661517,-0.0043765380978583995,-0.0006766626611352002,-0.0017012413009069999,-0.00011574264499355775,-0.011213944060727999,-0.0070815761282573995,-0.0024200439220295003,-0.0045493554207496,-0.0005363796026357633,-4.373628325993195e-05
nonmember_249.png,0,-0.0028965026140213013,-0.0223762467503548,-0.05114821344614029,-0.0012109344825149007,-0.0015742778778076996,-0.0032341605983674006,-0.0043427497148514,-0.011105135083198499,-0.0273267216980458,0.0008109211921692007,-0.0012471526861190007,-0.0019192439503967996,-0.0024173110723494998,-0.009166697040200303,-0.0160526297986507,-0.0019976259209216005,-0.0013441112823784993,-0.0007557305507362002,-0.004779768176376899,-0.0114192254841327,-0.0193258766084909,-0.0014289044775069003,-0.0005764185916632006,-0.0021225661039351996,-0.0014045145362614996,-0.005298904143273898,-0.008594965562224399,0.0004764730110764998,5.019153468310009e-05,-0.0011598755372689003,-0.0034091258421541006,-0.0051663797348737005,-0.0057116691023112,-0.0014385797549038995,-0.0019144506659358998,-0.0007483694353141,-0.0050082271918654,-0.0077456787112169,-0.0036469021433731003,-0.0019673894857988004,-0.0016003974997146825,-0.00010202420526174294
nonmember_250.png,0,-0.0033146813511849005,-0.02899818122386931,-0.058735899627208696,0.00014130305498839986,0.0007802536711097006,-0.00552235590294,-0.0025196298956870963,-0.0167200341820717,-0.0264003053307533,0.0009896401315927002,-0.0012986352667213007,-0.0020625493489206,-0.004197157919406901,-0.012372992932796499,-0.013576164841651903,-0.0007569780573249002,-0.0028398837894200992,-0.0012371283955871998,-0.0035097710788250004,-0.0206135921180248,-0.0164636801928282,-0.0018841316923499003,-0.0017586397007108004,-0.0016338472487404999,-0.007656622678041399,-0.013865299522876798,-0.0078001129440963,-0.0018700752407311994,-0.0009632995352148997,-0.0008057170198298999,-0.0048186331987381,-0.0099454158917069,-0.0031118069309742005,2.9782298952299446e-05,-0.0022411762038245997,-0.0001788502340786886,-0.010414467891678299,-0.007430469704559101,-0.0017024119151756,-0.0036571285454556,-0.0010413749969301457,-2.6336107112001628e-05
nonmember_251.png,0,-0.0038089677691460003,-0.024366557598114,-0.042603101581335096,-0.00013658870011569978,-0.0023208325728774,-0.0012472388334573,-0.003697426989674603,-0.014393366873264292,-0.0160266980528831,-0.0020683142356574006,-0.0009470665827394009,-0.0012205252423881999,0.00020930357277399933,-0.011162281036377002,-0.0100156981498003,0.0021231831051408993,-0.0017967773601412001,-0.0010393620468676,-0.0078795682638884,-0.0129194613546133,-0.013281599618494599,-0.003070931881666199,-0.0008303215727209993,-0.0016241442644969,-0.002815326675772698,-0.0119022727012634,-0.007635704241693,0.0007921787910164001,-0.0019627641886473006,-0.0010952067386824,-0.003735466860234701,-0.0080936774611473,-0.0040480610914528006,-0.0009011956863106,-0.0008820821531116997,-0.0003772081254283,-0.010954609606414999,-0.0088108049239964,-0.0023284526687348,-0.0047306325286626,-0.0016157929640030098,-6.00962703174362e-05
nonmember_252.png,0,-0.0044897831976414004,-0.03138022869825369,-0.0720547288656235,-0.003190439194440799,-0.003376608714461401,-0.004656697623431599,-0.0010057911276816975,-0.019724860787391704,-0.037920042872428894,0.002849638462066599,-0.0013884129002689986,-0.00028711650520570065,-0.003687905147671703,-0.01251905411481849,-0.022019192576408303,-0.0014998624101280993,-0.0003612656146288005,-0.0015211184509098,-0.0038212686777114972,-0.020037058740854305,-0.0255689509212971,-0.0014396687038243,-0.0012239632196724007,-0.0034901625476778,-0.005621658638119701,-0.0159889664500952,-0.0158029226586223,-0.0010780077427626003,-0.0028714078944176995,-0.0019699614495039004,-0.0041043497622013005,-0.013704637065529799,-0.0087626189924776,-0.00042938021942970014,-0.0023439110955223,-0.0007460097986039999,-0.0135904382914305,-0.014043720380868801,-0.0052421467844397,-0.0043930453830399,-0.0013770093282800642,-0.00012928370415465147
nonmember_253.png,0,-0.006805639714002602,-0.028441436588764205,-0.07678006589412689,-0.001365703530609599,-0.0020481757819652002,-0.0044594975188375,-0.004285564646124802,-0.012374337762594195,-0.0397800579667091,0.0001355819404124988,-0.0020857695490121998,-0.0031141371000558003,-0.0003519002348184967,-0.014273732900619604,-0.0234562009572983,0.0007184091955424014,-0.0018945890478790006,-0.0015460310969501998,-0.004797503352165201,-0.0186977442353963,-0.021260802634060397,-0.002745160833001201,-0.0028291272465138994,-0.0013009309768676,-0.0032969750463962,-0.0138796335086227,-0.0084001943469047,9.554438293000143e-06,-0.0011761704226956001,-0.0005059952381999001,-0.0086752474308014,-0.0072408826090395,-0.0033310329308733995,-0.0025381245650350995,-0.0007486059912481,-0.00017842225497580237,-0.0107248916756362,-0.004646549554308901,-0.0017286594083998,-0.0034367889165878,-0.00046421604383786025,-2.2170806914800778e-05
nonmember_254.png,0,-0.0040026977658272,-0.0366229638457298,-0.05543503910303119,-0.0019309245981276,-0.0018394803628325011,-0.0044265794567764005,-0.001501284539699499,-0.019777491688728305,-0.020744809880852703,0.0011089243926108005,-0.0006411876529454994,-0.0019331148359925002,-0.0039028059691190997,-0.012512043118476902,-0.010577732697129298,0.00021824147552249908,-0.0036657913587988004,-0.0008251365507021002,-0.004948787391185799,-0.019481636583805098,-0.010498972609639102,-0.003014313522726299,-0.0009808756876736996,-0.0009837014367804,-0.0032855682075023027,-0.011861367151141201,-0.0043375764507801,0.0014752442948520001,-0.0017028605798259,-0.000394921109546,-0.005555693060159699,-0.005794464610516999,-0.0017797289183363002,-0.0020090057514608,-0.0006475131376645999,-0.0001439674997526947,-0.0129850865341723,-0.0042050917254528005,-0.0009382095158799,-0.004932500189170201,-0.0007371673527813861,-4.033459845231846e-06
nonmember_255.png,0,-0.007054127752780897,-0.020503148436546298,-0.041264150291681304,-0.0015205885283649002,-0.00039043650031089956,-0.0031511136330663993,-0.0011647082865238016,-0.012994769960641896,-0.0173852555453777,0.00042049353942279905,-0.0020712539553643,-0.0013343889731914005,-0.002539524808526098,-0.007830746471881804,-0.008669167757034302,-0.001001674216240699,0.0001715957187116996,-0.0010734088718890996,-0.0034276489168405012,-0.013281645253300698,-0.0110303182154894,-1.8563121557200156e-05,-0.0018084766343235996,-0.0013927884865552,-0.0044551156461239,-0.010178619995713201,-0.0045325565151871,-0.0012498549185693004,-0.0022716594394297,-0.0005773517186753,-0.005954072810709499,-0.007247001864016099,-0.0023230055812746,-0.0017453427426517,-0.0015880598220973999,-0.00024777289945640004,-0.008139688521623601,-0.0067744219559245,-0.0012774349452229,-0.0029135158983990997,-0.0010487956205906383,-8.664188135290815e-05
nonmember_256.png,0,-0.004438791424036005,-0.0377225577831269,-0.0649345293641091,-0.0035778721794485994,-0.0031260484829545004,-0.0051888427697122,-0.003542806953191799,-0.023404464125633198,-0.028797864913940402,-0.00034612510353330093,-0.0016078753396869,-0.0018449863418937007,-0.0007954128086566994,-0.012363690882921198,-0.0173707008361816,1.710467040540002e-05,-0.001573470886796699,-0.0021797597873955995,-0.008009061217308,-0.0224882084876299,-0.0199994258582592,-0.001347484067082399,-0.0029009263962507005,-0.0016948259435594002,-0.0069156773388386016,-0.013409655541181599,-0.0085137216374278,-0.0018625007942319003,-0.0019426643848418999,-0.0007289791537915,-0.007034081034362299,-0.008896619081497203,-0.0041414627339691,-0.0005947127938271003,-0.0014569773920812,-0.00023691655223948054,-0.008596652187407,-0.006879399792524,-0.0023403342347592,-0.0031997948535717998,-0.0009033992901094886,-6.235724140424281e-05
nonmember_257.png,0,-0.0049542710185051,-0.0117658898234368,-0.026261590421199806,-0.0021005091257392996,-0.0015613096766173996,-0.0017306008376181004,-0.0013536550104618003,-0.006199751049280101,-0.012533355504274396,0.0007802573963999002,-0.00011286418884989997,-0.0024171266704797,-0.0021675694733858004,-0.0035578776150941988,-0.0095229111611843,-0.0015913159586489001,-0.0005014305934310003,-0.0006441194564105004,-0.0027815215289592986,-0.0053795278072357,-0.012187877669930403,0.0016098250634969,-0.00025505758821960014,-0.0012063218746333998,-0.0014234455302358003,-0.006828521378338401,-0.008618145249784,-0.0011512469500304006,-0.0006890390068292999,-0.0013424404896796001,-0.0018021343275903996,-0.0024335207417606995,-0.004698864649981299,-0.0001961230300367,-0.0006098612211645001,-0.0005890002939849999,-0.0063885543495417006,-0.010078557883389301,-0.0043618225026876,-0.0036995930131524,-0.0032387052488046697,-0.0004664275074900742
nonmember_258.png,0,-0.004754822701215803,-0.0218345858156681,-0.048372354358434594,-0.0005752556025982007,-0.0007486464455724005,-0.00022235559299590025,-0.0015333816409110988,-0.0131942331790924,-0.024096354842186002,-2.3653730750099536e-05,-0.0016475324518978995,-0.003486264962703,-0.003422565758228302,-0.008877579122781802,-0.0095687322318554,0.0009604310616851009,-0.0012816409580408998,-0.0004067085683346003,-0.006994025781750599,-0.010902505367994298,-0.014691596850752801,-0.0028685200959444003,-0.0015301126986742002,-0.0021566037321463,-0.0045945402234793,-0.0093658706173301,-0.007554908283054901,-0.0021581789478660003,-0.0012371158227324998,-0.0009266281267628,-0.003941779024898999,-0.0076765129342675,-0.0039808803703636,-0.0011700927279889002,-0.0011790142161771002,-0.0003266723797423999,-0.006980161415413001,-0.0065775777911767,-0.0024064817407634,-0.0025716071249916998,-0.0011732695638783975,-0.00014603477211489496
nonmember_259.png,0,-0.004286326467990896,-0.0357808172702789,-0.0785370469093323,0.0006805676966905004,-0.0006788149476052007,-0.0033368756994605012,0.00030372291803359985,-0.015704020857811002,-0.0393172577023506,-0.0016957065090537002,0.0009595621377230003,-0.001379156019538699,-0.0037095248699188024,-0.013193614780902904,-0.026261627674102797,9.343773126600004e-05,-0.0007728375494479994,-0.0015901704318821005,-0.002504114061593999,-0.022046100348234197,-0.031676977872848504,-0.00016425363719459966,-0.0037593664601445007,-0.0024450097698717997,-0.0026913080364466026,-0.0178926009684801,-0.018205847591161697,-0.0004766825586556998,-0.0020680674351751995,-0.0013110482832416998,-0.0072356723248959,-0.014290018007159202,-0.0096834325231612,-0.0028931139968336,-0.0019852719269693,-0.0013563028187491,-0.014840252930298399,-0.0157328295172192,-0.0072510385944042,-0.0033096861443482,-0.002612650561786686,-0.0003195771023456296
nonmember_260.png,0,-0.004367703571915599,-0.01874517649412151,-0.05457543581724171,-0.00034122169017789927,-0.0003303550183772989,-0.003866486251354299,-0.0015515089035034006,-0.0179053954780102,-0.027960509061813396,-0.0004232949577271999,-0.0033206320367753003,-0.0020182379521429,-0.001476259902119699,-0.009960178285837194,-0.016442939639091506,0.0004991465248168,0.00012872647494080024,-0.0023688604123891007,-0.0025269277393817,-0.018945179879665403,-0.024164820089936197,-0.0008583320304752003,-0.0032352362759412003,-0.0029526522848754995,-0.0032058097422123025,-0.012764003127813301,-0.012738642282783999,-2.3115426301999545e-06,-0.0012098567094654,-0.0014309133403003001,-0.004052165895700498,-0.0081998771056533,-0.005659816553816201,-0.0025674672797321996,-0.0014742175699211,-0.0005382102244766,-0.0101278712972999,-0.0061386732268147,-0.0033635429135757,-0.0034610140719451,-0.0009485879472776752,-7.194227873695794e-05
nonmember_261.png,0,-0.004424814134836204,-0.026781693100929302,-0.0777270495891571,-0.0013585081323982014,-0.002848966978490401,-0.006786322221159901,-0.00012570247054100037,-0.015948906540870597,-0.038445979356765705,0.00045692082494500075,-0.0003590527921914985,0.00018650107085700033,-0.0056747011840344,-0.014580782502889696,-0.024390794336795793,-0.0016250293701886992,-0.0018566059879958005,-0.0016879932954907,-0.007778272032737697,-0.021242197602987303,-0.025619860738515902,-0.0010111550800502005,-0.0022472152486444005,-0.0025218026712537,-0.005791500210762003,-0.015757858753204297,-0.0135707519948483,-0.0013734530657530004,-0.0020991829223930996,-0.0018422254361212,-0.0042510321363806985,-0.013569744303822502,-0.011417590081691699,-0.00035935640335089947,-0.0017534501384943002,-0.0014252091932576,-0.0100775790633634,-0.010898489272221899,-0.0074515684391372,-0.0043603316298686,-0.001338283444056276,-0.00038790481630711273
nonmember_262.png,0,-0.005792355164885601,-0.016566306352615398,-0.026788845658302293,-0.001381462905556,-0.0013712961226701997,-0.0027495049871504003,-0.0037204213440418,-0.005509000271558699,-0.013018358498811701,0.0008563683368265993,0.00035111280158160035,-0.0018706656992434996,-0.0005891378968953982,-0.006831238046288504,-0.007065517827868399,-0.0008517382666468993,-0.0017079440876840999,-0.0010950253345073002,-0.0013295412063599014,-0.008802240714430799,-0.0095827835612,-0.00021538836881520012,-0.0002292008139193006,-0.0012556319707072998,-0.0028437450528144004,-0.0077156648039818,-0.004247798584401601,-0.0009550629183649999,-0.0020302124321460997,-0.0005716916348319,-0.0013148095458745991,-0.005776546895504,-0.0018778247758745998,-0.0008585513569414,-0.0012043752358295002,-0.0001905664175865177,-0.0107999586034567,-0.0044833912397735,-0.0010578756846371,-0.0041394349536859,-0.0009196233477268479,-4.3263269617455094e-05
nonmember_263.png,0,-0.002659209072589902,-0.024706982076168102,-0.0564598366618156,-0.0009648026898503997,-0.0022259242832660987,-0.0022404817864299003,-0.002533169463276898,-0.013975843787193305,-0.026214051991701202,0.0004431437700987001,-0.0008329167030751011,-0.0010628243908286,-0.0009769201278686003,-0.0099577270448208,-0.0172741971909999,-0.0007707187905907006,-0.00017370376735929925,-0.0033674750011414003,-0.0063951890915632005,-0.016059985384345,-0.0164767019450665,-0.0015091402456164993,-0.0031221425160766004,-0.0015163178322836997,-0.0076921731233596975,-0.013936385512352,-0.0090788728557527,-0.0023804474622011003,-0.0021015662932768,-0.0010205594007857,-0.0042116641998291016,-0.0089157093316317,-0.0040523442439735,-0.0003312388435005994,-0.0012511603417806,-0.0002563802700024,-0.0094342813827098,-0.0065622296824585005,-0.0022581166704185,-0.0034403200261295002,-0.0006614988724322577,-8.281156260632217e-05
nonmember_264.png,0,-0.0041899718344211995,-0.036444582045078305,-0.05392634868621829,0.00020956154912710016,-0.003346528857946401,-0.0037424061447382,-0.0071222968399523995,-0.015128407627344097,-0.024161614477634402,-0.002070684451609901,-6.355158984659975e-05,-0.0020158188417554,-0.0016973391175270011,-0.008530355989933104,-0.014313796535134302,0.00035464437678460036,-0.0007515139877796,-0.0004323578905313999,-0.0035844389349223,-0.009721715003251998,-0.014190929941833,-0.0005042837001383001,-0.0009841709397733,-0.0015364517457783,-0.002532480284571599,-0.0061577754095197,-0.0081567512825132,-0.0010149669833481997,-0.0010695843957365002,-0.0011426752025727,-0.0014769788831471998,-0.0062087993137538,-0.0038481175433844003,-0.0009891572408378003,-0.0015961398021318,-0.00026110254839300005,-0.008929946692660501,-0.0072739199968055,-0.0021831045742147,-0.0030878261895849997,-0.0009199641153826734,-7.403031486312478e-05
nonmember_265.png,0,-0.006466083228588101,-0.023676898330450002,-0.0492500141263008,-0.0008947951719164987,-0.0007869019173086002,-0.0027792230248452,-0.0041786767542362005,-0.0125123411417008,-0.019474010914564098,-0.0018272208981216006,-0.0005454928614198997,-0.0007916791364550001,-0.003353737294673899,-0.009478453546762404,-0.0088444203138352,0.0010561952367425,-0.0010761716403067,-0.0010721898870543,-0.0015004817396402012,-0.0097989831119776,-0.0080381133593619,-0.0011417334899306002,-0.0021979443263263,-0.0009875291143544,-0.0032284678891301988,-0.0068700155243278,-0.0035253278911112997,-0.0005856193602085998,-0.0005816402845083999,-0.00035527945146900005,-0.0026521533727645007,-0.0046625076793133996,-0.0016123316017911,0.0011976235546172003,-0.0011504851281643,-0.0001754383119986342,-0.009001512313261701,-0.0038116034847916996,-0.0008798699855106001,-0.004848622833378601,-0.0009532016665616404,-3.09455717797391e-05
nonmember_266.png,0,-0.004472028464078896,-0.0301478430628776,-0.0625560209155083,-0.0010488824918866001,-0.0019960515201092,-0.004858872387558199,-0.0054090656340122015,-0.010738611221313504,-0.028348606079816797,-0.0011887447908520005,-0.00023347511887550007,-0.0007900553755461996,-0.0028863996267319003,-0.011845964938402204,-0.0177994426339865,-0.0012088222429156997,-0.0011197184212506,-0.0017425639089197003,-0.003961822018027299,-0.013637609779834699,-0.0162675054743886,0.0021426146849989995,-0.0016494859009981,-0.0016860929317773,-0.0030870940536260015,-0.0103712882846594,-0.007315630558878199,-0.0013923258520662993,-0.0012045709881931999,-0.0005519907281268,-0.004654975607991198,-0.0088544525206089,-0.0028913108399138,-0.0018922281451523,-0.0023154456866905,-0.00016871837578941396,-0.010884463088587001,-0.0078103086270858,-0.0015963844198268,-0.0044417722383513995,-0.0011945973783439676,-1.9135099137201905e-05
nonmember_267.png,0,-0.0060501564294098975,-0.026493072509765597,-0.0655077546834946,0.0002326155081391005,-0.0044149947352707004,-0.0047321878373623,-0.0034451950341462985,-0.017346471548080396,-0.0314405933022499,-0.0018680272623897006,-0.0009566131047904994,-0.0023894028272480002,-0.0026193186640739996,-0.0136948823928833,-0.015175355598330501,-0.00012544635683289958,-0.0007188585586846005,-0.0011145905591547,-0.0042128711938858,-0.0136966500431299,-0.0137609541416168,-0.0011507924646140004,-0.00110281445086,-0.001154056924861,-0.004392798990011201,-0.008159846998751202,-0.0058231065049768,-0.0015560314059256996,-0.0009836317040025997,-0.0005029218737036001,-0.0022759111598134006,-0.005226876586675699,-0.0023911057505757,-0.00023998739197850054,-0.0019823809852823997,-0.00023609703930552503,-0.006515610264614199,-0.0069985403388273006,-0.0012649414129555,-0.0023193168453871996,-0.001219707530253711,-5.119232082506642e-05
nonmember_268.png,0,-0.0029435269534588,-0.029427237808704404,-0.05973035842180251,0.0014701662585138997,-0.0011744163930416003,-0.0049680047668517,-0.007138647139072397,-0.0200929380953312,-0.028828393667936394,-0.00013565178960560018,-0.0011697262525559,-0.0017366772517562,-0.000432405620813401,-0.012056451290845802,-0.0182971209287643,-0.003717640414834,-0.001575727481395,-0.0019001625478268004,-0.0078501589596271,-0.013626309111714398,-0.020750999450683597,-0.0014190720394254,-0.0004839953035115996,-0.0023147708270699003,-0.0016150446608662987,-0.0108911097049713,-0.010225399397313602,0.0002768146805464996,-0.0019147885031998001,-0.0010632896737661,-0.004620561376214001,-0.009442416951060299,-0.005104196956381199,-0.0012687523849307996,-0.0018471498042345001,-0.00024117068824117593,-0.0091361369704828,-0.0097320078057237,-0.0027787187427748003,-0.0037728761672042002,-0.0012570270482683053,-6.373285214067438e-05
nonmember_269.png,0,-0.0020990222692489,-0.017719700932502698,-0.0266868937760591,-0.0008782856166363005,-0.0024481699801981996,-0.0032231109216809004,-0.0039027594029904,-0.006220357492566102,-0.009114117361605199,-0.0007435800507665001,-0.00040005613118410024,-0.0003394504310563998,-0.0009734723716974016,-0.003800315782427798,-0.004409254528582101,-0.0008835229091345995,0.0001715887337922998,-0.0004779039882123,-0.0021231779828668005,-0.007717962376773401,-0.005103893810883099,-8.257571607830048e-05,-0.0017759304028003996,-0.0008917258528527,-0.002372900955378999,-0.0054504652507603,-0.0021473404485733002,0.0005478332750500003,-0.0014988888287917,-0.00015667203115300003,-0.0018409406766295,-0.0036349506117402995,-0.0008974813390523001,0.0005103764124213999,-0.0007530468865298001,-6.806849705748088e-05,-0.006446075625717701,-0.0026427726406837,-0.0004825701544177134,-0.0043744784779847,-0.0006759778189006527,-2.843619222403504e-05
nonmember_270.png,0,-0.007764000445604401,-0.0281676128506661,-0.042445138096809394,-0.0025232979096471994,-0.0025960505008698013,-0.0006822454743087994,-0.0028155408799648007,-0.016749873757362296,-0.020438995212316506,0.0006169099360703997,-0.0015664296224712996,-0.0031186460983008003,0.00011075288057330046,-0.006906006485223805,-0.011423964053392396,-9.200675413009989e-05,0.0015943814069032999,-0.0010856308508664,-0.006999511271715199,-0.0165697708725929,-0.0123528642579913,-0.0005255118012429004,-0.0034562656655907995,-0.0015889817732386998,-0.002987204119563101,-0.009565100073814399,-0.0050685091409833,-0.0012967255897819996,-0.0018944640178233,-0.0003697155771078,-0.0043932879343629005,-0.0081458552740515,-0.0021056389668956,-0.0003770543262362003,-0.0015531858662144,-0.00012372252967903286,-0.0091758639318868,-0.0055027247290127,-0.0011376504480722,-0.0043383800657466,-0.0010048803524113459,-5.926019366597757e-05
nonmember_271.png,0,-0.004210785031318602,-0.029651612043380807,-0.06016898155212411,-0.0006638974882662001,-0.002296416088938699,-0.0029152580536901994,-0.0022527687251568014,-0.0178000591695308,-0.023537009954452494,0.000809526536613701,-0.0019697425886989004,-0.0019102348014712,-0.003103800117969499,-0.008356418460607598,-0.013951301574707,-0.0009598270989955009,8.589401841170054e-05,-0.0012058403808623002,-0.004060605540871599,-0.016729515045881202,-0.0148192765191197,-9.076669812199852e-06,-0.0036498487461359003,-0.0016423920169473,-0.004908967763185501,-0.011319348588585899,-0.006616464816033901,-0.0009132348932325996,-0.0011655229609459001,-0.0006770127511118,-0.0011688321828842996,-0.007908785715699201,-0.0029710083035751995,0.00021116761490710002,-0.0008756362367422,-0.00014444167027250003,-0.0142505171243101,-0.007936437759781199,-0.0016271423810395,-0.0052808002801612,-0.0015958274925650792,-6.439772187142429e-05
nonmember_272.png,0,-0.0075275804847478,-0.028062045574188302,-0.085594616830349,-0.0022801188752056,-0.0007166843861340991,-0.004492786712944501,-0.0026697833091021,-0.013441812247037901,-0.0362118259072304,-0.0007249452173709002,-0.0025878981687129004,-0.0029786457307637,-0.002167452126741399,-0.011175412684678997,-0.020989827811718,0.0005464497953652997,-0.0006962241604924002,-0.0015738799702375997,-0.006575585342943701,-0.013770442456007004,-0.0224280431866646,-0.0021725841797887993,-0.00018378626555199968,-0.0016236671945080003,-0.0040851077064872,-0.012950224801898,-0.0100147575139999,-0.0020548708271236004,-0.0030382191762328,-0.0008998629928100999,-0.0027007479220628,-0.0095460144802928,-0.0044907755218445995,0.0003556418232620001,-0.0019036966259592001,-0.00017830633441911922,-0.004864630289375799,-0.0085530586948153,-0.0024919726856752,-0.0026348237879574,-0.0008478483578072917,-4.796398934558965e-05
nonmember_273.png,0,-0.0039928331971168,-0.014534037560224602,-0.0238061174750328,0.0002980297431350006,-0.0023838961496949005,-0.0016535669565201005,-0.004286631941795398,-0.007103063166141503,-0.011865871027111997,-0.0009252615272999001,-0.00043019885197280016,-0.0010544199030845997,-0.0019483342766761017,-0.005411963909864398,-0.005716337822377701,0.0004165912978350995,-0.00014776922762400023,-0.0011200706940145,-0.0015107272192835999,-0.0084024295210838,-0.007241500541567801,-0.0013891654089093,-0.0010063503868878,-0.0007747315103188001,-0.0023954529315233005,-0.007208427414298099,-0.0035399338230490997,-0.0002809679135679999,-0.0017097136005758996,-0.0006901338347234,-0.0026675434783102,-0.004593249410390799,-0.0018043190939351999,-0.0005044857971369995,-0.0007743799360469001,-0.00034622248495,-0.0061428630724549,-0.0062326262122952,-0.0012992738047614,-0.0022453230340034004,-0.0017211384838446472,-7.50203944334228e-05
nonmember_274.png,0,-0.0031489357352256983,-0.0179462358355522,-0.036431185901164995,-0.00015687663108109994,-0.0004498302005232005,-0.0010810648091137002,-0.0003193449229001999,-0.008510984480381102,-0.016860093921423003,0.00036460533738139934,-0.0006567696109413997,-0.0022991425357759,-0.0018887799233198027,-0.0070156268775463,-0.0102589782327413,-0.0009621744975448002,-0.0005470518954097999,-0.0014609119389206002,-0.0041792392730712995,-0.010843254625797202,-0.011932373046874998,0.0005864137783647,-0.0017067261505872003,-0.0017505602445454,-0.0038621760904789006,-0.008863920345902498,-0.005350473802536801,-0.00013649277389049964,-0.001397558953613,-0.0008385533001273001,-0.003956330008804798,-0.004922069143503901,-0.0022792991949245,-0.0020961463451386,-0.0008216205751524,-0.0001770696690074,-0.010995251825079301,-0.004693074530223399,-0.0012399276747600998,-0.0038843865040689997,-0.0014841064476058094,-7.564149200325482e-05
nonmember_275.png,0,-0.003941094502806702,-0.022188432514667497,-0.0527033656835556,-0.0012464961037039002,-0.0027459459379316,-0.0023160134442151,-0.0025941170752048007,-0.015004433691501597,-0.024767525494098698,-0.0005856165662407996,-0.0013330043293535996,-0.0014269757084548005,-0.0010821316391230011,-0.009733017534017604,-0.013731436803936896,0.00012040697038169946,0.0002773515880108001,-0.0015571846161037996,-0.0035498347133397987,-0.015074921771884,-0.014201400801539501,0.0004131086170673006,-0.0027051176875829003,-0.0013505234383046003,-0.0024690516293048997,-0.011964408680796599,-0.0068225599825382,-0.0006782612763345007,-0.0007882399950176998,-0.0007507799600716999,-0.0031353076919912997,-0.0092218667268753,-0.0033465716987848004,-6.668269633995291e-07,-0.0017531129997223,-0.0003308581144665,-0.0126288863830269,-0.008810653467662601,-0.0019707370956894,-0.0052949272794649005,-0.0013570958435593604,-6.278666842262377e-05
nonmember_276.png,0,-0.009840035811066697,-0.026916343718767194,-0.047393187880516094,-0.002978065982461,-0.001375937368720801,-0.0029514450579881998,-0.0026290174573658995,-0.009400337934493998,-0.0236300155520439,-0.0006913212127983995,-0.00018984824419019958,-0.0010077236220240992,-0.0011147186160088002,-0.005104705691337599,-0.013238925486803103,0.001266953535378,-1.3842713087799767e-05,-0.0014504003338515004,-0.008503057062625902,-0.008619766682386405,-0.0027666650712490012,-0.0024240990169346003,-0.0007888688705861005,0.0018136226572095992,-0.0012910477817057973,-0.0096379462629556,-0.022146187722682897,6.642332300539969e-05,-0.0014932928606867998,-0.005997982807457399,-0.0037151603028179013,-0.013024308718740999,-0.0185046931728721,-0.00026852218434209995,-0.0026720794849097998,-0.0018833024951164,-0.0103608591016382,-0.0127133464557119,-0.0123312699142843,-0.0042572658858262,-0.0019382546706764921,-0.0004008742471341612
nonmember_277.png,0,-0.0034261569380759985,-0.03673888742923731,-0.09372760355472559,0.0043907817453146,-0.0006129490211605991,-0.0071764891035855,-0.004092097282409703,-0.0193877592682839,-0.0443407893180847,-0.0051500787958502995,-0.0022577056661248,-0.0039529073983431,-0.002338450402021401,-0.012646831572055803,-0.0245052017271519,-7.98227265477007e-05,-0.0017301654443145006,-0.0008608731441198999,0.001378297805786105,-0.0244597010314465,-0.025929631665349,-0.0002501914277672993,-0.0024038688279687994,-0.0020304810022936,-0.005572214722633303,-0.0225283224135637,-0.010840984527021699,-0.0021014371886849004,-0.0030399158131331,-0.0006170020787975999,-0.010056553408503598,-0.015742326155304902,-0.004485750570893201,-0.0018500308506190994,-0.0014976442325860002,-0.00018574965361038497,-0.0182835545856505,-0.0105829100357369,-0.0024202374916058996,-0.004713468195404901,-0.0008223584554798415,-2.8518832550616935e-05
nonmember_278.png,0,-0.005161400884389801,-0.0366912707686424,-0.076296903192997,-0.0008185110054910001,-0.0029736272990702993,-0.0032975389622152008,-0.0035816542804240972,-0.0224185846745968,-0.0359614118933678,0.0019372696988284007,-0.002708257175982001,-0.0033586816862226,-0.004387930035591198,-0.013472121208906201,-0.0196420270949602,-0.002213555388152601,0.0011193021200597,-0.0015281601808964994,-0.004686485975980703,-0.019815905019640898,-0.017933872528374202,0.0006671110168100002,-0.0039708255790174,-0.0014605132746510002,-0.006660033948719498,-0.014183317311108102,-0.0079221753403544,-0.0023872330784798,-0.0013853134587407,-0.0005241847829893,-0.0036574648693204013,-0.0075998343527316995,-0.0033383313566446,0.0002049827016889997,-0.0010269007179885999,-0.0003194168239134,-0.010183812584727999,-0.0057531344646123,-0.0018977559811902,-0.0048399730585516,-0.0010945072572212215,-7.679339614688425e-05
nonmember_279.png,0,-0.005432851612567902,-0.0314635932445526,-0.05675008893012999,-0.00010234396904700016,-0.0029798476025461994,-0.004839908331632601,-0.005383873358368901,-0.016058601438999197,-0.030037570744752898,-0.00023483112454420092,0.0009994157589971993,-0.0011998550035059998,-0.004403956234455098,-0.010278731584548902,-0.0160615071654319,-0.001687577925622399,-0.0025011068210005994,-0.0013453150168060996,-0.0023094490170478994,-0.014911768957972499,-0.0184352453798056,0.0007102247327565999,-0.0005018548108637003,-0.0011632419191301003,-0.0031453780829906013,-0.0084549970924855,-0.0100783510133624,0.0005609700456261002,-0.0009301551617681997,-0.0016990961739793,-0.006660667248070301,-0.008553252555429899,-0.005801894236356,-0.0028127492405474004,-0.0020951242186129,-0.00044074849574829997,-0.007780411979183499,-0.008354555146070199,-0.0035515762428986,-0.0033942491281776996,-0.0013011502887820517,-0.0001384696952299475
nonmember_280.png,0,-0.0034922473132610946,-0.024688281118869795,-0.06528957933187479,-0.0002215011045337001,-0.002427994273602999,-0.004601565189659601,-0.004296982660889605,-0.01801936328411101,-0.0416048243641854,-0.0025346702896058004,-0.0012387773022055001,-0.0019882484339176993,-0.001858860254287699,-0.014339748769998495,-0.024464394897222498,-6.18915073573997e-05,-0.0006545451469720008,-0.0008333865553140996,-0.0033642333000898986,-0.0164660327136517,-0.030068695545196502,0.0005475860089064,-0.0011396207846700998,-0.0028355992399156003,-0.007149124518036801,-0.0128042940050364,-0.013929386623203798,-0.0016264514997602003,-0.0018620886839926,-0.0017970320186578002,-0.0037575010210275997,-0.011637080460786799,-0.0077776364050805005,-0.0007997248321770997,-0.0022341040894388996,-0.0005497132078744,-0.012864111107774,-0.015916531090624603,-0.004924646898871301,-0.0049388691259083,-0.002506354045181059,-0.00022919403272677675
nonmember_281.png,0,0.0019606463611125044,-0.03249798715114591,-0.08019723743200309,0.0004795137792826011,-0.0035128463059664,-0.0039578275755048,-0.010507836937904302,-0.016452245414257105,-0.036220245063304894,-0.0021649375557899007,0.00027541909366840013,-0.002444460056722101,-0.0063983425498009006,-0.013977907598018605,-0.018937673419714002,-0.0012864535674453007,-0.001803434453904601,-0.0016253783833235997,-0.006114073097705799,-0.03632117807865149,-0.022851781919598503,0.0012551136314869014,-0.003664752002805499,-0.001606335514225,-0.0109621174633503,-0.026292245835065804,-0.010032101534307,-0.00466174678877,-0.0025328125339001,-0.0008029688615352,-0.0101909209042788,-0.014602163806557699,-0.0043473348487169,-0.0013263244181871007,-0.0015196014428511002,-0.0002029134848271315,-0.0164027870632708,-0.0092994569859001,-0.0023209366481751,-0.004065641667693899,-0.0005862414436705581,-4.118024298804812e-05
nonmember_282.png,0,-0.005356896668672503,-0.0275128036737442,-0.07640632987022399,-0.001285553444177,-0.0003325375728309007,-0.005001099314540601,-0.005133487284183499,-0.015455037355422904,-0.0321275629103184,0.0021565984934568995,-0.0013546780683099998,-0.0020552403293549997,-0.003462266176939,-0.009343596175313,-0.0153870675712824,-0.0012479545548558,-0.0019364524632692996,-0.0007307740161195998,-0.003388138487935101,-0.012995434924960199,-0.013995786197483501,-0.0018730452284216994,-0.0007237605750561003,-0.0012824240839108,-0.0034962836652994,-0.008858373388648,-0.0057343472726643,0.0006307121366261994,-0.0021318661747499997,-0.00029865854594390005,-0.0051822531968355005,-0.004759636707603899,-0.0022319043055177,-0.0023709556553513,-0.0008163659949786999,-0.00012128931848564978,-0.007852744776755599,-0.0037359693669715,-0.0011848570793518,-0.0026304629864171,-0.000577127051656068,-4.147055733483285e-05
nonmember_283.png,0,-0.0020758416503668005,-0.017964314669370596,-0.04568064212799071,-0.0015076124109327993,-0.0033053015358746,-0.0011239089071751005,-0.0033954456448554993,-0.0119128040969372,-0.023878872394561795,0.00027053197845819995,-0.0006493548862636003,-0.0023920438252388997,-0.0021047275513410013,-0.007122542709112202,-0.0153427980840206,-0.00045083276927470033,-0.0002245805226267,-0.0012560514733195999,-0.0008218213915824994,-0.010097110643982901,-0.0194352976977825,-3.8005411624899774e-05,-0.0006525083445011997,-0.0024439976550638,-0.0009889006614685007,-0.008479701355099598,-0.0105298180133105,0.0019705523736775,-0.0010896271560342004,-0.0014788747066632,-0.0034879883751273,-0.007958428934216501,-0.0054197453428059,-0.0022065620869398004,-0.0012522153556346,-0.000527006253833,-0.0076513856183738,-0.0081137608503923,-0.0031257190130419,-0.0036745493998750997,-0.002356568656978187,-0.00022524603991760553
nonmember_284.png,0,-0.005731461569666901,-0.023080918937921496,-0.05473849177360529,-0.0007241046987473999,-0.0012187203392386003,-0.0043671503663063995,-0.0020408406853676016,-0.013993483036756495,-0.033226344734430306,0.00041974289342769974,-0.0011999849230050997,-0.0018685683608055002,-0.0015253815799950998,-0.012036353349685704,-0.019179943948984195,-0.0018804115243255997,-0.0014632428064943002,-0.0021372504997998003,-0.005987958982586899,-0.013900779187679298,-0.0201408714056015,-0.0010850126855076001,-0.0018372952472417996,-0.0020147603936494,-0.003027219325304,-0.0099848620593547,-0.0094852345064282,-0.0010779600124806,-0.0009836715180427,-0.0009305544372181999,-0.0004888055846095016,-0.0060075358487666,-0.0041916570626199,0.0016569446306676002,-0.0013407999649644,-0.00022967781114859997,-0.007635599933564699,-0.0050346433417872,-0.0022602641402046,-0.0038310688687489,-0.0011207838542758792,-6.74741022520737e-05
nonmember_285.png,0,-0.0059100352227687,-0.024996027350425706,-0.06046455353498459,-0.0024914536625147005,-0.0020273542031644994,-0.0020588608458638,-0.004600675776600904,-0.0187287591397763,-0.02773117274045951,-4.809070378540038e-05,-0.003908081911504301,-0.0015005590394140001,-0.0013204384595154987,-0.011763755232095698,-0.020810395479202194,-0.0005578137934207986,-0.0010911342687905,-0.0024089030921459,-0.0029884148389102,-0.018275607377290698,-0.0261656306684017,0.0002778088673948999,-0.0009654490277170996,-0.0034641236998141,-0.0025749970227479,-0.012345805764198303,-0.0141694871708751,-2.6355497539100672e-05,-0.0020568824838847004,-0.001368741504848,-0.0088081434369088,-0.010662317276000999,-0.006955671124160299,-0.0052545417565852005,-0.0018925672629848,-0.0004749528743559,-0.0103750363923609,-0.0088929895719047,-0.0040157566254493,-0.0024341945536434997,-0.0009998056793846996,-0.0001054756685334432
nonmember_286.png,0,-0.004985637962818097,-0.025743644684553202,-0.05141771584749219,-0.00032174680382019913,-0.0027445699088275996,-0.004173223394900599,-0.0007055439054966008,-0.012379910796880701,-0.022802360355854104,-0.0009377282112836005,-0.0012038890272379,-0.0005507152527571002,-0.0015325769782067004,-0.008687660098075894,-0.013462595641613,0.0006458200514316004,-0.0004013245925307005,-0.0018889517523347993,-0.0007732734084128987,-0.009255746379494605,-0.0212111175060272,-0.0011874670162797,-3.57353128492997e-05,-0.0023758036550134004,-0.004920022562146201,-0.0127648189663888,-0.0119232833385468,-0.0009533367119729007,-0.0031379435677081,-0.0010081915534102,-0.0021262299269438,-0.0096353543922305,-0.0055388929322362,-0.00020393123850229958,-0.000998176750727,-0.0005000485834898,-0.012667115079239,-0.0067704052780755,-0.0033482191502116,-0.0040841170120984,-0.0015476929838768717,-0.00011919900862264392
nonmember_287.png,0,-0.005001233890652702,-0.022157996892929,-0.026553411036729802,0.0002541509456931998,-0.0016403831541538004,-0.0015948021318762996,-0.0014364402741193008,-0.008982256054878297,-0.008674670010805201,9.033828973769968e-05,0.0001437463797629001,-0.0012208819389344,-0.0039161182940006985,-0.006386367604136498,-0.0052494001574814,-0.002474679145962,-0.0007149889133871001,-0.0006391706410795001,-0.0034833084791898,-0.008590815588831902,-0.0043073799461126,0.0010888320393861,-0.0016025593504308995,-0.0007749554933980001,-0.0031665144488216,-0.0082091302610933,-0.0020307044032961998,3.1178351491600344e-05,-0.0019573647296057,-0.00038571229379159996,-0.0014671105891466002,-0.0041378235910088,-0.0007693349034525,-0.0008282116614282001,-0.0005489963223226,-8.651007374278058e-05,-0.0087535125203431,-0.0031686973088653997,-0.0004578461230266324,-0.0042430411558598,-0.0008452642123301609,-3.606443351600319e-05
nonmember_288.png,0,-0.0018648263067006995,-0.012000944465398802,-0.0228052660822868,0.001815476454794399,-0.0012612994760275,-0.0006314977072178997,-0.0041130352765321974,-0.0062375962734222,-0.0107198059558868,-0.0029237414710223,2.9490329325199995e-05,-0.0004077730700374005,-0.0036476273089647016,-0.0024506431072950988,-0.005790460854768802,-0.0005873269401491001,0.0003889384679496002,0.0014880099333823005,-0.0008714850991963993,-0.003377940505742999,-0.007392518222332001,-1.954007893799955e-05,0.0003445893526077999,-0.0023482823744416003,-0.0020679123699666006,-0.004533834755420699,-0.0107558472082019,-0.0012344908900559,-0.0018400512635707994,-0.0030818207887933,-0.0033081118017435004,-0.009151479229331001,-0.0086263562552631,-0.0009604773949832002,-0.0013912981376052003,-0.0009055028785951999,-0.0077333499211818,-0.012751207919791301,-0.0055417700204998,-0.0029030950390733995,-0.0032423838856629745,-0.0003008116364070644
nonmember_289.png,0,-0.002163395285606398,-0.027864288538694396,-0.045980423688888605,0.0002129878848791001,-0.00015403050929299958,-0.0014697397127747995,-0.007129261270165502,-0.012802891433239004,-0.021567620337009402,-0.0014619790017604993,0.00034824060276149923,-0.0021025403402746,-0.0023026652634144003,-0.007615219801664297,-0.0114821884781122,0.0007202359847725001,-0.0010727350600064,-0.0021325887646526003,-0.005474297329783398,-0.008913880214095098,-0.015195341780781798,-0.0027597332373262007,-0.0014278762973844996,-0.0009880447760224,-0.0051800841465592,-0.0107113067060709,-0.008081430569291101,0.0002800910733640003,-0.0018082957249135,-0.0010004566865973001,-0.0016760919243098,-0.006745404563844202,-0.004271061392501,-0.0005930131301284001,-0.0015152755659073999,-0.00040980459016279997,-0.00809464789927,-0.0088425862486475,-0.0024414391955361,-0.0034289273316971,-0.001462875399738457,-0.00011369842832208849
nonmember_290.png,0,-0.0041481591761112005,-0.0228355824947358,-0.06188440322875979,-0.0041112415492535,-0.001493887975811901,-0.0022827796638012,-0.007890077307820303,-0.0173497833311557,-0.03528926521539691,-0.0017015761695802004,-0.0026554530486464995,-0.0017899340018630002,-2.3897737264699098e-05,-0.006514236330986099,-0.0227934122085571,0.0008872631005943004,-0.00023481482639910005,-0.0013079829514026,-0.0050698462873697,-0.012706264853477395,-0.03389766439795489,-0.0004057362675667,-0.0009952564723788998,-0.0033114769030362996,-0.0028839185833931004,-0.014391921460628603,-0.0182751137763262,-0.0017042439430952003,-0.0020457070786506,-0.0018275768961757,-0.0034927157685159978,-0.0133107537403702,-0.0091844405978918,-0.0001577874645590999,-0.0023093384224922003,-0.00047771238314459996,-0.0122856406960637,-0.011709585029166199,-0.0055554862192367,-0.004547918913886,-0.001332688902039001,-0.00013500521163213616
nonmember_291.png,0,-0.005504645407199801,-0.0280400365591049,-0.0459996499121189,-0.0008682329207658004,-0.0021204124204814,-0.0036291743163019,-0.0035200770944356988,-0.014077428728342098,-0.017424326390028,-0.0017973403446377,-0.0016294275410473997,-0.0015711926389486,-0.0027564465999604,-0.006394857540726599,-0.0100340750068426,-0.0003740251995622999,-0.00012373225763440002,-0.0007093652384355998,-0.0042051337659358996,-0.007903516292572101,-0.0095975240692497,-0.0013942788355051994,-0.0011789700947702,-0.0011493919591885,-0.0023366194218397,-0.0068908152170479,-0.0037995232269168,8.224323391909944e-05,-0.0016123676905407999,-0.0002714495785767,-0.004775480832904601,-0.0041106785647571,-0.0015476526459679003,-0.0016263565048574998,-0.0005527631146833001,-6.811856292182779e-05,-0.0060225608758627995,-0.0028446022042772,-0.0008526346719008,-0.0029465448460542,-0.0004373966439743518,-7.5237039709463716e-06
nonmember_292.png,0,-0.004940737038850798,-0.028414450585842105,-0.06998942047357559,-0.0014058523811399997,-0.0018736980855464987,-0.0043732691556215,-0.003973582759499501,-0.015875913202762597,-0.030314002186059896,0.0019473810680210998,-0.0022713267244398004,-0.0035901924129576,-0.0026136506348849,-0.0113949067890644,-0.0162593089044095,-0.0026954361237585996,0.0002565174363552995,-0.0012816288508475,-0.004789872094988799,-0.017723945900797903,-0.017210871912539,-0.0003793784417212001,-0.0036236012820154,-0.0014230730594135001,-0.0045034745708108,-0.012253687717020498,-0.0073069669306278,-0.0013879844918846997,-0.0015625783707946999,-0.00039485904562759996,-0.0060307341627777,-0.006799839902669201,-0.0031050310935824997,-0.0014347650576383006,-0.0007846218650229,-0.00013852236952507463,-0.005846950225532,-0.0043024181359214,-0.0016608813020866,-0.0027792215114458996,-0.0004144727736274435,-2.7534300897968933e-05
nonmember_293.png,0,-0.004609454423189201,-0.022418156266212394,-0.05439691245555879,0.00032746326178310046,-0.0020812074653804,-0.0057690092362464,-0.003466682508587799,-0.011178512126207407,-0.030284553766250596,0.0001498702913522998,0.000727820675820101,-0.00042381091043350045,-0.0040538404136895995,-0.007811605930328397,-0.018270157277584104,-0.0015658438205719003,-0.0006990302354097011,-0.0021100086160004,-0.004023801535368,-0.0171523690223693,-0.022380374372005397,-0.0012408425100147993,-0.0029584378935396992,-0.0034296098165213997,-0.0040892539545894,-0.0104728545993567,-0.0100536327809096,-0.0015486003831029008,-0.0013429762329906004,-0.0008548511541449,-0.004151700064539901,-0.0092380167916417,-0.004993259441107499,-0.0006434731185435997,-0.0015445022145286,-0.0004192251508357,-0.009181660367175899,-0.007556856086011999,-0.0028588203713298,-0.0033872882486320997,-0.001452697819331646,-7.165682472980346e-05
nonmember_294.png,0,-0.007219079881906499,-0.016309790313243908,-0.0476635023951531,0.0006372868083416999,-6.680097430939932e-05,-0.0025487802922726,-0.002371933311224001,-0.008031770586967496,-0.023678049445152304,-0.0016024089418351,-0.00042834505438810004,-0.0020297924056649,-0.002210402861237498,-0.004866056144237504,-0.015815693885087898,-0.0003835875540971999,-0.0011567873880267004,-0.0005508838221430995,-0.0013492871075869023,-0.010229296982288298,-0.019265025854110704,-0.0007892437279225003,-0.00011888518929479945,-0.0019586237613112003,-0.0028062500059603986,-0.005774751305580202,-0.010086897760629699,0.0002462244592607004,-0.002179622650146501,-0.0015918826684354999,-0.0006094193086027995,-0.0128741264343262,-0.005113086896017199,-0.0015084412880241004,-0.0021637345198541997,-0.0003775076474995,-0.0115582419093699,-0.0200511962175369,-0.0030821904801996,-0.0029927085852251,-0.0024708416312932426,-0.0001055834509315164
nonmember_295.png,0,-0.005571270361542698,-0.0196380317211151,-0.043633762747049394,-0.0012438101693986996,-0.0020956303924322,-0.0027607446536421997,-0.004687450826168102,-0.010348265990614898,-0.0143059454858303,-0.0008371188305318997,-0.0022950372658670005,-0.0012850414495914999,-0.0016243737190961005,-0.006303282454609902,-0.0074513293802738,-0.0013390663079916997,-0.00039855786599219973,-0.0005240463651717,-0.004626863636076499,-0.0071912705898285,-0.006783128716051601,0.00011645769700409977,-0.0002998325508087999,-0.0007233296346385,-0.00015216786414379985,-0.0046639153733849,-0.0027113000396638996,0.00046161515638229976,-0.0016556212212890003,-0.0002706890954868,-0.0046519991010427995,-0.0031499480828642997,-0.0011188575881533,-0.0013189078308641997,-0.00029447971610359997,-8.768817133386007e-05,-0.008231778279878199,-0.0023938517115312,-0.0005710968034690886,-0.0042126340558752,-0.0007166880150179137,7.351954991463572e-07
nonmember_296.png,0,-0.0035574063658714017,-0.03603425621986389,-0.08044554293155669,-0.000366323627531499,0.0006490759551524995,-0.0031388895586133003,0.0019953027367591997,-0.017212718725204496,-0.03720080852508541,0.0002582175657152991,-0.002165952697396299,-0.0033545903861523004,-0.003285661339759799,-0.015364635735750198,-0.024730112403631196,-0.0020517250522970997,-0.0031251334585249,-0.0030291005969047997,-0.008128793910145801,-0.024316769093275105,-0.029507664963603096,-0.00021033454686409953,-0.0030984482727945,-0.0019407994113862003,-0.007672389969229702,-0.0158154871314764,-0.014140206389129101,-0.0002947556786239,-0.0015198301989585005,-0.0011495614890009,-0.005480946972966199,-0.008090682327747298,-0.0073042181320489,-0.0030960263684392,-0.0006018013227730998,-0.0010081784566865,-0.007949178805574799,-0.0090359800378792,-0.0056298745621461005,-0.0023779243929311,-0.0021897912884014355,-0.0005717595340683219
nonmember_297.png,0,-0.0037199035286903,-0.0174860879778862,-0.0267840512096882,0.0007209442555903989,-0.0008173249661923001,-0.0007820101454853994,-0.0011342279613018001,-0.007394732907414495,-0.010669974610209496,0.0023488784208894,-0.0006368001922964998,-0.0003685206174850004,-0.0009484682232141009,-0.003906000405550003,-0.006238080561161,-0.001068954356014699,-0.0012267539277672,-0.0008426525164396,0.0011328421533106994,-0.005601236596703498,-0.008038888685405301,-0.0002997778356075998,0.0004938787315039998,-0.0016533606685698,-0.0025623869150877,-0.0054167192429304,-0.0062201055698096,-0.0036350684240460006,-0.0013619035016745,-0.0005807764246128,-0.0010252352803944986,-0.0027352808974684005,-0.0039456286467612,0.0017167180776596009,-0.0002974134404211998,-0.0006468551291619,-0.014699331484735,-0.0061703893588854995,-0.0024905164609663,-0.005416265223175301,-0.001995245962461895,-0.00017730280160313769
nonmember_298.png,0,-0.004723120480775805,-0.03471899032592769,-0.08727319538593291,0.0034839687868952994,-0.002725255209952599,-0.0075637982226908,-0.0078128818422556,-0.017030976712703705,-0.0387385711073876,-0.0036248471587897006,0.0010144668631254994,-0.0017373971641064002,-0.004534877836704299,-0.012545682489872,-0.021023184061050394,-0.0024789082817732993,-0.0032186359167099,-0.0020073493942617997,-0.00011791847646229828,-0.015320111066103002,-0.026516471058130202,0.0031085987575352,-0.0005586124025285001,-0.002230535261333,-0.0037805996835232024,-0.015571897849440498,-0.013134219683706799,-0.003740070387721,-0.0013090679422020995,-0.0013197758235038,-0.004041666164994299,-0.013573699630797001,-0.0065751643851399005,0.0023401807993650003,-0.0023290930548683,-0.0003350258630234,-0.0134944100864231,-0.0107406842871569,-0.0038409506960306997,-0.0061149956891313004,-0.0011279836780885533,-9.433143713976033e-05
nonmember_299.png,0,-0.009605968371033596,-0.029386207461357103,-0.0781312584877015,-0.0029096305370331,0.0003299815580248989,-0.0024016527459025,0.0005071517080067998,-0.017056722193956396,-0.04135801643133161,0.0002122363075613993,-0.0016238689422607994,-0.0025465609505773007,-0.0019198525696993013,-0.010607063770294203,-0.024989835917949697,1.963693648569971e-05,-0.0018701441586017001,-0.0026280782185495,-0.0050258487462996985,-0.0159537326544523,-0.0275194067507982,-0.000862125307321499,-0.0019248109310865992,-0.0020874924957752002,-0.007247906178236001,-0.0146200656890869,-0.0135495467111468,-0.0013997890055180004,-0.0029248873470351005,-0.0008482106786687001,-0.0067812437191606,-0.009559908416122198,-0.005877246381715001,-0.0018734699115156997,-0.0011719719623214998,-0.0002753642183960777,-0.007575924624688901,-0.0062044699734543005,-0.00326670796494,-0.0027604737551883,-0.0005651736537401895,-5.0480186473578194e-05
nonmember_300.png,0,-0.003455024212598797,-0.025736361742019695,-0.0710519403219223,7.605832070120035e-05,-0.0022861082106827996,-0.002503579482436201,-0.0040700826793909,-0.0169878266751766,-0.0359130948781967,-0.0031496705487371003,-0.0030355704948306006,-0.003044238779693899,-0.0015159659087657998,-0.009901896119117702,-0.0221502855420112,0.0016620866954327003,-0.00040827458724379973,-0.0007212269119918,-0.005220266059040999,-0.0165055692195893,-0.0241555031388998,-0.0019802460446954,-0.0016845157369972,-0.0027671810239553,-0.0016591344028712013,-0.0128200808539986,-0.012680047191679499,-9.55038703978001e-05,-0.0020042092073708,-0.0010910897399299,-0.0066666314378379995,-0.0083157480694354,-0.005728761665523101,-0.0011811042204499002,-0.0008851445745677,-0.000280565203866,-0.007252279901877101,-0.0058685147087089,-0.0031723170977784,-0.0033967763883992995,-0.0006497269750979949,-7.420760084639547e-05
nonmember_301.png,0,-0.0068677570670842986,-0.02246621996164319,-0.06288213282823561,0.0018924940377474005,-0.003526771441102,-0.0008843969553708995,-0.0050515886396169975,-0.0181400999426842,-0.0368011258542538,-0.0030212486162781004,-0.0009485669434071003,-0.0037548141553998,-0.001973958685994103,-0.011396598070859902,-0.020472962409257896,-0.001677209045738,-0.0010792124085127995,-0.0023546880111099,-0.005568167194724097,-0.018130280077457497,-0.021290721371769905,-0.0017837802879513004,-0.0023691854439676,-0.0013259858824312002,-0.004074669443070901,-0.012930354103446002,-0.0088046789169311,0.00030614901334050006,-0.0022257121745497,-0.0007334442343563,-0.0046407300978899,-0.008228032384067701,-0.0034649115987122002,-0.0006789015606046,-0.0013052042340859998,-0.0001565591883263201,-0.007946820463985201,-0.0065368549257983,-0.0018865669117077,-0.0035710082156583,-0.0009697740497357848,-2.8270304028410465e-05
nonmember_302.png,0,0.0005739852786064009,-0.027558371424675,-0.0505539998412132,0.0031366967596114003,-0.001660873182117899,-0.0029744324274362,-0.0015313420444726979,-0.013653930276632295,-0.0239246189594269,-0.0043590608984232,-0.001331423409283201,-0.0029802564531564,-0.0013184398412704017,-0.0102276802062988,-0.0130590945482254,0.0023876875638960994,-0.0010222047567367996,-0.0007777316495775999,-0.007297420874238101,-0.0155914276838303,-0.0146289998665452,-0.0014368677511810996,-0.0023695109412074002,-0.0013792857062072,-0.004769904538988998,-0.0120659563690424,-0.0061599719338118995,-0.0010975948534905997,-0.0010918346233666,-0.0005773931625299,-0.005748421885073201,-0.0092960917390883,-0.0025492295389994996,-0.0011618188582359999,-0.0020792424329556,-0.00016590570157855647,-0.0103056008229032,-0.0064070281223394,-0.0012986720103072,-0.0044610493350774,-0.0008155946252372389,-3.038525755982846e-05
nonmember_303.png,0,-0.006495049223303802,-0.022179692983627305,-0.040806151926517494,-0.0035972148180007995,-0.0010445341467857985,-0.0026099188253283006,-0.0004727765917778015,-0.010246753692626995,-0.016975361853837898,0.0004605092108249005,-0.0009085340425372002,-2.1090731024699626e-05,-0.0036613419651984995,-0.005915854126215002,-0.012124190106988002,0.00041184341534979997,-0.0012865997850895006,-0.0025611757300795005,-0.001595916226506202,-0.014331556856632198,-0.010979656130075401,0.0024849907495081,-0.0013889227993785997,-0.0013226224109529998,-0.003975784406066,-0.012349283322691904,-0.006955312564969101,-0.0030251629650593003,-0.0019052859861404003,-0.0011997730471194,-0.002301117405295299,-0.009689025580883,-0.0041517266072333,-0.0008921888656914,-0.0018156187143176998,-0.0003868108324241,-0.0121145803714171,-0.0102468031109311,-0.0027755123155657,-0.0049167906399816,-0.0014305098011390283,-0.00015693305613232242
nonmember_304.png,0,-0.0036242492496967003,-0.022420398890972193,-0.0358646288514137,0.0015218858607112997,-0.0027117682620883005,-0.0030213380232453997,-0.0035624261945486,-0.009873293340206105,-0.015044450759887702,0.0007044933736323998,-0.0022883741185068997,-0.0018347012810409004,-0.004218421876430498,-0.009551741182804097,-0.008562712930142899,-0.0034047956578432993,-0.0003326400183141006,-0.0006500078598037,-0.004397301003337,-0.0109092770144344,-0.008288644719868902,0.0003378503024577999,-0.0014806827530264998,-0.0009926987695508,-0.0028489651158452,-0.0063569480553269005,-0.0040381608996541,-0.0023145512677729,-0.0012105060741305,-0.0004365499480627,-0.0041945255361497,-0.0048015201464295006,-0.0019686854211613,-0.0007171707693488,-0.00100446655415,-0.00010205979197051008,-0.0064770717872307,-0.0039657039887971,-0.0010779854055727,-0.0032444684766232998,-0.0009451187215744885,-3.70701563952025e-05
nonmember_305.png,0,-0.004956590011715899,-0.019077595323324197,-0.024684689939022002,0.0008602645248174997,-0.0020293607376516004,0.00025684013962750003,-0.004454150795936598,-0.007215596735477402,-0.012931033968925504,-0.0022740010172129,-0.00037766434252259947,-0.0026498544029892003,-0.0013093724846839003,-0.0021409131586552013,-0.0109269060194492,0.0001243348233402001,0.0001016864553093997,-0.0017489138990639998,-0.003781097941100601,-0.008191250264644599,-0.015447381883859697,0.0008400646038353001,-0.0018475772812963,-0.002193073858507,-0.002805755473673399,-0.0078705968335271,-0.009679825045168402,-0.0019891303963959,-0.0012168430257588,-0.0012441918952391,-0.0034181308001280004,-0.0066077318042517,-0.0047501719091087,-0.0004502041265368002,-0.0007777396822349,-0.0002801907103275,-0.0044224481098354,-0.0054701794288121,-0.0029364671063377003,-0.0017554264049976995,-0.0016309002894558137,-0.00015489717407035034
nonmember_306.png,0,-0.001727450639009396,-0.024290405213832897,-0.06723703444004062,-0.00028157047927379955,0.0023928470909595004,-0.0027325013652444007,-0.0040524341166019995,-0.016991823911666898,-0.0353265106678009,-0.0016510724090039001,-0.0021505234763025995,-0.0033660144545137995,-0.0019104648381472016,-0.012661434710025801,-0.019511144608259194,0.0016217068769036995,-0.0025355233810842003,-0.0018003946170209997,-0.004042763262987099,-0.018273122608661603,-0.0249407347291708,-0.0024631042033434,-0.002279004547745,-0.0030279575148598,-0.0034626033157110006,-0.014601964503526698,-0.0110435876995325,3.3083837479400656e-05,-0.0013122619129717003,-0.0010404323111288,-0.005861999467015301,-0.009668636135757,-0.0050048651173711,-0.0016645216383040003,-0.0014521428383886998,-0.0003197736514267,-0.0101098413579166,-0.0076006719609722,-0.0027415769582148997,-0.0039765784167685,-0.001053833289915879,-7.593685586461762e-05
nonmember_307.png,0,-0.006811562925577198,-0.0390785112977028,-0.06666610389947891,-0.001040413975715599,-0.0028201285749674,-0.004009702242910899,-0.0053590927273035015,-0.0224144347012043,-0.027818422764539698,-0.0008863043040036999,-0.0023626550100743,-0.0020175485406071,-0.004821302369237002,-0.014064390212297405,-0.014440950006246598,-0.0014791162684560004,-0.00021415436640379992,-0.0012828776380046998,-0.003909463062882399,-0.017370814457535796,-0.013725081458687801,-0.0021041985601187004,-0.0024550838861615,-0.0012363143614493,-0.006381416693329799,-0.009148274548351702,-0.005474929232150301,0.0008025122806430002,-0.00046885712072249975,-0.00045056417002350003,-0.005278334952890901,-0.0067406343296171,-0.0020930374739692,-0.0018357997760176,-0.0016655693762005,-0.00011417733912813131,-0.00805954716634,-0.0057345120294485,-0.0010632849807734,-0.0031830032821745,-0.0012180186713520984,-2.1976899006403983e-05
nonmember_308.png,0,-0.0037704743444919968,-0.02894341200590131,-0.0688120722770691,-0.0005046362057327999,-0.0014658439904450989,-0.0052847312763334,-0.004980111494660402,-0.007872626185417203,-0.028748579323291792,-0.0019109877757728004,0.0015897918492554994,-0.0018235663883388008,-0.00033364631235599865,-0.009290844202041598,-0.022305607795715304,0.0009126667864621007,-0.0018532061949371997,-0.0018064994364975998,-0.0027359686791896994,-0.018100991845130997,-0.0268231574445963,-0.0012274542823434006,-0.0020785583183169,-0.0031606873963029,-0.005960198119282702,-0.0204570796340704,-0.015736893750727197,-0.0011425595730542998,-0.0029919005464763004,-0.0013369640801102,-0.0036995597183703995,-0.013116855174302998,-0.007307774852961301,-0.0015182625502347998,-0.0012357535306363999,-0.00036463521246329997,-0.0116515781264752,-0.012416117766406401,-0.0040782015275908,-0.0035404053633102004,-0.002119304463121761,-0.00012124416753061132
nonmember_309.png,0,-0.006622979417443199,-0.027149528264999404,-0.024161385372280998,-0.0016755848191677995,-0.0018617208115757006,-0.0023465364938602,-0.0053443480283022,-0.011919535696506497,-0.007761745247989899,-0.00035873195156459984,-0.0014548506587742996,-0.0009419090347364,-0.0012584235519171004,-0.006363470107317,-0.0032140766270459,-0.0003925571218132999,-0.0008716697338969001,-0.00015239563072100005,-0.004220090806484202,-0.007281315512955201,-0.0025785465259105,-0.0012363335117697005,-0.0011747671524063,-0.0002145916223526,-0.00406030472368,-0.0032506941352039,-0.0009668344282545,-0.0013561914674938003,-0.0005476418882608001,-9.000592399389999e-05,-0.0022520306520163996,-0.0015662659425288998,-0.0004015788144898,-6.453506648539976e-05,-0.00018077346612699997,-3.9881109842042654e-05,-0.0049531442346051995,-0.0010964154062093317,-0.00019342538143965937,-0.0032513231853954997,-0.0003891082888002922,-2.2846208594273776e-05
nonmember_310.png,0,-0.004300685599446297,-0.014845728874206501,-0.024513907730579404,-0.0010139630176127,-0.0008714823052286998,-0.0019594398327171005,-0.002679189667105699,-0.006503347307443598,-0.010716749355196897,0.0003337194211780999,-0.0009743804112075996,-0.0009016897529363996,-0.003961605951190002,-0.0048474930226803,-0.008372157812118503,-0.0027573667466641,-0.0011950717307628008,-0.0015940566081554001,-0.002786563709378201,-0.0072338562458754,-0.008893238846212698,0.0004362701438368,-0.0006801839917897996,-0.0015117147122510003,-0.003975201398134299,-0.007500695995986401,-0.0044433691073208995,0.0008274214342235998,-0.0016992350574583,-0.0006167562387418,-0.0029622130095958,-0.0043494268320501,-0.0020155562087893,-0.0019213734194635998,-0.0008712687413208001,-0.00016269503248612786,-0.0092537743039429,-0.0040363947337027995,-0.0010988763751811998,-0.0035923055838794,-0.000840203538245917,-5.0411617849022164e-05
nonmember_311.png,0,-0.008309075608849602,-0.043042525649070795,-0.06477878987789151,-0.0038485196419059996,-0.0037839543074368997,0.0009494153782725993,-0.0030751228332518976,-0.022580251097679103,-0.0581805557012558,0.0013374146074056,-0.0009551062248647005,-0.008133086841553498,-0.0042091403156519006,-0.012095153331756606,-0.04196578264236449,-0.0005695931613445004,-0.0010180026292800999,-0.0019417596049607008,-0.0035606808960438018,-0.017803655937313995,-0.0497649759054184,-0.00028462288901210005,-0.0031621854286641,-0.003971023950725799,-0.0033878618851303985,-0.0109996674582363,-0.023691600188613,-0.0010247058235109,-0.0011026239953935003,-0.0013536358601413002,-0.005482282955199501,-0.008256831672042601,-0.0108012417331338,-0.0019374322146176997,-0.0012904808390886,-0.00035299315641169996,-0.0060856372583657,-0.0062347209313884005,-0.0060573607624974,-0.0020598702831194004,-0.0007616066686750119,-8.33050871733273e-05
nonmember_312.png,0,-0.0018655415624379973,-0.009510459378361702,-0.0173701755702496,0.0013778721913695006,-0.0016219359822571,-0.0013668695464730003,-0.006577894091606102,-0.0036322288215160994,-0.006615806370973601,-0.0034198383800685007,0.00035384204238649974,-0.0006721287500113002,-0.0021801572293043987,-0.0033024661242962022,-0.003351648338139,-0.00035772938281300026,-0.0014957231469452,-0.0012655584141611997,-0.0031417952850461006,-0.007911663502454699,-0.0055652842856944,-0.0004604929126798994,-0.0015002435538917997,-0.0008074205834419001,-0.0006354991346596995,-0.0035711652599275,-0.0029473018366844,0.0013359319418668998,-0.0003088659141211999,-0.0008547720790375,-0.0037743095308543006,-0.0030990159139038,-0.0013693150831386,-0.0025239745154977,-0.0012730698799715001,-0.00017411801673,-0.0059514851309359,-0.0031443781626876,-0.0007578331278636518,-0.0040449375519529,-0.0009777853701961594,-7.295492832780468e-05
nonmember_313.png,0,-0.0075058098882436995,-0.0190681889653205,-0.017602780833840398,-0.0023119933903217003,-0.0014525607693940995,-0.0010557055938989002,-0.0039697159081697984,-0.0082537047564984,-0.005233269184827799,-0.00018034316599370003,-0.0006727457512170003,-0.00010217446833849994,-0.0022726263850927006,-0.003902155905961999,-0.004682903178036199,0.00035688886418940025,0.00012203515507280003,-0.0011783946538344,-0.005197631195187602,-0.003534755669534201,-0.0043004597537219,-0.0020593800581992,-0.00021642888896159992,-0.0008429020526818999,-0.0024390267208217985,-0.003105597104877199,-0.0020271852845327003,-0.0006753532215953003,-0.0016429371898994,-0.0003021046868525,-0.002281238324940201,-0.0028066383674741004,-0.0009504360496066,0.0006133606657386008,-0.0008701181504876,-0.0001472658077545908,-0.0039009395986796,-0.0023838157358114,-0.0004867855459451195,-0.0027363586705178005,-0.0005761662669100712,-1.923003947013057e-05
nonmember_314.png,0,-0.007127217948436702,-0.030778266489505796,-0.06404974311590199,-0.0004111849702895,-0.0038688881322741994,-0.0030523645691573993,-0.005079446360468896,-0.013293236494064303,-0.029239475727081306,0.0016293283551931,0.0016703112050890992,-0.0026140364352614,-0.0025414060801268006,-0.010251086205244099,-0.015330730006098702,0.0007527647539972999,-0.003936203662306099,-0.0010329557117075001,-0.0066247545182704995,-0.013890925794839797,-0.0156733812764287,-0.0035494579933583,-0.00033807149156919996,-0.0013318762648849999,-0.0035031512379646006,-0.014011822640895902,-0.0062205046415329006,0.00015639141201970012,-0.0030447186436504004,-0.0007546552224085,-0.0031558666378259,-0.0097907725721597,-0.0026196725666523,-0.0017149634659290001,-0.0019183971453458999,-0.00024356781796090003,-0.0099369410891086,-0.008184184291167199,-0.0014314936925075,-0.003633477666881,-0.0010865217009267255,-6.026084884060842e-05
nonmember_315.png,0,-0.006170442327857101,-0.0255813151597976,-0.03168329969048501,-0.0020492770709098,-0.0040830546058714,-0.0019284859299659998,-0.005719747394323297,-0.009302796795964303,-0.010923171415924998,-0.0006509488448501006,0.00047792214900259974,0.00022386619821189967,-0.0013891812413930997,-0.0051508471369743,-0.005890097469091502,-9.869225323199358e-06,-0.0011162066366523999,-0.0009720250964164994,-0.004422483965754502,-0.004759512841701501,-0.008601526729762499,-0.0018908134661614001,0.0005717610474675998,-0.0016767448978498001,0.0006067845970392002,-0.003267528489232098,-0.0059480667114257995,0.0010368209332226996,-0.00043098162859680003,-0.0008201602031477001,-0.003372735343873499,-0.003975179046392401,-0.0037191957235336004,-0.0016761268489061997,-0.0006579712498932994,-0.0006126843509264,-0.007008239161223201,-0.0104264587280341,-0.0027825412689708,-0.0028264956781641,-0.0032546899237785886,-0.00019203285773982824
nonmember_316.png,0,-0.009552393108606401,-0.029258545488119098,-0.051399014890194,-0.0014286078512668002,-0.0036119217984378997,-0.005042013712227399,-0.003756556659936898,-0.012372184544801705,-0.025744780898094198,0.000146807171404301,-0.0012387875467538998,-0.0023138632532209,-0.0024268459528684026,-0.008168302476406097,-0.012613583356141999,-0.0009112195111811005,0.00024064211174850032,-0.0004251915961504,-0.0039533972740174,-0.0083527993410826,-0.0128899142146111,-0.0018190988339483998,-0.00043146079406140066,-0.00121070665773,-0.0039913803339004,-0.0086331209167838,-0.005770509596914001,-0.0004234649240969996,-0.0024108886718749996,-0.0007343487523031,-0.0031634774059058,-0.0074825407937169,-0.0024832807248457997,-0.00026665627956390034,-0.0019859813619405,-0.00020782261708510651,-0.0113458998966962,-0.00598428491503,-0.0013038317847532,-0.0043352405773476,-0.0008259579844889023,-1.528988650534302e-05
nonmember_317.png,0,-0.003535415977239699,-0.0303645357489586,-0.06656862050294869,0.0002482850104570007,0.0009805811569095005,-0.0029082149267197002,-0.005379788577556596,-0.019586965441703796,-0.0296847969293595,-0.003298630937933901,-0.001495248638093501,-0.0024136807769537,-0.005576329305768003,-0.0127903893589974,-0.016255790367722497,-0.0007278299890459,-0.0014448901638387992,-0.0009881670121103,-0.005516238510608701,-0.023545533418655396,-0.014499613083899,-0.0017366055399179,-0.0038145547732711003,-0.0011653859401122002,-0.005438603460788699,-0.018827004358172403,-0.0075835129246116005,-0.0013303407467902002,-0.0027353704208507995,-0.0008563398150726999,-0.006748377345502401,-0.0102598033845425,-0.0033801831305027004,0.0004224949516356,-0.0009406660683453001,-0.00022283434373099998,-0.0093367324443534,-0.0070361772086471,-0.0019489735859678997,-0.004458810435608,-0.0007217919228423803,-8.617912681066886e-05
nonmember_318.png,0,-0.007299926131963799,-0.030047677457332597,-0.0567254088819027,-0.002573805861175101,-0.0011194599792362005,-0.0035141040571034,-0.0027736183255910006,-0.011163257062435199,-0.0239428356289864,-0.0011279084719717997,0.0003745472058654005,-0.0012407270260155001,-0.0042346399277449,-0.013380803167819998,-0.013572977855801499,0.0015786564908921996,-0.002055454067885901,-0.0008532174397259998,-0.004925709217786799,-0.015245769172906803,-0.0135224657133222,-0.0013067373074590995,-0.002442727331072,-0.0017511813784949002,-0.002023789100348901,-0.0114361150190235,-0.006317501887679099,-0.0008897278457880003,-0.0019382061436772997,-0.0006128656095824999,-0.0036359317600728,-0.0082363057881593,-0.0028926491504535,-0.0020997496321797,-0.0011056917719543002,-0.00023945525026646284,-0.0097988210618496,-0.006758631090633601,-0.0016391701065004,-0.0028378862189129,-0.0009076454316527101,-3.278920485172421e-05
nonmember_319.png,0,-0.001412047073245,-0.024598263204097706,-0.0579833909869194,-0.0004968056455254,-0.0003435444086789998,-0.0017346199601887997,-0.0020576100796461,-0.012491349130868995,-0.0258616730570793,-0.00048477621749050057,0.0008488250896335012,-0.0014894949272275006,-0.00038044154644019737,-0.0087902396917343,-0.0143690034747124,0.0005776616744697007,-0.0026804953813553004,-0.0019854181446134996,-0.0055567398667335025,-0.017934951931238202,-0.0159205114468932,-0.0009295647032559005,-0.0015958365984261001,-0.0020045184064657,-0.005490422248840398,-0.0151316253468394,-0.0074074896983802995,8.736876770859981e-05,-0.0025321927387267,-0.000621067621978,-0.007641633041203001,-0.0085724745877087,-0.0033882905263453,-0.0033851973712444,-0.0010081832879223,-0.00015559460007346612,-0.0088366098352708,-0.0061635783058591,-0.0018363628769294,-0.0034540286287666,-0.0008875634193827649,-5.160353612154722e-05
nonmember_320.png,0,-0.0036168843507767,-0.0307563096284866,-0.043610855937004096,-0.00042262021452189966,-0.0006857295520602998,-0.0037112820427865,-0.004098929464817002,-0.013558339327573804,-0.015646653249859803,0.0010010469704866002,-0.0009708153083920999,-0.0014008432626724,-0.0033079050481319983,-0.010376648977398897,-0.0080912504345179,-0.0021090689115226,-0.0013494105078279998,-0.0011361505603418001,-0.005109407007694199,-0.012081937864422802,-0.0066592171788215,0.0006352905184031001,-0.0006422479636967,-0.00047963071847329994,-0.002900011837482501,-0.0089546050876379,-0.002924383035861,-0.0009006815962494001,-0.001886973506771,-0.0003572980931494,-0.0058008283376694,-0.0059126918204128005,-0.0010925882379524002,-0.0026473978068679,-0.0012800229596906,-7.403361087198075e-05,-0.008179472759366,-0.0040587652620161,-0.0006046208873159,-0.0026291282847524,-0.0005740627602789756,-2.939093974418938e-05
nonmember_321.png,0,-0.0019077137112617007,-0.026345416903495802,-0.0488190725445747,-0.0009546959772705997,-0.000973179936409,-0.0023215585388243,-0.0052728299051523,-0.013231426477432195,-0.024313092231750502,-0.0024766735732555997,-0.002182934898883101,-0.0022350423969328998,-0.0012159124016762023,-0.010946244001388605,-0.011943049728870399,-0.00022008549422020043,-0.0014002849347889996,-0.0010946025140583003,-0.002057204023003599,-0.011179488152265497,-0.013450304046273199,0.0010061552748084008,-0.0002990243956447003,-0.0008626698981970997,-0.006450811401009501,-0.008748520165681901,-0.0065796179696918,-0.0029631992802024,-0.0018852700013666998,-0.0008420732629020001,-0.0048939054831863005,-0.008011820726096599,-0.0029933545738458,-0.0004607220180332999,-0.0012049590004608,-0.0002924819418694,-0.0111904598306864,-0.0101780610275455,-0.0017510355392006001,-0.0034014370176009005,-0.0017026711793732283,-5.2890194638154244e-05
nonmember_322.png,0,-0.006732385605573696,-0.025429166853427894,-0.037830080837011296,-0.001748050563037399,-0.0015749530866741995,-0.0029997276142240004,-0.004713535308837901,-0.012513525784015704,-0.0164808817207814,-0.002073211129754701,-0.0022233026102186004,-0.0011940009426325,-0.002312982454896001,-0.008613359183072995,-0.009214736521244,0.0010444098152219998,-0.0006720186211168003,-0.0010963708627968998,-0.002487853169441199,-0.011374587193131402,-0.0109121995046735,3.4393742680011857e-06,-0.0007564928382635993,-0.0011265425710008,-0.0030120555311441005,-0.0098896240815521,-0.0054954462684691,-0.0011380133219063004,-0.0020365391392260005,-0.0005412219034042,-0.0074729826301337,-0.007338946685194901,-0.0023787983227521,-0.0023891027085483005,-0.0013021405320615,-0.0001436168386135,-0.0082261865027248,-0.0059305875038263,-0.0013926116516814,-0.0026203582528979,-0.000981233170023127,-3.061470488316624e-05
nonmember_323.png,0,-0.005368422716855999,-0.018922969698906,-0.03235683031380181,0.0008249497041107005,-0.0006716544739902002,-0.0023123745340854003,-0.0016224961727857,-0.006932066753506598,-0.012549083679914499,-0.0019390857778490006,-7.055141031740014e-05,-0.0008898295927791998,-0.0031051784753799994,-0.007248938083648699,-0.0060599558055401005,0.00017306627705690036,-0.0014103865250944996,-0.0005932672647759999,-0.002785908058285703,-0.009603684768080701,-0.0063197365961969,-0.0004165391437709002,-0.0011605953332037003,-0.0010231298801955,-0.0022177435457706,-0.0062377718277276,-0.0025687195593491,0.0013963854871689996,-0.0015927698696032,-0.0002990664797835,-0.005556162446737298,-0.0039321139920503,-0.0010405151988379,-0.00359155703336,-0.0008861469104886,-2.7099769795299993e-05,-0.007958936737850301,-0.003165870468365,-0.0005730355260311593,-0.0034660994424485,-0.0006197299207997012,-7.204682333387991e-05
nonmember_324.png,0,-0.004299942404031802,-0.028449445962905898,-0.06851309537887569,-0.0035112556070088993,-0.0027397256344555993,-0.0035556964576244996,-0.004240676760673495,-0.0147109255194664,-0.029857762157916995,0.00014847330749030024,0.0002907374873756998,-0.0030251368880271,-0.005933068692684201,-0.012896094471216202,-0.0191366672515869,-0.0005627535283565001,-0.0014238706789911001,-0.0009088281076401997,-0.00035639293491840016,-0.021835111081600203,-0.0198993980884552,0.0009866273030638,-0.0022224755957721996,-0.0022218776866793997,-0.0051101204007864,-0.0168143212795257,-0.0099172005429864,-0.0019116620533168004,-0.0017237693537027,-0.0006009860662743,-0.005962987430393699,-0.010980674065649598,-0.0041478350758553,-0.0019931965507567,-0.0020873695611954,-0.00035090118035439996,-0.0127573150675743,-0.010457240219693601,-0.0023601799039170003,-0.0038316781865432997,-0.0012983207088836306,-6.207912520036058e-05
nonmember_325.png,0,-0.003549873828888002,-0.030263446271419497,-0.0620457604527474,8.080434054130031e-05,-0.003582326695322999,-0.0052627562545239995,-0.0027976837009190993,-0.016534693539142595,-0.0330658331513405,0.0016918256878853,-0.0017390046268702004,-0.00029599992558360013,-0.005482388660311699,-0.009777061641216306,-0.0193466767668724,-0.004399390425533001,0.0007373783737421001,-0.0023540987167507,-0.0055375471711158995,-0.013988304883241598,-0.018926369026303298,-0.0006513544358314003,-0.0026522930711507997,-0.0013997486094013002,-0.0026914943009615014,-0.0165183022618294,-0.0098932674154639,-0.00018910784274339936,-0.0026954396162182,-0.0009657629707362999,-0.004074499942362298,-0.011026070453226598,-0.0046349612530320996,0.0005253581330181001,-0.0013505809474736,-0.0003418574342504,-0.010754779796116101,-0.009236899350071302,-0.0026526074798312003,-0.0049932492547669,-0.0010110588518727685,-8.533461732435343e-05
nonmember_326.png,0,-0.0017780605703591988,-0.0318423733115196,-0.0579827204346656,0.0032658418640494,-0.0007025338709354002,-0.0040143569931388,-0.0016585122793912992,-0.012962229549884803,-0.024175290018320097,-0.000668266788125,-0.0022824131883681003,-0.0023721461184323003,-0.0009601470082997998,-0.013232544064521796,-0.014846913516521502,6.308685988179984e-05,-0.0006188037805259002,-0.0012861541472374998,-0.010048752650618602,-0.017929965630173704,-0.0151385590434074,-0.0040307859890163006,-0.0039635880384594,-0.0014826589613222002,-0.005298890173435199,-0.009935094974935,-0.0066505786962807005,-0.0007890546694397996,-0.00013959920033820004,-0.00040403337334279997,-0.005408946424722701,-0.0047777069266886,-0.0027162255719304996,-0.0015274926554411,-0.0012020487629342,-0.00013946455874240201,-0.0069277985603548,-0.0031370788492495,-0.0014368244883371,-0.0030594478012063,-0.00045299265912034526,-2.4758035578997806e-05
nonmember_327.png,0,-0.004472766071558002,-0.0215205326676369,-0.05002061277627941,-0.0021022260189057004,-0.0027465317398308996,-0.0037939851172268998,-0.0026628859341145013,-0.0149282403290271,-0.02535433322191239,0.0004686443135143003,-6.805919110779938e-05,-0.0008617299608885999,-0.0020162686705588982,-0.008283164352178601,-0.014211118221283,-0.0012527164071798992,0.0001718541607260999,-0.0015200492925942,-0.0037012379616499017,-0.015861991792917297,-0.017323573119938304,0.00012752506881960005,-0.002733166795224,-0.0020509533351287003,-0.004083599895238901,-0.0123664597049355,-0.0082585527561605,-0.0028810049407185,-0.0016093950252980002,-0.0007927896513138001,-0.006039220839738799,-0.0070693613961339,-0.0035360641777516,-0.0007717139087616998,-0.0006910052616149001,-0.0002773039232123983,-0.0096399605972692,-0.0066719762980938,-0.0019964063976658,-0.0034355451934971,-0.0016324789357894764,-5.4132669902173816e-05
nonmember_328.png,0,-0.008476566523313502,-0.021928600966930403,-0.06244437396526341,-0.0008340934291482006,0.0007576253265142007,-0.0021333112381399,-0.003676384687423699,-0.009920977056026396,-0.026979140937328297,-0.0013551926240324991,-0.002116323448717601,-0.0025739006232469996,-0.0027532353997231016,-0.008005157113075305,-0.016465818509459496,-0.0003026500344276003,-0.0004642358981071992,-0.0013956832699478002,-0.0006699040532111983,-0.017793172970414096,-0.0158795807510614,0.0006810668855905004,-0.0025187525898219005,-0.0012540208990686,-0.0029526781290768987,-0.013511665165424402,-0.0071097943000496,-0.0016000778414309007,-0.0020631146617233,-0.0005761031934525,-0.003195685334503701,-0.009128210134804199,-0.0033467328175902002,-0.0004936652258037992,-0.00170994293876,-0.00019915376469724876,-0.0114731120411306,-0.0077659060480074005,-0.0018193967116531002,-0.0041022018995137,-0.0010017339409386296,-2.1658968762494637e-05
nonmember_329.png,0,-0.006252199411392205,-0.030585736036300604,-0.0690969079732894,-0.0017321398481726005,-0.0006770156323908996,-0.005308590829372399,-0.004072505980730098,-0.017369292676448794,-0.03733308613300329,-0.0010500391945242986,-0.003685197792947301,-0.0031083729118109,-0.0035919584333896984,-0.014514103531837505,-0.023875504732131902,0.0006776982918381986,-0.0021755001507699993,-0.0021304988767952004,-0.0045487210154533005,-0.022307027131319098,-0.0261790324002505,-0.0019853608682751985,-0.0023613732773810005,-0.0019018287421203998,-0.004597719758749001,-0.016564305871725,-0.0110741262324154,-0.0019085956737399006,-0.002154580433853,-0.000614878925262,-0.006023067981004699,-0.0086759319528938,-0.004790007136762199,-0.0017467830330134002,-0.0009181830682792,-0.00016180791863003682,-0.0115789133124054,-0.0056797473516781005,-0.0025687825109343997,-0.0035991871263832,-0.0007201329099188479,-4.6402263251366094e-05
nonmember_330.png,0,-0.007120445370674099,-0.02502241730690001,-0.052319370210170704,-0.0023017609491945007,-0.000602471642196201,-0.0013245139271021002,-0.0028338376432657,-0.016939632594585495,-0.0225058160722256,-5.805958062410008e-05,-0.0028916192241013,-0.0028364323079585994,0.0004920940846205001,-0.012146487832069404,-0.012586029246449498,0.002727638930082401,-0.0006903032772242997,-0.0006827660836280004,-0.008802153170108799,-0.013374194502830498,-0.0139415767043829,-0.005193246062845,0.00027378369122750025,-0.0017795248422770998,-0.0009366739541292989,-0.0091891009360551,-0.0079550966620445,-1.752004027370021e-05,-0.0017202817834914004,-0.001056804205291,-0.0037813689559698,-0.004812812432646798,-0.004568535136058899,-0.0011756429448724001,-0.0001452325377612998,-0.0005863199476153,-0.012947777286171901,-0.0101618630578741,-0.0033991607197095,-0.003961798793170599,-0.0034095144073944443,-0.00033290414285139767
nonmember_331.png,0,-0.0027227886021136995,-0.01303150132298471,-0.0371533110737801,-0.0010316777043043995,-0.0009779003448785002,-0.0025010360404849,-0.0024496167898177997,-0.006585806608200094,-0.018147274851798997,0.0009081414900719998,0.0002580350264906996,-0.0007740273140370004,-0.0005792081356049,-0.0015442781150341034,-0.0125297382473945,0.00013825111091129993,0.00017181877046820032,-0.0035354846622794997,-0.0039617139846086,-0.011522460728883698,-0.019693104550242497,-0.0032701892778277,-0.0013600774109363,-0.0014057860244066,-0.0002198461443185997,-0.0082636941224337,-0.0115761999040842,0.0020464248955249995,-0.0019884856883437,-0.0009890884393826001,-0.0017824824899435009,-0.008135950192809101,-0.0065539092756808,-0.0007825773209334001,-0.0015484690666197998,-0.0007803793414496,-0.0095222587697208,-0.0127718523144722,-0.0040747490129433,-0.0041099521331489,-0.0020000111180707002,-0.00018618705507827466
nonmember_332.png,0,-0.005611421540379503,-0.02243752032518391,-0.0544529780745506,-0.0015538074076176002,-0.0011300118640065002,-0.004617298021912599,-0.003209918737411499,-0.012112595140933997,-0.0263729244470597,-0.0007968442514537993,-0.0015625059604645,-0.0023607327602803005,-0.002345634624361999,-0.009102951735258102,-0.015021543949842397,-0.0004703304730356,-0.0011759540066123,-0.0010328483767808,-0.0028528403490781992,-0.018808845430612498,-0.014423754997551502,-0.0001934650354086997,-0.0021084276959300007,-0.0013574309996329,-0.004864079877734202,-0.014280276373028799,-0.0061186398379503995,-0.0003250851295889005,-0.0023537309607489995,-0.0005534628289752,-0.0070047825574875,-0.0077362079173326,-0.0025597326457501,-0.0027190276887267997,-0.0010506234830246,-0.00018449401977697595,-0.0074286402668804,-0.0049734881176846,-0.0013437828529277,-0.0024926998885347997,-0.0005692403519787424,-2.875717473216355e-05
nonmember_333.png,0,-0.005372773855924603,-0.02292514592409131,-0.0524654686450958,1.217238604999879e-06,-0.002743175253272001,-0.0023177010007202,-0.0046768058091401984,-0.014201290905475596,-0.025887213647365598,-0.0006503239274024998,0.0018878560513257998,-0.001667348202318,-0.004462828859686803,-0.009610425680875799,-0.0149205140769482,-0.0018651154823600994,-0.0040809423662722,-0.0015715842600912003,-0.0028674788773059984,-0.014211004599928901,-0.017843572422861997,-0.0010657138191164,-0.0012546638026833994,-0.0018747377907857,-0.004612392745912101,-0.013054944574832899,-0.0087805334478617,-0.0003015343099833003,-0.0017188263591379,-0.0007598165539092999,-0.0038061104714869985,-0.009586711414158301,-0.0038113598711789,-0.0004893266595899998,-0.0017663879552856,-0.0001603484997759,-0.007648130878806201,-0.0077265515283216,-0.0021149522508494,-0.0026970867766067004,-0.0009784517496881895,-0.00010011975246010621
nonmember_334.png,0,-0.0062855742871760975,-0.039349742233753204,-0.0881311818957329,-0.0009071468375623001,-0.0035208426415919997,-0.0046270163729786006,-0.005643129348754904,-0.021707836538553203,-0.039550282061100006,0.0011948146857321002,-0.0001587886363267994,-0.0018186611123382993,-0.001965502277016598,-0.0170932076871396,-0.026261717081069995,0.00031477771699429946,-0.0038058781065047004,-0.0033275021705777004,-0.007872292771935501,-0.021923726424574796,-0.027107043191790598,-0.003508907277137099,-0.0012638105545192996,-0.0028368866769597,-0.002253910526633301,-0.013287599198520201,-0.0119384890422225,0.002356730867177299,-0.0015803456772119002,-0.0005894352361793,-0.0064241224899888,-0.0058833505026996,-0.0047824899666010995,-0.0035448526032268992,-0.0005030744359827999,-0.00013524547102851771,-0.0088808936998248,-0.0038812289421912,-0.0027004695002688,-0.0040335448575206,-0.0006261944527068359,-6.385526648955421e-05
nonmember_335.png,0,-0.005448572337627404,-0.023938968777656597,-0.072913758456707,-0.0019392706453799993,-0.0018378077074885004,-0.0068020918406545994,-0.003844616934657097,-0.012235097587108612,-0.0371688827872276,0.002234548330307,0.0007155956700443996,-0.0021362286061047996,-0.0031610969454049995,-0.0143445804715156,-0.023002788424491896,-0.0039303028024733,-0.0023197960108519,-0.0002909475006164005,-0.001907648518681502,-0.016321457922458697,-0.0266840755939483,-0.0002544396556914,-0.0021269302815198994,-0.0034740861738099997,-0.004340257495641799,-0.020723631605505898,-0.012239021249115498,0.0005045821890234999,-0.0033408896997571,-0.0007335281406995,-0.0081376116722822,-0.0146571658551693,-0.005339788505807501,-0.0017777052707970004,-0.0018636822933331002,-0.0003380561101948421,-0.0112536343513056,-0.0107311153551564,-0.0029482635727618,-0.0043949991813861,-0.0011570171336642643,-4.064483073307201e-05
nonmember_336.png,0,-0.0015660393983125964,-0.022650364786386497,-0.05888399481773379,-2.233870327469998e-05,-0.000965360552072499,-0.0025215339846908994,-0.004970846697688099,-0.012148562818765599,-0.028819166123867,-0.0013100989162922,-0.0022612800821662,-0.0018237270414829003,-0.0022970829159020996,-0.0102586746215821,-0.017074020579457297,0.0008476069197058001,-0.0008564442396164001,-0.0019740422721951996,-0.004189256578683902,-0.014240859076380698,-0.0174649823457003,-0.00018733320757740018,-0.0024622990749776003,-0.0019560489454307,-0.0021541062742471,-0.0122642330825329,-0.0075614154338836,-0.0016081668436527998,-0.0018525696359574999,-0.0005455616337712999,-0.0043091755360365,-0.0068681458942592,-0.0033943448215723003,-0.0004623434506356005,-0.001140759093687,-0.0001999805899686,-0.0109984402079136,-0.0053583202243317,-0.0018696211773203998,-0.0043090258259326,-0.0007851421978556543,-5.33672609889993e-05
nonmember_337.png,0,-0.009077027440071099,-0.0319284275174141,-0.049188978970050805,0.0003572972491383986,-0.001396802254021199,-0.0033617722801865006,-0.004423080012202301,-0.014525867998600006,-0.0192135572433471,-0.0022012311965227994,-0.0003325142897665006,0.00015102187171580055,-0.004973674193024601,-0.009676031768321998,-0.010551936924457599,-0.0021393625065683998,-0.0016777301207185,-0.0022712682839483,-0.0036826208233834007,-0.0112446993589401,-0.013362482190132101,0.0021596848964690997,0.00010394025593990063,-0.0014306877274066,-0.0031896252185106,-0.0081093655899167,-0.006609636358916799,-0.0022451118566096002,-0.0021078395657241,-0.0008029322780203,-0.006013669073581701,-0.0070762317627669,-0.002925101085566,-0.0011133900843559993,-0.0016877171583474001,-0.0002387860367889006,-0.0089585891691968,-0.0059712653746828,-0.0016106130788103,-0.0037335492670536007,-0.0014027899705978716,-2.618303187773563e-05
nonmember_338.png,0,-0.004218060523271502,-0.0226332359015941,-0.03561432287096979,-0.0015241825021803006,-0.0026892838068307,-0.0035875258035958004,-0.0037789195775985995,-0.010027337819337904,-0.011932993307709704,0.0005560046993196002,-0.0011378335766493997,-0.0010172151960432,-0.0015366189181805004,-0.0026425942778586994,-0.0065352264791727,-9.583588689559934e-05,0.0010260124690830994,-0.00033632037229839977,-0.005137012340128399,-0.005452468991279599,-0.0094281751662493,-0.0021626385860146003,-0.0013266939204185997,-0.0011837494093925002,-0.0021482668817042992,-0.0052238386124373,-0.0051751146093011,-0.0005346331745386002,-0.0005753082223236999,-0.0008387617999687999,-0.002571020275354401,-0.0052161426283419,-0.0028268074383959,0.0024674334563315,-0.0018554893322288999,-0.00027081178268408885,-0.008179460186511299,-0.0062922546931077,-0.0016290657513309,-0.006009824108332401,-0.0012588307363329753,-4.7509496653219685e-05
nonmember_339.png,0,-0.0049772225320338995,-0.0291282385587692,-0.1297886371612549,-0.0011716112494467995,-0.004994202405214299,-0.005877113901078701,-0.003338538110256202,-0.0242455899715424,-0.06957188993692398,-0.0004927422851324012,0.0007566688582301001,-0.006134307943284501,-0.004076676443219199,-0.012941800057888003,-0.039865180850029006,0.00043503846973180077,-0.0015643322840333002,-0.0012329500168561996,-0.005698723718524,-0.022621005773544305,-0.043409924954176,-0.0017445823177696003,-0.0017770887352526006,-0.0036412768531591,-0.0013559665530919994,-0.018181886523961997,-0.0231207348406314,-0.0010760496370494001,-0.0024207700043916997,-0.0025749787455425,-0.006058134138584102,-0.014173389412462701,-0.0115294875577093,-0.0014700382016598996,-0.002580159343779,-0.0007223453721962,-0.014648154843598599,-0.0111522359657102,-0.006591497658519001,-0.0045340948854573,-0.0011812455704784878,-0.0001938966452143985
nonmember_340.png,0,-0.003571391105651904,-0.028267737478017807,-0.0687505081295968,-0.0017427885904908007,-0.0021878625266254,-0.0027474528178572013,-0.0035030078142880977,-0.009320750832557699,-0.03839880228042601,-3.160536289219945e-05,0.0008558440022170995,-0.0032759248279035993,-0.0013910774141549995,-0.010961078107356997,-0.027584426105022396,-0.0019556344486773005,-0.0027744057588279993,-0.0023293881677091,-0.0073815695941448,-0.0184170361608267,-0.0320083573460579,0.0014725108630956009,-0.0025352411903441,-0.0020554000511765,-0.0031851958483458016,-0.0121782533824444,-0.0141346044838429,-0.0016725799068809007,-0.0017752284184097999,-0.0007008771353867,-0.0047491183504462,-0.0062298835255206,-0.0057497941888868,-0.0015720035880804001,-0.0007401505718007999,-0.00016402587061743778,-0.009523099521175,-0.0039733794837957,-0.0031000217568363,-0.0035977767547592998,-0.0007427732398354196,-5.603775571216829e-05
nonmember_341.png,0,-0.010054357349872603,-0.030946858227252905,-0.076248437166214,-0.0027008145116269,-0.0018418692052364002,-0.0075843781232834,-2.1539628505699848e-05,-0.015093583613634096,-0.0360694974660873,0.0007476052269338998,0.00017267279326910016,0.00020504929125309945,-0.003254054114222499,-0.009933643043041299,-0.026014473289251307,-0.0010115043260156996,-0.0016972566954791,-0.0033190473914146996,-0.0022039506584406003,-0.013195995241403503,-0.030790900811552998,0.0005404157564043999,-0.0004218048416078004,-0.0023416429758071006,-0.003910131752491001,-0.017358416691422497,-0.0175833012908698,-4.913797602059972e-05,-0.0034232693724335,-0.0014002433163113998,-0.003660372458398401,-0.0116784758865833,-0.0083930608816444,-0.0026066224090755003,-0.0020922037656418997,-0.0003122849520878,-0.010631869779899699,-0.0091946533939336,-0.0047583407140337,-0.0033976935665123,-0.0007637339913343603,-6.50669244350609e-05
nonmember_342.png,0,-0.0030274689197540006,-0.008531117811798997,-0.0192516669631004,0.0013968758285045997,-0.00016347458586099973,-0.0007618269883096001,-0.0030845813453196994,-0.005204288288950903,-0.009067174978554299,-0.0013444977812468997,-0.0018816157244146,-0.0011851534945890002,-0.0021991208195687,-0.0048367939889431,-0.0056005381047725,0.0006804927252233002,-0.0006377324461937003,-0.0006440322613344,-0.004553738981485299,-0.008996901102364098,-0.0052719798404723996,-0.0023829028941691,-0.0021742201643064,-0.0008098662656265999,-0.0016107056289911999,-0.005382001399993901,-0.0021607413655147,0.0007623601704835996,-0.0007394207641482999,-0.0002249990793644,3.0098482966499363e-05,-0.0027030312921852,-0.000916933757253,0.0002487907186151002,-0.0005281644407659001,-4.076585173597837e-05,-0.007382537471130499,-0.0024739004002185,-0.0004833371131098067,-0.0055743963457644,-0.0005749549654865175,-3.210082650184632e-05
nonmember_343.png,0,0.002324040979146999,-0.0319489315152168,-0.08367106318473819,0.0016844542697072012,-0.004418647848069701,-0.0010771183297037992,-0.007795732468366699,-0.022432871162891402,-0.04045539349317551,-0.0008283788338304,-0.0005727130919695005,-0.0021720612421632004,-0.003132492303848197,-0.015318013727664996,-0.021880652755498893,-0.0006083576008677014,-0.00014430098235609923,-0.0041421870701014996,-0.010990692302584704,-0.0237347148358822,-0.028113095089793202,-0.003013867419213099,-0.0040737898088991,-0.0032953082118183,-0.006363717839121798,-0.015627592802047702,-0.0121099944226444,-0.0018683127127587006,-0.0019395721610636,-0.0007605405990034999,-0.005224404856562602,-0.0105849332176149,-0.0049147675745189,-0.0010031610727310996,-0.0014345194795169001,-0.0002763245138339,-0.010766552062705199,-0.007430367055349,-0.0026572485512588,-0.0033948455238714,-0.0008860094148984966,-7.610505781483394e-05
nonmember_344.png,0,-0.007335916161537101,-0.028670944273471805,-0.06309029459953308,-0.0019837524741887994,-0.0023605036549269997,-0.0049868794158101,-0.0038030240684747973,-0.014989022165536894,-0.030265647917986006,-0.0008658459410072015,-0.0014200136065483995,-0.0013292096555233002,-0.0013494864106178006,-0.010209534317255,-0.0188042297959327,0.0012321835383773006,0.00026733428239829934,-0.0019420511089265,-0.006342912092804898,-0.0155089348554612,-0.0192882930859924,-0.0035104299895465,-0.0026504280976950997,-0.0009693367173896001,-0.0033335685729981024,-0.011368035338819,-0.0082080587744712,0.0007167900912462997,-0.0017928463639692,-0.0007970580190885,-0.0049780178815125985,-0.006489363033324501,-0.0032320079626516,-0.0015889708884059993,-0.0009118826128542,-0.00013629448221762804,-0.0114614834310487,-0.0051604089385364,-0.0017451973253628,-0.0046233751927503,-0.0005747059149143591,-1.7115409718826413e-05
nonmember_345.png,0,-0.003560652956366501,-0.018176276236772496,-0.043307185173034696,0.0014756573364139002,-0.0014325063675641996,-0.0032969457097352,-0.005493892356753301,-0.006959367543459001,-0.019071776419878,-0.0024468726478517003,3.875652328130027e-05,-0.0002854173071682002,0.0013551265001296997,-0.0046628415584564,-0.012399885803460999,-0.00036406982690100065,-0.0015827459283172998,-0.0013490293640643003,-0.0011939574033021996,-0.011012258008122399,-0.017119297757744803,0.001274704467505201,-0.0009292382746935004,-0.0021743499673902997,-0.004462286829948498,-0.010058555752038997,-0.0099538611248136,-0.002422142308205401,-0.0017616790719329999,-0.0010602196271066,-0.004630556330084801,-0.009871164336800601,-0.005006355699151701,-0.0014776508323847996,-0.001952750608325,-0.0003468953073025,-0.0096136021893471,-0.008390846836846301,-0.0029634440870723003,-0.0030356853967532004,-0.00123775276733792,-8.262998017009122e-05
nonmember_346.png,0,-0.004779802635312098,-0.0304426848888397,-0.0508648827672004,-0.0017630560323595983,-0.00031006149947639984,-0.0020719110034406003,-0.002852661535143901,-0.0111737586557865,-0.022111298516392798,0.000814003869891099,-0.0005150232464076008,-0.0017151159700006,-0.002452561631798699,-0.009311597794294399,-0.0107898619025945,-0.0008767116814850998,-0.001011760905385,-0.0009869339410215998,-0.0026119258254766985,-0.009342024102807,-0.0107895843684674,7.357262074940071e-05,-0.0009717629291117,-0.0010520616779104,-0.0053458157926797,-0.011761309579014802,-0.0054584606550633005,-0.0015738238580525008,-0.0017630036454647996,-0.0009645748068578001,-0.0027424832805992005,-0.007666569203138398,-0.0022793477401138003,-0.0010625510476529,-0.0021312248427421,-0.00043071551772299997,-0.0114271617494523,-0.0096499092760496,-0.0015193878061836,-0.0045767996343784,-0.001606387981155328,-0.00013230772310631698
nonmember_347.png,0,-0.0006867907941341955,-0.045896664261818,-0.0722576826810837,-0.0026162732392548994,-0.0007864218205213009,-0.0045567685738206,-0.006821807473897906,-0.02344432473182681,-0.03521807864308361,-0.0025408687070012995,-0.00280582299456,-0.003173127071932,-0.002627808600664097,-0.018378719687461798,-0.022245105355977998,0.0023509860038758,-0.0013296278193593,-0.0013851947151124,-0.003905445337295598,-0.0207293312996626,-0.0219688089564442,-0.000767439603805601,-0.0023820935748518,-0.001798476674594,-0.004217190667986901,-0.011818984523415598,-0.008990050293505199,0.0011429991573095998,-0.0017681400058791002,-0.0005250497779343999,-0.005570067092776201,-0.0059144552797079,-0.0034865206107497996,-0.0046976865269243995,-0.0008516603847965,-0.00010158004079121151,-0.016421955078840297,-0.003488350106636,-0.0018634718871908002,-0.0054265881190077,-0.000457276908491617,-9.018673154059798e-06
nonmember_348.png,0,-0.0050110630691052,-0.020651932805776603,-0.0494366809725761,-0.00020292028784750157,-0.0020749280229210992,-0.0028976080939172996,-0.0011826753616332973,-0.0118150636553764,-0.020894292742013904,-0.0008733184076845993,-0.0025323629379272,-0.0023754541762173002,-0.004659282043576202,-0.0052619688212871,-0.0126053802669049,-0.0010720212012529,0.0005378471687436,-0.0015452173538505996,-0.0032708868384361996,-0.010686755180358904,-0.016553895547985996,0.0016794004477560997,-0.0007026195526123004,-0.0014427270507440001,-0.003451731055974898,-0.009484151378273999,-0.009187622927129302,-0.0018480685539543993,-0.0007258127443492998,-0.0011417553178035,-0.002260464243590901,-0.0085616214200854,-0.004930121358483999,-0.0016290927305818003,-0.0016668252646923,-0.0004674270167016,-0.0117171411402523,-0.009467383264564,-0.0028235454665263998,-0.0038138157688081,-0.0020504267449722707,-0.000147611768625127
nonmember_349.png,0,-0.009536856785416603,-0.023992575705051394,-0.09267252683639529,-0.005021792836487299,-0.001659351401031,-0.0074056806042791,-0.0022511482238769982,-0.009882636368274703,-0.05548818409442899,-1.4861579984400478e-05,-0.0003611994907259993,-0.0034852935932577003,-0.005209794268012002,-0.010620936751365703,-0.043100699782371604,0.0001957127824426001,-0.0001729307696224005,-0.0014580385759471997,-0.0031034387648106003,-0.016650952398776994,-0.0482968464493751,-0.0010600415989757,-0.0014258143492043,-0.0028227751608938,-0.0035205185413360977,-0.021220054477453197,-0.0253670364618302,2.473685890439989e-05,-0.0031766199972479998,-0.0018104007467628,-0.005571769550442701,-0.016745280474424404,-0.0117514319717884,-0.0005485108122230001,-0.0022002478362993,-0.0005597555136774,-0.0094679415924474,-0.0142872814903967,-0.0066252598771825,-0.004389752575661999,-0.0015108769548532043,-8.485015132455987e-05
nonmember_350.png,0,-0.006238184869289398,-0.02903587371110919,-0.0699286013841629,-0.0016952408477664011,-0.0032202089205385,-0.0028008623048663,-0.004822548478841802,-0.0125662535429001,-0.032024577260017395,-0.002291917335242,0.00010604038834579992,-0.003330578096211,-0.0006254334002733994,-0.010232269763946505,-0.020400628447532605,4.500150680500359e-06,0.0009322864934802003,-0.0025102591607719,-0.0046925954520702015,-0.017959117889404304,-0.025140305981039997,-0.0009300983510910996,-0.005178957246244,-0.0017326624365524,-0.003470264375209798,-0.017246920615434598,-0.012227881699800502,-0.0003179614432155999,-0.0011666931677609999,-0.0007803882181178,-0.004597441293299202,-0.011329303495586,-0.00536391697824,-1.6316305846000162e-05,-0.0022293340880423,-0.0002961616992252,-0.0108153491746634,-0.009846667409874499,-0.0030158061854309,-0.0052996552549303,-0.0012996458062843825,-0.00010906970783251737
nonmember_351.png,0,-0.0051341243088245045,-0.03573360294103628,-0.0661496222019195,-0.0007111839950085016,-0.0023777605965734014,-0.004166926722973599,-0.0045157745480537,-0.020256057381629902,-0.0284858532249928,-0.00026931427419179914,-0.001475858502089999,-0.0025321943685412,-0.003601700067520197,-0.014906246215105105,-0.017696015536785098,0.00010059215128420049,-0.00039306376129390024,-0.0013416877482086004,-0.0031997486948967015,-0.0246712006628513,-0.0193657539784908,-0.0014525372534990007,-0.0028820554725824997,-0.0024186864029617,-0.0025382786989212,-0.015197090804576902,-0.008963377680629499,-0.00019469903782009992,-0.0021547984797508,-0.0005355926987249001,-0.008211079984903297,-0.009902815334498799,-0.003819399047643,-0.002078359015286,-0.0014543491415679002,-0.0002451093459968,-0.014515598886646401,-0.0066092935448979,-0.0020820209756493,-0.0042530673090368995,-0.0006243397510843172,-3.305960854039976e-05
nonmember_352.png,0,-0.0032217893749476,-0.023189157247543397,-0.04354174435138711,0.0007075937464833997,-0.0032531064935028995,-0.0026543196290730996,-0.0010856762528419009,-0.010737724602222401,-0.0207557454705238,0.0008365800604223997,0.0002588550560176997,-0.0021469881758094007,-0.0034893937408924,-0.008977713063359302,-0.013163585215807,-0.0027858517132699993,-0.0013344297185540997,-0.0016911295242607997,-0.003979505971074101,-0.010187365114688898,-0.015213434584438799,-0.0008396082557737003,-0.0017128272447735002,-0.0014982708962634,-0.0054964451119304,-0.007496505044400701,-0.0086928317323327,-0.0006930343806744003,-0.0014863742981106,-0.0013335637631825999,-0.0021608471870422988,-0.0062156086787581,-0.0041905271355062,-0.0008892451878636997,-0.0011404120014049,-0.00039826160355000003,-0.0061504668556153,-0.0048170023655985,-0.0023806189856260002,-0.0026659470750018998,-0.0009306827196268611,-7.47293452150184e-05
nonmember_353.png,0,-0.0061322860419750005,-0.0155391842126847,-0.020511444658041,-0.0007220609113573993,-0.0019523389637470003,-0.0010297717526555,-0.0026260279119015018,-0.0049647148698568,-0.013107895851135302,-0.0012072781100869005,-0.0002949070185422993,-0.0007947357371449002,-0.008271461352706,-0.003903368487954098,-0.008243866264820099,-0.0020314161665738,0.0007586935535072994,-0.0024502119049429998,-0.006665825843810997,-0.003453074023127601,-0.009994203224778203,-0.0012942422181366998,7.36303627491006e-05,-0.0004882877692580002,-0.003958683460950902,-0.003701165318489099,-0.008378173224627899,0.00020255986601109936,-0.0015969667583704003,-0.0011085215373897,-0.0010927869006991005,-0.005480620078742501,-0.0050212158821524,-0.0008937143720685993,-0.0016148409340531003,-0.0005929853505222,-0.007024203427135899,-0.0097935561207123,-0.0035847259568981,-0.0018995141144842,-0.0019011832700925103,-0.00018106465722658553
nonmember_354.png,0,-0.004361160099506399,-0.035504102706909194,-0.05353414267301561,-0.0024379519745708015,-0.0018936386331916012,-0.0030210101976990006,-0.008390942588448497,-0.017203170806169503,-0.028377957642078393,-0.003729876130819299,-0.0019215466454625,-0.0050412621349097,-0.002124600112438202,-0.010099381208419807,-0.0198656097054482,0.0025102021172642994,0.0008786828257144,-0.0021545530762522996,-0.004408931359648698,-0.016412995755672496,-0.024452151730656603,-0.0007093097083271001,-0.0042419682722539,-0.0019018462626264,-0.006403972394764401,-0.011898785829544,-0.0109085259027779,-0.0024110516533255993,-0.0018759579397738002,-0.0009539837483315999,-0.0031661307439208013,-0.0069955079816282,-0.0045764059759676,0.0024990625679492994,-0.0008046859293245,-0.0001595373541932,-0.007733445498161099,-0.0041813655698206,-0.0025026003859239,-0.006241558236069899,-0.0005426570023700263,-7.370889215957566e-05
nonmember_355.png,0,-0.002324201166629798,-0.0246783420443535,-0.08975126594305038,0.0006792019121347999,-0.0013348162174224992,-0.006226837169378999,-0.00015929155051709956,-0.018143046647310195,-0.044071234762668596,0.0005405656993389997,-0.0019994876347482005,-0.0024625044316053,-0.0034435559064149995,-0.014210954308509903,-0.025142978876829106,-0.0012096795253455995,-0.0009994697757065999,-0.0014065413270146002,-0.003766508772969201,-0.015624895691871598,-0.027100207284093,-9.245425462720003e-05,-0.0023649060167372,-0.0018329549347982001,-0.0053940527141094,-0.011564968153834402,-0.0116465389728546,-0.0008447812870145,-0.001116290455684,-0.0007669237093069,-0.000817971304059098,-0.008660608902573499,-0.0050162586849183,0.0001838989555835004,-0.0017403336823918003,-0.000251436526014,-0.0137087299954146,-0.0070272049924825,-0.002684063554625,-0.0052148492541164,-0.0008291312387882353,-7.901461140127581e-05
nonmember_356.png,0,-0.005021113902330402,-0.0189813338220119,-0.0372593943029642,-0.0023788185790180995,-0.0009179669432342,-0.0022949248086661,-0.003140637651085798,-0.011394474655389803,-0.013937028124928499,0.0007317173294722999,-0.0022728708572686005,-0.0014433183241635,-0.0019374601542950023,-0.008533988147974,-0.007014458999037701,-0.0007784776389599003,-0.0006305663846432998,-0.0006688085268252,-0.0022656042128801,-0.010527438484132299,-0.0058405050076545,0.0010121217928827008,-0.0016553774476050997,-0.0006361011764966,-0.005739528685808199,-0.0062097534537315,-0.0024820001563057,-0.0035181138664484007,-0.0007115615298972002,-0.0001855183072621,-0.0013833232223987996,-0.0032110717147589003,-0.0009448619093746,0.0009250720031558999,-0.0007809725939296,-4.806250217365447e-05,-0.0084507870487868,-0.0022830294328742,-0.0005277344898785833,-0.0042206692742183995,-0.00045423757728709196,-2.8397720598150045e-05
nonmember_357.png,0,-0.005861286073923104,-0.02322997152805331,-0.0576172024011612,-0.0016073826700449007,-0.0018448196351527994,-0.004689561668783499,-0.004660801962017999,-0.016566254198551192,-0.0247521139681339,-0.0020597712136805994,-0.0009859153069556002,-0.0024154768325388002,-0.0028304886072874,-0.010542847216129303,-0.011438848450779901,0.0013703736476601003,-0.0008755046874285004,-0.0005361060611903997,-0.005202919244766197,-0.014718143269419701,-0.013551427051425,-0.0016855313442648004,-0.0017709285020827996,-0.0015780783724040001,-0.004766205325722701,-0.0119387302547693,-0.0053521106019616006,-0.0002619982697069003,-0.0024073617532849004,-0.0005014610360376,-0.0057502686977386995,-0.0079031134955585,-0.0021377360681072,-0.0025696652010083997,-0.0014647671487183,-0.00012852624058720265,-0.0088757674675435,-0.0049705218989401995,-0.0011655676571536,-0.0033524854807183,-0.0006393673465935586,-4.7555018682032824e-05
nonmember_358.png,0,-0.005134504288434899,-0.034290157258510603,-0.0667936950922012,-0.0007301205769181009,-0.002782952040433901,-0.0050402488559484,-0.003388594835996697,-0.019197791814803994,-0.0338768213987351,-0.0014370083808898995,-0.0018752599135040994,-0.0015781330876051998,-0.0029236786067486017,-0.014158021658659009,-0.022687677294015905,-0.00034064473584300044,-0.0009230365976691003,-0.0030615972355009,-0.004453755915164899,-0.018664143979549394,-0.025338277220726,-0.0011212313547729995,-0.0018262634985149002,-0.0017291563563048003,-0.0035932455211877996,-0.012102371081709903,-0.012312677688896599,0.00040862336754800017,-0.0012532593682407999,-0.0014438722864725,-0.006424479186534901,-0.0095709273591638,-0.0061385892331601005,-0.0020948629826307,-0.0025946182431653,-0.00036222916969560006,-0.0109205284388736,-0.0090532259200699,-0.0036164841003483,-0.003686965443194,-0.0012022670598525985,-0.00014827273480477269
nonmember_359.png,0,-0.0026188846677541004,-0.0169825963675976,-0.03456992655992511,-2.929661422959931e-05,-0.00028439192101359975,-0.0013430453836918007,-0.003504550084471699,-0.007588217034935899,-0.020245917141437496,-0.0004874239675701003,-0.0010402589105070002,-0.0032511844765395,-0.004165686666965502,-0.006383446976542501,-0.013048844411969202,-0.0018376600928604993,-0.0009248121641576,-0.0015639843186362999,-0.003849180415272699,-0.004585523158311899,-0.0145970098674297,0.0003872644156218,-0.0008967635221779,-0.0011151970247738,-0.0033448878675699997,-0.0043274033814668,-0.0064264913089574,8.21938738230013e-06,-0.0010970291914419,-0.0004928439448122,-0.0059449253603816015,-0.0042008752934635,-0.0030026258900761,-0.0026959383394570004,-0.0008733819122426,-0.00022660867398370798,-0.007337780436500899,-0.0033766628766898,-0.0016309504717356,-0.0025435879360884003,-0.0006993217029957519,-2.9496397473849343e-05
nonmember_360.png,0,-0.004734229296445798,-0.0248181894421578,-0.0646450519561768,-0.0015711393207311995,-0.0006747022271156988,-0.0047032181173562995,-0.002604991197586101,-0.016437761485576602,-0.032253924757242196,-1.8165446817899195e-05,-0.0019162558019161016,-0.0012385435402394,-0.0020024999976158003,-0.014560893177986194,-0.017101023346185698,-0.0010888520628214004,-0.002527844626456499,-0.0010311508085578003,-0.0024373196065425977,-0.024590194225311203,-0.018362208269536502,-0.00023361947387449955,-0.0027801794931292005,-0.002656961674802,-0.005552623420953803,-0.016695026308298198,-0.0081395544111729,-0.003446147311478901,-0.0022256049560382997,-0.0008406469132752,-0.007768060080706999,-0.0092263775877654,-0.0037017094437033,0.0012872088700533,-0.0009798842947931,-0.0001927522753248,-0.0118977969978005,-0.0058420029236004,-0.0019864277855958,-0.004682542639784499,-0.0007298721302503439,-5.554730887524632e-05
nonmember_361.png,0,0.0003177076578141022,-0.028340570628643008,-0.056409753859043094,4.0999613702298945e-05,3.2825395464900625e-05,-0.0024831648916006,-0.006381236016750398,-0.0201460644602776,-0.028744008392095607,-0.0027263048104941992,-0.0023122057318687994,-0.0023781205527485,-0.005715895444154705,-0.0160139985382557,-0.015908300876617397,-0.0003781081177294003,-0.0028142277151346007,-0.0001509934663772002,-0.004587035626172999,-0.018108103424310698,-0.0162736047059297,0.000578879378736,0.0010787667706608998,-0.0018155234865845,-0.005137166008353299,-0.015741312876343703,-0.008951187133789099,-0.0006691562011838003,-0.0029287575744091996,-0.0015370921464637,-0.005737092345952901,-0.0122344065457583,-0.0054606986232102,-0.0017446689307688999,-0.002771811792627,-0.0006582532223545999,-0.0115203687455506,-0.011762489331886101,-0.0037090661789989,-0.0039505519671366,-0.0011724898467946093,-0.00014523819845634736
nonmember_362.png,0,-0.003512289375066799,-0.029269140213727902,-0.045000679790973705,0.0025027282536029998,-0.0011930754408241012,-0.002210789360106,-0.0030302926898002,-0.012453086674213402,-0.0218511894345284,0.00037475861608980005,-0.0022198287770151997,-0.0024342336691915998,-0.0021611191332340032,-0.010287869721651098,-0.013280868530273403,-0.0006144437938927997,8.15154053270999e-05,-0.0020358690526335998,-0.002608120441436799,-0.010541420429944999,-0.016589216887950897,-0.0001589469611645005,-0.0005886740982531998,-0.0020779719343409003,-0.005164690315723402,-0.009471248835325201,-0.010213367175310802,-0.0031641302630304995,-0.0017827041447163001,-0.0009215223253704999,-0.006980503909289899,-0.0064751892350614,-0.0045547732152045,-0.0018083290196956002,-0.0018823642749339,-0.00047435025044250003,-0.0119103379547596,-0.0068478160246741,-0.0025999822828453,-0.0036309888819231993,-0.0011229712181375314,-5.324067024042613e-05
nonmember_363.png,0,0.00047367438673969614,-0.017853014171123505,-0.050687603652477306,-0.00016036257147790042,-0.0018160734325647996,-0.0016397354193031007,-0.0027190633118153,-0.0158354938030243,-0.0307940021157265,0.0007450589910150008,-0.0028147669509053005,-0.0023499084636568997,-0.0021078828722237986,-0.009699605405330596,-0.020030960440635598,0.00025016814470289923,-0.0012438097037375,-0.0018148268572986998,-0.0044006574898958,-0.014878682792186803,-0.020836628973484102,-0.002741919830441499,-0.0014386423863471005,-0.0018420035485178002,-0.005132948979735399,-0.012555797584354898,-0.0104368217289448,-3.4219585359099997e-05,-0.0013578527141361995,-0.0006573278224095,-0.00019375048577790002,-0.0080328439362347,-0.005260803736746299,0.0005303830839693997,-0.0016966367256828004,-0.0006912508251844,-0.0150354949291795,-0.0062887444801163,-0.0029560802067862,-0.0064966605859809005,-0.0008608772914157284,-0.0001650426675041594
nonmember_364.png,0,-0.006016366183757803,-0.02335424721241,-0.06260520219802848,-0.0025402326136828007,-0.0008009392768144,-0.0063263718038798,-0.0005561187863349984,-0.011508665978908594,-0.04069959372282031,0.0019874721765517998,-0.0030819703824818004,-0.0045367977581918005,-0.003795992583036402,-0.012882582843303604,-0.023455191403627396,-0.0026885448023676005,0.0011905417777596993,-0.0012063630856574007,-0.0037869848310947,-0.015463087707758005,-0.0267926938831806,-0.00041549932211639926,-0.0019136322662233994,-0.0023386334069072996,-0.004053751006722499,-0.012874554842710498,-0.014204130508005699,0.0011637974530458,-0.0026519962120801002,-0.0014140206039883001,-0.0051627494394779,-0.010359389707446098,-0.0070737414062023,-0.0034821419976651,-0.0021212578285486,-0.0004885396629106,-0.0141894263215363,-0.0109329137485474,-0.0044316983257886005,-0.0040520689217374,-0.0011970392042711866,-0.00013521328219210976
nonmember_365.png,0,-0.007364138960838297,-0.0227419622242451,-0.047071762382984106,-0.0005789338611065994,0.0009667049162089998,-0.0028752698563040005,-0.0007004830986260986,-0.010729204863309902,-0.024931166321039193,0.00010382663458580015,-0.0013358565047382996,-0.0012249401770532001,-0.005068020895123503,-0.004419848322868299,-0.014652442187070902,-0.0021615587174892,0.0010539935901761003,-0.0019782916642725,-0.0030991081148386,-0.0138705465942622,-0.0158618632704019,-0.0006054867990314995,-0.0030786665156483997,-0.0010540345683693999,-0.001847152598202199,-0.010453658178448597,-0.010190357454121201,0.0011038896627723997,-0.0020753766875714003,-0.0013941528159194,-0.0013327514752745993,-0.010127310641110002,-0.0053803280461579,0.00024886056780810007,-0.0016762590967118,-0.00044737885764330003,-0.0103302099741995,-0.0094339624629356,-0.0032413260196336,-0.004071029019542,-0.0013932897745689828,-0.00010965296314677928
nonmember_366.png,0,-0.0084895081818104,-0.036280408501625006,-0.12260305881500239,-0.001609084196388699,-0.0024377340450883,-0.0042235702276230015,-0.009198997169732999,-0.0231021791696549,-0.0665413737297059,-0.0030278703197836997,-0.0009272163733840006,-0.003478064201772199,-0.0031851120293141036,-0.016067318618297605,-0.03934700042009351,-0.00038610585033900004,-0.0018245079554616997,-0.004296125844121001,-0.0056034456938505,-0.02618503943085669,-0.04389191791415209,-0.0008435202762484004,-0.0011014435440302,-0.0027594083221628997,-0.004207341000437698,-0.017556771636009202,-0.019547500647604504,1.2140721082699521e-05,-0.0028131718281657,-0.0012887480843347,-0.0057713184505701,-0.0108250854536891,-0.0082528316415846,-0.0006433068774641003,-0.0018444898305461,-0.0002765324461506,-0.014835387933999302,-0.0092366397147998,-0.004471075284527701,-0.006100598897319299,-0.0013224777685535637,-0.00010371692405897185
nonmember_367.png,0,-0.0067637730389834005,-0.02676738798618311,-0.0672569796442985,-0.0024173585698008,-0.0012468146160244994,-0.0045581255108118,-0.000640081241726799,-0.015256848186254494,-0.0311355367302895,-0.00018408801406620025,0.00033357646316290075,-0.0026730634272098,-0.0032286290079356003,-0.012548610568046598,-0.0174225885421037,-3.362912684680072e-05,-0.0025362432934344006,-0.0012929541990160998,-0.0039334893226623015,-0.0157374292612076,-0.016824646852910602,-0.0009782081469893993,-0.00020753033459190023,-0.0009280570084228999,-0.005525807850062899,-0.013334294781088801,-0.0079060425050556,-0.0015406343154609004,-0.0027566342614591,-0.0007437984459103002,-0.002283635549247199,-0.0104879010468722,-0.0036305577959865995,-0.0004927264526485998,-0.0017391298897564,-0.0003474029217613,-0.010788748273626001,-0.0086270899628289,-0.0020300627365941,-0.0041771145770327,-0.0011235458841838265,-6.92370740580334e-05
nonmember_368.png,0,-0.004034813493490198,-0.0363540425896645,-0.0723291859030723,-0.0013029193505645006,-0.0036581763997674006,-0.004181865137070501,-0.0105328932404519,-0.020692713558673803,-0.026972856372594896,-0.0027215927839279,-0.0021390337496996004,-0.0021230615675449,-0.0029743015766143,-0.011563476175069802,-0.0162640064954757,-0.0005300319753586994,-0.0005425531417130999,-0.0018042041920125003,-0.004808584228158001,-0.0104408040642739,-0.0168356010690332,0.0004272940568626005,-0.0004218923859297995,-0.0012592519633472,-0.0043760035187006,-0.007113132625818199,-0.0072940713725984,-0.0014708098024130006,-0.0011019210796804004,-0.0009183165675495,0.0006543882191181009,-0.006564777344465301,-0.0031135281315073002,0.0009522093459963001,-0.0025898072635755,-0.0003534465722623,-0.0129138021729887,-0.008033874706598,-0.0017001102969516,-0.0065583868999964995,-0.0012400020386848076,-4.335413541411302e-05
nonmember_369.png,0,-0.0028321556746960033,-0.02794620394706719,-0.065648153424263,-0.0011401614174246996,-0.0018264940008520993,-0.0023822393268346995,-0.006208293139934595,-0.019617959856987,-0.029930554330348996,0.0005389079451560991,-0.001474673394113701,-0.0010966635309159999,-0.0049538929015398026,-0.010761510580778205,-0.0157105326652527,-0.0018739271908997995,-0.0016013407148420993,-0.0017337338067591,-0.0015023294836282002,-0.0213630124926567,-0.0231255441904068,0.0014113383367658,-0.0017420900985599007,-0.0031085759401321,-0.0082328990101815,-0.0159613024443388,-0.013725356198847299,-0.0020112772472203003,-0.0007716452237217998,-0.0013441353803501001,-0.0037532690912485,-0.010869673453271398,-0.0068991673178971,-0.0015721633099020004,-0.0017429739236832,-0.0005805870023323,-0.0112955279182642,-0.0099635774386115,-0.0041502619278616995,-0.0043948763632215,-0.0016303471202263218,-0.00019566850460246644
nonmember_370.png,0,-0.0036143083125353,-0.028447050601243994,-0.051111996173858705,0.0005598086863756995,-0.004161696415394599,-0.0032585640437901003,-0.004758659750223198,-0.014026306569576201,-0.0201837141066789,-0.0017477986402809993,0.00010647764429450035,-0.0015752944163978,-0.0014455933123827015,-0.007888656109571502,-0.0091572813689709,-0.0015616361051797997,-0.0008566235192120006,-0.00029541365802290007,-0.004066314548253999,-0.006543960422277499,-0.006464621052146,8.687889203430003e-05,0.0008047251030803004,-0.00025039701722560015,-0.0036605428904295002,-0.007070351392030699,-0.0035186782479285994,-0.0014707688242197002,-0.0027763308025897,-0.0014520540717057999,-0.0052436646074056,-0.0085002221167087,-0.0032584322616458,0.0003153937868773998,-0.0030410812469199005,-0.0006105250940891,-0.009760414250195101,-0.0078413341834676,-0.0021121902973391003,-0.0041160852415487,-0.0012389677576720344,-7.350074156415996e-05
nonmember_371.png,0,-0.005306812003254897,-0.02239549160003669,-0.04570098966360099,-0.0019390112720429993,-0.0022959094494580997,-0.0033214003778993997,-0.005249388515949301,-0.011422440409660305,-0.0242692120373249,0.0003509228117763996,-0.0002822536043823008,-0.0016621993854642001,-0.0012090262025593983,-0.0070402882993221005,-0.0146946795284748,-0.0007770559750496994,-0.0011071255430578995,-0.0019347567576915,-0.0041538067162037,-0.0154271069914103,-0.0202516838908195,-0.0016481950879097002,-0.0003376160748303006,-0.0016376597341149998,-0.002882746979594201,-0.0071751717478036985,-0.011662502773106098,0.0013173390179872,-0.0012602522037923995,-0.00131568510551,-0.0034687025472522007,-0.008129787631332902,-0.0059953541494906,-0.0019888319075107,-0.0023508628364652,-0.0005030721076765,-0.0090249995701015,-0.013962549041025299,-0.0038547718722839004,-0.003439876716584,-0.002582756002084303,-7.628645835202548e-05
nonmember_372.png,0,-0.007827183231711301,-0.015355166047811501,-0.05181524157524109,-0.003815845586359501,-0.0009731007739901005,-0.005467182956636,-0.00036086514592179736,-0.007465105503797496,-0.0341900289058685,0.0038650976493955005,-0.0003712233155965996,-0.0014183763414620998,-0.001464247703552201,-0.0053825192153454035,-0.019520636647939703,-0.0027814055792987,-0.001200694590807001,-0.0019520353525877008,-0.003108950331807102,-0.012253340333700201,-0.0240875873714685,-0.00023839110508560007,-0.0010903952643274992,-0.0023770411498844997,-0.0011404836550354992,-0.013586409389972697,-0.013101975433528501,-8.815946057439978e-05,-0.0024853423237800004,-0.00107908793143,-0.0038313148543239004,-0.0113472370430827,-0.006021555280312899,-0.0016931090503931002,-0.0018053139792756,-0.0003512396724545,-0.009477795567363499,-0.0090516137424856,-0.0034774721862048997,-0.0029563227435574005,-0.0014502768317469499,-6.812618812540588e-05
nonmember_373.png,0,-0.0054330565035343,-0.0265533737838268,-0.04750907048583031,-0.0013343924656510006,0.0005437768995762001,-0.0025699278339744005,-0.0033837370574474994,-0.011011615395545904,-0.0192053467035294,0.0009700125083327016,-0.0020807138644159005,-0.0011717781890184,-0.0061718337237835,-0.007951732724905097,-0.010368375107645999,-0.0031707687303424003,-0.00030754599720239986,-0.0015798958484083,-0.0030313283205032,-0.010022841393947601,-0.0103497067466378,3.189733251929977e-05,-0.0009106979705393002,-0.0012132426491007,-0.0038142129778862017,-0.010564421303570201,-0.0043229579459875996,-0.0009719394147396001,-0.0027857895474880994,-0.00039746733091310007,-0.0036113504320383003,-0.006125362124294099,-0.0017743847565725001,-0.0011461772955953997,-0.0007160830427893,-8.398129284607413e-05,-0.0087522064568475,-0.005130048113642201,-0.0009711369348224,-0.0033326874254271006,-0.0008596395418861986,-3.2809228287078454e-05
nonmember_374.png,0,0.0036334320902824957,-0.05222581326961509,-0.09344327449798591,0.002306891605258,-0.004013040103018301,-0.0043055275455117,-0.008410762995481498,-0.035534560680389404,-0.04339668154716489,-0.0015773167833686014,-0.0038082888349891004,-0.0019806721247732995,-0.0047039911150931965,-0.021982640027999892,-0.024341743439435903,-0.003341094590723499,-0.0007989546284078997,-0.0020323749631643,-0.006087776273489005,-0.031829264014959405,-0.0270750913769007,-0.0010048090480268002,-0.0027767382562161004,-0.0022636749781668004,3.9279460906899155e-05,-0.019175238907337203,-0.0129520306363702,0.0013676001690328,-0.0028174665058030997,-0.0013993527973071,-0.008300758898258199,-0.013032195158302699,-0.0055330621544272,-0.0021413145586848,-0.0008780754287728001,-0.00030660726770289997,-0.0243775725830346,-0.0090083241229877,-0.0030570351227652004,-0.0056241395650432,-0.0007224302207759063,-5.335948299033661e-05
nonmember_375.png,0,-0.006090749055147199,-0.021203540265560095,-0.05679512768983849,-0.0019618626683951005,-0.0031051347032189005,-0.0041339010931551005,-0.0019505489617585997,-0.011573344469070407,-0.028934083878993905,0.0018394337967038007,0.00018902495503430108,-0.0009906911291181998,-0.002104224637150799,-0.006659258157014895,-0.015070106834173203,-0.0030838591046631007,-0.0006313654594124005,-0.0011858826037497,-0.004265222698450102,-0.017764098942279802,-0.018537981435656596,0.00025419332087040034,-0.0021869842894375003,-0.0024197001475840998,-0.0024519488215445986,-0.0106403660029173,-0.008143472485244302,-0.0017076176591217006,-0.0022390689700841995,-0.0006593906437046,-0.0043316185474395995,-0.0080726100131869,-0.0035718523431568995,0.0001739221625030006,-0.0015458326088265003,-0.0002788812853395804,-0.0086687097791582,-0.0084884256939404,-0.0019625660643214,-0.0039491300121881,-0.001464453518565185,-2.5142689992208034e-05
nonmember_376.png,0,-0.007433144375681898,-0.017121449112892095,-0.0282490886747837,-0.0031807236373424,-0.0008732615970075,-0.003426253329962499,-0.0030541103333234024,-0.0066348370164633005,-0.008866816759109504,0.0015390240587294006,-0.0005090697668493002,0.00010439148172739984,-0.0023482395336031983,-0.0043591503053903025,-0.008581263944506697,-0.0014315531589091006,-0.00010322174057369928,-0.0010652965866029002,-0.0012456672266126009,-0.007590657100081499,-0.0119974240660667,-0.0002558524720370995,-0.0012484393082559005,-0.0025541950017214,-0.0023149373009800998,-0.003647951409220699,-0.007672006264329,-0.0002573011443019,-0.00014976272359490004,-0.001147224160377,-0.0018443008884787004,-0.0042967414483428,-0.0045390545856207,-0.0015365388244390002,-0.0015296633355318997,-0.0006929327209945,-0.0054489229805768,-0.0086414872203022,-0.0031041336915222997,-0.0023301024921239,-0.002263079280965009,-0.0002248790042358281
nonmember_377.png,0,-0.004837289452552802,-0.03338039666414261,-0.0554720684885979,-0.0004393360577522997,-0.0024864040315151995,-0.0032449322752655003,-0.006075428798794698,-0.020142234861850794,-0.029311340302228997,0.0010731960646807991,-0.0010718638077377995,-0.0032430486753583006,-0.005198678001761502,-0.016532599925994804,-0.016312273219227697,-0.0022320770658552994,-0.002814784646034201,-0.0013252629432826996,-0.0031730420887469968,-0.0226703546941281,-0.0173256220296026,0.0013365368358790996,-0.0005936375819146997,-0.0018213795847259002,-0.006495783105492602,-0.012495191767811699,-0.0067293429747224,-0.002129288855940099,-0.0019287592731416004,-0.000448128557764,-0.003134842030703999,-0.009143390692770502,-0.0028481151675805003,-0.0010425397194922005,-0.0018821833655237998,-0.00022225666907612604,-0.0089259466622025,-0.007415229571051901,-0.0015357868396676999,-0.0041286780615337,-0.0009483972717134637,-5.9138019423699006e-05
nonmember_378.png,0,-0.004157179966568898,-0.023777142167091404,-0.058948203921318,0.0024932534433902004,-0.0017482279799878996,-0.0036892844364047,0.0016217082738875996,-0.0147172249853611,-0.023250496014952698,-0.0008123097941280001,-0.0011820280924439005,-0.0016250002663582,-0.004061972722411201,-0.008703041821718202,-0.011874658986926103,-0.0008790157735347002,-0.0006940988823771997,-0.0010133795440197002,-0.003487050533294598,-0.0130567913874984,-0.011340672615915499,-0.0004144059494137998,-0.0015079404693097002,-0.001042224757839,-0.004963460378348902,-0.0074973325245082,-0.0043046404607594,-0.0024131350219250003,-0.0009208037517964998,-0.0003243277315051,-0.003339131362736199,-0.0044455758761615,-0.0018985660281032,6.142072379996741e-07,-0.0007872151327319001,-0.00011422498937454183,-0.010136857163161001,-0.0030632075795438,-0.0009605912709958,-0.0042225559009239,-0.0008769386349740283,-2.6163499569520354e-05
nonmember_379.png,0,-0.009498275816440499,-0.03453947603702549,-0.0748036056756973,-0.0022455053403973996,-0.0030591078102587994,-0.0052204616367816006,-0.004023514688014998,-0.020301856100559207,-0.0434714332222938,-0.0011521531268954008,0.0002920087426900985,-0.0036269808188080996,-0.0052099376916886,-0.0099933780729771,-0.024195257574319902,-0.0009241909720002998,-0.0014845398254692997,-0.0007623122073709999,-0.006771530956029899,-0.0199357755482197,-0.029304414987564097,-0.0007630786858498998,-0.0007626395672559998,-0.0023723598569631997,-0.0058742882683873,-0.014438237994909297,-0.013688195496797501,-0.0003417567349971,-0.0024975626729429,-0.0013162783579901,-0.0035138549283146997,-0.013320479542017,-0.0064482174348086,0.0013213381171226996,-0.0025597913772799,-0.000417727707827,-0.008682296145707301,-0.0100621465826407,-0.0036256892344682,-0.0058615953894332,-0.0007776560087221731,-5.033869820172535e-05
nonmember_380.png,0,-0.006347892805933904,-0.0383483022451401,-0.08708292245864868,0.0007079262286424984,-0.0022702869027852995,-0.005809105932712501,-0.005480943247675899,-0.02141186222434039,-0.05413617193698882,-0.0010636481456458994,-0.003523193299770401,-0.005032488144934199,-0.002932284027338101,-0.013765133917331702,-0.03314347937703129,-0.0025736144743858996,-0.0009204600937663997,-0.0018760107923299005,-0.004845967516303,-0.0242305267602205,-0.032159296795725906,0.0021626567468046995,-0.0027537839487194998,-0.0021965712658129997,-0.0055614411830901996,-0.012464711442589801,-0.013077162206172901,-0.0033030605409294996,-0.0012951589887962001,-0.0006895543629071,-0.0030015418305993,-0.006246594712138199,-0.0052312116604298,-0.0002856045030057001,-0.0007249235641211,-7.896316674295181e-05,-0.0060515382792800994,-0.0039061143761501,-0.0028288740722929,-0.0024024265585467003,-0.0005239807451288979,-5.2478739235084504e-05
nonmember_381.png,0,-0.0021472796797751964,-0.0278767347335815,-0.0697170644998551,1.0057352483300308e-05,-0.0013439068570733,-0.0035683894529937995,-0.007284991443157203,-0.0173832178115845,-0.030283018946647602,-0.0034449412487447,-0.0013433853164314998,-0.0029946872964501997,-0.00034894421696660127,-0.011090688407421098,-0.016873585060238904,0.00040876073762769957,-0.0023915246129035993,-0.0014652907848357998,-0.008365105837583597,-0.022309958934784,-0.0163404839113354,-0.0004514087922871,-0.0014039273373783,-0.001244394981768,-0.007549248635768901,-0.0153950862586498,-0.0067046810872853,-0.0026779072359203997,-0.0023384609958157004,-0.00046796203241680003,-0.005740847438573801,-0.0084622213616967,-0.0027988655492664,-0.0007394733838737002,-0.0008897101506590001,-0.00016557142953383725,-0.0112245054915548,-0.0058949347876477995,-0.0014488390806946,-0.0033417030936107,-0.0008842023762554019,-5.06854266859591e-05
nonmember_382.png,0,-0.004702690988779099,-0.011150578036904401,-0.021137017756700502,-0.0021379939280449997,-0.0014140279963612999,-0.0024198377504945,-0.0030977390706539015,-0.0054122358560561995,-0.011326543986797298,-0.0002718828618525999,-0.0002067559398709999,-0.0006892029196024002,-0.0009434688836335997,-0.003040127456188202,-0.0089385360479355,0.0010789590887724998,-0.0006807260215283004,-0.0019449880346655997,-0.0040812455117703005,-0.004505191929638398,-0.010895336046814901,-0.0013518929481506,-0.0003300930839032,-0.0015537046128884,-0.0014675818383693001,-0.0037189414724707014,-0.0071257948875428,-0.0002518957480789003,-0.0011200865264981998,-0.0008747485117055,-0.00010405294597149936,-0.0035914983600377993,-0.0037541354540735,0.0035927933640778004,-0.0009848900372162002,-0.000410727414419,-0.0037378501147032,-0.0058593081193976,-0.0023479584633606,-0.0050050490535794995,-0.0014553382352459916,-9.901873272602778e-05
nonmember_383.png,0,-0.004597827792167601,-0.025239065289497396,-0.03541071712970731,-0.0005525639280676998,-0.001737894490361199,-0.001678789500147099,-0.0029566753655672004,-0.007676292210817302,-0.017468836158513995,-0.0006196089088917004,-0.0017430349253118003,-0.0013411124236881004,-0.0031278859823942982,-0.004856493324041401,-0.0113714300096035,-0.0015422855503856997,-0.0004446208477019995,-0.0002058190293610998,-0.0022942218929529017,-0.007319921627640696,-0.0159428715705872,-0.0004911250434816005,-9.42754559219005e-05,-0.0028862857725471002,-0.0047099720686674,-0.006994742900133102,-0.0106241879984736,-0.0014206785708665995,-0.0022591166198254,-0.0012498216237873,-0.001032268628478,-0.008321617729961898,-0.005770985968411,0.0012245895341038999,-0.0013330307556315998,-0.000604490560363,-0.0102571134921164,-0.0106866249698214,-0.0037098757893545995,-0.0046500244643539,-0.0018113268743036083,-0.0001326081146543938
nonmember_384.png,0,0.0008698180317879001,-0.034162230789661394,-0.061235688626766205,0.0005905274301766985,-2.5526620447699835e-05,-0.0021282569505275,-0.003462202847003902,-0.0231250710785389,-0.027493339031934808,-0.0015566674992441992,-0.0042703957296907,-0.001601402182132,-0.0038984045386315017,-0.013340778648853302,-0.013916317373514196,4.7780573368100265e-05,5.7613011449499964e-05,-0.0005605630576609997,-0.007295668125152598,-0.017911467701196598,-0.014435611665248801,-0.0029754210263490998,-0.0020333761349319995,-0.0019819042645395,-0.0058485344052313995,-0.0115162059664727,-0.005964697804302,0.00019271299242969945,-0.0016892442945391005,-0.00040988319960889993,-0.006956438533961799,-0.0070942030288279,-0.0025000734021887,-0.0021330346353352,-0.0016097884508780998,-0.00013086424587520218,-0.0098554188152775,-0.0054458637314383,-0.0013407004298643002,-0.0029725922504439998,-0.0006400751444743645,-5.090843842481263e-05
nonmember_385.png,0,-0.0060061058029533005,-0.007750809192657502,-0.0171610154211521,-0.0022027534432709,-0.0014038253575562997,-0.0023126006126404,-0.0012170914560555995,-0.004077030345797501,-0.012231208384037004,-0.0016307248733938,-0.001650232821703,-0.0028307721950114008,-0.0010820217430592,-0.001683367416262599,-0.009631242603063597,1.2848991900699797e-05,0.0005243201740086005,-0.0004064473323523998,0.0004345914348959992,-0.0017944276332855988,-0.0172751937061548,0.0020905276760459007,-0.00012926757335660066,-0.0023531983606517,-0.001966089010238599,-0.007288680411875201,-0.011732392013073,-0.0023688739165664005,-0.0012977391015737997,-0.0015905209584162,-0.0005812896415590997,-0.006388111971318699,-0.0062305522151291,-0.00019904877990479988,-0.0016431694384665,-0.0005760768108302,-0.002824439667165301,-0.0055993038404268,-0.0038727890205337004,-0.0007618670351802999,-0.0010476547104189176,-0.00013780528752248264
nonmember_386.png,0,-0.010726941749453503,-0.027996473014354706,-0.05408689379692069,-0.0008112229406834013,-0.0013587959110737003,-0.004764244891703099,-0.001959059387445502,-0.015602469444274895,-0.0286403670907021,0.0002706088125706014,-0.0013452610000967997,-0.0010699336417019003,-0.0023530162870883976,-0.012844622135162402,-0.015089500695466995,-0.0018484201282263002,-0.001958757173270001,-0.0014670903328806999,-0.0032348893582820996,-0.014333713799715,-0.0178956165909767,-0.0005894661881029007,-0.0008645732887089001,-0.0021627112291752997,-0.004555094987154,-0.0146533604711294,-0.007915369700640499,-0.0011128489859402995,-0.0027312992606311997,-0.0007389151433017001,-0.006042553111910801,-0.010377856902778197,-0.0035272676032035996,-0.0005780509673059004,-0.0018246961990371,-0.00021911723888473736,-0.0109452947508544,-0.0073215429438278,-0.0019066296081292,-0.0045099460985510995,-0.0008464991278742564,-4.2154839320573956e-05
nonmember_387.png,0,-0.004734054207801899,-0.024500809609890005,-0.046021293848752996,-0.0002527581527829994,0.0006939917802810001,-0.0027377479709684996,-0.0008500050753354992,-0.011778190732002203,-0.0173423010855913,0.001949683297425499,-0.0015944810584187005,-0.00018483051098890004,-0.0020036902278661,-0.007134176790714299,-0.0093764495104551,-4.001148045059896e-05,-0.0014795013703405996,-0.0010089821880683,-0.0018029976636172,-0.009781410917639701,-0.007491958327591501,-0.0015208893455565002,-0.0007410072721541002,-0.00014319468755270002,-0.0022732075303793023,-0.004808844998478898,-0.0040143271908164,-0.0008346899412572002,-0.0009491739328951003,-0.0009868355700747,-0.006582519039511597,-0.0069124200381339,-0.0025072556454688,-0.0021200296469033,-0.0020007002167402995,-0.0003895248955814,-0.013207360636442901,-0.0068368754291441,-0.0015854279772611,-0.0037474540295079004,-0.0007535979966632881,-7.972726052677404e-05
nonmember_388.png,0,-0.0050704702734947,-0.0203045010566711,-0.0495621785521507,-0.0005475329235197016,-0.0012464653700589995,-0.0018589128740131994,0.0002184249460696966,-0.0186771862208844,-0.025471601635217694,0.0006182100623847008,-0.0022314935922622004,-0.0020375517196953,-0.0071443617343903,-0.007336333394050605,-0.012240989133715602,-0.0031484737992287003,-0.0004295310936869006,-0.0008494914509356005,-0.005144439637660897,-0.013328177854418696,-0.0147538827732206,-0.001392753329128,-0.0016164635308085996,-0.002170896390453,-0.003606170415878303,-0.0109173785895109,-0.0074422704055905,0.0015684631653130002,-0.0006481753662229001,-0.0011440677044447,-0.003568648360669698,-0.009999398142099401,-0.0034525974188000003,-0.0025680828839541,-0.0027836427325383002,-0.00035782482882500003,-0.0113510757219046,-0.008135436684824499,-0.0017999871633947,-0.0031584223033859996,-0.001509903337137005,-6.826692697354985e-05
nonmember_389.png,0,-0.004249684512615204,-0.030497737228870406,-0.0687845274806023,0.00039888173341749884,-0.0029207542538643005,-0.0040579298511148,-0.005253963172435698,-0.020060122013092,-0.0293838791549206,-0.0017976886592804995,-0.00042364001274099866,-0.0004900661297141994,-0.0005210693925619993,-0.015062406659126296,-0.015612030401825901,0.0011035013012587998,-0.0026339939795435004,-0.0026777626480908004,-0.006191000342369,-0.019273348152637503,-0.0162028865888714,-0.0013130246661603,-0.0018663625232875,-0.0011507748859002998,-0.0026689376682043006,-0.014911290258169198,-0.007862716913223301,-0.0008779764175415993,-0.001568220788613,-0.0011218186991755,-0.0049604745581747,-0.010878728702664299,-0.0037878672592342,-0.0017150794155895007,-0.0011680643074214,-0.00035787474189420004,-0.0102089474676177,-0.0083816233964172,-0.0021629778930219003,-0.0037502795457839996,-0.001091182046366143,-9.565537584413784e-05
nonmember_390.png,0,-0.0025487802922725955,-0.029056005179882008,-0.056519657373428386,-0.0010280124843120991,-0.0007549896836281014,-0.0047115823253989,-0.0037156715989113027,-0.013664454221725499,-0.028046008199453402,-0.0008338512852788006,-0.0006142864003776984,-0.0002597207203507996,0.0014074929058552031,-0.007523473352193798,-0.018571790307760204,0.0014082724228501996,0.00012268871068949957,-0.0032148419413715002,-0.0039522219449282005,-0.016959790140390403,-0.0208793208003044,-0.00042826216667899916,-0.0028704451397061,-0.0021696962649003,-0.006457354873418801,-0.015436710789799697,-0.011110776104033,-0.0032765222713351,-0.0030006456654519003,-0.0008458420925308,-0.0087521178647876,-0.0107268299907446,-0.0050974001642317,-0.0019297208636999,-0.0010366108035669,-0.0002786783661577,-0.0116051121149212,-0.008058046689257001,-0.00283971351746,-0.0032338155433536,-0.0013425844954325868,-5.158458952787201e-05
nonmember_391.png,0,-0.0037783458828926017,-0.014689758419990498,-0.0343802236020565,-0.0010879766196013,-0.0012074112892151,-0.001126897521317,-0.004479059949517299,-0.0053111054003239025,-0.015551432967186002,-0.0024708732962608,0.0023488812148570997,-0.00219692196697,-0.0016306452453135993,-0.005165992304682697,-0.009570047259330697,0.0028731562197207997,-0.0025832047685980996,-0.0015410738997161002,-0.0046763680875302,-0.0058952234685421025,-0.0117096137255431,-0.0037628286518156,-0.0011031813919544003,-0.0012040530564263999,-0.0004026973620057002,-0.008139236830174899,-0.0067450553178787,0.0021470831707120002,-0.0018230427522212002,-0.0007526343979407001,0.0008923830464482984,-0.008175136055797401,-0.0031848727958277002,0.0022953157313167997,-0.0012790344189852999,-0.00019891095871565846,-0.011754753999412098,-0.006287584052188299,-0.0017542479472467001,-0.007905849604867399,-0.000815853974927364,-2.8532453143270686e-05
nonmember_392.png,0,-0.010889276862144498,-0.030237995088100406,-0.09307883679866791,-0.0015624286606908,-0.0026452392339706005,-0.002423771657049701,0.0005360282957554002,-0.020980678498744992,-0.04331431537866598,-0.0020165843889117,-0.0044483835808933,-0.0026746457442641,-0.0018781721591948977,-0.017535150051117013,-0.027812078595161403,0.0005336850881576,0.001833968330174701,-0.0027843550778924994,-0.002685971558094101,-0.03083118796348569,-0.031639933586120605,-0.0009385677985847005,-0.003944394178688501,-0.002623240230605,-0.0054341275244951005,-0.0220348313450813,-0.0167109705507755,-0.0008582551963627,-0.0022334926761686997,-0.0010226518788841001,-0.009044190868735303,-0.013475428335368602,-0.0072271376848221,-0.0024379682727158,-0.0016123278765007999,-0.00024536086129959997,-0.0146560920402408,-0.0094829357112758,-0.0039957010303624,-0.0039651158149353995,-0.0009735372004796986,-4.663635991155597e-05
nonmember_393.png,0,-0.0042873658239840975,-0.020006310194730807,-0.0467354580760002,0.00030566751956940044,-0.0028005414642393997,-0.0015735086053610004,-0.006071260198950799,-0.013771515339612898,-0.023930527269840192,-0.0033831708133221002,-0.0010144035331905,-0.0020733454730361995,-0.0012985188513994009,-0.006193876266479503,-0.012304995208978702,0.0011486820876599,-0.00045356107875699995,-0.0007026693783700002,-0.004299063235521299,-0.009530648589134199,-0.015833401121199103,-0.00023033609613779937,6.252992898219973e-05,-0.001973377307877,-0.0010973801836371994,-0.006724399514496399,-0.0079971649684012,0.00025573326274750015,-0.0024272419977933,-0.0008464197162538,-0.0026429286226630003,-0.0048910630866884994,-0.0036385140847414997,-0.0026482469402253003,-6.406963802870012e-05,-0.0002552801670391,-0.0086554463487118,-0.008176903298590301,-0.0022162580280564,-0.0026203868910671,-0.0021531355741899326,-7.821662438791775e-05
nonmember_394.png,0,-0.006063565611839301,-0.025725953280925792,-0.06299348175525661,-0.0051623731851578,-0.0015355385839938996,-0.004143729340285,-0.0051563270390034,-0.01259031146764751,-0.031013153493404402,-0.0013687997125089004,-0.0006225677207113006,-0.0020392411388457004,-0.0009352732449770008,-0.00813094526529319,-0.0178497508168221,0.0007062284275890004,-0.0009512198157607997,-0.0007940223440528003,-0.002632241696119298,-0.017474383115768405,-0.019210675731301297,0.001450164709240199,-0.00031289411708720037,-0.0020042008254676997,-0.006724543869495402,-0.008338328450918198,-0.0097576389089227,-0.0026044514961540994,-0.0017204727046190998,-0.0012299249065109,-0.004901803098618899,-0.0123037956655026,-0.0050807676743716,-0.0009814342483877997,-0.0033118485007434997,-0.0006835638341727,-0.0099501743679867,-0.015767294447869,-0.0032215002283919,-0.0035199326230213003,-0.0018226591273560004,-0.00013375719208843638
nonmember_395.png,0,-0.0019905157387256067,-0.03900592029094699,-0.0754448324441909,-0.0012161489576101997,-0.0020349444821477006,-0.004885038360953301,-0.006198581308126498,-0.026041362434625605,-0.0375382155179978,-0.00035838689655059985,-0.0017360527999699003,-0.0024299817159771997,-0.0032477453351020986,-0.0143845863640309,-0.019553486257791505,-0.0009775012731552003,-0.0018200608901680002,-0.0017112388741225004,-0.008748345077037801,-0.0225531421601772,-0.021808366291224998,-0.0022828029468656003,-0.0028343326412140998,-0.0015681728255003999,-0.0072087021544575,-0.011934034526348102,-0.008992426563054299,-0.0013908143155277,-0.0010627019219099998,-0.0005009370215703,-0.0035077929496765987,-0.0057582412846387,-0.0037953755818307,0.0013264315202832005,-0.0006670202710666001,-0.0001806734653654518,-0.0079714995808899,-0.0036326090048533002,-0.0020716860453830997,-0.004912810283713,-0.00040185056059269085,-4.2502409996814094e-05
nonmember_396.png,0,-0.004405511543154703,-0.0239890739321708,-0.06851865351200111,-0.0013044285587966,-0.0029819142073393,-0.005397832486778499,-0.0045330505818129,-0.014805059880018304,-0.031049422919750207,0.00044966256245969945,-0.0005655325949192004,-0.000986488070339,-0.0008584707975386983,-0.006598886102437904,-0.017402712255716296,0.0005097482353449007,0.0011302945204079004,-0.0011093739885837,-0.006647314876318002,-0.0152753721922636,-0.017619291320443202,-0.0016624513082206006,-0.0032327561639249004,-0.0018407623283565,-0.0008742809295653985,-0.0092913303524256,-0.006700306199491001,-0.0009228577837347993,-0.0009802214335649997,-0.0004993505717720999,-0.004332141019404,-0.0086381155997515,-0.0027446732856333004,0.0009587602689862,-0.0018202941864729001,-0.00018413621728540001,-0.0101163445506245,-0.0079795451893005,-0.0014713362761541,-0.0051990590291098,-0.00124074560153526,-7.076197289273408e-05
nonmember_397.png,0,-0.004084834828972803,-0.023802280426025307,-0.0424006283283234,-0.0009141052141786003,0.0004085619002580001,-0.0028517264872789,-0.0026336889714001985,-0.009279008954763496,-0.020576879382133498,-0.00014173937961449966,-0.001696075312793201,-0.0018260986544191998,0.0009845197200775008,-0.007072906941175405,-0.012651069089770303,0.0007782340981066001,-0.00036907568573949986,-0.0011988498736173001,-0.0013744402676820998,-0.014856126159429599,-0.0137427086010575,-0.0010603861883283,-0.0030397018417716,-0.0012282785028218998,-0.0018248204141854997,-0.014846177771687497,-0.006133906077593599,0.0006175637245178006,-0.0022531864233315,-0.0005865894781892,-0.006036464124918001,-0.010427766479551803,-0.0027976916171610004,-0.001903394237160701,-0.0017643981846049998,-0.00023495264758812882,-0.0141727982554585,-0.007953466440085299,-0.0015237199695548,-0.005396025604568399,-0.0009959894196071315,-6.136097726994194e-05
nonmember_398.png,0,-0.003312328830361401,-0.031999204307794606,-0.0431156978011132,-0.00020391400903460068,-0.0032558664679528003,-0.002497002016753,-0.0026594884693622,-0.018724620342254597,-0.0166826453059912,-0.0015664957463741996,-0.0021121879108250002,-0.0010063387453556,-0.00020279549062249963,-0.007804257795214702,-0.0088650677353143,0.0013971431180834996,-0.0006179981864988995,-0.0007176268845797001,-0.002392603084445003,-0.010114382952451702,-0.009219697676598998,-0.0021556918509305,0.0003149448893964993,-0.0017546077724546,-0.006245313212275498,-0.0071151554584503,-0.0053903101943434005,-0.0010620821267366002,-0.0017608923371881997,-0.000769869366195,-0.006434725597500799,-0.006009384058415899,-0.0026455372571945,-0.0016152793541550996,-0.0010010340483859,-0.00037155976315270004,-0.009797980310395402,-0.0060271078837104,-0.0015850224444875001,-0.0031850789673626002,-0.0014273281885834065,-5.9550467994905996e-05
nonmember_399.png,0,-0.006018878892064098,-0.019467636942863492,-0.0676346272230148,-0.0007082587108015997,-0.0017324062064290012,-0.0014455625787378,-0.0007597189396620005,-0.010145314037799905,-0.0415068790316582,-0.0010264590382575997,-0.0017954623326658994,-0.0036859386600554,-0.0005896650254725994,-0.009729675948619794,-0.026873741298914004,-0.0005208346992730999,0.0007173018530011004,-0.0021680369973182,-0.0013158507645131025,-0.016161985695362105,-0.0285894572734832,0.0007131658494472001,-0.0038846898823977002,-0.0021842725109309,-0.0026057772338390003,-0.0144549012184143,-0.0127810230478645,-0.0017564571462570996,-0.0013564676046371,-0.0007278545526787999,-0.0011153444647789001,-0.011214667931199098,-0.005681856069713801,0.0005467813462019001,-0.0019968963460997,-0.0002889311726904,-0.012846105266362397,-0.009552403411362301,-0.0031980686617317003,-0.004266952630132501,-0.001543054124340361,-0.00011276243094461894
nonmember_400.png,0,-0.006895784288644798,-0.0295312851667405,-0.07106330990791329,-0.0003662509843706998,-0.0004588933661579999,-0.0023242523893714003,-0.004104349762201299,-0.017458602786064092,-0.03187213093042371,-0.0013795546256006007,-0.0015437081456183988,-0.0031349929049610996,-0.0019215308129788,-0.0113655515015125,-0.0203288607299328,-0.0009826375171542003,-0.0003466373309493013,-0.0016414222773165,-0.003349343314766901,-0.0189211219549179,-0.022402362897992096,-0.00020174216479059998,-0.0022119078785180993,-0.0012627420946955,-0.0037808492779730987,-0.014735432341694901,-0.011338880285620702,0.0002796016633511006,-0.0026963867712765997,-0.001321928401012,-0.0034133428707719023,-0.0111003443598747,-0.0057119454722852,-0.0017941161058844003,-0.0007653869688511003,-0.0004363901680335,-0.0122569780796766,-0.0141789839835837,-0.0033921258436748,-0.0039334645261988,-0.0028930955595569997,-0.00013671061242347043
nonmember_401.png,0,-0.003992153331637396,-0.024842243641614907,-0.0547608509659767,-0.002663359045982301,-0.0008685756474734012,-0.002128931228071499,-0.0028940252959728,-0.013209369033574996,-0.025582458823919303,0.0019827401265502,-0.0014157835394143998,-0.0027007299941033003,-0.0046034604310989,-0.010586589574813905,-0.014120656996965499,-0.0037109893746674,-0.0019502555951475993,-0.0009289034642279001,-0.0028741918504238025,-0.012402720749378197,-0.0159130543470382,-0.00017934199422599967,0.0004062429070472995,-0.0014345205854624998,-0.000513158738613198,-0.007284529507160201,-0.0080701392143965,0.0018155793659388993,-0.0004816260188817995,-0.0008119031554088001,-0.0035548619925975,-0.006982204504311099,-0.0037789926864207,-0.0023955316282808998,-0.0024129471275956002,-0.0003740871034097,-0.011388189857825701,-0.0101165361120365,-0.0019576460617827,-0.0036857138620689,-0.0020602035401679156,-6.41931910648874e-05
nonmember_402.png,0,-0.0059145800769329,-0.025377273559570312,-0.054442770779132885,-0.0024727634154261,-0.00024674553424120123,-0.003829204011708499,-0.0022558830678462982,-0.011445309966802597,-0.024503927677869804,0.00023252796381720026,-0.0003550220280884985,-0.0017592301592230008,-0.001645443961024201,-0.009520150721073095,-0.017863828688859905,0.0015567257069051006,-0.0002932474017144013,-0.0008079523686319997,-0.002159096300602001,-0.01245741173625,-0.019474556669592896,-0.00011703930795190116,-0.0016029616817831993,-0.0016765379114076998,-0.004333714023232498,-0.0116631146520376,-0.009887879714369701,-0.0009895511902869,-0.0025517125613987003,-0.0007406979566440001,-0.004683879204094401,-0.008286615833640102,-0.004735189024359,-0.0017002266831695999,-0.0010360179003327998,-0.0006272560567595,-0.0094195471610874,-0.0136006967513822,-0.0037063205381856,-0.0036955054383724997,-0.0026762126290122623,-0.0003366256205480582
nonmember_403.png,0,-0.0070674419403076,-0.017061743885278702,-0.05253630504012109,-0.0031921933405100996,-0.0005074487999081993,-0.0025136065669357005,0.0007394105195998972,-0.013740189373493202,-0.020000934600830002,0.0022195479832588993,-0.0012084753252565002,-0.0021350714378058997,-0.0015796534717082977,-0.012964915484189994,-0.0115090664476157,-0.0022281166166066993,-0.0025420747697353996,-0.0009531413670630002,-0.006661988794803602,-0.0174764804542065,-0.0097087062895298,0.0006683501414955001,-0.0020543739665299003,-0.0010012234561144998,-0.004788865335285698,-0.008661296218633601,-0.0041227850597351,-0.0012597497552633008,-0.00048624374903740017,-0.0004790753591806,-0.0034897765144706,-0.0050470163114369,-0.0018601377960295001,-0.0010976744815707996,-0.0011197329731658,-0.0001752028547342871,-0.008544042240828201,-0.0036903027503285995,-0.001030921790516,-0.003295317525044,-0.0010106121371791122,-3.815440504695289e-05
nonmember_404.png,0,-0.004886427894234598,-0.021416943520307506,-0.0339277721941471,6.452947855000064e-05,-0.0006603701040147998,-0.0021655750460923004,-0.003119911998510399,-0.011682171374559402,-0.013447083532810204,-0.0019326475448907003,-0.0021935049444437,-0.0011519212275742999,-0.0019083954393864025,-0.006821492686867697,-0.0082116294652223,-0.0007459302432834998,-0.0006953887641429997,-0.0011653874535114,-0.002947047352790798,-0.010075302794575702,-0.008197817951440898,-0.0006083617918193002,-0.0017676099669188998,-0.0008906632428988999,-0.0041563436388969005,-0.008423504419624799,-0.0042455696966499,-0.0005370811559260004,-0.0007845058571547001,-0.0005932089698035001,-0.006184215657413101,-0.0059213954955339996,-0.0019535073079168,-0.0016143557149916996,-0.0006923561450094002,-0.00015882660227355437,-0.007187240291386799,-0.0057281755143776,-0.0011962008429692,-0.0029859066708013,-0.001582308759679958,-4.417922536958939e-05
nonmember_405.png,0,-0.0008039511740208019,-0.026092067360878005,-0.06109434366226199,0.0006390213966370011,-0.0034889653325080993,-0.0037247608415782,-0.005063695833086999,-0.020539898425340694,-0.028466332703828805,-0.000798374414444001,-0.0019180029630661002,-0.0027662338688969994,-0.0025709122419356988,-0.013575203716754906,-0.0171149056404829,-0.0012775482609867998,0.0003837198019027996,-0.0018121730536223004,-0.0093734692782163,-0.023886242881417295,-0.018816538155078902,-0.0020608869381248994,-0.0037130161654204,-0.0015867630718274998,-0.005619811825454301,-0.012332716025412001,-0.007469161879271301,-0.0014296830631792008,-0.0013545963447540998,-0.00030961171432870003,-0.004629731178283699,-0.0063070612959564,-0.0030776805942877997,-0.0009276177734136998,-0.0009098466543946001,-0.0001550179367767931,-0.0037540202029048998,-0.0037556994211627006,-0.0015934938419377002,-0.0014304420910776,-0.0003825469011644468,-2.692859197850339e-05
nonmember_406.png,0,-0.008147649466991404,-0.0231818407773971,-0.051645472645759596,-0.0045197112485765994,-0.003213436342775801,-0.0013579186052084004,-0.0020371247082948962,-0.010705489665269893,-0.021508906036615393,0.0019190041348338006,0.00044159032404419984,-0.0017878860235214,-0.0035555176436901023,-0.010656245052814498,-0.018519178032875,-0.0021711885929108004,-0.0016229045577346992,-0.0011170816142112,-0.004566648975014697,-0.013433855026960304,-0.019157832488417702,0.0002859355881810995,-0.0016354848630727005,-0.0021399721736088,-0.002862017601728401,-0.012984393164515499,-0.009728835895657501,-0.00011939229443670013,-0.0024718402419238996,-0.0007589843589813,-0.0035214722156525005,-0.010506606660783301,-0.0047512450255454,-0.0007261084392666999,-0.0017657245043665002,-0.00029588673351091984,-0.0128708665724843,-0.008325070317369,-0.0025997948396252,-0.0048503237776458,-0.001011673735774795,-4.1112292819889276e-05
nonmember_407.png,0,-0.0024468582123518025,-0.032475009560585,-0.038961581885814695,0.00028922688215980014,-0.0039274278096854,-0.0018326225690543999,-0.0038363076746462978,-0.007460691034793805,-0.018331650644540703,-0.0006488417275250001,0.0033786580897866994,-0.00013911118730899983,-0.0034753102809191028,-0.0058317631483078,-0.010669674724340498,-0.0004978980869055002,-0.0026258514262735002,-0.0020626864861697,-0.0028748884797095975,-0.010398326441645699,-0.0139752654358745,-0.0011478089727461997,-0.00033617205917840006,-0.0022361008450389,-0.0022891666740179027,-0.008568527176976197,-0.007999868132174001,0.0005485303699971,-0.0006045727059244997,-0.0008506867452524,-0.004164207726716999,-0.009026270359754502,-0.0043317461386323,-0.0016338066197932,-0.0032033969182521,-0.0004536976048258,-0.0109236907446757,-0.0106410011067056,-0.0028186625568196,-0.004087214183528,-0.002630422055517519,-0.00020080038302684646
nonmember_408.png,0,-0.0036770328879356974,-0.035217970609664896,-0.0579515993595123,0.0009968830272555004,-0.0034832600504159997,-0.0012929951772092992,-0.0009073372930288003,-0.013048041611909901,-0.0256722420454025,-0.001719779334962401,-0.0005152164958416999,-0.0028928723186255004,-0.0029978565871715025,-0.0100122485309839,-0.014621950685977998,-0.002047800458967599,-0.0008551110513509005,-0.0012866980396211,-0.0030655246227979972,-0.0121418796479702,-0.0176418796181679,0.0008920920081436001,-0.0025934849400073,-0.0030113159446046,-0.0022636130452156032,-0.009467489086091501,-0.0096561373211443,-0.0007141078822314999,-0.0015293261967599,-0.0008851629972923001,-0.007099797017872398,-0.0051712994463742005,-0.0040143984369933996,-0.0020756893791258006,-0.0005125783500261999,-0.0002304829686181358,-0.008045686874538601,-0.0033652855636319,-0.0021707702544517,-0.0027490928769111998,-0.0007128162869775546,-5.3165724239079295e-05
nonmember_409.png,0,-0.0064466707408429025,-0.015530746430158594,-0.0352616608142853,0.0003032153472304006,-0.00194833567366,-0.0016788914799689995,-0.002663824707269599,-0.010943412780761698,-0.018118977546691895,0.0003585983067751,-0.00014197360724209959,-0.0007754648104310001,0.00020346976816650042,-0.006150353699922603,-0.009616376832127602,0.0007905047386885002,-0.00017561763525010023,-0.0020317458547652,-0.004436660557985299,-0.0099036004394292,-0.013605196960270401,-0.002880579326301801,-0.0018256516195834004,-0.0020273152040318,-0.0020207446068525,-0.009621169418096598,-0.008359255734831098,0.0016049011610448005,-0.0015689358115195998,-0.0008078016107901,-0.0023269951343537,-0.0086064012721181,-0.0040535393636673,-0.0018379683606326008,-0.0019815675914287,-0.000343930645613,-0.011288076872006,-0.0083488274831325,-0.0023364509688691,-0.0042378286598251,-0.0015015667413535907,-9.393090658704092e-05
nonmember_410.png,0,-0.007814057171344799,-0.029899224638938904,-0.0455173663794994,-0.0037038112059235,-0.0029035247862339002,-0.00012756092473859958,-0.0034486986696720054,-0.019535087049007388,-0.0199342891573906,-0.0025965133681893,-0.0030135721899569,-0.0025124023668468,-0.004468489438295396,-0.014314077794551808,-0.014829723164439201,-0.0017732037231326997,-9.754486382000053e-05,-0.0015660875942558002,-0.003010032698512001,-0.0207715462893248,-0.015803473070263897,0.0019807051867247,-0.0026380105409771998,-0.0014615131076426,-0.0066736042499543,-0.014833917841315299,-0.006868839263915999,-0.0029426254332065,-0.0012931418605147999,-0.0004938396305078,-0.007016805000603201,-0.008173281326889999,-0.0029851983999834002,-0.0010417029261589996,-0.0007402513292619,-0.00015541461470999977,-0.0112871734891086,-0.005222269915975601,-0.0016058831679402,-0.0037341819843277,-0.0009444694696866391,-5.8707635616883636e-05
nonmember_411.png,0,-0.00030798837542530405,-0.026121579110622392,-0.033373549580573994,0.0005485555157064993,-0.001860186457634,-0.0023421156220137995,-0.004497086629271497,-0.011141717433929499,-0.018596451729536105,-0.0026140939444303,-6.429478526109953e-05,-0.0014902972616254997,-0.0024372637271881034,-0.009384296834468803,-0.009535111486911697,0.0014307433739303996,-0.0020155310630798,7.309485226899941e-06,-0.002539021894335799,-0.0095748044550419,-0.0107132289558649,-0.0006809979677199988,-0.0015471435617656001,-0.0013941756915301002,-0.003100296482443799,-0.0069413734599948,-0.0075985882431269,0.0007138773798941993,-0.0009095955174416,-0.0021079723956064,-0.0073435772210359,-0.0050893374718726,-0.0054798382334411005,-0.0042650667019188005,-0.0012303249677643,-0.0006139636097941,-0.009878345765173501,-0.005035365698859,-0.0034567490802147,-0.0029647259507327994,-0.0011250164461671338,-0.00017553172438055278
nonmember_412.png,0,0.002863146364688901,-0.020870789885521004,-0.061836145818233504,0.00017165951430800006,9.53841954469993e-05,-0.0029870467260480005,-0.009141966700553901,-0.013676080852746894,-0.025724858045578003,-0.0023644333705305992,-0.0011808709241449998,-0.0015570921823383002,-0.004870017990470002,-0.0111767686903477,-0.014220628887414904,-0.0013695312663912999,-0.0024652853608132,-0.0015666037797926998,-0.004974316805601099,-0.012162871658802001,-0.0162315890192986,-0.00017830636352300037,-2.5627668947000512e-05,-0.0018115909770132,-0.005086031742394,-0.0103267431259156,-0.008482899516820899,-0.0005024955607951,-0.0019029821269213997,-0.0008642189495731,-0.0025739045813679,-0.0090411184355616,-0.0043621023651212,-0.0008735512383281994,-0.0018395092338323,-0.0002835880368366,-0.0102998991496861,-0.009649309853557499,-0.002598460399895,-0.0037305299774744007,-0.001174134100438071,-6.304722046470683e-05
nonmember_413.png,0,-0.007129451259970696,-0.0284854248166085,-0.07666438817977901,-0.0035256962291897002,-0.0028317910619080006,-0.0006701098755001987,-0.0037511736154555997,-0.019486732780933297,-0.041800096631050096,-0.0002661761827765993,-0.0031040003523231004,-0.0032224035821855007,-0.004896301776170703,-0.0133310370147229,-0.026367034763097805,-0.00016125058755280062,-0.0002430472522973997,-0.0010350793600081998,-0.0044101197272539,-0.0159929264336824,-0.028626222163438797,-0.0021965829655528,-0.0017734139692038003,-0.0028681898256764,-0.0017295023426413987,-0.009405946359038402,-0.0138286473229528,0.0029059946537017,-0.0012977739097551,-0.0008911722979974001,-0.005996167659759499,-0.005879764212295399,-0.0063693097326904,-0.0044048423878848,-0.0008797107147984,-0.00020048012811460002,-0.0065028399694711005,-0.0035596465750132,-0.0034081900230376002,-0.0025607201387175,-0.0004664630396291029,-5.978479748583457e-05
nonmember_414.png,0,-0.00023857131600379944,-0.026538453996181488,-0.0646740198135376,-0.0007581450045107997,-0.00031628087162969935,-0.0031967237591743,-0.006410159170627601,-0.006854183971881811,-0.02970555424690241,-0.0003506746143102993,-0.0004091104492545995,-0.002629147842526501,-0.0022505540400743,-0.010447558015584994,-0.02431991696357729,-0.00017535220831630012,-0.0006811264902353009,-0.0018331091850996,-0.0038677304983139003,-0.011848732829093898,-0.025196764618158403,-0.0014668698422611003,-0.0022827708162366997,-0.0027860577683895,-0.004800420254469001,-0.0144598856568337,-0.0158534049987793,5.1866285502900206e-05,-0.0016477266326546999,-0.0014000702649355,0.0008357409387827024,-0.012522324919700602,-0.009235955774784099,-0.00013493560254570006,-0.0021744885016233002,-0.0010173659829889,-0.013453679159283602,-0.014492517686449,-0.005864111619303,-0.005922570650000201,-0.0022731572098563424,-0.0003159814023091968
nonmember_415.png,0,-0.006272820755839299,-0.020265080034732805,-0.045069932937622,-0.002503049094229901,-0.0005725612863898,-0.0008376725018024011,-0.0007195100188255033,-0.007522396743297598,-0.018564760684967097,0.0013087275438010007,-0.0023693214170635,-0.0029679830186068994,-0.0034947618842124974,-0.005523592233657802,-0.013032428920269006,5.586910992869988e-05,0.0015534022822976,-0.0009273523464798997,-0.003244940191507402,-0.011966010555624997,-0.016254574060440098,-0.00011552032083280046,-0.0039004662539810003,-0.0025232355110347,-0.003753827884793299,-0.011394128203392001,-0.010589495301246598,-0.0015841741114854995,-0.0005781457293777999,-0.0009911569068209,-0.0024638036265969,-0.0068523455411196,-0.0053758302237838,-0.00043849507346740025,-0.0008961283601821002,-0.0006489685329142,-0.008778665214777,-0.008246244513429701,-0.0032402982469649,-0.0035933508770541,-0.0020758697792188324,-0.0002190454797528211
nonmember_416.png,0,-0.0078796148300171,-0.024286650121212,-0.027132898569107097,-0.0046018771827220995,-0.0019362680613994997,-0.00013469997793430066,-0.0038114506751298974,-0.004569396376609802,-0.013443907722830797,0.0008972743526101,0.0008811587467789997,-0.0011824090033769998,-0.0030541792511940002,-0.005950635299086602,-0.008988404646515801,0.0019422955811024007,-0.0014096926897763998,-0.0013633561320602998,-0.005520801991224301,-0.006093638017773597,-0.010800509713590199,-0.006151300389319601,-0.00042153103277089987,-0.0013602133840322,-0.0023154960945247997,-0.005025161430239702,-0.0058969212695956005,0.0006692288443446003,-0.0002899500541389006,-0.0008492875494994,-5.05754724145005e-05,-0.006985682062804699,-0.0030366452410817003,0.0004296153783798001,-0.0029392071301116993,-0.00045103262527850007,-0.0088966654147953,-0.009795851539820401,-0.0017606929905014,-0.0032042702659965004,-0.0015027237786853166,-6.650283103222284e-05
nonmember_417.png,0,-0.004954794421792003,-0.026272669434547397,-0.05150862783193591,-0.000988787971437,2.5570392608699824e-05,-0.0016510128043592002,-0.003178283572196898,-0.016358330845832804,-0.0229887329041958,0.0007284507155417997,-0.0017166589386761006,-0.0017567225731908997,0.0001556091010569971,-0.0064337067306041995,-0.012794800102710696,-0.0007877573370932995,0.0011418131180106995,-0.00016369111835959956,-0.0035134591162204985,-0.013470388948917396,-0.020818816497921902,-0.0014023361727595,-0.0027777715586126,-0.0024790368042886,-0.004986586049199101,-0.009775817394256602,-0.0118757812306285,-0.00011203438043599998,-0.0003583943471311994,-0.0011767556425184003,-0.002110134810209198,-0.0030556581914425,-0.0066089145839215,-0.0011657369323075,0.0015999497845768998,-0.0008851482998579999,-0.014027660363353801,-0.0203169656451791,-0.008124139916617399,-0.0045420621754601,-0.0067194728762843,-0.0009935082634910497
nonmember_418.png,0,2.5562942028101165e-05,-0.036752738058567005,-0.0725516825914383,-0.001138264313340201,-0.005972234532237,-0.0062030525878071004,-0.0003419443964958052,-0.0182928666472435,-0.034487180411815706,1.0288320481799743e-05,-0.0003527370281518,-0.0024669547565282003,-0.004799865186214496,-0.01598140224814419,-0.016680331900715797,-0.0004625441506504995,-0.0007086824625730003,-0.0009095766581595,-0.005113301798701304,-0.020462062209844603,-0.017946062609553302,-0.0025724489241837995,-0.0023960890248418,-0.0015175433945842,-0.008699826896190598,-0.0151353999972343,-0.006777742877602601,-0.0008239829912782002,-0.0024377997033298,-0.000525804964127,-0.008571662940084901,-0.008371686562895799,-0.0027901832945645003,-0.0021006194874644,-0.0011240795720368999,-0.00016599479567953797,-0.0104698749491945,-0.0061153929273132,-0.0014677055078208998,-0.0036993696412537997,-0.0007616598013554718,-4.882359644398093e-05
nonmember_419.png,0,-0.005491048097610397,-0.0249443128705025,-0.047095261514186804,-0.0009428653866052003,-0.0032812375575304005,-0.0025473036803305,-0.0010439828038216019,-0.012822922319173799,-0.0202002674341202,-0.00011167302727699974,0.00036223977804180057,-0.0020629495847971,-0.0038525983691216,-0.011927071958780303,-0.0120243430137635,-0.0001271506771446003,-0.002680599689483601,-0.0008640477899462002,-0.003469161689281401,-0.014294151216745397,-0.0124320657923817,-4.865322262040048e-05,-0.0011104154400527998,-0.0017105964361689998,-0.0068845115602017,-0.011359589174389801,-0.005267440108582399,-0.0020556519739329997,-0.001534377457574,-0.0005295500159262999,-0.005135448649525599,-0.008203237317502499,-0.0023945816792547998,-0.0017616609111428,-0.0013027890818193,-0.0001951779631781209,-0.0093716830015183,-0.007487752562156,-0.0012763248669216002,-0.0033466009190307,-0.0011718380774254577,-2.6636360416887328e-05
nonmember_420.png,0,-0.0030504353344441015,-0.028249170631170196,-0.0633468627929688,-0.0018391394987702005,-0.0006986949592829002,-0.004387249238789099,-0.005350019782781601,-0.017982903867959997,-0.025299837812781296,-0.0021489239297807,-0.0023847152478993,-0.0018203357467428,-0.0017822217196225981,-0.009857967495918302,-0.0123255103826523,0.00012463051825759974,-0.0007276614196598001,-0.0004337410209701001,-0.004112298600375701,-0.0132400542497635,-0.010566942393779703,-0.0001013348810374997,-0.0014698237646370996,-0.0008792118751444,-0.0033131204545496992,-0.0071676224470137995,-0.0038832079153507996,-0.0012406706809997003,-0.0012214820599184,-0.00040603324305259994,-0.0029236013069749,-0.0040050661191345,-0.0015826618182473002,3.792718052859998e-05,-0.0006008008494973,-0.00010329535871274892,-0.004714197013527201,-0.0042178980947937,-0.0007669556507608,-0.0023314685095101,-0.0012282044917810227,-2.4929493520176038e-05
nonmember_421.png,0,-0.004963744431734099,-0.029751606285572108,-0.07282180339097981,0.0018719378858805015,-0.0026558861136435994,-0.0053564966656267,-0.0041411370038986,-0.0159997642040252,-0.0358500815927982,-0.0016134409233928004,-0.0012758579105139004,-0.0030016875825823004,-0.0019472334533929998,-0.016428913921117796,-0.0199645012617111,-0.0016621882095933004,-0.0010245665907859993,-0.0016919311601667998,-0.0037779845297336995,-0.0195631571114063,-0.0214900989085436,0.00041481340304020016,-0.0032052830792963,-0.0014158269623295,-0.0043593272566795,-0.015623888000846,-0.009280849248170901,0.00042988173663619997,-0.0014268620871007998,-0.0008297861786559001,-0.00466772262007,-0.009992009028792301,-0.0040149083361029,-0.0018313340842724003,-0.0015494610415771,-0.00023723985214014944,-0.0124580827541649,-0.0076183275377844,-0.0022366406774382,-0.0050642870482989,-0.0010034407569037124,-3.6293931771069765e-05
nonmember_422.png,0,-0.004562968388199803,-0.015117499977350297,-0.0320294946432114,-0.001583439297974101,-8.721277117729968e-05,-0.0003051557578145998,-0.0025987084954977,-0.006924878805875806,-0.014676518738269799,-0.0003260131925343999,-0.0013659391552210002,-0.0017374185845256,-0.002454206347465498,-0.003132667392492197,-0.010653482750058202,0.00022451858967540046,-0.0009089373052120001,-0.0013163660187274005,-0.0012295674532652005,-0.010311882942915001,-0.013375818729400598,-0.0016848477534949996,-0.00029908120632169983,-0.0021488416241481996,-0.005288003012538,-0.0092404065653682,-0.0081318221054972,-0.0023989402689039005,-0.0026790914125741,-0.0008822178060655,-0.0017024483531713,-0.006629009731113899,-0.0040509579703211,0.0013455511070787005,-0.0008179884171112999,-0.0002109396518789369,-0.009098490001633801,-0.0056727799528744,-0.0022574083850487,-0.0045018524397164,-0.001231079942954187,-4.5816002966603264e-05
nonmember_423.png,0,-0.0038574114441872025,-0.023643273860216196,-0.045941427350044306,0.0011975844390690995,-0.0004442739300430003,-0.0032113543711601994,-0.0028302893042563976,-0.0090806409716606,-0.024389766156673397,-0.000787821598351,0.00025128666311510003,-0.0010502408258617002,-0.0044220890849829,-0.0072172619402407975,-0.0157089978456497,-0.0024670660495758993,-0.0016811271198094004,-0.0025882334448397003,-0.003336722031235702,-0.0099128857254982,-0.0191449373960495,-0.0008500586263835005,-0.0011214115656912995,-0.0019948504632339,-0.0010208338499068988,-0.006049055606126799,-0.0101173799484968,0.0010979296639562,-0.0009947109501809003,-0.0012219942291267,-0.0035549793392420006,-0.008545754477381701,-0.0060988757759332995,-0.0013786801137029995,-0.0021695283940061996,-0.0005057440575911,-0.005390166537836199,-0.009164034912828401,-0.0038962059625192,-0.0024744744878263,-0.0010111880874318485,-0.0001585609061293937
nonmember_424.png,0,-0.005837341770529799,-0.022709935903549208,-0.05556785687804219,-0.0003428906202317004,-0.0007822602055967002,-0.0039145885966718,-0.0013016052544117009,-0.014583440497517596,-0.0211895294487477,0.0015459563583135995,-0.0023914696648717005,-0.0022991924779489,-0.003232572227716401,-0.009475054219365099,-0.0115814069285989,-0.0014636539854108992,-0.0012169266119598995,-0.0006221098592505001,-0.0027946205809711994,-0.010061204433441202,-0.0097491196356713,-0.0006212173029781004,-0.0010688212933019,-0.0005295489390847,-0.0039586378261447005,-0.0048558372072875,-0.0035263365134597002,-0.003172593191266,-0.0008706141961738,-0.0002160261210519,-0.002363852225244099,-0.0024505164474249,-0.0014223004109226002,0.0007828087545931001,-0.00032370607368650004,-4.314342368159991e-05,-0.0062943655066192,-0.001660848407482203,-0.0007725371324340723,-0.0031214331975207,-0.0004858012689509984,-5.555554344027769e-05
nonmember_425.png,0,-0.007775528356432901,-0.020146578550338703,-0.044779896736145006,-0.0031180819496513003,-0.00022173579782250145,-0.0006869565695525014,-0.0053320210427045996,-0.012331306934356696,-0.028014015406370094,-6.18621706962013e-05,-0.0019164858385920993,-0.005698822904378099,-0.0004660394042730019,-0.0059340745210648,-0.0174356661736966,-3.659445792439896e-05,-0.00028544291853899954,-0.0011830155272037,-0.005412550643086499,-0.014901490882039101,-0.0203110724687576,-0.0019966084510088,-0.0020620115101337,-0.0017085311701521,-0.0042320601642132,-0.011820834130048703,-0.0098293204791844,-0.0010877596214413999,-0.0020898664370180005,-0.0008264587377197999,-0.0011383909732103,-0.008739314973354298,-0.0047080786898731995,0.0017400109209120994,-0.0018339419038965999,-0.0004303331515985,-0.011476497864350699,-0.009860061807558,-0.0026895732298726,-0.0051676136208698,-0.0014136728786979264,-8.904616697686852e-05
nonmember_426.png,0,-0.004537418484687805,-0.029099486768245697,-0.0724748075008392,0.0007484499365092,-0.0018565822392701999,-0.0026337024755776007,-0.005701862275600499,-0.0163506716489792,-0.0375812463462353,-0.0031167063862086,0.0004086168482900013,-0.0029931291937828,-0.002657052129506999,-0.017286855727434103,-0.0217331871390343,0.0007305033504963008,-0.0015826961025596012,-0.0014753115829080998,-0.0054113548249007,-0.019514963030815197,-0.020730530843138698,-0.0013596331700682007,-0.0020713633857666995,-0.0013526955153793001,-0.0048287454992532,-0.0125829642638564,-0.008803409058600699,0.0022899610921740003,-0.0024465676397086,-0.0006679895741399,-0.0043252101168037,-0.007430171594023699,-0.0036557128187269,-0.003665819298476,-0.0011134241940453,-0.00020988320466128516,-0.0077347184997052,-0.0074686266016215,-0.0020002161472803,-0.0038912390591576,-0.0013111412372381608,-5.46190931345336e-05
nonmember_427.png,0,-0.005658198148012203,-0.0308992937207222,-0.0756312012672424,-0.0016620554961263995,-0.0014525158330797993,-0.0060237776488066,-0.0036306176334618967,-0.016575589776039103,-0.03396769240498541,0.0007656621746719005,-0.0022390517406166,-0.0012500160373747002,-0.004190661013126401,-0.010149762034416199,-0.0187759064137936,-0.0018967911601067006,-0.0006259796209633003,-0.002302315318957,-0.004579739645123499,-0.0165004022419453,-0.0191652309149504,4.8569403588799576e-05,-0.0009539816528559,-0.0021453735535033004,-0.005593508481979301,-0.015170799568295396,-0.0086278785020113,-0.0005248198285698995,-0.0028980101924389,-0.0005086144956294,-0.007042288780212401,-0.009545374661684102,-0.0036638360470533,-0.0021226333919912004,-0.001264390128199,-0.0001373140330542739,-0.007348635816015399,-0.0072717107832432,-0.0019660192920128,-0.0032466461416334,-0.0009242614360118675,-3.725027636392042e-05
nonmember_428.png,0,-0.004288289695978102,-0.029383398592472118,-0.07806622982025152,-0.0006385752931238001,-0.0022269040346145005,-0.0025074398145079994,-0.0017826221883296967,-0.025286152958869892,-0.042780570685863495,0.0008603734895587002,-0.0029146210290491997,-0.0041657476685941,-0.0036049615591765005,-0.013013578951358802,-0.028180714696645695,-0.0009200936183332998,0.0024744071997702,-0.0021360921673477004,-0.0046457126736641,-0.0222588144242764,-0.0329825039952994,-0.0005110427737236006,-0.0037443502806127,-0.0022551288129761997,-0.0068022627383470015,-0.018530905246734602,-0.014965258538722999,-0.002711708657443499,-0.0020946501754223997,-0.0011571579088922,-0.0055920872837305,-0.0108550433069468,-0.0064675738103687,-0.0015399819239974005,-0.0013008897658438,-0.0003170205236529,-0.0105394448619336,-0.0095174392918124,-0.0036421604600037003,-0.0035908697173,-0.001385269926686233,-6.140032201070966e-05
nonmember_429.png,0,-0.0061389598995446985,-0.021980363875627504,-0.0490172877907753,4.6622939407801184e-05,-0.0026061763055622994,-0.0035889316350222007,-0.0013747736811638017,-0.007141489535570103,-0.020789861679077093,6.126705557110007e-05,0.0022839833982288994,-0.001461180858314,-0.0021359324455260988,-0.0047828294336796015,-0.014541767537593904,-0.0008840910159051011,-0.0015577543526887998,-0.0011275731958449,-0.0022065043449401994,-0.014402005821466501,-0.019651480019092497,-5.5231619626300126e-05,-0.0020168260671197995,-0.0024427743628620997,-0.004384696483612,-0.010104676708578997,-0.010984020307660101,-0.0020647919736802994,-0.0022383762989194,-0.0012599097099156,-0.0007724678143859014,-0.0082636820152402,-0.0063910642638803005,0.0007846667431294996,-0.0015003450680523998,-0.0006735126080457,-0.0071088178083301,-0.0121915247873403,-0.0046509400126524,-0.0033105646725743996,-0.0020314904832047648,-0.0002217709698015019
nonmember_430.png,0,-0.009029865264892502,-0.0269826278090477,-0.04822950065135949,-0.002459882758557801,-0.001866920851171001,-0.002851038239896299,-0.0044482089579106,-0.016902823001146296,-0.02581665664911271,0.001093262806534801,-0.0025451504625379996,-0.0024432665668428005,-0.001970190554857202,-0.011684507131576503,-0.014553871005773596,-0.000954309012740801,-0.0009267893619835004,-0.0012832512147724997,-0.003901399672031399,-0.0162629261612893,-0.0144893350079656,0.0009923768229782,-0.0005045235157013,-0.0013278582482598002,-0.005997069180011798,-0.0128020755946636,-0.006316508166491901,-0.0023773270659148997,-0.0027450118213891996,-0.0006590085686184999,-0.004651797004044002,-0.0099716046825051,-0.0026693268446251997,0.0010280851274729,-0.0017203136812896,-0.00014740251208416805,-0.0106743855867535,-0.0073676579049789005,-0.001429283147445,-0.0066722911433317,-0.0008526379133399175,-1.4043107512407005e-06
nonmember_431.png,0,-0.004782095551490801,-0.0251212976872921,-0.0389487445354462,-0.0005306592211126986,-0.0014486275613308005,-0.002211659681052,-0.002261659130454001,-0.0131440050899983,-0.018488474190235103,-0.0010615726932884009,-0.0013181664980947997,-0.0022828932851553,-0.0023914612829685974,-0.006806861609220498,-0.0104971397668123,8.715875446799973e-05,-0.0012167012318969007,-0.0013039633631706,-0.0006965678185224013,-0.0119124613702297,-0.012633309699594999,0.0015191212296485996,-0.0010724179446697,-0.001192657276988,-1.8123537302017212e-06,-0.0108068659901619,-0.0061652632430196,-0.00033212732523679907,-0.0021560338791459994,-0.0008650163654238001,-0.003807174041867298,-0.008847522549331202,-0.0028057397576049,-0.0013464395888149999,-0.0014479034580291003,-0.00026010521105489996,-0.0119018936529755,-0.0068238204694353,-0.0014896198263159,-0.005219571758061601,-0.0010664375804480103,-3.393352380953729e-05
nonmember_432.png,0,-0.007388373836874899,-0.021785181015729897,-0.041755251586437205,-0.0072143361903727,-0.0026564104482532007,-0.0025575351901353004,-0.0028866734355688026,-0.0117941573262215,-0.019832957535982097,0.0012910063378512998,-0.0013514370657504004,-0.0013735960237681996,0.00042204745113849987,-0.008590146899223296,-0.013806028291583103,0.0017655007541178998,-0.0009723911061881993,-0.0015738140791654001,-0.005208219401538398,-0.012317437678575502,-0.015453259460627998,-0.0032247817143797996,-0.0017301945481450003,-0.0019980639917775997,-0.0005041360855103007,-0.008916747756302398,-0.0069857328198851005,0.002779125235974799,-0.0013487136457115,-0.00043119517795279995,-0.0052842022851109,-0.0047372598201036,-0.0029586072778329,-0.004719313699752099,-0.0006737093790435,-0.00016088024858612168,-0.0087692536180839,-0.0034469069942134,-0.0016281366988551002,-0.0035023309173993,-0.0006105396205383808,3.4414188121445477e-06
nonmember_433.png,0,-0.0050376132130623,-0.017829630523920004,-0.0410268381237984,-0.0006877575069665996,-0.004131324123591199,-0.0018797270022331992,-0.002839427441358601,-0.008627157658338602,-0.020849801599979394,-0.001453637611120901,0.0007948344573377999,-0.0024788212031125996,-0.0020662918686867003,-0.006856642663478803,-0.0112673956900835,-0.0005426635034382994,-0.0023790076375006996,-0.0003737243823708006,-0.0028513278812169994,-0.009462378919124596,-0.014085460454225502,0.0009994991123676994,-0.0005430970340968002,-0.0019170026062056,-0.0033758729696273995,-0.012554133310914102,-0.0090652257204056,-0.0009992895647883996,-0.0024945905897766,-0.001314137945883,-0.0021767830476164002,-0.009601202793419299,-0.0044792464468627995,-0.0014515211805701004,-0.0011735818115994,-0.0003608084880397,-0.0101941678440199,-0.0080380443541799,-0.0027005273004761,-0.0038028148701414995,-0.0010168503431486628,-7.185553840825964e-05
nonmember_434.png,0,-0.0031069219112395963,-0.0295500755310059,-0.06881301850080489,0.0015972806140780995,0.0016228305175900997,-0.0044533787295222005,-0.0052506905049086,-0.014151155948638902,-0.033108167350292206,-0.0023730909451841996,-0.0033694459125400006,-0.0047010341659188,-0.0008802693337202003,-0.010672882199287394,-0.020237226039171198,0.0002506151795386999,-0.0002503637224435997,0.0008102860301733,-0.005040993914008102,-0.014880128204822499,-0.024834118783474003,0.00037633720785380017,7.263384759499843e-06,-0.0031027095392345996,-0.002822818234562898,-0.016329957172274603,-0.013895474374294198,-0.0013371733948588996,-0.0045830674935133,-0.0018048273050227,-0.0078162020072341,-0.014790584333241,-0.0072307363152504,-0.0025734279770404,-0.0019184545380993999,-0.0004361931642052,-0.0092947940574959,-0.0121587642934173,-0.004264946037437801,-0.0026797131868079,-0.001262084289919573,-0.00013709092672787855
nonmember_435.png,0,-0.005322523415088605,-0.028562486171722398,-0.0619694665074348,-0.00032978970557450034,-0.0004329495131969001,-0.0030554789118468996,-0.005502577871084199,-0.015135344117879798,-0.027069378644227995,-0.0020202938467263993,-0.0019344603642821,-0.0020019263029098996,-0.0036156103014945984,-0.013074014335870798,-0.015368647873401697,0.0006037503480911003,-0.0022063092328608,-0.0017971643246710001,-0.0037024114280940004,-0.014175135642290101,-0.019377594813704505,-0.0014885258860886002,-0.0032664646860211997,-0.0014152176445349999,-0.004983170889317899,-0.015201622620224998,-0.009715891908854198,-0.0003783670254052006,-0.0010297135449946,-0.0008595442341175001,-0.0034324601292611,-0.0092845177277922,-0.0043047037906945,-0.0014912527985870994,-0.0015580619801767999,-0.00022572626767208782,-0.0083154086023569,-0.0066200972360093,-0.0024230990966316,-0.0033942282316275,-0.0006721863028359546,-4.7877299948595464e-05
nonmember_436.png,0,-0.005837742239236797,-0.02764268964529039,-0.061431378126144395,0.0008075842633843006,-0.0025703320279716994,-0.0027040643617511004,-0.003739364445209503,-0.014277677983045606,-0.03845754638314249,-0.0014569875784218008,-0.0027923956513405002,-0.0033625275827944,-0.002453139051794999,-0.0156839042901993,-0.0217002853751182,0.0003034831024706008,-0.0021557882428169,-0.0014050269965082997,-0.0038923993706703984,-0.0193248279392719,-0.0223895404487849,-0.0018518557772040003,-0.0008286712691187997,-0.0018763674888759001,-0.002620339393615702,-0.013123800046742,-0.0094277672469616,-0.00024407869204880021,-0.0025089944247156,-0.0004598773084581,-0.004901441745459999,-0.0079558226279914,-0.003927237354218901,-0.0009927316568791996,-0.0009488036157564,-0.00024112770188365628,-0.0094182343455032,-0.0054555237293243,-0.0021034173114458,-0.0043610229622572,-0.0007451314049830305,-3.877582639688626e-05
nonmember_437.png,0,-0.006027579307556097,-0.03885993361473079,-0.0610730648040771,-0.0015222886577248,-0.004571249708533301,-0.0046125436201692,-0.004155557602644001,-0.019679456949234002,-0.023636704310774796,-0.00025517772883180013,-0.0011649085208772997,-0.0019052322022615996,-0.0028097964823246002,-0.013282418251037605,-0.011563556268811302,-0.00011847727000710052,-0.00036165490746500016,-0.0009630738059059,-0.0036964863538741996,-0.015306122601032299,-0.010408578906208199,-0.0021085762418806995,-0.0023278836160898,-0.0010205573053099,-0.003863080404698899,-0.007870392873883199,-0.0039808889850974,-0.00019765133038160063,-0.0009426889009774,-0.00046374635712710004,-0.005093609914183601,-0.005687397439032801,-0.0015145900542848,-0.0018096081912517999,-0.0012689768336713,-0.00011657137292784824,-0.007420370588079099,-0.0049751083424781,-0.0007972320963744778,-0.0022307049948722,-0.000965222196100511,-2.0103074348298833e-05
nonmember_438.png,0,-0.005648825317621196,-0.024872288107871995,-0.044330455362796804,-0.0014711404219270004,-0.0025321263819933007,-0.0038128723390399993,-0.001507455483078901,-0.0139038376510143,-0.020412959158420597,0.0020575150847435006,-0.0017372914589941996,-0.0015373588539660003,-2.3916363716198347e-05,-0.009753976017236703,-0.011300951242446903,0.0005377316847443997,-0.0012611364945768998,-0.0015140618197620002,-0.0072846915572881005,-0.015377620235085498,-0.0131696378812194,-0.0045906361192465,-0.0011384761892259004,-0.0015727593563497,-0.0020307023078204,-0.010519028641283502,-0.0064415722154081,0.0009421953000128,-0.0013603006955235997,-0.0007807183428668,-0.006791468709707201,-0.007421213667839799,-0.0027863879222421997,-0.0028185525443404002,-0.0012166643282399002,-0.00022274072398424438,-0.0104552125558257,-0.0065020181937143,-0.0014791902940487999,-0.0021189759718255,-0.0011109998195023918,-5.5378113756887615e-06
nonmember_439.png,0,-0.0049140676856040955,-0.024048775434494088,-0.0962962582707405,-0.0029374230653047007,-0.001885672099888401,-0.003015654161572401,-0.0012959204614162029,-0.016466856002807603,-0.0456637144088745,0.0005001239478588,-0.0016751438379286991,-0.0024532978422940003,-0.006386769935488701,-0.013866193592548398,-0.0259615294635296,-0.002616706304252199,-0.0008748164400459004,-0.0029394058510660995,-0.004707382991909998,-0.0283009707927704,-0.0271593332290649,0.0006042839959264001,-0.0028085582889615995,-0.0019185327691958,-0.002656714990735099,-0.018909931182861297,-0.0119223287329078,0.0001910440623759998,-0.0020289665553719005,-0.0007075998873915001,-0.0056616682559251005,-0.0126118613407016,-0.005070437444373999,-0.0019714822992682006,-0.0014078015228733,-0.00022942893701835104,-0.0098072539549321,-0.0104170402046293,-0.0027972867974313,-0.0038253678940236993,-0.0015085499762790187,-4.365175118437037e-05
nonmember_440.png,0,-0.0012020617723465035,-0.02548130601644509,-0.08818522095680241,-0.0006093438714742001,-0.003433122299611501,-0.0065959198400378,-0.0033227652311325004,-0.0164381414651871,-0.04122062027454379,-0.0012901825830340993,-0.0008814316242933985,-0.0009136344306171001,-0.000842895358800895,-0.013235330581665108,-0.022975806146860102,0.0021383417770266984,-1.5602447092500152e-05,-0.00041737314313650044,-0.0029191374778747003,-0.023365750908851596,-0.026466773822903602,-0.0020159054547548,-0.002636870834976401,-0.0034230581950396,-0.009107967838645002,-0.0198993887752294,-0.014405097812414202,-0.002901421394199199,-0.0024801518302410997,-0.0014611201477236998,-0.008300298824906401,-0.0140434298664332,-0.0064031234942376995,-0.00010456377640360049,-0.0018470073118806,-0.00042799778748300003,-0.016270887106657,-0.0108887881506234,-0.0037967684329486997,-0.0044964840053581,-0.0015190260710368946,-0.0001284096179006104
nonmember_441.png,0,-0.003497593104839297,-0.038704030215740204,-0.057406522333622,-0.0011676307767628999,-0.0048158382996917,-0.0035821350757033,-0.0033802408725024,-0.0240487232804298,-0.021148381754756,-3.2531097531400197e-05,-0.0021929154172539,-0.0015124808996916,-0.003101302310824401,-0.015131209045648596,-0.010586660355329501,-0.0007759942673145996,-0.0019350489601493003,-0.0009965603239834,-0.005930297076702097,-0.017279785126447702,-0.008543325122445801,0.00030319206416599964,-0.0020008462015539998,-0.0008116329554467999,-0.006959626451134701,-0.008381268940866,-0.003170634387061,-0.0019781873561441994,-0.0007900467608124,-0.0001967101561604,-0.0031874654814601014,-0.0046358043327927,-0.0013033447903581,-0.0013322215527296006,-0.0006071114330552,-7.007715976213081e-05,-0.0085787256248295,-0.0028143878444098,-0.0006663919557467711,-0.0030352233443408996,-0.0006016037877998,-1.3340035366127274e-05
nonmember_442.png,0,-0.005173185840248999,-0.020315300673246398,-0.04478712379932409,-0.002159271389246001,-0.0008269064128398999,-0.0013906718231737007,-0.0012331735342741013,-0.0076550692319869995,-0.0233096703886985,-0.0005033765919507001,-0.0011172494851052995,-0.0030330191366374996,-0.000574344769120199,-0.007374174892902395,-0.014178538694977802,0.0006439522840083001,-0.0012381561100483001,-0.0015233713202178001,-0.0042934156954289,-0.010508138686418502,-0.016985606402158702,-0.0003623343072831995,-0.0010174000635743002,-0.0019790125079453,-0.0021278476342559,-0.0113848168402911,-0.007796386722475299,-0.0007279021665454006,-0.0017877416685224,-0.0007857263262849999,-0.0011005271226166985,-0.0092559903860092,-0.0035512824542821,-0.0002561444416641998,-0.0017127597238867998,-0.00019442761549720003,-0.012025544303469402,-0.0076547152420971,-0.0020000505319331,-0.0048026661970652995,-0.0010260773960907893,-6.79602635500262e-05
nonmember_443.png,0,-0.007607525214552897,-0.023489348590373993,-0.0390197597444057,0.0015799226239323998,-0.002141076140105701,-0.0015939879231154997,-0.0034661125391722003,-0.0135924145579338,-0.018685966730117798,-0.0027115494012833006,-0.0014180573634803,-0.0019095994066447002,-0.003381373360753101,-0.008031643927097404,-0.010842761024832798,-0.0018389280885458001,9.306799620390025e-05,-0.0012975214049220003,-0.0009085461497305991,-0.0088455379009246,-0.011539840139448601,-0.0003192261792719,-0.0005889134481548994,-0.0010756878182291998,-0.002468673512339599,-0.009661422111094,-0.0060991514474154,0.0006221444346011006,-0.0024725347757340002,-0.0007693018415012001,-0.003939455375075401,-0.0063178041018546,-0.0027203671634197,-0.0016075144521892001,-0.0011406193953007002,-0.00027498342387839996,-0.0101291565224528,-0.0062848693632986,-0.0015040067082737001,-0.0040158065385185,-0.0014163659179757687,-7.477154576912909e-05
nonmember_444.png,0,-0.007723659276962294,-0.03307186067104341,-0.07069358229637142,-0.0050957440398634,-0.0015854919329285014,-0.004721969366073601,-0.003622531890869106,-0.018863268196582794,-0.03143940493464469,0.001198271755129099,-0.0018663019873201995,-0.0010744752362371003,0.00026369839906690423,-0.015136007219553,-0.0186498537659645,0.001393766142428001,-0.0016859937459230995,-0.0021299896761775,-0.006357280537486101,-0.021107466891408,-0.0190399829298258,-0.0022614849731327005,-0.0026701597962528003,-0.0012439388665370999,-0.006033437326550501,-0.011634213849902098,-0.0083605982363224,-0.0011613327078521,-0.00022443151101469994,-0.0005395004700403,-0.005080571398139,-0.0083645661361516,-0.0033979227300733996,-0.0009036199189722,-0.0017280728789047,-0.0002076736636808876,-0.014952952275052599,-0.0073658312612679,-0.0019149444560753,-0.0052566330996341995,-0.00114482889512137,-5.048883758718148e-05
nonmember_445.png,0,-0.0022028237581252982,-0.03963153809309,-0.0811054781079292,0.00047943461686370155,-0.0032726004719734,-0.0018248604610562004,-0.0040385611355304996,-0.018570438027381897,-0.042350865900516496,-0.0013900226913393012,-0.0024860999546945,-0.0032104356214404,-0.0014070887118577992,-0.013005375862121596,-0.020773373544216198,0.00028841337189080066,0.0009301961399614993,-0.0016191587783396999,-0.003098666667938201,-0.0180022045969963,-0.021490594372153202,-0.0018916553817689002,-0.0042434176430106,-0.0016532142180949003,-0.0069139059633016,-0.0142196770757437,-0.0097281020134688,0.0003035333938895997,-0.0014487267471849996,-0.0008062766573858,-0.0078713865950704,-0.010892398655414602,-0.0042181257158518,-0.0022334288805723,-0.0020650049555116,-0.00020399122877270002,-0.0116415988886729,-0.008500680705765299,-0.0023173131776275,-0.0034600083599798,-0.0007858279786886582,-7.037206160020752e-05
nonmember_446.png,0,-0.0058706253767014,-0.017896164208650596,-0.03838406503200541,-0.0017878473736345005,0.00021310057491070143,-0.0026233196258545,-0.004228210076689699,-0.013048231601715102,-0.0176358558237552,0.0005465485155582003,-0.0009392593055964002,-0.0025030309334397,-0.00010189600288870032,-0.0103427227586508,-0.008094712160527701,-0.00011509004980330036,-0.0018891515210271003,-0.0008538321126252001,-0.002832628786563901,-0.0146122965961695,-0.0082504744641483,0.001340972725302001,-0.0033361185342073003,-0.0009111074614339,-0.005112976767122699,-0.008856323082,-0.0031201955862343,-0.003897570539265801,-0.0014158005360514,-0.00029804634687020004,-0.004143800586462,-0.0047112624160945,-0.0012442669831216999,8.11927020539973e-06,-0.0008368623966817001,-6.335285434033112e-05,-0.0078365929657594,-0.0028832255484303997,-0.0006363145512296,-0.0033272519940509998,-0.000434148114436475,-5.012265683035366e-05
nonmember_447.png,0,-0.0026482772082091002,-0.0040435353294015,-0.008549431338906299,-0.00017305463552480006,0.0003456852864474002,-0.00018438789993519998,-0.0012100609019397995,-0.0033777104690671,-0.0059670712798834,0.0013387519866228008,-0.0007932910230010002,-0.0016585078556091,-0.0027925577014685007,-0.0022109849378466996,-0.0027972897514700994,-0.0027948007918894005,-0.0006973820272833998,-5.855201743540004e-05,-0.001288454979658099,-0.0012830691412091004,-0.0041344217024743,0.0010496811009943,0.0004976745694875999,-0.0007337434217334,0.0012325868010520987,-0.0009317207150160997,-0.0026587469037623,-0.00042302766814820026,-0.0008781474316493,-0.0007927720434964,0.0004542777314782004,-0.0018840201664716,-0.0018518907018006002,0.0046001267619431,-0.0009577898308634001,-0.0002899538885685,-0.0068913749419153,-0.0023822087823646,-0.0011595090181799,-0.0080429278314114,-0.0006174439986352618,-5.80032901780198e-05
nonmember_448.png,0,-0.0084465704858303,-0.023222200572490706,-0.0472583584487438,-0.0026258742436766997,-0.003071947954595101,-0.005404434166848699,-0.005175277590751599,-0.016814988106489098,-0.025024455040693304,0.0016144234687089998,-0.000883147586137,-0.0023788353428245,-0.0012786947190761982,-0.013448383659124395,-0.013224128633737599,-0.0008315304294228987,-0.0024722339585424,-0.0017598794074728998,-0.004411153495311702,-0.0176259484142065,-0.012430836446583299,-0.002603406552225301,-0.0017352481372654,-0.0008057455706875,-0.003885709680616899,-0.0095574092119932,-0.004897579550743101,0.0014815363101661006,-0.0013943475205450999,-0.0003308800951345,-0.003267440013587499,-0.0049378874246032,-0.0019676993833853997,-0.0025712670758367,-0.0010977052734234,-7.964413089209726e-05,-0.007152366451919001,-0.0033610346872592,-0.0010794711997733,-0.0032231181394308003,-0.0004777562735397863,-3.2386968086939305e-05
nonmember_449.png,0,-0.0037392377853393,-0.014620559290051398,-0.0169160328805447,8.300365880129987e-05,0.00037494814023370047,-0.001079025445506,-0.0058262329548597995,-0.0038793627172708997,-0.0064743971452117,-0.0013862126506864999,0.0002342481166125003,-0.0011654202826321,0.0005704117938875996,-0.002272848971187999,-0.004334546625614199,3.7116464227499556e-05,-0.0011292314156890002,-0.0005286196246743003,-0.0023325262591241992,-0.004272153601050401,-0.0060115503147244,-0.0005054837092757997,-0.0009168861433864,-0.0012455635587684999,-0.0013191364705563008,-0.0023100348189472996,-0.0029431604780257004,4.975032061339986e-05,-0.00019400683231650005,-0.00039501367427870003,-0.0032880418002604996,-0.0042356513440609,-0.0014507703017442998,-0.0014320458285510002,-0.0018315474153496002,-0.00011223384353795275,-0.005297441035509101,-0.004142046207562099,-0.0007759922591504,-0.0026172888465225996,-0.000815602361399208,-2.4503315216861665e-06
nonmember_450.png,0,-0.007816830649972,-0.016052749007940292,-0.046712908893823596,0.0015264921821654008,-0.0008456534706056005,-0.0027404921129346,-0.0020329821854829996,-0.008316583931445999,-0.0223956741392613,0.0014878250658511994,-0.0013059484772384002,-0.0032380754128098,-0.0005858149379492014,-0.0074271373450756,-0.010405298322439197,-0.0024350485764443996,-0.00036976952105759967,-0.0005803166422993001,-0.001654269173741299,-0.0108284484595061,-0.0138625912368297,-0.0015110610984266004,-0.0010681231506168998,-0.0011775454040617,-0.0016215126961469997,-0.007960032671690001,-0.006101792212575699,0.0015097898431123006,-0.0010614907369018,-0.0007454657752533,-0.0026927124708891,-0.007296044845134001,-0.0030193752609194,-0.0010943710803986003,-0.0014619465218857,-0.0002440021198708,-0.0121597619727254,-0.0066462102986406,-0.0018708911375142,-0.0051245450158603,-0.0014641547822974756,-0.00012312654871490767
nonmember_451.png,0,-0.004647148773074199,-0.01806702837347989,-0.04546292126178751,4.308763891399531e-06,-0.0021293861791490997,-0.0024848375469446998,-0.005202071741223301,-0.009695306420326205,-0.024458475410938194,-0.0016157138161361,0.0008841445669532004,-0.0017457739450036994,-0.0024275518953799993,-0.0099939145147801,-0.014276750385761303,0.0015031513758003998,-0.0010383594781161005,-0.0005705873481928999,-0.0020601358264685024,-0.013210624456405598,-0.021328896284103397,-0.0010272189974784999,-0.0022145952098070994,-0.0029373452998698005,-0.0021813455969094987,-0.0097108781337738,-0.0148510998114943,0.0005139620043336998,-0.0021113727707416,-0.0021158112213016,-0.0026931408792734007,-0.008636088110506599,-0.0082649351097644,-0.0026525203138589998,-0.0012928200885654,-0.0005305892555043,-0.0089928987435997,-0.0084343843045644,-0.0049551091797184,-0.0032491434831172,-0.0012836228233935848,-0.0001480052378610042
nonmember_452.png,0,-0.0043919831514357965,-0.0266465842723847,-0.0541846230626106,-0.0015268921852111999,-0.003617481328547001,-0.006419140379875899,-0.0012979134917260014,-0.012308273464441306,-0.0235113687813282,-6.91972672938997e-05,0.0014656092971563998,-0.001034040004015,-0.0039018671959638006,-0.009496267884969697,-0.014180045574903502,0.00015584146603939922,-0.0002907337620855002,-0.0011676461435854001,-0.0038905721157789994,-0.011807695031166,-0.016928004100918798,-0.0014360575005411998,-0.002542644273489699,-0.0017544343136250999,-0.002185294404625799,-0.0111452620476485,-0.0088467062450945,-0.00030777417123319974,-0.0011351602151990006,-0.0008647155482321999,-0.0035613225772977014,-0.0098650623112917,-0.0041706745978445006,-0.00019815843552350044,-0.0023621914442627998,-0.00031863823824100006,-0.0115410201251507,-0.0124808273394592,-0.0024275170871988,-0.004885431088041499,-0.0018999594612978355,-4.99685847898379e-05
nonmember_453.png,0,-0.004357654601335498,-0.022572949528694097,-0.0424980707466602,-0.0011538667604326994,-0.0019656438380480003,-0.0021763197146357,-0.0008464325219393019,-0.010925389826297802,-0.017762528732419,-0.0008052163757384006,-1.861527562139944e-05,-0.0023515936918555996,-0.0017527788877486974,-0.010510638356208801,-0.0089326649904251,0.0008481345139444004,-0.0007949471473694004,-0.0008621127344667998,-0.00038734823465350066,-0.017928078770637502,-0.01141816098243,0.0003454377874732,-0.0023851376026869002,-0.0011920927208848003,-0.008504353463649802,-0.0116576552391052,-0.0050683447625488,7.630884647369905e-05,-0.0020044657867401994,-0.0006466152408394,-0.0048216842114924986,-0.007429794408380999,-0.0021218651672825,-0.0031092148274182996,-0.0015018197591416002,-9.056874114312465e-05,-0.011779838707298,-0.0052993027202320004,-0.0011282353079878002,-0.0032366405939684003,-0.0007102496292645374,-3.371026105014607e-05
nonmember_454.png,0,-0.0032810475677252024,-0.018065243959426797,-0.0350839570164681,0.0017874399200080993,-0.0015803696587681007,-0.0007706768810749999,-0.0024126917123795007,-0.010522551834583296,-0.014360073953866896,-0.002807894721627199,-0.0007238532416522997,-0.0015451852232217,-0.005030553787946701,-0.006952350959181803,-0.008859530091285702,-0.0016291053034365004,-0.0010073469020426004,-0.0011201677843928996,-0.004242902621626798,-0.010562164708971998,-0.010104245506226999,-0.0013350439257920005,-0.0010940621141343997,-0.0014055913779884002,-0.003382748924195801,-0.0063821049407124,-0.0049435556866229,-0.00017734803259369936,3.4398632124e-05,-0.0007085338875186,-0.0030742688104509995,-0.006191762629896401,-0.0022074986482039,0.0003397818654774995,-0.0015594244468957,-0.000191144485143,-0.0097105444874615,-0.0069705133792013,-0.0013333383394638,-0.0045499738771468,-0.0020089118042960217,-9.612241046848255e-05
nonmember_455.png,0,-0.003377065062522902,-0.043716847896576,-0.08720811456441879,0.0017774961888790998,-0.002726623788475999,-0.0047875307500362,-0.0029201917350291998,-0.023621998727321597,-0.03750495612621309,-0.0018409965559841,-0.002374119125306601,-0.0024283211678267002,0.001570079475641202,-0.012273147702217102,-0.021667852997779805,0.00010304059833290101,0.00020313262939450002,-0.0009682672098278999,-0.0008279755711555065,-0.023304354399442694,-0.0242482144385576,0.0023336289450525995,-0.003346213605254799,-0.0023667213972658,-0.007384542375802994,-0.017831489443779002,-0.014429046772420502,-0.004233058542013101,-0.0016082511283458003,-0.0016390442615375,-0.011680873110890402,-0.014932909049093699,-0.006713486276566899,-0.0033804220147430992,-0.0016852832632138998,-0.00034201772359659997,-0.0200125235132873,-0.011387519596610201,-0.0038470826839330004,-0.0040611420990899,-0.001631398044992196,-7.140087836884714e-05
nonmember_456.png,0,-0.006511131301522203,-0.036816548556089394,-0.06542892754077911,-0.00021093664690849997,-0.0020804614759981,-0.0030760192312299997,-0.0027176328003406976,-0.017543651163578006,-0.025244846940040595,0.0014615175314247998,-0.0014394656755030997,-0.0019175948109477997,-0.0029808841645718002,-0.011170664802193697,-0.012476729229092601,-0.00032059010118249895,-0.0014071147888898,-0.0010396020952612001,-0.0034536533057689008,-0.0157415866851806,-0.0125406528823078,-0.0006000148132444,-0.0023743055062369,-0.0013378133007791,-0.0030569722875953,-0.0072565451264382,-0.004568535368889499,-0.0019649639725685007,-0.0006231626030058,-0.0002933928335551,-0.002201998606324201,-0.0037127854302525004,-0.0018629995174706002,-0.0015023020096123002,-0.0004186398582533001,-7.68843092372832e-05,-0.0108201222028583,-0.002723547644564,-0.0010420406324557,-0.004060434701386799,-0.0005476664337037571,-3.759629180422053e-05
nonmember_457.png,0,-0.005077648907899898,-0.03102868050336831,-0.05445615202188489,0.0008977232500910984,-0.003759688697755399,-0.0030433237552643004,-0.0052671730518340995,-0.0183030180633068,-0.026726774871349397,-0.0036452948115766994,-0.0012811999768018011,-0.0017548236064613004,-0.0027033332735299995,-0.011313974857330399,-0.014799751341342902,-0.0002938448451459,-0.0008333283476532,-0.0019685958977787997,-0.003804869949817699,-0.015194028615951496,-0.015683636069297797,0.0004404927603899999,-0.0007999441586434997,-0.0016241520643235,-0.005273066461086301,-0.0135199539363384,-0.008266213349998,-0.0019333641976117992,-0.0030158699955791,-0.0009769305470399,-0.0057902568951249,-0.011204334907233701,-0.0043691929895431,-0.0010950854048133,-0.0015893738018349,-0.0003265129416832,-0.0084657865809276,-0.0086618714267388,-0.0024775261408649,-0.0032215603860095005,-0.0007558253037131227,-5.5687243730019305e-05
nonmember_458.png,0,-0.003863791003823301,-0.033972308039665194,-0.06269010901451111,-0.0007780576124787001,-0.005090182181447701,-0.0024014743976294994,-0.0005010366439818989,-0.015422251075506196,-0.029047328978776904,0.0002579335123300006,0.0007441467605530999,-0.0032261433079839004,-0.0038846433162689,-0.0098184421658516,-0.0161931179463864,0.00028103170916439924,-0.0019922698847948993,-0.0011096019297837999,-0.003278182819485699,-0.017308074980974204,-0.0183283947408199,0.0001389514654875001,-0.0012033204548061002,-0.0016865896759554997,-0.003764417953789201,-0.012048614211380499,-0.008101375773549099,-0.0009001484140753998,-0.0013606024440378003,-0.0009724142000778,-0.0055788466706872,-0.0080528021790087,-0.0033881170675158,-0.0021016653627157003,-0.0013337173731998,-0.00016457858873755333,-0.0074802420567721,-0.0051862781692762,-0.0018581438635010001,-0.0030740547226741997,-0.0006428693232009342,-2.9898335924372077e-05
nonmember_459.png,0,-0.007772801443934399,-0.023604251444339808,-0.046183064579963705,0.0002124207094312009,-0.0004382054321467998,-0.0018277838826179999,-0.0027147252112626995,-0.013214021921157795,-0.0204795263707638,-0.0015457826666534,-0.0011484334245324005,-0.0013166205026208999,-0.0032825823873282,-0.007902167737484003,-0.015079909935593602,-0.0012614792212844008,-0.0013815527781844,-0.0018602348864079003,-0.0025721751153469016,-0.0091562233865261,-0.014068418182432598,0.00045504979789250024,-0.0015156667213886998,-0.0012227836996316999,-0.0036751087754964985,-0.0091934949159622,-0.006245107855647801,-0.0006135138683020999,-0.0010705695021897,-0.0005432580364867999,-0.0027233408764003996,-0.005244717001914999,-0.0027694143354893,-0.0013610552996397001,-0.0008472716435789999,-0.00022492657444663763,-0.008382503176108001,-0.0064707712153904,-0.0014613628882216001,-0.0030681645148433,-0.0017525948096590545,-1.6828165826154873e-05
nonmember_460.png,0,-0.00954994186759,-0.04416330903768541,-0.07921113073825832,-0.0005343556404113995,-0.002314045093953601,-0.0039282091893256006,-0.004602778702974306,-0.0217330865561962,-0.0320088975131512,-0.0010531553998590001,-0.002204379998147499,-0.0014200201258062995,-0.0025845393538474967,-0.013493828475475297,-0.0183576345443726,0.00039607193320989956,-0.0010332427918911006,-0.0019331891089678001,-0.0011232886463404014,-0.015498630702495603,-0.020852969959378197,0.0018377192318440004,-0.0017137899994849994,-0.0022979043424129,-0.006552560254931398,-0.010735135525465001,-0.0107880774885416,-0.0047263717278838,-0.0017564364243299003,-0.0006821795250289999,-0.001110324636101702,-0.007678990252315998,-0.005183929111808599,0.0012380434200166997,-0.0008552487706766001,-0.0003832946385955,-0.016795185627415797,-0.009773518133442901,-0.0032083564583445,-0.0068560317158699,-0.0016400882450397277,-8.791975051276248e-05
nonmember_461.png,0,-0.003096288070082699,-0.02379840612411499,-0.0777552127838134,-0.0020648175850511005,-0.0013091601431370007,-0.005510003305971601,-0.006225408986210799,-0.013884421437978807,-0.03989585116505629,0.0005476083606481994,0.0032675685361027995,-0.0014946418814361,-0.0025752540677786012,-0.010280027985572794,-0.024690568447113002,-0.00031314603984360003,-0.004966763779521,-0.0024103350006043998,-0.004047285765409501,-0.021310204640030903,-0.0228317901492119,-0.0004184348508715994,-0.0022844276390969996,-0.0014417605707421999,-0.004769667983055099,-0.0148023618385195,-0.0088869463652372,-0.0015702038072049002,-0.0020357831381261,-0.0005540383572224001,-0.0033808900043367993,-0.0087383058853448,-0.0037414166145027005,-0.0007956246845424999,-0.0013296050019562002,-0.00018522291065889012,-0.0084186505991966,-0.0063799658964853005,-0.0020132983190706,-0.0034450705861672,-0.0008639465650048484,-3.953583654947579e-05
nonmember_462.png,0,-0.007195314392447402,-0.0250683873891831,-0.0845165103673935,-0.0013762442395091005,-0.0030166264623404,-0.0028869975358248017,-0.0038600713014602973,-0.01922125369310379,-0.04630642384290701,-0.0018485221080481997,-0.0017214370891451003,-0.001530027948319899,-0.004378711804747602,-0.012722171843051903,-0.025303177535533898,0.00026416219770910004,0.0012319879606366001,-0.0029521235264838,-0.001566048711538301,-0.017307613044977202,-0.028711592778563496,0.0009006862528622003,-0.002356783952564,-0.0021326444111764,-0.004319660365581499,-0.0128757301717996,-0.0161120127886534,-0.0027006827294827,-0.0028387780766934998,-0.0014082691632211998,-0.0009353673085570006,-0.009280390106141598,-0.0077955392189324,-0.0002464861609040997,-0.0014844293473287998,-0.00048461422557009994,-0.0125199127942324,-0.0102887667599134,-0.004785246332176,-0.0041242325096391,-0.0017269994496018056,-0.00010509523781358933
nonmember_463.png,0,-0.0036218091845511974,-0.022949457168579095,-0.045864932239055606,-0.00032813847064970016,-0.0025179227814077993,-0.0034083910286425998,-0.0016428846865892029,-0.015133403241634404,-0.019329141825437598,-0.0018870159983635,0.00037401355803009986,-0.0021058449055999994,-0.005767537280917199,-0.008298687636852299,-0.0101196840405464,-0.0008124904707074001,-0.0009820405393839004,-0.0007036079186946002,-7.312558591369978e-05,-0.011008914560079498,-0.0102982800453901,0.0009337626397610006,-0.0016914848238229999,-0.0010841374751179998,-0.0062859319150448,-0.0107432957738638,-0.0050729832146317,-0.0023914934135974,-0.0014714787248522,-0.0007184844143921999,-0.0038496321067213995,-0.0080426908098162,-0.0023399409838021,-0.0004029809497297001,-0.0014870334416628,-7.29708772269e-05,-0.0080068068346008,-0.005535457661608199,-0.0013018905592616001,-0.0040073493728414004,-0.0004846506926695855,-6.142287020332737e-05
nonmember_464.png,0,-0.0023951157927512984,-0.029478535056114197,-0.061888001859188094,-0.0009068781509995998,-0.0021071098744869007,-0.002881633117795,-0.004095464944839498,-0.0162427499890328,-0.023062080144882202,-0.0013614776544273004,-0.0009301598183810997,-0.0009542410261928992,-0.0042311400175094015,-0.0137880481779575,-0.017237339168786996,-0.00042287167161699987,-0.0012316433712840002,-0.0024128563236445,-0.007729800418019302,-0.015765804797411,-0.018650077283382402,-0.0010630981996655004,-0.0017955526709555998,-0.0017648168141023001,-0.0060193073004484,-0.0116529148072004,-0.008677214384079,-0.0016443599015474996,-0.0024671609280631,-0.0006371651543304001,-0.0041597345843911,-0.0072190416976810005,-0.0038853483274579005,0.00020995130762460016,-0.000888504262548,-0.0003149773110636,-0.009890193352475799,-0.0053870945121161,-0.0021623667562380997,-0.0036136622074991005,-0.0009344526552012288,-8.422438622792213e-05
nonmember_465.png,0,-0.004685375839471803,-0.0341494083404541,-0.07053452730178839,-0.0017982330173254013,-0.0011170925572513996,-0.0038848491385579005,-0.0029996912926434985,-0.019841436296701397,-0.031212884932756403,-0.0011600842699407993,-0.0021783486008644,-0.0030121942982078,-0.0040142182260752,-0.013975348323583603,-0.0158761162310839,0.0009556338191031993,-0.0011129011400044,-0.0007612833287567,-0.0073143076151609004,-0.021518176421523098,-0.014714616350829601,-0.0030640815384685993,-0.0023917530197649995,-0.0012410359922796,-0.0030265673995018005,-0.0121168605983258,-0.005668133730068799,0.0007910979911684999,-0.0019075049785898,-0.00042756335460590004,-0.0035998076200485993,-0.006718494463711901,-0.0022540441714227,-0.0016805990599095995,-0.0007523336680606001,-0.00017624584870635813,-0.0106452263426035,-0.0054274663270917,-0.0011691724212142,-0.0043759940890595005,-0.0009873111557680194,-2.5917543098330498e-05
nonmember_466.png,0,-0.006915558129549002,-0.026284024119377095,-0.059760399162769304,-0.0014729504473506997,-0.0020249662920833,-0.0014569158665836005,-0.0018943268805741986,-0.0159086026251316,-0.025791753083467497,0.0008657691068947012,-0.0030735409818589,-0.0015688133426011,-0.0033137537539005,-0.008919306099414798,-0.0141992941498756,-0.0009364131838083007,0.0015278980135916996,-0.0009857942350208,-0.0007771681994199996,-0.0120781771838665,-0.0165544338524342,5.110586062069978e-05,-0.0015053632669149997,-0.0020318650640548,-0.0063556246459484,-0.010026169940829301,-0.0088504897430539,-0.0025362675078213,-0.0019298316910863,-0.0008168120984919,-0.0027725221589207996,-0.0073966290801764,-0.0045632300898433,-0.0004414180293679003,-0.0019508288241923,-0.0004577373765642,-0.0100898293312639,-0.0095680095255375,-0.0028560314385686,-0.0035735608544200997,-0.0015059646866575022,-0.00013898757242707482
nonmember_467.png,0,-0.007575113326311101,-0.022905342280864695,-0.0474456921219826,-0.0002635996788740002,-0.0029715327545999995,-0.0032496456988156,-0.0040709804743527984,-0.012849632650613799,-0.0226940475404262,-0.0012806300073861998,-0.0018524946644903001,-0.0010817847214638996,-0.002665529027581201,-0.007275622338056498,-0.013730147853493697,-0.0006367340683936995,-0.0009619458578527,-0.0017430982552469002,-0.0040986090898514,-0.008046427741646801,-0.0150388851761818,-0.0001703728921712,-0.0004528807476162,-0.0020073353080079,0.0003237426280974995,-0.005748875439166998,-0.0079517378471792,0.0005682245828212001,-0.00040668505243960035,-0.0005439589440357001,-0.0039357244968413994,-0.007725873030722202,-0.0038698420394212,-0.0015212842263282005,-0.0023695672862232,-0.0002834312472259,-0.0110543782357127,-0.0082833803026005,-0.0023089897003956,-0.0041694962419569,-0.0011769189550249657,-6.926149217175984e-05
nonmember_468.png,0,-0.007120780646801002,-0.037075787782669095,-0.0454420819878579,-0.002504996024072101,-0.0052654566243291,-0.0033531761728227,-0.005054891109466497,-0.0156331323087215,-0.022566810250282197,0.0003346521407365001,0.0008950661867857005,-0.0025352030061186,-0.002591257914900804,-0.010553684085607501,-0.013784609735012096,-0.0007782289758323999,-0.0023088497109711005,-0.0003104472998529998,-0.0053745042532682,-0.0098407566547394,-0.01613874360919,-0.0013890080153942004,0.0009871344082057,-0.0017080373363569,-0.0039194393903016975,-0.009637335315346697,-0.008592518046498299,-0.00045053288340570017,-0.0020198365673422996,-0.0013346071937121,-0.006397551856935101,-0.0096803512424231,-0.0044777411967516,-0.0034307939931751,-0.0019826584029943002,-0.00040893968252930004,-0.0123093186412006,-0.015442983945831702,-0.0028346699837129,-0.0032498661894350997,-0.0026579939876682137,-0.00013704091543331173
nonmember_469.png,0,-0.004610698670148801,-0.03133070468902589,-0.0646361336112022,-0.0019586691632867,-0.0035452581942082007,-0.0022810590453445,-0.0035400707274675994,-0.013585742563009207,-0.0315197259187699,-0.0007419595494866996,-0.0031527876853943,-0.0005513196811080005,-0.0035988036543131013,-0.008769225329160697,-0.019762754440307603,0.0016588093712925998,-0.0003047236241399999,-0.0028585838153958997,-0.00023398734629150042,-0.0211134292185307,-0.0190026648342609,-0.0007769735530018997,-0.0019690808840095997,-0.0023353932192549,-0.0065979789942502975,-0.013155983760952901,-0.0103663876652718,-0.0025613126344978003,-0.0021566934883594,-0.0012331529869698,-0.002920140512287601,-0.0091376435011625,-0.0046917735598981,-0.0016314731910825001,-0.0016335236141459002,-0.0002788105630316,-0.0129709000466392,-0.007396221975796,-0.002682832418941,-0.0048904434661381,-0.0011643669495241696,-0.00013378872245076227
nonmember_470.png,0,-0.003350876271724701,-0.0227407477796078,-0.0398409776389599,0.0040625459514559,-0.0009764302521943994,-0.0019270027987658995,-0.005174500867724398,-0.011740311980247498,-0.0176275577396155,-0.0041560321114958,-0.0002836650237441002,-0.0014532455243171003,-0.0016829837113619024,-0.006579801440239001,-0.009962914511561397,-0.0008294214494525996,-0.0009039822034537992,-0.0012073984835297,-0.0020317453891039,-0.014762030914425801,-0.010665811598300901,0.0013070995919405998,-0.0027176889125257,-0.001229663437698,-0.005674606189131699,-0.009786731563508498,-0.0049669707659632,-0.0019401172176002996,-0.0016392670804635003,-0.0004481602227315,-0.0059347497299314,-0.0058339396491647,-0.0021224529482424,-0.0022351189982146003,-0.0007453673169947999,-0.00022864140191811405,-0.0071446867659688005,-0.0042226150690112,-0.0011502466222737,-0.0018453455995767999,-0.0006901924025441748,-3.3340391382807866e-05
nonmember_471.png,0,-0.0020585581660269997,-0.03003180772066119,-0.05878244340419769,5.521811544900376e-06,-0.0006853267550467994,-0.0014218362048269012,-0.0071068089455367,-0.017500393092632308,-0.032284043729305295,0.0025323946028948004,-0.0035819904878736,-0.0028447606600820992,-0.0021808184683322976,-0.008014954626560197,-0.019591096788644805,-0.0057977144606412,-0.0002822824753821,-0.0017705587670207006,-0.0059249438345432,-0.012755956500768703,-0.0244350992143154,0.0019661174155772,-0.0011058915406465001,-0.0028503173962234995,-0.0043307263404131005,-0.014510123059153498,-0.012582776136696299,-0.0012614298611879002,-0.0019819489680231,-0.0013424414210022,-0.0038939276710152,-0.0124608865007759,-0.0071816262789071,-0.0018170624971390005,-0.0029193310765549,-0.0008264686039183,-0.0078110559843481,-0.012144491309299999,-0.004853316640947,-0.0027945870533584998,-0.0014657299943792086,-0.0002583878449513148
nonmember_472.png,0,-0.008250137791037497,-0.027963649481535006,-0.05526215583086019,-0.0014838315546512005,-0.001919635105878099,-0.0021937522105872995,-0.0022512637078761985,-0.011803794652223497,-0.0203330107033253,0.0011748978868127,-0.0006039557047189002,-0.0023139063268899996,-0.0016548540443182026,-0.007967531681060805,-0.0167162008583545,0.000300960615277299,0.0009304410777985998,-0.0004446702077984003,-0.0035229772329331,-0.012238655239343699,-0.014261260628700298,-0.0035779471509158993,-0.0016055004671216002,-0.0014742633793502998,-0.0017980709671973974,-0.007671033963560999,-0.008135718293488001,0.0021263053640723003,-0.0019225152209400992,-0.0013530110009015001,-0.0035218950361013013,-0.007091320119798201,-0.0060950019396841994,-0.0013007847592234004,-0.0007128296419978003,-0.0012086135538993,-0.0125037601683289,-0.0136138455709443,-0.0044919848733116,-0.004803028132300899,-0.0034215944833703767,-0.00018915808686870026
nonmember_473.png,0,-0.002041149884462301,-0.0161725394427776,-0.0402543544769287,5.963258445299338e-06,-0.0010312125086785005,-0.0013828659430146,-0.005231913179159199,-0.0101780295372009,-0.0163945164531469,0.0005450192838906999,0.00029734894633300004,-0.0014954125508666004,-0.003137664869427702,-0.006831506267189997,-0.0104544404894114,-0.0029114820063114,-0.0012360652908682997,-0.0007448305841536002,-0.00019672699272629823,-0.00775077752769,-0.009553755633533001,-0.00040896842256189954,-0.0011532115750014999,-0.0010533101158215997,-0.006031280383467702,-0.007463039830327001,-0.0052196639589965005,-0.0004974021576345002,-0.0014741560444236001,-0.0006627608672716001,-0.0037947921082376983,-0.007197380065918001,-0.0028332602232695,-8.843187242749996e-05,-0.0021381623810156998,-0.0003586661769077,-0.0114405149361119,-0.0061623030633199995,-0.0016709868359612,-0.0053531873854808,-0.0010167039727093112,-5.0312693929250706e-05
nonmember_474.png,0,-0.0065722689032554,-0.0248290672898292,-0.0701000466942787,-0.0046921083703637,-0.0008711004629731994,-0.005157669540494601,-0.0012232512235641965,-0.007504835724830697,-0.031299363821744995,0.0007365522906184006,-0.0028594322502613,-0.0016721258871258,-0.005012113600969301,-0.013382352888584102,-0.0160273164510727,-0.0007559657096863001,-0.0014330456033349002,-0.0006231218576431006,-0.003393320366740199,-0.0198506340384483,-0.0182447992265224,-0.0001477999612689001,-0.0013493061996995995,-0.00221803993918,-0.006718115881085403,-0.014443803578615202,-0.011481763795018198,-0.0017204200848937,-0.0014648018404841007,-0.0012305289274082,-0.003174314275383998,-0.013758327811956399,-0.005938510177657001,-0.0017109015025198,-0.0020794537849724995,-0.0005612891109193999,-0.013562160544097401,-0.0125096453703009,-0.0034811466321115997,-0.0033128649229184,-0.001789737580111179,-0.00010203093370362838
nonmember_475.png,0,-0.0024556778371334007,-0.022560283541679396,-0.047708977013826405,-0.0010293843224644002,-0.0012392522767185991,-0.0039503136649728,-0.0029833614826201976,-0.012360267341136905,-0.022733464837074294,-0.00036026071757079905,3.4472905099398876e-05,-0.0015685965772718,-0.00014289841055870056,-0.010228469967842102,-0.012697881087660803,-0.0011528194881976006,-0.0013307700864970996,-0.0011466129217297,-0.0069617591798306,-0.019268399104476,-0.0133965667337179,-0.0009259646758437001,-0.0028865849599242002,-0.0012007526820526,-0.006007984280586201,-0.01277981325984,-0.006071360781788801,-0.0008588498458265998,-0.0021170966792851994,-0.00033650750992820003,-0.0054148221388459,-0.008715567179024199,-0.0026957012014464,-0.0011753500439227,-0.0015738175716251003,-0.0001938478089868347,-0.0100265481742099,-0.0059555658372119,-0.0014903631381457,-0.0039673542487435,-0.0006593272737518017,-2.2004969650879502e-05
nonmember_476.png,0,-0.006707090884447105,-0.0441098660230637,-0.0681755095720292,-0.0004667546600104003,-0.005391114857047801,-0.0017261290922760998,-0.006076045334339097,-0.020210973918437902,-0.029533624649047803,-0.0004744939506053994,-0.0003842106088996003,-0.0028205490671099004,-0.0016319546848536023,-0.012337975203990999,-0.018634300678968402,-0.0005826661363244005,-0.0009690029546618002,-0.00194499688223,-0.005368037149310098,-0.0213152449578047,-0.0219712844118476,-0.0019976031035185,-0.0027135179843753997,-0.0023354293662123,-0.0036761034280062,-0.0118778962641954,-0.009308435022831001,0.0007350635714829003,-0.0014185237232596,-0.00040035878191710004,-0.004314756952226101,-0.0067516574636102,-0.0039515064563602,-0.0014587687328457997,-0.0009911197121255,-0.00014861591625959998,-0.0106285129440949,-0.0041289843647973005,-0.0021537133579841,-0.005213868396822301,-0.0007358852017204535,-6.466099148374035e-05
nonmember_477.png,0,-0.0042671822011471,-0.0300053507089615,-0.053692683577537606,0.0022162478417158994,-0.0036145010963083007,-0.0021880916319787997,-0.003943059593439095,-0.013871576637029696,-0.0259150490164757,-0.0034683998674154993,-0.0007581044919788994,-0.0037212115712463995,-0.003111068159341805,-0.012456409633159596,-0.013273624703288002,0.002253096550703099,-0.0014357520267366999,-0.0008956848178059001,-0.0075901839882134975,-0.0185749176889658,-0.0128106651827693,-0.005240455269813599,-0.0030955336987972,-0.0013801479362882002,-0.002569820731878298,-0.010770460590720201,-0.004878853214904699,0.0021750470623373994,-0.00045175524428490033,-0.00031023638439369995,-0.007784918881952801,-0.006484427489340301,-0.0021091104717925,-0.0019613085314630994,-0.0016805925406515997,-0.00021500021830426688,-0.0115051111206412,-0.0049366467574146,-0.0010576075947029001,-0.005499221326317701,-0.0007486753456759251,-3.703091715578921e-05
nonmember_478.png,0,-0.0031115487217903,-0.023953158408403404,-0.0509105101227761,0.0013403324410318999,-0.0021696723997593004,-0.0029638721607625996,-0.006676001474261301,-0.0122719071805477,-0.0213143341243267,-0.0045913262292743,-0.0015756734646856993,-0.0020711491815746,0.00017741136252880096,-0.007445860654115705,-0.0118603147566318,0.004210332408547399,0.00031623570248480014,-0.0015272749587892998,-0.0038968361914157,-0.012478489428758597,-0.012191163375973701,-0.004509230609983199,-0.0017164028249680007,-0.0007922199438326001,-0.006440830416977501,-0.0098816119134426,-0.005022291559726,-0.0010401350446045,-0.0013088069390506,-0.0004604129499057,-0.0031002955511211985,-0.0082209398970008,-0.0020301102194934997,-0.0005739582702518004,-0.0017910115420817997,-0.0001266823892365107,-0.010361701133661,-0.0065074972517323,-0.001108430318709,-0.0035426107933744,-0.0013019821672059946,-3.498873411444947e-05
nonmember_479.png,0,-0.002352930605411599,-0.033827967941761,-0.0508362166583538,-0.0020856903865934,-0.0022694291546941003,-0.004231238272041099,-0.0063962172716856,-0.014515526592731504,-0.0196070410311222,0.0028572706505656997,-1.6823876649200292e-05,-0.0005120069254189001,-0.003089217469096201,-0.009788382798433297,-0.011320054531097398,-0.0018450450152158997,-0.0010111425071953999,-0.0013644574210048004,-0.005130350589752201,-0.014933522790670402,-0.0133761148899794,-0.0007206434383989005,-0.0023918272927404,-0.0016695162630639998,-0.006842990405857499,-0.010771013796329498,-0.0064945756457746,-0.0021292297169566,-0.0014499682001769,-0.0006721951358485999,-0.0030276728793979003,-0.0053425803780555005,-0.0026969851460308,-0.0007931208238004996,-0.0012025434407406,-9.190963464784018e-05,-0.009463415713980801,-0.0037750736082671,-0.0014876179047860001,-0.0036545031762217003,-0.0004895411111646663,-3.511517570586875e-05
nonmember_480.png,0,-0.0066526234149933,-0.0205786898732186,-0.05074792355298989,0.0009749471209943997,-0.0017719990573824007,-0.0022891163825989004,-0.0022067409008740997,-0.009612198919057797,-0.027392111718654702,-0.0009641172364353995,-0.0010893428698182002,-0.0018943822942673995,-0.0022294782102108,-0.006546128541231204,-0.018727749586105298,0.000541244633495799,-0.00043734395876529955,-0.0019978638738394005,-0.0034209741279482998,-0.013945603743195499,-0.019765691831708003,-0.0026809358969330996,-0.0013657156378030005,-0.0014877049252391,-0.002801318652927801,-0.007346624508500099,-0.010387952905148198,-1.994846388699966e-05,-0.0004359241575003,-0.0013367309584281998,-0.0021932907402516,-0.0058800801634789,-0.004338439553976101,-0.00040609203279019963,-0.0008009681478142999,-0.0005528290494112001,-0.0074388163629918996,-0.0101808104664087,-0.0022701208072249,-0.0034890164388343007,-0.0030516227270709,-9.854428208198185e-05
nonmember_481.png,0,-0.002659674733877203,-0.028635315597057398,-0.09674863517284399,-0.0015258206985889998,-0.000917935743927999,-0.0066045625135302,-0.0074353814125061,-0.016778603196144104,-0.0494852289557457,-0.0006754356436431998,-0.0012378529645502004,-0.0016988827846945,-0.003054674714803699,-0.012017469853162696,-0.027772303670644705,-0.00039871735498310003,-0.0026287850923835997,-0.0014328027609734999,-0.0043882429599762,-0.0190680995583535,-0.025763869285583503,0.00018360884860159962,-0.0023534768261016,-0.0018049371428787999,-0.0058217197656631,-0.0117249824106693,-0.010342095512896799,-0.0021414975635706997,-0.0012956546852365,-0.0004871431010543,-0.0038117896765471,-0.0064745666459203,-0.0042470979969948,-0.0016118674539030002,-0.0007205842412077001,-0.0001396740553899626,-0.005310019128955901,-0.0038815903681097,-0.0023131112975535,-0.0018293720204382998,-0.00047349041778937733,-5.1058275857940316e-05
nonmember_482.png,0,-0.00047361105680460147,-0.0110942497849464,-0.0115150641649961,0.0033802669495343997,-0.0017385494429618003,-0.0005831043235956998,-0.004034951329231297,-0.0044794566929340016,-0.004723038058728,-0.0022785365581512,0.0005475885700434,-0.0009336278308183002,-0.0017720125615597014,-0.002708277665078699,-0.0026273922994733004,-0.0004235403612255998,-0.0009597614407538999,-0.0008435822091996999,-0.0021311063319443997,-0.002578569576144201,-0.0022158676292746995,-0.00015719886869190042,0.00023298268206410015,-0.0006076910067348999,-0.004283376969397101,-0.0024884329177438996,-0.0012366747250780001,-0.0014277426525950996,-0.00046891137026250015,-0.00029076781356710007,-0.004211088642478,-0.0033247475512326,-0.0006701858073939,-0.0019195969216525,-0.0018770776223391,-0.00017965718870979183,-0.008040662040002599,-0.0030284052918432,-0.0003763969652936377,-0.003481105202809,-0.0009261500163119615,-4.1989158489741385e-05
nonmember_483.png,0,-0.004757305607199697,-0.020371131598949405,-0.058001823723316207,-0.0006001070141792002,-0.0004143649712204985,-0.0050820484757424,-0.005514519289135902,-0.014786198735237198,-0.029201988130807897,-0.0009964155033230998,-0.0014411890879273016,-0.0021765674464403998,-0.002950107678770998,-0.011819034814834505,-0.017838899046182605,-0.00023192213848230014,-0.0018398240208625993,-0.0010748715139926,-0.003590391948819202,-0.0143192596733571,-0.018326926045119797,0.0002929833717643998,-0.0019560600630939,-0.0014188165077938999,-0.002711519598960899,-0.014860058203339497,-0.0084899216890335,-4.108995199199935e-05,-0.0018757332582027002,-0.001027404650813,-0.0037949867546558,-0.010996813885867601,-0.0038987665902822997,-0.0022284928709269004,-0.0015550041571259,-0.00017218814173244104,-0.0090896555921063,-0.007634449488250601,-0.0020990746706957,-0.0037472321419045,-0.0009260994738724106,-5.520944614545442e-05
nonmember_484.png,0,-0.005192700773477596,-0.02554426342248911,-0.07723789662122729,-0.00038659293204539903,-0.0025371033698320007,-0.0036614299751818007,0.0005026385188103,-0.015257865190505995,-0.0394121706485748,0.003206358291208699,0.00014497339725490048,-0.0033857319504022997,-0.0024488046765327037,-0.0129664391279221,-0.0239048637449741,-0.001995228230953199,-1.5388242900399307e-05,-0.0004985043779016001,0.00035453401505940174,-0.0226139612495899,-0.026017561554908804,-0.0006699915975332,-0.002778434660285701,-0.0024891749490052,-0.007029654458165099,-0.0223476439714432,-0.0120299300178885,-0.0022478699684143006,-0.0035651945509015998,-0.0006864259194117,-0.006605288013815901,-0.013682916760444601,-0.005286556435748999,-7.484247907999994e-05,-0.0013671402120963001,-0.00034002610482279996,-0.014865219127386801,-0.0107451378135011,-0.0029492221656255,-0.0048801975790411,-0.0014203238533809376,-0.00010641682820268912
nonmember_485.png,0,-0.006750226020813002,-0.028552006930112797,-0.05055081471800799,-0.0026525910943746003,0.00014710426330569876,-0.0024016783572732995,-0.0048190485686063975,-0.0143836848437787,-0.021522764116525706,0.0033526821061967997,-0.0028938367031515,-0.0011201028246433003,-0.0027458593249320984,-0.009780552238225902,-0.011379132047295498,-0.0017671664245425996,0.00010397750884300061,-0.0008912433404475,-0.004052247852087,-0.0140114817768335,-0.0120207872241736,-0.0009642099030315997,-0.0025871496181936,-0.0013707168982363999,-0.005900702439248501,-0.0092338807880879,-0.0056093116290867,-0.0021752393804491,-0.0016253221547231002,-0.0004943298117724001,-0.004142889752984101,-0.0054633927065879,-0.0024874345399439005,0.0001467061229050992,-0.0006821971037425,-0.00020874958136110226,-0.008555234991945299,-0.0036821016692556,-0.0013382871402428,-0.0040759318508208,-0.0006998328790358887,5.328511178959161e-06
nonmember_486.png,0,-0.004833985120058001,-0.020950607955455808,-0.04363065212965009,-0.0012041870504616997,-0.003351400606334199,-0.0030516600236296003,-0.0048318430781365,-0.013743549585342393,-0.02383078262209891,-0.00045894877985119993,-0.0013731671497226004,-0.0020348050165922005,-0.0001903008669615,-0.007811546325683601,-0.013423742726445198,0.0007387739606201007,-0.00027246400713920073,-0.0002794074825942,-0.003803072497248601,-0.013032026588916702,-0.0161243956536055,-0.0014289678074419004,-0.0018190755508839997,-0.0022451641270890997,-0.0012225471436977005,-0.0117709953337908,-0.007200029212981501,0.0006420500576496003,-0.0020200142171234,-0.0006805093144066998,-0.004584197886288199,-0.0088151758536697,-0.0032419273629784003,-0.0016916738823056004,-0.0016422173939644998,-0.00029111910407660004,-0.009069084306247501,-0.0076222943607717,-0.0018428748735459998,-0.0041150800534524,-0.0011001132406817584,-5.663623232972888e-05
nonmember_487.png,0,-0.0061112083494663,-0.030289992690086295,-0.10555209219455722,0.00019017700105910043,-0.0029055885970593,-0.0038582002744077994,-0.0028313715010881008,-0.0152492672204972,-0.05132070928812031,-0.0010615088976919998,-0.0019159838557243,-0.0023053400218486994,-0.0011296495795250008,-0.010875478386878898,-0.031537868082523304,-8.06553289294e-05,-0.0010610385797918008,-0.0031176740303636005,-0.0051329433918,-0.0200338400900364,-0.03844230249524119,-0.0012542996555567005,-0.0019430089741944998,-0.0030379140516743,-0.004764521494507699,-0.0193818509578705,-0.020138995721936198,0.00012129591777920029,-0.0027394075877965,-0.0012108812225051,-0.004978047683835099,-0.013021606951952001,-0.0092882527969778,-0.0011840853840112998,-0.001795356743969,-0.0004609061579686,-0.010169354849495,-0.0113933857646771,-0.0053140910458751,-0.0036993558751419004,-0.001113113317842292,-0.00012430421884337343
nonmember_488.png,0,-0.0054096262902022,-0.027790598571300493,-0.0659177079796791,-0.0012893672101199991,-0.002251217141747499,-0.0041417158208788,-0.0029090996831655017,-0.017123449593782404,-0.0299275405704975,0.0016741021536290993,-0.0017037647776306005,-0.0023461019154638004,-0.0007993504405022014,-0.011978659778833403,-0.017388472333550502,-0.0010075410827994988,0.0005559781566263,-0.0020951306214556003,-0.0027433056384324993,-0.017161650583148,-0.016482857987284598,-3.847852349280097e-05,-0.0033380025997758,-0.0008908187737687999,-0.0032028537243604,-0.011181378737092098,-0.0067956545390189,-0.0012011495418845991,-0.0023629952920601006,-0.00042407710861879996,-0.006267317570745999,-0.0074134096503257006,-0.002965638646856,-0.0029032747261227,-0.0009822353022173,-0.00014947594900147193,-0.0109161268919706,-0.004862396541284401,-0.0016189869056688001,-0.0031392547534778003,-0.0006808299549447454,-1.3439712347462773e-06
nonmember_489.png,0,-0.0037003438919782985,-0.015132781118154505,-0.023692701011896106,-0.000802299939096,-0.001181973144412,-0.0017778286710381994,-0.0025169663131236995,-0.007871475070714996,-0.0131276957690716,-0.00039756251499049964,-0.0008982652798295004,-0.0017368788830936003,0.002422256395220798,-0.006358878687024103,-0.0083575379103422,0.0044966754503548,-0.0010977312922477995,-7.579289376730006e-05,-0.006039153784513498,-0.0069358218461275,-0.0131637286394835,-0.0055363038554788,-0.0002621652092785003,-0.002656594151631,-0.004155846312642101,-0.005186881404370099,-0.0073653999716042995,0.0011236215941607995,-0.0013057733885943998,-0.0009620243217797,-0.0026338817551731994,-0.0035423818044364,-0.003190775285475,-0.00039565842598669916,-0.0010875159059651,-9.155501902559215e-05,-0.011643117992207401,-0.0025929934781743,-0.0017647819040576,-0.006238860543817301,-0.0005904139670746329,-5.436620995169504e-05
nonmember_490.png,0,-0.003731936216354398,-0.025536432862281813,-0.0658474117517471,-0.0012376252561807008,-0.0020882347598672,-0.0045693106949329,-0.0014953874051571031,-0.010675281286239596,-0.0328316576778889,-0.0003266809508204989,-0.0006495080888271002,-0.0016467715613544005,-0.0016728769987821995,-0.0120386928319932,-0.019094180315733005,-0.0014016944915056003,-0.0001279786229134005,-0.0022750825155525996,-0.0059805382043123,-0.017067916691303198,-0.0219794325530529,0.0009094020351768,-0.0021809088066219997,-0.0012219010386616,-0.0033162273466586997,-0.015290692448616,-0.0107962088659405,-0.0011149169877172002,-0.0026521154213697004,-0.0009276737109758001,-0.006676145829260299,-0.013937393203377798,-0.004999820142984401,-0.0011037094518541995,-0.0021063754102214997,-0.0004633696953534,-0.0114188712323085,-0.0095423249877058,-0.002712351619266,-0.0044610498589464,-0.0011079399009758725,-8.764747326486584e-05
nonmember_491.png,0,-0.008357953280210502,-0.017414245754480404,-0.0322126038372516,-0.0021932302042842,-0.0016632899641989994,-0.0032205050811170994,-0.0028641819953918977,-0.006630029529333101,-0.016216259449720397,0.0012266691774129,0.0005275337025522995,-0.0014640933368354997,-0.0006733406335115016,-0.001834951341152198,-0.008004829287529002,-0.0007306863553822006,0.0003265063278377004,-0.0011373378802091,-0.0032522901892662014,-0.0050974301993847,-0.011972065083682598,-0.000667009036988,-0.0007965895347297001,-0.0013140663504601,-0.004427010193467199,-0.0044217947870493005,-0.0074581503868103,-0.0028080455958842997,-9.858235716820023e-05,-0.0008775794412941001,-0.0034974198788403996,-0.0074287196621299,-0.0038212502840906004,-0.0003165635280310999,-0.0026207705959678,-0.0003655187174445,-0.007079218048602299,-0.013882877654396001,-0.0023401053913403,-0.0029228520579636,-0.0026963269192492086,-5.755339952875254e-05
nonmember_492.png,0,-0.004498785361647602,-0.024516623467207004,-0.028874669224023798,0.0005753636360168995,-0.0023706615902483004,-0.0030248269904405004,-0.0022227689623833015,-0.011799249798059394,-0.012524111196398704,7.680244743820015e-05,-0.0009892797097564004,-0.0012347120791673999,-0.0058812703937291995,-0.007557908073067703,-0.007657391950488099,-0.0034062415361403994,-0.0005667642690241996,-0.0012177259195596,-0.00335225276649,-0.010872645303607001,-0.007308176252990999,0.0008530314080417,-0.002224134048447,-0.0006906208582222001,-0.0059078624472022005,-0.007348229177296099,-0.0032484300900250005,-0.0022829882800579,-0.0007261815480888003,-0.00045676222362089994,-0.0038342932239175,-0.004631175659596999,-0.0012953158002346997,0.0015201536007226,-0.0009308079024775999,-0.00014052537881067045,-0.0078943383414298,-0.0056540061486885,-0.0007098969290381803,-0.0051847092108801,-0.0014308076424640458,-3.954573912778869e-05
nonmember_493.png,0,-0.0023911111056805004,-0.027935389429330805,-0.0492975413799286,-1.1255033314200302e-05,0.00044543948024510123,-0.0011349571868777995,-0.007256062701344504,-0.011752441525459296,-0.023499496281147003,6.591249257329942e-05,-0.002022007945925001,-0.0012406292371452002,-0.0010702367871998977,-0.0091139487922191,-0.010515145957469899,-0.0019392678514122998,-0.0012306179851292991,-0.00022023310884829953,-0.0039385687559844,-0.014174483716487902,-0.0148129370063543,0.0002669850364326997,-0.0018562457989902002,-0.0014254827983677006,-0.005741350352764102,-0.010464653372764601,-0.011201010085642399,-0.003113750834018,-0.0011997711844742003,-0.0032664561877027,-0.0034143328666686994,-0.007216182071715599,-0.0081572262570262,-0.0007847549859433998,-0.0007426521042361999,-0.0009729749581311,-0.0085231722332537,-0.0064910691580735,-0.0056215632357634,-0.0024264459498227,-0.0018486760527593417,-0.0003598921248339885
nonmember_494.png,0,-0.001897158101201099,-0.011036887764930801,-0.03485375270247461,0.0023126751184464004,0.0011516064405440998,-0.0024219444021581996,-0.004045411944389302,-0.006737321615219102,-0.0184411592781544,-0.0036054714582861,-0.0029832548461854,-0.0029126475565136,-0.0022735465317965005,-0.003648944199085201,-0.011010505259036997,-0.0011034579947591001,0.0011705416254698996,-0.0012608172837644998,-0.004224423319101299,-0.012038432061672197,-0.0160723906010389,0.00027961144223810023,-0.0034362520091235998,-0.0021200145129114,-0.002018909901380499,-0.008583040907979001,-0.0082187647931278,0.0011470913887024004,-0.0006433199159801002,-0.0012308929581195001,-0.0044381450861693,-0.0073295584879815995,-0.0038139431271702,-0.0007790005765855,-0.0014676481951027998,-0.00026073724438898635,-0.008385450229980001,-0.0055916862620506,-0.0020590726780937998,-0.005735042563173901,-0.0009977939298550368,-4.857635940425098e-05
nonmember_495.png,0,-0.0064953081309796,-0.015127569437026998,-0.031373292207717896,-0.004815230611711701,-0.0007871231064199994,-0.0022125355899333997,-0.0035263430327177013,-0.008547822013497304,-0.013211160898208604,0.0005946150049566997,-0.0016884109936655001,-0.0007531507872045005,-0.0008774735033511977,-0.006371608003973999,-0.008570117875933599,0.0022441414184868006,-0.00040260143578050005,-0.0017228997312486996,-0.0058453399688005,-0.0099355624988675,-0.0110598141327501,-0.0032636588439345004,-0.0018669788260012995,-0.0012701324885711,-0.002520868554711401,-0.005780667997896699,-0.0048027378506958,0.0014068512246012991,-0.0003500955644995,-0.0004910206189379001,-0.0043596699833869,-0.004593845456838601,-0.0023090349277482,-0.0017487541772424993,-0.0013320097932592002,-0.00032592541538179994,-0.009845891501754602,-0.0039846854051575,-0.0013346707273739998,-0.0042868548771367,-0.0013828902738168105,-8.16202991699425e-05
nonmember_496.png,0,-0.004193421453237499,-0.0218509435653687,-0.0535277277231217,-0.0009889071807265993,-0.0006998041644692993,-0.001150523312389901,-0.006428666412830401,-0.011088039726018899,-0.0279892534017563,-0.0020734053105116003,-0.000979192554950701,-0.002625242341309799,0.0003318786621093993,-0.007508013397455202,-0.016530502587556804,0.001318127848208,0.0004006670787930003,-0.0017926841974258007,-0.004466209560632699,-0.0119613371789455,-0.022415174171328597,-0.0030681882053614,-0.0026390035636723,-0.0025763616431504995,-0.0019936617463826994,-0.010704711079597501,-0.0133491940796375,0.0015804977156222005,-0.0016942555084824003,-0.0011954560759477,-0.003605516627431001,-0.0089636584743857,-0.0070396065711975,-0.0012371689081192,-0.0020091779297218,-0.0004523918323684,-0.0104486525524407,-0.0084162518614904,-0.0039896913949633,-0.0044143241248094005,-0.0011293683710391,-0.00014540368101732706
nonmember_497.png,0,-0.006557740271091399,-0.019897099584341,-0.026203293353319203,-0.002959574572741999,-0.0031084418296814,-0.0020443792454897997,-0.004864640533924099,-0.012293867766857196,-0.011417314410209597,-0.001558138523250801,-0.0006476039998233995,-0.0010205144062639003,-0.0009201429784297978,-0.007941618561744704,-0.0081902630627156,3.3107120543700123e-05,-0.0014949557371437003,-0.0010263243457301998,-0.000928904861211801,-0.009925073012709597,-0.009585182182490801,0.0032261619344353997,-0.0008431691676377999,-0.0009078228031285,-0.002780752256512701,-0.004943149164319,-0.003919524606317299,-0.003563346341252299,-0.00028418889269240036,-0.0004882823559456001,-0.0027988832443952005,-0.004919162020087299,-0.0023363149957731,0.00031105102971190016,-0.0018266334664075999,-0.00034032214898609044,-0.0170458615757525,-0.011690447863657,-0.0015611212147633,-0.0057365869870409005,-0.002155024769308483,-6.15047974861227e-05
nonmember_498.png,0,-0.007244644686579697,-0.0289586782455444,-0.046901047229766894,-0.0001421924680471004,-0.0009118393063545002,-0.004226176533848,-0.004796929657459301,-0.0142853930592537,-0.020353637635707904,0.00013349484652280114,-0.0010629924945532998,-0.0014891452156007997,-0.0024143569171428993,-0.010461069643497502,-0.011336356401443398,-0.0012120837345720005,0.00028866948559879996,-0.001132404548116,-0.005899081006646101,-0.01106789521873,-0.0117546450346709,-0.0006931838579476001,-0.0022246749140322,-0.0009461182635278,-0.004274397157132601,-0.006683026440441598,-0.005156564526259899,-0.0014643240720032995,-0.0007382421754301002,-0.0005740834749303,-0.0035573579370975997,-0.004889226052910101,-0.0022568984422832,-0.0014080805703998002,-0.0013693619985132998,-0.00018490527872925416,-0.0076561615569517,-0.0043850006477441,-0.0012562554766192,-0.0033769133151509,-0.0005918367642152436,-4.6563302021240816e-05
nonmember_499.png,0,-0.004970746114850003,-0.0104399928823113,-0.0107218511402607,0.00015410035848619982,-0.0010597179643810004,-0.0003960309550166,-0.0057759322226048,-0.0037314593791962,-0.004498892463743699,-0.0014535309746862004,-0.00031774584203959986,-0.0005086199380456998,-0.0032126149162649987,-0.001516550779342601,-0.0024670967832207003,-0.0003946577198803,-0.0004920340143144001,-0.0007040870841593001,-0.0036312295123935006,-0.0015996526926755992,-0.005124426446855099,-0.0011881128884852002,-0.0003255465999245002,-0.0010670180199668,-0.0020455177873372997,-0.0007187472656369999,-0.0032385683152825005,-0.0005359970964490994,-1.5241093933600087e-05,-0.0006004782917442999,-0.00017484650015829953,-0.0025000157766044,-0.0019167668651789,0.0016743019223212996,-0.0011362902587279998,-0.00028355848189679997,-0.0041165985167026,-0.0042590367374941,-0.0011851321323775,-0.0034431633539498,-0.0013427265294012045,-7.42398478905035e-05
